:0200000460009A
:100000004643464200000156000000000103030081
:1000100000000000000000000000000000000000E0
:1000200000000000000000000000000000000000D0
:1000300000000000000000000000000000000000C0
:1000400000000000010408000000000000000000A3
:100050000000800000000000000000000000000020
:100060000000000000000000000000000000000090
:100070000000000000000000000000000000000080
:10008000EB04180A063204260000000000000000FD
:10009000050404240000000000000000000000002F
:1000A0000000000000000000000000000000000050
:1000B0000604000000000000000000000000000036
:1000C0000000000000000000000000000000000030
:1000D00020041808000000000000000000000000DC
:1000E0000000000000000000000000000000000010
:1000F0000000000000000000000000000000000000
:10010000D8041808000000000000000000000000F3
:100110000204180804200000000000000000000095
:1001200000000000000000000000000000000000CF
:10013000600400000000000000000000000000005B
:1001400000000000000000000000000000000000AF
:10015000000000000000000000000000000000009F
:10016000000000000000000000000000000000008F
:10017000000000000000000000000000000000007F
:10018000000000000000000000000000000000006F
:10019000000000000000000000000000000000005F
:1001A000000000000000000000000000000000004F
:1001B000000000000000000000000000000000003F
:1001C000000100000010000001000000000000001D
:1001D000000001000000000000000000000000001E
:1001E000000000000000000000000000000000000F
:1001F00000000000000000000000000000000000FF
:10020000FFFFFFFFFFFFFFFFFFFFFFFFFFFFFFFFFE
:10021000FFFFFFFFFFFFFFFFFFFFFFFFFFFFFFFFEE
:10022000FFFFFFFFFFFFFFFFFFFFFFFFFFFFFFFFDE
:10023000FFFFFFFFFFFFFFFFFFFFFFFFFFFFFFFFCE
:10024000FFFFFFFFFFFFFFFFFFFFFFFFFFFFFFFFBE
:10025000FFFFFFFFFFFFFFFFFFFFFFFFFFFFFFFFAE
:10026000FFFFFFFFFFFFFFFFFFFFFFFFFFFFFFFF9E
:10027000FFFFFFFFFFFFFFFFFFFFFFFFFFFFFFFF8E
:10028000FFFFFFFFFFFFFFFFFFFFFFFFFFFFFFFF7E
:10029000FFFFFFFFFFFFFFFFFFFFFFFFFFFFFFFF6E
:1002A000FFFFFFFFFFFFFFFFFFFFFFFFFFFFFFFF5E
:1002B000FFFFFFFFFFFFFFFFFFFFFFFFFFFFFFFF4E
:1002C000FFFFFFFFFFFFFFFFFFFFFFFFFFFFFFFF3E
:1002D000FFFFFFFFFFFFFFFFFFFFFFFFFFFFFFFF2E
:1002E000FFFFFFFFFFFFFFFFFFFFFFFFFFFFFFFF1E
:1002F000FFFFFFFFFFFFFFFFFFFFFFFFFFFFFFFF0E
:10030000FFFFFFFFFFFFFFFFFFFFFFFFFFFFFFFFFD
:10031000FFFFFFFFFFFFFFFFFFFFFFFFFFFFFFFFED
:10032000FFFFFFFFFFFFFFFFFFFFFFFFFFFFFFFFDD
:10033000FFFFFFFFFFFFFFFFFFFFFFFFFFFFFFFFCD
:10034000FFFFFFFFFFFFFFFFFFFFFFFFFFFFFFFFBD
:10035000FFFFFFFFFFFFFFFFFFFFFFFFFFFFFFFFAD
:10036000FFFFFFFFFFFFFFFFFFFFFFFFFFFFFFFF9D
:10037000FFFFFFFFFFFFFFFFFFFFFFFFFFFFFFFF8D
:10038000FFFFFFFFFFFFFFFFFFFFFFFFFFFFFFFF7D
:10039000FFFFFFFFFFFFFFFFFFFFFFFFFFFFFFFF6D
:1003A000FFFFFFFFFFFFFFFFFFFFFFFFFFFFFFFF5D
:1003B000FFFFFFFFFFFFFFFFFFFFFFFFFFFFFFFF4D
:1003C000FFFFFFFFFFFFFFFFFFFFFFFFFFFFFFFF3D
:1003D000FFFFFFFFFFFFFFFFFFFFFFFFFFFFFFFF2D
:1003E000FFFFFFFFFFFFFFFFFFFFFFFFFFFFFFFF1D
:1003F000FFFFFFFFFFFFFFFFFFFFFFFFFFFFFFFF0D
:10040000FFFFFFFFFFFFFFFFFFFFFFFFFFFFFFFFFC
:10041000FFFFFFFFFFFFFFFFFFFFFFFFFFFFFFFFEC
:10042000FFFFFFFFFFFFFFFFFFFFFFFFFFFFFFFFDC
:10043000FFFFFFFFFFFFFFFFFFFFFFFFFFFFFFFFCC
:10044000FFFFFFFFFFFFFFFFFFFFFFFFFFFFFFFFBC
:10045000FFFFFFFFFFFFFFFFFFFFFFFFFFFFFFFFAC
:10046000FFFFFFFFFFFFFFFFFFFFFFFFFFFFFFFF9C
:10047000FFFFFFFFFFFFFFFFFFFFFFFFFFFFFFFF8C
:10048000FFFFFFFFFFFFFFFFFFFFFFFFFFFFFFFF7C
:10049000FFFFFFFFFFFFFFFFFFFFFFFFFFFFFFFF6C
:1004A000FFFFFFFFFFFFFFFFFFFFFFFFFFFFFFFF5C
:1004B000FFFFFFFFFFFFFFFFFFFFFFFFFFFFFFFF4C
:1004C000FFFFFFFFFFFFFFFFFFFFFFFFFFFFFFFF3C
:1004D000FFFFFFFFFFFFFFFFFFFFFFFFFFFFFFFF2C
:1004E000FFFFFFFFFFFFFFFFFFFFFFFFFFFFFFFF1C
:1004F000FFFFFFFFFFFFFFFFFFFFFFFFFFFFFFFF0C
:10050000FFFFFFFFFFFFFFFFFFFFFFFFFFFFFFFFFB
:10051000FFFFFFFFFFFFFFFFFFFFFFFFFFFFFFFFEB
:10052000FFFFFFFFFFFFFFFFFFFFFFFFFFFFFFFFDB
:10053000FFFFFFFFFFFFFFFFFFFFFFFFFFFFFFFFCB
:10054000FFFFFFFFFFFFFFFFFFFFFFFFFFFFFFFFBB
:10055000FFFFFFFFFFFFFFFFFFFFFFFFFFFFFFFFAB
:10056000FFFFFFFFFFFFFFFFFFFFFFFFFFFFFFFF9B
:10057000FFFFFFFFFFFFFFFFFFFFFFFFFFFFFFFF8B
:10058000FFFFFFFFFFFFFFFFFFFFFFFFFFFFFFFF7B
:10059000FFFFFFFFFFFFFFFFFFFFFFFFFFFFFFFF6B
:1005A000FFFFFFFFFFFFFFFFFFFFFFFFFFFFFFFF5B
:1005B000FFFFFFFFFFFFFFFFFFFFFFFFFFFFFFFF4B
:1005C000FFFFFFFFFFFFFFFFFFFFFFFFFFFFFFFF3B
:1005D000FFFFFFFFFFFFFFFFFFFFFFFFFFFFFFFF2B
:1005E000FFFFFFFFFFFFFFFFFFFFFFFFFFFFFFFF1B
:1005F000FFFFFFFFFFFFFFFFFFFFFFFFFFFFFFFF0B
:10060000FFFFFFFFFFFFFFFFFFFFFFFFFFFFFFFFFA
:10061000FFFFFFFFFFFFFFFFFFFFFFFFFFFFFFFFEA
:10062000FFFFFFFFFFFFFFFFFFFFFFFFFFFFFFFFDA
:10063000FFFFFFFFFFFFFFFFFFFFFFFFFFFFFFFFCA
:10064000FFFFFFFFFFFFFFFFFFFFFFFFFFFFFFFFBA
:10065000FFFFFFFFFFFFFFFFFFFFFFFFFFFFFFFFAA
:10066000FFFFFFFFFFFFFFFFFFFFFFFFFFFFFFFF9A
:10067000FFFFFFFFFFFFFFFFFFFFFFFFFFFFFFFF8A
:10068000FFFFFFFFFFFFFFFFFFFFFFFFFFFFFFFF7A
:10069000FFFFFFFFFFFFFFFFFFFFFFFFFFFFFFFF6A
:1006A000FFFFFFFFFFFFFFFFFFFFFFFFFFFFFFFF5A
:1006B000FFFFFFFFFFFFFFFFFFFFFFFFFFFFFFFF4A
:1006C000FFFFFFFFFFFFFFFFFFFFFFFFFFFFFFFF3A
:1006D000FFFFFFFFFFFFFFFFFFFFFFFFFFFFFFFF2A
:1006E000FFFFFFFFFFFFFFFFFFFFFFFFFFFFFFFF1A
:1006F000FFFFFFFFFFFFFFFFFFFFFFFFFFFFFFFF0A
:10070000FFFFFFFFFFFFFFFFFFFFFFFFFFFFFFFFF9
:10071000FFFFFFFFFFFFFFFFFFFFFFFFFFFFFFFFE9
:10072000FFFFFFFFFFFFFFFFFFFFFFFFFFFFFFFFD9
:10073000FFFFFFFFFFFFFFFFFFFFFFFFFFFFFFFFC9
:10074000FFFFFFFFFFFFFFFFFFFFFFFFFFFFFFFFB9
:10075000FFFFFFFFFFFFFFFFFFFFFFFFFFFFFFFFA9
:10076000FFFFFFFFFFFFFFFFFFFFFFFFFFFFFFFF99
:10077000FFFFFFFFFFFFFFFFFFFFFFFFFFFFFFFF89
:10078000FFFFFFFFFFFFFFFFFFFFFFFFFFFFFFFF79
:10079000FFFFFFFFFFFFFFFFFFFFFFFFFFFFFFFF69
:1007A000FFFFFFFFFFFFFFFFFFFFFFFFFFFFFFFF59
:1007B000FFFFFFFFFFFFFFFFFFFFFFFFFFFFFFFF49
:1007C000FFFFFFFFFFFFFFFFFFFFFFFFFFFFFFFF39
:1007D000FFFFFFFFFFFFFFFFFFFFFFFFFFFFFFFF29
:1007E000FFFFFFFFFFFFFFFFFFFFFFFFFFFFFFFF19
:1007F000FFFFFFFFFFFFFFFFFFFFFFFFFFFFFFFF09
:10080000FFFFFFFFFFFFFFFFFFFFFFFFFFFFFFFFF8
:10081000FFFFFFFFFFFFFFFFFFFFFFFFFFFFFFFFE8
:10082000FFFFFFFFFFFFFFFFFFFFFFFFFFFFFFFFD8
:10083000FFFFFFFFFFFFFFFFFFFFFFFFFFFFFFFFC8
:10084000FFFFFFFFFFFFFFFFFFFFFFFFFFFFFFFFB8
:10085000FFFFFFFFFFFFFFFFFFFFFFFFFFFFFFFFA8
:10086000FFFFFFFFFFFFFFFFFFFFFFFFFFFFFFFF98
:10087000FFFFFFFFFFFFFFFFFFFFFFFFFFFFFFFF88
:10088000FFFFFFFFFFFFFFFFFFFFFFFFFFFFFFFF78
:10089000FFFFFFFFFFFFFFFFFFFFFFFFFFFFFFFF68
:1008A000FFFFFFFFFFFFFFFFFFFFFFFFFFFFFFFF58
:1008B000FFFFFFFFFFFFFFFFFFFFFFFFFFFFFFFF48
:1008C000FFFFFFFFFFFFFFFFFFFFFFFFFFFFFFFF38
:1008D000FFFFFFFFFFFFFFFFFFFFFFFFFFFFFFFF28
:1008E000FFFFFFFFFFFFFFFFFFFFFFFFFFFFFFFF18
:1008F000FFFFFFFFFFFFFFFFFFFFFFFFFFFFFFFF08
:10090000FFFFFFFFFFFFFFFFFFFFFFFFFFFFFFFFF7
:10091000FFFFFFFFFFFFFFFFFFFFFFFFFFFFFFFFE7
:10092000FFFFFFFFFFFFFFFFFFFFFFFFFFFFFFFFD7
:10093000FFFFFFFFFFFFFFFFFFFFFFFFFFFFFFFFC7
:10094000FFFFFFFFFFFFFFFFFFFFFFFFFFFFFFFFB7
:10095000FFFFFFFFFFFFFFFFFFFFFFFFFFFFFFFFA7
:10096000FFFFFFFFFFFFFFFFFFFFFFFFFFFFFFFF97
:10097000FFFFFFFFFFFFFFFFFFFFFFFFFFFFFFFF87
:10098000FFFFFFFFFFFFFFFFFFFFFFFFFFFFFFFF77
:10099000FFFFFFFFFFFFFFFFFFFFFFFFFFFFFFFF67
:1009A000FFFFFFFFFFFFFFFFFFFFFFFFFFFFFFFF57
:1009B000FFFFFFFFFFFFFFFFFFFFFFFFFFFFFFFF47
:1009C000FFFFFFFFFFFFFFFFFFFFFFFFFFFFFFFF37
:1009D000FFFFFFFFFFFFFFFFFFFFFFFFFFFFFFFF27
:1009E000FFFFFFFFFFFFFFFFFFFFFFFFFFFFFFFF17
:1009F000FFFFFFFFFFFFFFFFFFFFFFFFFFFFFFFF07
:100A0000FFFFFFFFFFFFFFFFFFFFFFFFFFFFFFFFF6
:100A1000FFFFFFFFFFFFFFFFFFFFFFFFFFFFFFFFE6
:100A2000FFFFFFFFFFFFFFFFFFFFFFFFFFFFFFFFD6
:100A3000FFFFFFFFFFFFFFFFFFFFFFFFFFFFFFFFC6
:100A4000FFFFFFFFFFFFFFFFFFFFFFFFFFFFFFFFB6
:100A5000FFFFFFFFFFFFFFFFFFFFFFFFFFFFFFFFA6
:100A6000FFFFFFFFFFFFFFFFFFFFFFFFFFFFFFFF96
:100A7000FFFFFFFFFFFFFFFFFFFFFFFFFFFFFFFF86
:100A8000FFFFFFFFFFFFFFFFFFFFFFFFFFFFFFFF76
:100A9000FFFFFFFFFFFFFFFFFFFFFFFFFFFFFFFF66
:100AA000FFFFFFFFFFFFFFFFFFFFFFFFFFFFFFFF56
:100AB000FFFFFFFFFFFFFFFFFFFFFFFFFFFFFFFF46
:100AC000FFFFFFFFFFFFFFFFFFFFFFFFFFFFFFFF36
:100AD000FFFFFFFFFFFFFFFFFFFFFFFFFFFFFFFF26
:100AE000FFFFFFFFFFFFFFFFFFFFFFFFFFFFFFFF16
:100AF000FFFFFFFFFFFFFFFFFFFFFFFFFFFFFFFF06
:100B0000FFFFFFFFFFFFFFFFFFFFFFFFFFFFFFFFF5
:100B1000FFFFFFFFFFFFFFFFFFFFFFFFFFFFFFFFE5
:100B2000FFFFFFFFFFFFFFFFFFFFFFFFFFFFFFFFD5
:100B3000FFFFFFFFFFFFFFFFFFFFFFFFFFFFFFFFC5
:100B4000FFFFFFFFFFFFFFFFFFFFFFFFFFFFFFFFB5
:100B5000FFFFFFFFFFFFFFFFFFFFFFFFFFFFFFFFA5
:100B6000FFFFFFFFFFFFFFFFFFFFFFFFFFFFFFFF95
:100B7000FFFFFFFFFFFFFFFFFFFFFFFFFFFFFFFF85
:100B8000FFFFFFFFFFFFFFFFFFFFFFFFFFFFFFFF75
:100B9000FFFFFFFFFFFFFFFFFFFFFFFFFFFFFFFF65
:100BA000FFFFFFFFFFFFFFFFFFFFFFFFFFFFFFFF55
:100BB000FFFFFFFFFFFFFFFFFFFFFFFFFFFFFFFF45
:100BC000FFFFFFFFFFFFFFFFFFFFFFFFFFFFFFFF35
:100BD000FFFFFFFFFFFFFFFFFFFFFFFFFFFFFFFF25
:100BE000FFFFFFFFFFFFFFFFFFFFFFFFFFFFFFFF15
:100BF000FFFFFFFFFFFFFFFFFFFFFFFFFFFFFFFF05
:100C0000FFFFFFFFFFFFFFFFFFFFFFFFFFFFFFFFF4
:100C1000FFFFFFFFFFFFFFFFFFFFFFFFFFFFFFFFE4
:100C2000FFFFFFFFFFFFFFFFFFFFFFFFFFFFFFFFD4
:100C3000FFFFFFFFFFFFFFFFFFFFFFFFFFFFFFFFC4
:100C4000FFFFFFFFFFFFFFFFFFFFFFFFFFFFFFFFB4
:100C5000FFFFFFFFFFFFFFFFFFFFFFFFFFFFFFFFA4
:100C6000FFFFFFFFFFFFFFFFFFFFFFFFFFFFFFFF94
:100C7000FFFFFFFFFFFFFFFFFFFFFFFFFFFFFFFF84
:100C8000FFFFFFFFFFFFFFFFFFFFFFFFFFFFFFFF74
:100C9000FFFFFFFFFFFFFFFFFFFFFFFFFFFFFFFF64
:100CA000FFFFFFFFFFFFFFFFFFFFFFFFFFFFFFFF54
:100CB000FFFFFFFFFFFFFFFFFFFFFFFFFFFFFFFF44
:100CC000FFFFFFFFFFFFFFFFFFFFFFFFFFFFFFFF34
:100CD000FFFFFFFFFFFFFFFFFFFFFFFFFFFFFFFF24
:100CE000FFFFFFFFFFFFFFFFFFFFFFFFFFFFFFFF14
:100CF000FFFFFFFFFFFFFFFFFFFFFFFFFFFFFFFF04
:100D0000FFFFFFFFFFFFFFFFFFFFFFFFFFFFFFFFF3
:100D1000FFFFFFFFFFFFFFFFFFFFFFFFFFFFFFFFE3
:100D2000FFFFFFFFFFFFFFFFFFFFFFFFFFFFFFFFD3
:100D3000FFFFFFFFFFFFFFFFFFFFFFFFFFFFFFFFC3
:100D4000FFFFFFFFFFFFFFFFFFFFFFFFFFFFFFFFB3
:100D5000FFFFFFFFFFFFFFFFFFFFFFFFFFFFFFFFA3
:100D6000FFFFFFFFFFFFFFFFFFFFFFFFFFFFFFFF93
:100D7000FFFFFFFFFFFFFFFFFFFFFFFFFFFFFFFF83
:100D8000FFFFFFFFFFFFFFFFFFFFFFFFFFFFFFFF73
:100D9000FFFFFFFFFFFFFFFFFFFFFFFFFFFFFFFF63
:100DA000FFFFFFFFFFFFFFFFFFFFFFFFFFFFFFFF53
:100DB000FFFFFFFFFFFFFFFFFFFFFFFFFFFFFFFF43
:100DC000FFFFFFFFFFFFFFFFFFFFFFFFFFFFFFFF33
:100DD000FFFFFFFFFFFFFFFFFFFFFFFFFFFFFFFF23
:100DE000FFFFFFFFFFFFFFFFFFFFFFFFFFFFFFFF13
:100DF000FFFFFFFFFFFFFFFFFFFFFFFFFFFFFFFF03
:100E0000FFFFFFFFFFFFFFFFFFFFFFFFFFFFFFFFF2
:100E1000FFFFFFFFFFFFFFFFFFFFFFFFFFFFFFFFE2
:100E2000FFFFFFFFFFFFFFFFFFFFFFFFFFFFFFFFD2
:100E3000FFFFFFFFFFFFFFFFFFFFFFFFFFFFFFFFC2
:100E4000FFFFFFFFFFFFFFFFFFFFFFFFFFFFFFFFB2
:100E5000FFFFFFFFFFFFFFFFFFFFFFFFFFFFFFFFA2
:100E6000FFFFFFFFFFFFFFFFFFFFFFFFFFFFFFFF92
:100E7000FFFFFFFFFFFFFFFFFFFFFFFFFFFFFFFF82
:100E8000FFFFFFFFFFFFFFFFFFFFFFFFFFFFFFFF72
:100E9000FFFFFFFFFFFFFFFFFFFFFFFFFFFFFFFF62
:100EA000FFFFFFFFFFFFFFFFFFFFFFFFFFFFFFFF52
:100EB000FFFFFFFFFFFFFFFFFFFFFFFFFFFFFFFF42
:100EC000FFFFFFFFFFFFFFFFFFFFFFFFFFFFFFFF32
:100ED000FFFFFFFFFFFFFFFFFFFFFFFFFFFFFFFF22
:100EE000FFFFFFFFFFFFFFFFFFFFFFFFFFFFFFFF12
:100EF000FFFFFFFFFFFFFFFFFFFFFFFFFFFFFFFF02
:100F0000FFFFFFFFFFFFFFFFFFFFFFFFFFFFFFFFF1
:100F1000FFFFFFFFFFFFFFFFFFFFFFFFFFFFFFFFE1
:100F2000FFFFFFFFFFFFFFFFFFFFFFFFFFFFFFFFD1
:100F3000FFFFFFFFFFFFFFFFFFFFFFFFFFFFFFFFC1
:100F4000FFFFFFFFFFFFFFFFFFFFFFFFFFFFFFFFB1
:100F5000FFFFFFFFFFFFFFFFFFFFFFFFFFFFFFFFA1
:100F6000FFFFFFFFFFFFFFFFFFFFFFFFFFFFFFFF91
:100F7000FFFFFFFFFFFFFFFFFFFFFFFFFFFFFFFF81
:100F8000FFFFFFFFFFFFFFFFFFFFFFFFFFFFFFFF71
:100F9000FFFFFFFFFFFFFFFFFFFFFFFFFFFFFFFF61
:100FA000FFFFFFFFFFFFFFFFFFFFFFFFFFFFFFFF51
:100FB000FFFFFFFFFFFFFFFFFFFFFFFFFFFFFFFF41
:100FC000FFFFFFFFFFFFFFFFFFFFFFFFFFFFFFFF31
:100FD000FFFFFFFFFFFFFFFFFFFFFFFFFFFFFFFF21
:100FE000FFFFFFFFFFFFFFFFFFFFFFFFFFFFFFFF11
:100FF000FFFFFFFFFFFFFFFFFFFFFFFFFFFFFFFF01
:10100000D10020434D1600600000000000000000E9
:101010002010006000100060004404600000000028
:10102000000000600050040000000000FFFFFFFF10
:10103000FFFFFFFFFFFFFFFFFFFFFFFFFFFFFFFFC0
:10104000FFFFFFFFFFFFFFFFFFFFFFFFFFFFFFFFB0
:10105000FFFFFFFFFFFFFFFFFFFFFFFFFFFFFFFFA0
:10106000FFFFFFFFFFFFFFFFFFFFFFFFFFFFFFFF90
:10107000FFFFFFFFFFFFFFFFFFFFFFFFFFFFFFFF80
:10108000FFFFFFFFFFFFFFFFFFFFFFFFFFFFFFFF70
:10109000FFFFFFFFFFFFFFFFFFFFFFFFFFFFFFFF60
:1010A000FFFFFFFFFFFFFFFFFFFFFFFFFFFFFFFF50
:1010B000FFFFFFFFFFFFFFFFFFFFFFFFFFFFFFFF40
:1010C000FFFFFFFFFFFFFFFFFFFFFFFFFFFFFFFF30
:1010D000FFFFFFFFFFFFFFFFFFFFFFFFFFFFFFFF20
:1010E000FFFFFFFFFFFFFFFFFFFFFFFFFFFFFFFF10
:1010F000FFFFFFFFFFFFFFFFFFFFFFFFFFFFFFFF00
:10110000FFFFFFFFFFFFFFFFFFFFFFFFFFFFFFFFEF
:10111000FFFFFFFFFFFFFFFFFFFFFFFFFFFFFFFFDF
:10112000FFFFFFFFFFFFFFFFFFFFFFFFFFFFFFFFCF
:10113000FFFFFFFFFFFFFFFFFFFFFFFFFFFFFFFFBF
:10114000FFFFFFFFFFFFFFFFFFFFFFFFFFFFFFFFAF
:10115000FFFFFFFFFFFFFFFFFFFFFFFFFFFFFFFF9F
:10116000FFFFFFFFFFFFFFFFFFFFFFFFFFFFFFFF8F
:10117000FFFFFFFFFFFFFFFFFFFFFFFFFFFFFFFF7F
:10118000FFFFFFFFFFFFFFFFFFFFFFFFFFFFFFFF6F
:10119000FFFFFFFFFFFFFFFFFFFFFFFFFFFFFFFF5F
:1011A000FFFFFFFFFFFFFFFFFFFFFFFFFFFFFFFF4F
:1011B000FFFFFFFFFFFFFFFFFFFFFFFFFFFFFFFF3F
:1011C000FFFFFFFFFFFFFFFFFFFFFFFFFFFFFFFF2F
:1011D000FFFFFFFFFFFFFFFFFFFFFFFFFFFFFFFF1F
:1011E000FFFFFFFFFFFFFFFFFFFFFFFFFFFFFFFF0F
:1011F000FFFFFFFFFFFFFFFFFFFFFFFFFFFFFFFFFF
:10120000FFFFFFFFFFFFFFFFFFFFFFFFFFFFFFFFEE
:10121000FFFFFFFFFFFFFFFFFFFFFFFFFFFFFFFFDE
:10122000FFFFFFFFFFFFFFFFFFFFFFFFFFFFFFFFCE
:10123000FFFFFFFFFFFFFFFFFFFFFFFFFFFFFFFFBE
:10124000FFFFFFFFFFFFFFFFFFFFFFFFFFFFFFFFAE
:10125000FFFFFFFFFFFFFFFFFFFFFFFFFFFFFFFF9E
:10126000FFFFFFFFFFFFFFFFFFFFFFFFFFFFFFFF8E
:10127000FFFFFFFFFFFFFFFFFFFFFFFFFFFFFFFF7E
:10128000FFFFFFFFFFFFFFFFFFFFFFFFFFFFFFFF6E
:10129000FFFFFFFFFFFFFFFFFFFFFFFFFFFFFFFF5E
:1012A000FFFFFFFFFFFFFFFFFFFFFFFFFFFFFFFF4E
:1012B000FFFFFFFFFFFFFFFFFFFFFFFFFFFFFFFF3E
:1012C000FFFFFFFFFFFFFFFFFFFFFFFFFFFFFFFF2E
:1012D000FFFFFFFFFFFFFFFFFFFFFFFFFFFFFFFF1E
:1012E000FFFFFFFFFFFFFFFFFFFFFFFFFFFFFFFF0E
:1012F000FFFFFFFFFFFFFFFFFFFFFFFFFFFFFFFFFE
:10130000FFFFFFFFFFFFFFFFFFFFFFFFFFFFFFFFED
:10131000FFFFFFFFFFFFFFFFFFFFFFFFFFFFFFFFDD
:10132000FFFFFFFFFFFFFFFFFFFFFFFFFFFFFFFFCD
:10133000FFFFFFFFFFFFFFFFFFFFFFFFFFFFFFFFBD
:10134000FFFFFFFFFFFFFFFFFFFFFFFFFFFFFFFFAD
:10135000FFFFFFFFFFFFFFFFFFFFFFFFFFFFFFFF9D
:10136000FFFFFFFFFFFFFFFFFFFFFFFFFFFFFFFF8D
:10137000FFFFFFFFFFFFFFFFFFFFFFFFFFFFFFFF7D
:10138000FFFFFFFFFFFFFFFFFFFFFFFFFFFFFFFF6D
:10139000FFFFFFFFFFFFFFFFFFFFFFFFFFFFFFFF5D
:1013A000FFFFFFFFFFFFFFFFFFFFFFFFFFFFFFFF4D
:1013B000FFFFFFFFFFFFFFFFFFFFFFFFFFFFFFFF3D
:1013C000FFFFFFFFFFFFFFFFFFFFFFFFFFFFFFFF2D
:1013D000FFFFFFFFFFFFFFFFFFFFFFFFFFFFFFFF1D
:1013E000FFFFFFFFFFFFFFFFFFFFFFFFFFFFFFFF0D
:1013F000FFFFFFFFFFFFFFFFFFFFFFFFFFFFFFFFFD
:10140000814205D051F8043B40F8043B8242F9D8B0
:10141000704700BF044A05494FF0000342F8043BFF
:101420009142FBD8704700BFC09200208089022003
:101430002DE98848BFF34F8F00BF00BF00BF00BF3A
:1014400000F07CFA684B0822C3F8542100BF00BFAB
:1014500000BF00BF00BF00BF00BF00BF00BF00BF94
:1014600000BF00BF00BF00BF00BF00BF5F4A6049B0
:101470006048FFF7C5FF604A60496148FFF7C0FF59
:10148000604CFFF7C7FF4FF470004FF0E0210023DE
:101490005D4AC1F8880D44F823200133B02BFAD1FE
:1014A0005A4B80215A4A03F8011B9342FBD14FF05B
:1014B000E0254D4E4FF08039DFF884B1DFF884A18C
:1014C0004FF0FF31C5F8084D0027C6F80491C6F863
:1014D00000B1C6F8F490C6F8F0A0D5F8243DDFF8C6
:1014E000688143F4E0234B4AC5F8243DD8F81C300A
:1014F00023F07F0343F04003C8F81C30D8F82430B1
:1015000023F07F0343F04003C8F824309166D1668E
:101510001167516700F01AFA3F4B4049A363404BF3
:10152000E36363236B610323AF612B613D4BC5F81C
:10153000203DD5F8FC3D43F08073C5F8FC3D3A4BA7
:101540001A6842F001021A605B680B6000F048FC08
:10155000C6F804913548C6F800B1C6F8F490C6F84C
:10156000F0A000F0E9FDD8F86C10314B314A41F49D
:101570004051C8F86C101F60C3F80871C3F81871A7
:10158000C3F82871C3F83871936BDB0708D442F6AF
:101590001563294951651365936B43F00103936308
:1015A000244A264C936843F00113936000F056FAE6
:1015B00000F07AFD00F0C8FD00F040FC00F0C0F93A
:1015C0002368132BFCD900F0D1FC2368B3F5967F78
:1015D000FBD300F0B9F900F0B5F900F0BDFD00F063
:1015E00097FD30BFFDE700BF00800D401888030065
:1015F0007428006000000000C092002090B00360DA
:101600000000002000900020E9EB020000E400E070
:10161000A0E400E000C00A405DCD0200106D022091
:1016200061CD020000002020001000E00046C3232E
:101630000040084000400D400000C056146D0220DC
:101640001B1018200C0D111300C00F40054B4FF458
:101650002A01054A05485A641864054A9963954663
:10166000FFF7E6FE00C00A40FFFFAAAA070020001D
:10167000000004201BB9124B1B6F9B041ED400F00A
:101680003F000F4B22F0604221F0604140F489108E
:101690001867C3F88010C3F890201A6F22F48052A4
:1016A0001A671A6F002AFCDAD3F87011054A0A404B
:1016B000C3F870211A6F22F480321A67704700BF96
:1016C00000800D40FF7F7FFF43690A4A03EB011052
:1016D00010B4037A084C02EB0313D3E9013214600F
:1016E000C2681A6003690BB142691A605DF8044B65
:1016F000704700BF5448002061F801004369027E32
:1017000003EB021292F808C08C451CD01A7AFF2A0B
:1017100019D0914210B5044616D01A7EFF2A06D081
:101720000121D3E9002312681A4201D1217610BDAC
:10173000064B0522204603EB0C135B681A60FFF78B
:10174000C3FF2176F3E770470021EAE75448002001
:1017500043690A4A03EB011010B490F82830084C92
:1017600002EB0313D3E901321460C26A1A60036BFF
:101770000BB1426B1A605DF8044B7047544800206F
:1017800061F801004369427E03EB021292F828C01F
:101790008C451ED093F82820FF2A1AD0914210B50C
:1017A000044617D093F83820FF2A06D00121D3E948
:1017B000002312681A4201D1617610BD064B052242
:1017C000204603EB0C135B681A60FFF7C1FF6176DC
:1017D000F3E770470021EAE75448002016494269C0
:1017E0008B6B23F47C0343F4802370B58B63044636
:1017F000124DD2E900130A681A4303690A600222F3
:1018000000211A610E4A19619A6401225A629D628E
:101810004FF43035DD624FF001159E6C1E65196284
:101820009D651A61017EFFF74FFF617E2046BDE88E
:101830007040FFF78DBF00BF00C00F40B80B05051B
:101840003B372819B1F5607FF0B50E468DB028BF43
:101850004FF460760F46054672B62E4B0024702278
:10186000186021462C4B2D481C8000F04DFCCFB158
:1018700021462A484FF0010C4A0901F01F030131AB
:1018800050F822400CFA03F38E4243EA040340F876
:101890002230F1D8284600234380013300F58270BE
:1018A0009E42F9D81E4C257815B162B60DB0F0BD38
:1018B000082000F045FC1B4B80220646009302A93D
:1018C0000693194B0271056008A8029300F030FCE2
:1018D00006A9164A304600F01FFC069B08A8DB68E4
:1018E0009847009B02A8DB6898472378002BDCD13F
:1018F0000F4B104AC3F858210F49D0204FF0E02376
:10190000402281F84600C3F808210123237062B603
:101910000DB0F0BD44D70020F68802204CD700203F
:101920001D890220504500206DC702001B100100D8
:101930000090002079C7020000E400E0704700BF7B
:10194000704700BF704700BF00BF704710B44FF032
:10195000E023002110243148C3F8941DC3F89C4DA6
:101960001124C3F8A00D2E48C3F89C4D1224C3F8CF
:10197000A00D2C48C3F89C4D2B4AC3F8A00D2B4C4E
:1019800042F015022A48C3F89C4DC3F8A00D294C1B
:101990002948C3F89C4DC3F8A00D284CC3F89C2DD2
:1019A0002748284AC3F8A04DC3F89C0DC3F8A02DC2
:1019B00002F5A022244C0C322448C3F89C4DC3F8F5
:1019C000A02D234AC3F89C0D224CC3F8A02D02F190
:1019D0004062C3F89C4D2048C3F8A02D0C32C3F8D8
:1019E0009C0DC3F8A02D00BF00BF00BF00BF00BF0B
:1019F0000122C3F8942DBFF34F8FBFF36F8FC3F84D
:101A0000501FBFF34F8FBFF36F8FD3F8142D5DF8C6
:101A1000044B42F44032C3F8142D70473F000010CD
:101A2000250008070900100080890220130020000B
:101A300021000207140000202500081309000010EF
:101A40001600202027000B1317000040180000602C
:101A50002F000B07190000701A000080F0B5B84B7A
:101A60001822B84E0120B84F83B0C3F85C62B74962
:101A7000C3F86072B64DC3F86462A6F53046B54C43
:101A8000C3F86862C3F86C52C3F87052C3F874525A
:101A9000C3F8785248F20C75DA661A675A679A6783
:101AA000DA67C3F88020C3F88420C3F88820C1F81F
:101AB0002C03A94AC1F83003C1F83403C1F8380334
:101AC000C1F83C03C1F85003A169A44B0A40A448E3
:101AD000A4491343A44AA361D4F8843043F00C030F
:101AE000C4F884304FF0FF34036843F0020303600E
:101AF00003682B404FF400551A439C4B026044602E
:101B00008A689B4C13409B4A43F000538360C36830
:101B100023F07803C360036A134023430362036A1C
:101B20001340954A2343954C43628262C26200226D
:101B3000D1F8B83023F03F0343F00103C0F8B830C8
:101B4000D1F8BC308E4923F03F0343F00103C0F8C5
:101B5000BC3040F20563026105660467C0F880305E
:101B6000456644670224C0F88430036823F002030A
:101B700003608161834B8449C46143F8042B8B4229
:101B8000FBD1774A136843F001031360136813F025
:101B90000103FBD17A48022140F2F564906140F2E2
:101BA0009940D16140F26641C2F8004242F20144DC
:101BB000C2F810127549C2F82002C2F8301240F281
:101BC00035417348C2F83442C2F84012714CC2F831
:101BD000500242F201207049C2F854120121C2F8A9
:101BE0006042C2F864025E48C2F8A030C2F8A43075
:101BF000C2F8B0104369DA07FCD5012300244FF482
:101C0000803257494361C0F8A040C0F8A420C0F812
:101C1000B0304B69DB07FCD5012300244FF40030C2
:101C20004F4A4B61C1F8A040C1F8A400C1F8B030E0
:101C30005369DF07FCD50123002458484849536104
:101C4000C2F8A040C2F8A400C2F8B0304B69DE0769
:101C5000FCD5D1F8003145F60D5221209BB24861E8
:101C6000934265D100244FF4802201233C48C1F8FF
:101C7000A040C1F8A420C1F8B0304369DD07FCD50D
:101C800001234FF400040021354A4361C0F8A0400D
:101C9000C0F8A410C0F8B0305369DC07FCD50123AC
:101CA0004FF400044FF480302D495361C2F8A04036
:101CB000C2F8A400C2F8B0304B69D807FCD50123A4
:101CC0004FF400044FF40030254A4B61C1F8A040A6
:101CD000C1F8A400C1F8B0305369D907FCD501237D
:101CE0004FF400042D481E495361C2F8A040C2F8C9
:101CF000A400C2F8B0304B69DA07FCD5D1F8003146
:101D000045F60D5221209BB24861934250D00825E0
:101D10004FF4000422490020224B234A0090157002
:101D20005A1A01232148224400F0FEF903B0F0BD05
:101D30001E4B0022C3E90022C3E9022203B0F0BD1A
:101D400000801F40F9B00100F910010000841F401D
:101D5000F970010000C00F40FFFCFF1F000300A04E
:101D600000402A4000802A401200FFFFFF37F700A2
:101D70004000008000FFF07CFF000F836300020042
:101D8000F05AF05A00422A4000432A409F0418307B
:101D9000EB06180A3806180A06320126040003006A
:101DA00000000070000000702D890220B44A02205B
:101DB0004FF400044FF4802201230848C1F8A040EA
:101DC000C1F8A420C1F8B0304369DB07FCD501237A
:101DD00010254FF0807443619CE700BF00402A400B
:101DE000F0B4154A40274FF480314FF480564FF439
:101DF00000554FF4404443F24200136913F0020FC0
:101E00000ED113F4005F0FD013F4805F0ED0002BBF
:101E1000F3DA13F4803F0BD15B060BD5F0BC7047AF
:101E2000946151619061E8E75561E6E75661E4E746
:101E30009161E2E75761E0E700800D403F4A0320EF
:101E40003F49F3EE095AD2F880304FF0000C9FED75
:101E50003D6A23F001039FED3C5A30B4C2F8803054
:101E6000C2F89000D1F8E010384DCBB2384C394868
:101E70002B6007EE903A0B0DC1F30B21F8EEE77AD9
:101E800006EE903A07EE101A334BB8EEC77A21608F
:101E9000F8EEE66A314937EEC66A37EEC55A76EE95
:101EA000C76A77EEE57A26EE266AC3ED006A25EE6C
:101EB000265AD2F8803067EEA64AC0ED007AC6EE08
:101EC000275A274885EE276AC4EEA76A75EE875A17
:101ED000FCEEE55A36EE076A15EE904ABCEEC66A8D
:101EE00043EA045376EE877AC2F8803016EE103A51
:101EF000D2F89041FCEEE77A01EA0341214317EE64
:101F0000903AC2F89011C3F30B03D2F890110B432F
:101F10001449C2F89031D2F8803043F00203C2F87D
:101F20008030114B80F840C0C1F840314FF0E023C1
:101F3000012230BCC3F80821704700BF00810D406A
:101F400000441F400000AA420000B442D0690220B1
:101F5000CC690220D4690220D86902200000FF0F5A
:101F600000E400E000900020D5ED0200314B40F687
:101F7000617210B5C3F8202140F2044400F0E8F883
:101F80002D4A2E49D2F880302D4843F00303C2F881
:101F900080302C4BC1F8604102681A4203D1D1F85D
:101FA000A8319A071BD0254A4FF00041244B5963B2
:101FB000D2F8403143F00203C2F84031D2F8403148
:101FC0009B07FBD44FF400304FF0E0211C4B4FF047
:101FD0000042C1F88C0219209A6300F0A1F8184A57
:101FE0004FF08040154C002190630A20164B116081
:101FF0004FF42072C4F8A801184600F085F84FF499
:10200000800203464FF4810040F243111860C4F887
:1020100058311A640D4B0E4AC4F84811C3F8042213
:102020004FF0E0224FF400310123C2F80C11C4F844
:10203000403110BD00800D4000C00F4000002E4018
:1020400000900D40001C1E000000002000900020A9
:10205000F5EF020008B50E4B1B6E9B0700D4FBBECC
:1020600072B60C4B00200C4AC3F8400103F16043E8
:102070000A49A3F55F2311649D46BFF34F8F4FF4C8
:1020800000130748074ADB6902609B68984700BF56
:1020900000441F4000002E4000C00A400300200002
:1020A00000802020000012EB104BA020104AD96EB7
:1020B00041F4403110B4D96640F23764D96E41F42E
:1020C0004071D96654649064936C1B06FCD4094A31
:1020D00040F23761A02351649364936C13F0800342
:1020E000FBD1054A13705DF8044B704700C00F40E8
:1020F00000400C4000800C4029890220F8B500BF48
:10210000F8BC08BC9E4670475FF800F01936030023
:102110005FF800F0B9E502005FF800F035D5020085
:102120005FF800F095DE02005FF800F0A5EA02001B
:102130005FF800F0E1C702005FF800F0A5DB0200E5
:102140005FF800F0FDE602005FF800F0EDE7020046
:102150005FF800F031F702005FF800F06539030026
:10216000050100006111000081160000AD5A010058
:1021700089D50100894B0200555A0200995C020082
:10218000B15C0200C95C0200E15C0200F95C020083
:10219000115D0200295D0200415D0200595D0200EF
:1021A000715D0200056302001D63020035630200D9
:1021B0004D630200656302007D63020095630200C7
:1021C000AD630200E16302001164020029640200B1
:1021D00041640200596402007164020061710200EE
:1021E000C586020089950200A1950200B9950200FA
:1021F000D1950200E9950200019602008DC102000E
:10220000A5C10200BDC10200D5C1020039D602003D
:04221000751B030037
:1022140000000000000000000000000000000000BA
:1022240000000000000000000000000000000000AA
:10223400000000000000000000000000000000009A
:10224400000000000000000000000000000000008A
:10225400000000000000000000000000000000007A
:10226400000000000000000000000000000000006A
:10227400000000000000000000000000000000005A
:102284000000000000000000FEFF3F00000000000E
:1022940000000000000000E0FFFFFF3F000000001E
:1022A40000000000000000FCFFC1FFFFFF00000071
:1022B40000000000000000FF010000FCFFFF03001D
:1022C400000000000000C01F00000000FCFFFF1F12
:1022D400000C00000000F0030000000000F0FF0FFD
:1022E400807F00000000F800007F00000000000074
:1022F400C0FF00000E003E00C0FF00000008000107
:10230400C0E103000F000F00F0C10100001EC00374
:10231400C0C3078007C0070078C00100000FE001B8
:10232400C087078007E001003CF801008007F00047
:10233400C00F0FC003F000001EFC0100C0037800B2
:10234400C00F0FE0033800000FFE0000E0033C0064
:10235400800F0FF0011C0080077E0000F0013F0099
:1023640000070FF8010E00C0033C0000F8811F00B5
:1023740000000FFC000700C003700000FCC00F0049
:1023840000000FFC800300C003FC00007EE00F008F
:1023940000000FFEC00100C003FF00007FF0070033
:1023A40000000F7FE00000E0C3FF00807FF0030027
:1023B40000008F7FF00000E0E36700C03DF80300F9
:1023C4000080CF7F700000C0F70100E03FFC0100F7
:1023D4000080CF3D380000C0FF0000E03EFE010059
:1023E40000C0EF3E1C0000CF3F0700701FFF00003D
:1023F40000C0F73E0E0080CF9F0F00389FFF000003
:1024040000C07F3F070080CF9F0F009C9F7F00008C
:1024140000E03F9F070080EF9F07008ECF7D000004
:1024240000E01F9F030000FBBF03008FEF7E00004E
:1024340000F08FCF0100007C3E0000C7773E000013
:1024440000F08FEF0000003E3E0080C3773E0000A6
:1024540000F8C77F0000F81F3E00C0C13F1F000006
:1024640000F8C33F0000F8071E00E0E01F1F000053
:1024740000FCC13F0000F8031F0070E01F1F0000B4
:1024840000FCE01F000070001F0038E00F1F000078
:10249400007EE00F000010800F003CE0070F0000FA
:1024A400003FE00700007C800F001EF0030F0000D7
:1024B400801FF00300007EC007000FF0010F0C0026
:1024C400800FF00100003FE0038007F8010F1E00B9
:1024D400C007F80000803FF003C003F8000F3E007F
:1024E400E0037C00008003F801E0007C001E3E0055
:1024F400F0013E00008003FF0078003C001E7EDFF8
:10250400F8001E000080FF3F003C001E003C7CF7EA
:102514003C000F000000FF1F001F000F007830F286
:10252400180003000000FE078007000700F03FF2D8
:102534000000000000000000E003000000C01FF2E3
:10254400FF7F000000000000F8000000000003000E
:10255400FFFFFF03000000803F00000000000000B8
:1025640001FCFFFF070000F01F0000000000000056
:102574000000F8FFFF3FF0FF07000000000000002C
:10258400000000C0FFFFFF7F00000000000000000B
:102594000000000080FFFF070000000000000000B2
:1025A4000000000000000000000000000000000027
:1025B4000000000000000000000000000000000017
:1025C4000000000000000000000000000000000007
:1025D40000000000000000000000000000000000F7
:1025E40000000000000000000000000000000000E7
:1025F40000000000000000000000000000000000D7
:1026040000000000000000000000000000000000C6
:1026140080C00F40000000031900000010000000FB
:10262400E8841F4001000000FF000000FF000000DC
:10263400000000000000000018000000100000006E
:10264400E4841F4001000000FF000000FF000000C0
:1026540000000000000000001F000000E9C60200A6
:1026640070C00F40000C00001100000011000000B9
:10267400E0841F40020000002C0000001200000053
:10268400E0841F4001000000100000001100000061
:10269400DC841F40020000002D0000001200000036
:1026A400DC841F40010000001E000000DDC60200A3
:1026B40070C00F40C00000001200000013000000B2
:1026C400D0841F4001000000FF000000FF00000054
:1026D40000000000000000001300000013000000D0
:1026E400CC841F4001000000FF000000FF00000038
:1026F40000000000000000001C000000D1C6020021
:1027040018035400650065006E0073007900200012
:102714004D00490044004900180354006500650059
:102724006E00730079006400750069006E006F002C
:102734000403090409029500030100C032080B00D8
:102744000202020100090400000102020100052442
:1027540000100105240101010424020605240600D9
:10276400010705820310001009040100020A000099
:10277400000705030240000007058302400000092A
:1027840004020002010300000724010001250006E1
:1027940024020101000624020202000924030103A9
:1027A40001020100092403020401010100090504D6
:1027B40002400000000005250101010905840240D2
:1027C4000000000005250101030000000902950036
:1027D400030100C032080B000202020100090400D8
:1027E4000001020201000524001001052401010179
:1027F40004240206052406000107058203100005CF
:1028040009040100020A0000000705030200020097
:10281400070583020002000904020002010300000C
:1028240007240100012500062402010100062402F8
:102834000202000924030103010201000924030226
:10284400040101010009050402000200000005253D
:1028540001010109058402000200000005250101AF
:10286400030000000A060002EF020140010000001C
:102874000000000000000000000000000000000054
:102884000000000000000000000000000000000044
:10289400F8B54FF084439D695A6915400DD0254F12
:1028A40001269D6195FAA5F4B4FA84F457F824300E
:1028B40006FA04F49847A543F4D11F4B9D695A695D
:1028C40015400DD01D4F01269D6195FAA5F4B4FA6B
:1028D40084F457F8243006FA04F49847A543F4D155
:1028E400174B9D695A6915400DD0164F01269D61FD
:1028F40095FAA5F4B4FA84F457F8243006FA04F4EB
:102904009847A543F4D1104B9D695A6915400DD0E1
:102914000E4F01269D6195FAA5F4B4FA84F457F894
:10292400243006FA04F49847A543F4D1BFF34F8F3B
:10293400F8BD00BF648A002000400042E48A002001
:1029440000800042648B002000C00042E48B002021
:102954000548064B1B1AD90F01EBA301491002D0FD
:10296400034B03B118477047C0920020C092002067
:102974000000000008B5054B1BB105490548AFF33D
:102984000080BDE80840FFF7E3BF00BF000000007F
:10299400285A0220005004600372009BC0E9001210
:1029A400C36070474FF0000C8260C0E90012A0F8C9
:1029B4002CC080F836C080F83FC080F841C080F851
:1029C40054C0704710B504460068074908301CF02D
:1029D400DBF92268B2F8663092F99E2093FBF2F399
:1029E400013B84F8403010BDE8680020C0E90012C3
:1029F400036280ED020B80ED041B80ED062B704713
:102A04008360009B01600271C360704784468068E4
:102A14009CF82D10436801EB410203EB02135A6842
:102A24002AB1012A10B527D0032A04D010BD9B680F
:102A340003B118477047012208330CF1440E8CF897
:102A440041200FCB8EE80F00024688B19CF8480065
:102A540060B100234FF0200ED15C19B902F803E0F5
:102A6400DCF844200133D9B28142F5D30023135456
:102A740000238CF8543010BD9CF82C20072AD5D89C
:102A84000CEB020E8EF82E10511C9CF836400CEB09
:102A940082028EF837408CF82C100021D0609B689D
:102AA4008CF82D108CF83610DA68CCF80830002A2F
:102AB400BCD0BDE81040104790F82C30A3B1013BC6
:102AC400DBB200EB830180F82C30C218C968816046
:102AD40092F82E1080F82D1092F8372080F83620C6
:102AE40013B9012380F83F30704700BF0000000095
:102AF400836890F82D205B6802EB420203EB02131B
:102B04005A68022A2FD193ED086B9FED2D7B10B4E8
:102B1400B4EEC76B9C68F1EE10FA25DC227807EE60
:102B2400901A05EE102AB8EEE74BB8EEC55B93EDAC
:102B3400047BA6EE045BFDEEC77B93ED063B17EE2C
:102B4400901ABDEEC33BBDEEC57B17EE103A994219
:102B5400B8BF194613EE103A9942A8BF194621701E
:102B64005DF8044B70477047FDEEC67B17EE900A84
:102B740093ED047B424200F07F0002F07F02FDEE01
:102B8400C77B58BF5042227800FB012117EE902AE0
:102B94008A4293ED067B0BDCFDEEC77B17EE903A81
:102BA4009942DCDD0138811821705DF8044B7047CF
:102BB400FDEEC77B411E17EE903A591AF0E700BFAD
:102BC4000000000000C05F40F8B503460D4D0C4600
:102BD40093F8546028465F6CB95D33F0A7F908B1E7
:102BE400401B044404F15101074A82FB0132CB1714
:102BF400C3EBE20303EBC30303EBC303C91A6B5C2C
:102C0400BB55F8BD943F0020FDB0481970B504468B
:102C140090B090F841001E469DF85050002848D1CD
:102C2400002918D0A3681B7A40F3948083B194F8E8
:102C34002D1001319942A8BF002194F84030C9B247
:102C440084F82D10B1FBF3F111FB03F184F8361075
:102C5400012384F83F30002A06D0D4BF4FF0FF315F
:102C640001212046FFF744FFEEB90DB910B070BD45
:102C740094F82C30002BF9D0013BDBB204EB830138
:102C840084F82C30E218C968A16092F82E1084F8F8
:102C94002D1092F8372084F83620002BE6D101233A
:102CA40084F83F30E2E72046FFF7B0FE002DDDD088
:102CB400DEE7002959DD94F8543094F848100133C4
:102CC400B3FBF1F001FB103384F85430002A06D032
:102CD400D4BF4FF0FF3101212046FFF775FF7EB3CB
:102CE400636C53B394F84820002668469E5494F8C5
:102CF4004820616C3F2A28BF3F2233F0C3F99DF876
:102D040000308DF83F606E46202B03D116F8013F4A
:102D1400202BFBD0304633F04BFB50B13044002124
:102D240002E0B342017004D010F8012D202A0346BA
:102D3400F7D0E36C0BB130469847002384F8413058
:102D4400002D93D0236D03B19847002384F84130BC
:102D540010B070BD002B3FF47BAF94F82D00411EE2
:102D640000287FF467AF591E64E7AFD094F854305D
:102D74002BB994F84830013B84F85430A6E7013B62
:102D840084F85430A2E700BF02680021324B70B5CA
:102D94002DED028B92F99E408AB0054692F99D6012
:102DA40002F10800A2B21BF0DFFF07EE904A286888
:102DB4000221B8EEE78A6B6CF0EE047A083068EE14
:102DC400277AFCEEE77A17EE902A92B21BF0CCFF3A
:102DD400696C04A82C682DF00BFA04A995F85430FA
:102DE400002207A82DF0ECFA079991B304F108002A
:102DF4001BF0FEFF014607A803912DF04FFA04A82B
:102E04002DF04CFAF7EE086A07EE906A9FED136A0C
:102E1400286828EE267A0399F8EEE77A083028EE37
:102E2400068ABCEEC77A67EEA67ABCEEC88A17EEAD
:102E3400103AFCEEE77A9CB218EE103A9AB217EE0A
:102E4400903A00949BB21BF079FA0AB0BDEC028B65
:102E540070BD0349CAE700BF703F00203333B33F5E
:102E64004073002091F83F3030B5054689B01446D0
:102E740083B95368F3B19847236A8BB9124A6B46F6
:102E840007CA03C3694628461A802DF0B1F92846BB
:102E940009B030BD002381F83F30236A002BEDD008
:102EA400216868469847694628462DF0A1F92846C6
:102EB40009B030BD054A6B4607CA03C369462846B4
:102EC4001A702DF095F9F2E7883F00207C3F00202E
:102ED4002DE9F04F054600688DB0002190F99EA0C1
:102EE4000830AB681FFA8AF690F995401B684FEAE0
:102EF4004A0832461BF038FFD5E90132934271D0BB
:102F040095F84030002B6AD00027DFF82CB10AE096
:102F140095F82D30A3425CD0013795F84020D04479
:102F2400FBB29A425BD995F83640AA683C44137ABE
:102F3400E4B2A34253D904EB4403506820215A4617
:102F44004FEA031C00EB031650F80C3004A832F0CF
:102F540087FD95F82D3028681FFA88F9A34200F1FF
:102F640008000CBF002101211BF0CCFF286804AB32
:102F74004A46083002211BF0F7FE7368022BC7D1C2
:102F840006F10802294601A8FFF76CFF0199284BB6
:102F94000029286808BF194608301BF029FFD5E925
:102FA40001239A4201D1002C35D0C0F17E00019B4F
:102FB4004A4681B2002B1E4808BF034628680830E1
:102FC4001BF0D2FE01A82DF069F995F82D30A3422B
:102FD400A2D12868012108301BF094FF9CE70DB0B2
:102FE400BDE8F08F5B689B680BB11B780133114A15
:102FF400052104A832F034FDA8EB0602C4EB8431A9
:10300400286804AB92B2C4EB810108307E3189B2E6
:103014001BF0AAFE74E7019B4A460549002B286869
:1030240008BF0B46083000211BF09EFECAE700BF14
:1030340040730020643F00206C3F002010B504461C
:10304400006808301BF0EEF994F8413020463BB19B
:10305400FFF79AFE2068BDE8104008301BF0EEB977
:10306400FFF736FF2068BDE8104008301BF0E6B9D2
:1030740000207047704700BF036D0BB101207047FB
:10308400406D003818BF0120704700BF10B50446DA
:10309400806D18B131F044FD0023A365236D2BB17D
:1030A40004F11800BDE8104021F02ABB636D002B29
:1030B400F6D110BDF0B595B000224FF47A74244FC8
:1030C4001831054604A88DF80C200097CDE9012499
:1030D400CDE9122221F080FB129B002B2DD05C2025
:1030E40000262DF043FF019B04464660C36004A9FB
:1030F400029B183040F8083C9DF80C3000F8043C62
:10310400144B40F8183C144B40F8103C21F0B6FA2C
:10311400124B4FF47A72A7602B606368A665013383
:103124006E602E73AA602C6163600D4B04A800933B
:1031340021F0E6FA284615B0F0BD139B002BCED142
:10314400064A2B732A602B61C5E90134EDE700BF01
:10315400E84300200C4400206844002094430020ED
:103164005041002010B50446806D00B110BD4FF4ED
:10317400807031F0CDFCA065B0B10022236D0270E7
:103184003BB101464FF48072184620F009FFA06D50
:1031940010BD636D002BE9D001464FF480721846D0
:1031A4001EF0ACFBA06D10BD014B1846A36510BD0D
:1031B4002789022038B5056D6DB10BB1002038BDEB
:1031C400114628461FF028FC0028F7D02846BDE801
:1031D40038401FF0C3BD446D002CEFD020461CF0D6
:1031E400DFFF0028EAD02046BDE838401DF052BE7B
:1031F4008A79A2F150031B0622D402F26C72F0B554
:103204004B7985B0046D01330D798E784F78DBB23C
:1032140009784CB1204601960095CDE9027102214E
:103224001FF030FD05B0F0BD406D0028FAD00196C6
:103234000095CDE9027102211DF070FD05B0F0BDCD
:103244000020704710B50446006D80B1037813F078
:10325400700F00D110BD00211FF0DEFB606D00284F
:10326400F8D000220023BDE810401CF099BF606D27
:103274000028EFD090F8313013F0500FEAD000223C
:103284000023BDE810401CF08BBF00BF036D10B5D8
:103294000C4682B02BB30DF1060201A918461EF0AC
:1032A40061FF38B3BDF80430BDF8062053EA0201CB
:1032B40020D0C2F3451C02F01F00D20AC3F343110D
:1032C400400084F801C0A2705A0A013903F01F03B8
:1032D40002F5EA622070012061712371A27102B0CB
:1032E40010BD406D30B10DF1060201A91CF0FEFDC8
:1032F4000028D7D1002002B010BD00BF036D10B567
:103304000C4682B02BB30DF1060201A918461EF03B
:1033140019FF38B3BDF80430BDF8062053EA0201A2
:1033240020D0C2F3451C02F01F00D20AC3F343119C
:10333400400084F801C0A2705A0A013903F01F0347
:1033440002F5EA622070012061712371A27102B05A
:1033540010BD406D30B10DF1060201A91CF0B4FDA1
:103364000028D7D1002002B010BD00BF006990B181
:103374000368154A1B69934225D1036D63B118781C
:1033840010F0080007D0D8695B69C01A48BF6FF015
:103394000040704718467047436D002BFAD093F8ED
:1033A400310010F00800F6D0186919685A69401AFB
:1033B4005B6862EB0303B0F1004F73F10003EAD3DF
:1033C4006FF0004070471847150E0000036923B3DF
:1033D4001968134A10B58C6882B0944214D1186DE0
:1033E40048B101220DF107011FF0CEF890B19DF80C
:1033F400070002B010BD586D0028F8D001220DF16D
:1034040007011CF0E7FDF1E701220DF10701184661
:10341400A047EBE74FF0FF30EBE74FF0FF3070478A
:10342400ED0C0000036973B11A68084952698A42B5
:1034340007D1186D08B11FF07BB9586D18B11CF095
:1034440099BE184610474FF0FF307047950C0000A6
:1034540000B5006983B08DF8071060B10368104AA5
:10346400DB68934215D1036D43B101220DF10701CD
:1034740018461FF0ADFC03B05DF804FB406D002856
:10348400F9D001220DF107011DF076FD03B05DF8BE
:1034940004FB01220DF10701984703B05DF804FB1A
:1034A400650D0000036963B11A68074992698A428D
:1034B40008D1186D08B11FF0DFBB586D08B11DF0BD
:1034C400B7BA7047184610473D0D0000036D13B19D
:1034D400586900217047436D13B1D3E90001704767
:1034E40018461946704700BF036D13B1D86900210F
:1034F4007047436D13B1D3E9040170471846194668
:10350400704700BF036D13B118461FF011B9406D29
:1035140008B11CF02FBE4FF0FF307047836C13B11D
:1035240018461FF005B9C06C08B11CF023BE4FF05B
:10353400FF307047036D33B11B7813F0700F14BF65
:10354400012000207047406D30B190F8313013F005
:10355400500F14BF01200020704700BF036D13B14A
:1035640018461FF011B8406D08B11CF033BD4FF080
:10357400FF307047836C00B583B063B101220DF155
:10358400070118461FF000F801280CD19DF8070028
:1035940003B05DF804FBC06C28B101220DF10701F2
:1035A4001CF018FDF0E74FF0FF30F1E7036D13B1A5
:1035B40018461FF061BB406D08B11DF039BA704761
:1035C400836C13B118461FF057BBC06C08B11DF0D3
:1035D4002FBA7047036D13B118461FF0F9BB406D45
:1035E40008B11DF0C9BC7047836C13B118461FF0B5
:1035F400EFBBC06C08B11DF0BFBC704700B5836C55
:1036040083B08DF8071043B101220DF1070118466C
:103614001FF0DEFB03B05DF804FBC06C0028F9D09A
:1036240001220DF107011DF0A7FC03B05DF804FBB6
:103634008A79A2F150031B0622D402F26C72F0B50F
:103644004B7985B0046D01330D798E784F78DBB2F8
:1036540009784CB1204601960095CDE90271042108
:103664001FF010FB05B0F0BD406D0028FAD00196A4
:103674000095CDE9027104211DF050FB05B0F0BDA9
:1036840000207047036D53B1187810F008000DD076
:10369400D8695B69C01A48BF6FF000407047436D3A
:1036A400A3B193F8310010F0080000D170471869F5
:1036B40019685A69401A5B6862EB0303B0F1004F62
:1036C40073F10003F2D36FF0004070471846EDE742
:1036D400836C53B1187810F008000DD0D8695B6979
:1036E400C01A48BF6FF000407047C36CA3B193F891
:1036F400310010F0080000D17047186919685A6940
:10370400401A5B6862EB0303B0F1004F73F10003EE
:10371400F2D36FF0004070471846EDE70369D3B168
:103724000E4810B41C68E46884420FD1186D18B1B7
:103734005DF8044B1FF04CBB586D18B15DF8044B99
:103744001DF01ABC00205DF8044B70471846234650
:103754005DF8044B18470020704700BF650D00005A
:1037640038B504460C4B806D236018B131F0D8F99C
:103774000023A365236D04F118054BB1284620F0FE
:10378400BFFF064B2846A36020F0BAFF204638BD91
:10379400636D002BF2D1F4E70C440020504100206B
:1037A40038B504460E4B806D236018B131F0B8F97A
:1037B4000023A365236D04F118056BB1284620F09E
:1037C4009FFF084B2846A36020F09AFF20465C2107
:1037D4002DF0D2FB204638BD636D002BEED1F0E70F
:1037E4000C4400205041002070B5264B0446056966
:1037F4000360002D32D06E68013E6E6076BB2B688C
:10380400214ADB6A934233D1A86D10B131F088F9B3
:10381400AE652B6D43B305F1180020F071FF2569E7
:10382400E5B12B68194A5B68934228D1184BA86DFF
:103834002B6018B131F074F90023AB652B6D05F1E1
:103844001806C3B1304620F05BFF124B3046AB6024
:1038540020F056FF5C2128462DF08EFB20461421D3
:103864002DF08AFB204670BD6B6D002BD3D1D6E7BB
:1038740028469847D3E76B6D002BE3D1E5E728464C
:103884009847EBE7944300201D080000310F000027
:103894000C4400205041002030B4029C11469C4648
:1038A40034B1012C1CD0022C0ED0002030BC704747
:1038B400056DF5B14FF0FF33934274EB0C04F4D370
:1038C400284630BC1FF0A8B8026D0AB3D369591852
:1038D4004CF10003002BE8D1104630BC1FF09CB81B
:1038E400026D62B1536959184CF10003002BDCD10D
:1038F400F2E7406D0028D8D030BC1CF051BC406DBC
:103904000028D2D0D0E900238A184CEB0303F3E754
:10391400406D0028C9D0D0E9042330BC8A184CEB90
:1039240003031CF03DBC00BF70B5244B044605697D
:103934000360002D32D06E68013E6E6076BB2B684A
:103944001F4ADB6A93422FD1A86D10B131F0E8F819
:10395400AE652B6D23B305F1180020F0D1FE256967
:10396400E5B12B68174A5B68934224D1164BA86DC6
:103974002B6018B131F0D4F80023AB652B6D05F141
:103984001806A3B1304620F0BBFE104B3046AB60A6
:1039940020F0B6FE5C2128462DF0EEFA204670BDDC
:1039A4006B6D002BD7D1DAE728469847D7E76B6DC4
:1039B400002BE7D1E9E728469847EFE79443002036
:1039C4001D080000310F00000C440020504100206D
:1039D4002DE9F047664E84B0664C674D3046DFF8FB
:1039E400148266492CF004FC22462946304630F005
:1039F400F3FC634F634940462CF0FAFB2246294608
:103A0400404630F0E9FC60493846DFF8ECA12CF080
:103A1400EFFB22462946384630F0DEFC414601A839
:103A2400DFF8D8912CF01EFC314601A8DFF8D081D4
:103A34002CF0B0FC014650462CF014FC01A82CF0EC
:103A44002DFC22462946504630F0C6FC394601A8D2
:103A54002CF008FC314601A82CF09CFC0146484699
:103A64002CF000FC01A82CF019FC224629464846FB
:103A740030F0B2FC22464549454830F0ADFC454B98
:103A8400B2EE085A444A93ED007AF7EE006A434BCB
:103A9400126827EE057AD3ED007A414BC6EEA72AC9
:103AA40040491A60404AD1ED005A1068B7EEC77A0F
:103AB4003E4A9FED3F2A3F493F4B9FED293B9FEDF7
:103AC4002A4B83EE076B92ED007A3C4A65EE827ACC
:103AD40027EE057AC1ED007AB7EEC77A196883EE4E
:103AE400075BB7EEC66BB7EEC55BD2ED005A344A3E
:103AF400B7EEE57AD2ED006A324A27EE047B66EE31
:103B0400A56AB7EEC77BD2ED007A2F4A83ED007A1F
:103B14002E4BD2ED005A186040462D4B67EEA57A25
:103B24002C4A19602C4B1268C3ED006A2B4B2C49AC
:103B340083ED005A2B4B83ED006A2B4BC3ED002A17
:103B44002A4B1A602A4BC3ED007A2CF06FFB2246F5
:103B54002946404604B0BDE8F04730F03DBC00BF04
:103B6400CDCCCCCCCCCCF83F713D0AD7A370CD3FA3
:103B7400806F0220088200202DDA0200382C0020F9
:103B8400586B0220402C00204C2C0020B91000005F
:103B9400AC890020148D002058CF0020847C0020A4
:103BA40060CF0020B08C00205CCF0020108D00205E
:103BB4000000000070CF0020C0500220BC7B002019
:103BC400B87B00201C8A00203055022064CF0020DE
:103BD40038CF0020C48E0020FC50022088500220E0
:103BE400943F00208C500220C44A0220F05402204A
:103BF400F45402208C6F02202C7302204C6B0220A0
:103C0400D0D500202DE9F04F884B0024884D06467E
:103C14001020DFF8C8B2DFF8C8A2DFF8C892DFF8D6
:103C2400C8822DED028B83B01C605C6008EE106AC4
:103C34009C60DC601C611C752DF098F92A467D4956
:103C4400112300940746FEF7A7FE7B4B10207B4E02
:103C54001F602DF08BF97A4B07467A4900930423B1
:103C6400794AFEF799FE794A102017602DF07EF903
:103C74000423774A774907460094FEF78DFE764879
:103C8400076010202DF072F902230746734A744925
:103C94000094FEF781FE102037602DF067F916239B
:103CA400704A009407467049FEF776FE6F4910206B
:103CB4000F602DF05BF96E4A12236E49074600949B
:103CC400FEF76AFE6C4B10201F602DF04FF9132392
:103CD4006A4A009407466A49FEF75EFE6949102065
:103CE4000F602DF043F90E23674A68490746009494
:103CF400FEF752FE6648076010202DF037F9654A3A
:103D040065490D2300940746FEF746FE634B1020D9
:103D14001F602DF02BF90E23614A00940746614978
:103D2400FEF73AFE604910200F602DF01FF90D23B5
:103D340007465E4A5E490094FEF72EFE1020CBF83B
:103D440000702DF013F9042307465A4A5A49009487
:103D5400FEF722FE1020CAF800702DF007F90423A4
:103D64000746564A56490094FEF716FE1020C9F835
:103D740000702DF0FBF806230746524A524900947E
:103D8400FEF70AFE1020C8F800702DF0EFF84F4936
:103D94000823009404464E4AFEF7FEFD2B4A2E48A3
:103DA4001368324AAB6603683948C5F8983013681B
:103DB400314AC5F8C8301368324AC5F8F830136878
:103DC400364AC5F8283103685820C5F80843C5F8B1
:103DD40058311368344AC5F888311368214AC5F844
:103DE400B831DBF80030C5F8E831DAF80030C5F84E
:103DF4001832D9F80030C5F8A832D8F80030C5F820
:103E0400D83233689366334B1C602DF0AFF80A4BFD
:103E140018EE101A04461A68FEF7C4FD2E4B1C60F7
:103E240003B0BDEC028BBDE8F08F00BF085A02203E
:103E340088780020802C0020386D0220DC69022064
:103E4400B93E0000902C002060C800201C690220AC
:103E540020C90020A02C00202069022030CB0020A3
:103E6400B02C002068740020C42C00207C68022040
:103E740060BC0020CC2C00200C690220C0BF0020B4
:103E8400D82C00201069022050C30020E42C00200C
:103E940014690220F0C50020F82C002018690220C3
:103EA40050B700200C2D002004690220F0B9002036
:103EB400202D002090B60020342D0020D0B5002005
:103EC400402D002090CB00204C2D0020582D0020A8
:103ED40048B40020E0E100202459022008690220AF
:103EE40000690220705A02200C6D022000000000BC
:103EF4002DE9F04F2DED108B9FEDC38B9FEDC49BEF
:103F04009FEDC5EB93B00225CB4AB0EE491BCB4BDA
:103F1400B0EE4E2BB0EE480B08A855601360C849AC
:103F2400C84BC94AFEF762FDC34B0DF1200EC74FC3
:103F34001A465D6303F1080CC54BB0EE480BC54C43
:103F44001363B1EE002BDFF8A8A3C34EDFF8A493EC
:103F5400DFF8A483DFF8A4B3BEE80F00ACE80F00D9
:103F6400BEE80F009FEDAE7BACE80F009FEDAE1BEB
:103F74009EE803003B46B94AB0EE41FB8CE80300DF
:103F840008A8B7498DED027BFEF730FDAA4B0DF171
:103F9400200EB0EE480B1A46C3F8445203F1380C15
:103FA400B04BB7EE002BC2F84032B0EE001BBEE8B7
:103FB4000F00ACE80F00BEE80F00ACE80F009EE86D
:103FC4000300A94BA94A8CE8030008A8A849FEF7F6
:103FD4000DFD994B0DF1200EB0EE491B1A46C3F8A6
:103FE400745203F5127CA34BB0EE480BC2F8703246
:103FF400B7EE002BBEE80F00ACE80F00BEE80F00E0
:10400400ACE80F009EE803003B469B4A8CE80300A3
:10401400974908A80631FEF7E9FC874A974B0DF14A
:10402400200C02F51E7E0022954918465A60B0EE17
:104034004E2B944AB0EE491B1963B0EE480B9A60BC
:104044005D63914B0360BCE80F00AEE80F00BCE871
:104054000F00AEE80F009CE803000DF1200C8B4B21
:104064008B4A8EE8030060468A49FEF7BFFC8A4B00
:104074008A480DF1200E0093804B1866032003F14B
:10408400380C5866BEE80F00ACE80F00BEE80F001D
:10409400ACE80F009EE80300814B14228CE8030077
:1040A40004A87E49FEF7ACFC7E48744B4FF0000C2C
:1040B40073490DF1100E734AB0EE4E2B01630146A5
:1040C400C3F894C0B0EE491BC0F804C003F1680CF7
:1040D4008260B0EE480B45631846734BC0F89030CD
:1040E400724BC0F89830724B0B609EE80F008CE85E
:1040F4000F000DF1200C654B6E4A60466E49FEF7C9
:1041040075FC654B67480DF1200E0093634B00F17D
:10411400380C036603234366BEE80F00ACE80F00C7
:10412400BEE80F00ACE80F009EE803005C4B1422CD
:104134008CE803000DF1100C58496046FEF760FC52
:10414400584800234FF0000E4E4A4FF0000CC0F8C0
:104154009430B7EE002B594BB0EE480BA2602360AD
:10416400B0EE421B564BC4F804C000F1680CC3F80F
:1041740034E06563C3E901E2524AC0F89020524A30
:10418400C0F8982004A8514A1A60514A1A63514A47
:104194009A63514B23630FC88CE80F0008A84F4B58
:1041A4004F4A5049FEF722FC0DF1200E04F1380C61
:1041B400BEE80F00ACE80F00BEE80F00ACE80F004B
:1041C4009EE803009FED1ABB8CE803000321012045
:1041D40009F02AFE444BB0EE491B0146B0EE480BF1
:1041E40008A8B7EE002BC4F89450C4F890303B46AE
:1041F4003E4AFEF7FBFB0DF1200E04F1980CBEE8DD
:104204000F00ACE80F007BE000000000000000009D
:104214000000000000C05F4000000000002060407B
:104224000000000000005040000000000000594061
:104234000000000000004A4088780020FC3F002075
:104244002CE20020C1410000F9B40000BD3F000091
:10425400142600206874002060BC0020E5410000A2
:10426400DD8E00201C2600205D410000515C000012
:104274008F89002028260020195D000060C80020D6
:1042840048260020B9ED000034260020D14100006A
:1042940021B50000685A0220A9EE0000085A022045
:1042A40085EE000020C9002058260020C9ED00003A
:1042B400602600206DB50000046D022094260020C5
:1042C40030CB00207426002025EE00007C26002040
:1042D4008C26002069EE00009C260020653F00002B
:1042E40059780000D88E0020A8260020F96200002A
:1042F400CD3F0000C0BF002050C3002050B70020B5
:10430400BEE80F00ACE80F009EE803009FEDE0ABB1
:104314008CE803000021012009F086FDE84BB0EE93
:10432400491B0146B0EE480B08A8B7EE002BC4F8B1
:10433400C450C4F8C030E34AE34BFEF757FB0DF119
:10434400200E04F1C80CBEE80F00ACE80F00BEE874
:104354000F00ACE80F009EE803009FEDCFDB8CE874
:1043640003000421012009F05FFDD84BB0EE491B86
:104374000146B0EE480B08A8BFEE002BC4F8F45079
:10438400C4F8F030D24AD34BFEF730FB0DF1200EC7
:1043940004F1F80CBEE80F00ACE80F00BEE80F0013
:1043A400ACE80F009EE803009FEDBDCB8CE8030052
:1043B4000121084609F038FDC74BB0EE491B014600
:1043C400B0EE480B08A8B7EE002BC4F82451C4F88B
:1043D40020313B46C14AFEF709FB0DF1200E04F5DE
:1043E400947CBEE80F00ACE80F00BEE80F00ACE818
:1043F4000F009EE803008CE803002946012009F021
:1044040013FDB74BB0EE491B0146B0EE480B08A8AC
:10441400B7EE002BC4F85451C4F850313B46B14AAE
:10442400FEF7E4FA0DF1200E04F5AC7CBEE80F00B3
:10443400ACE80F00BEE80F00ACE80F009EE80300F4
:104444008CE803000121284609F0EEFCA64BB0EEEF
:10445400491B0146B0EE480B08A8B7EE002BC4F880
:104464008451C4F880313B46A04AFEF7BFFA0DF1EF
:10447400200E04F5C47CBEE80F00ACE80F00BEE8D3
:104484000F00ACE80F009EE803008CE80300032152
:10449400284609F0C9FC964BB0EE480B0146B7EE2E
:1044A400002B08A8C4F8B451C4F8B031914A924B17
:1044B4009FED7D1BFEF79AFA0DF1200E04F5DC7CCE
:1044C400BEE80F00ACE80F00BEE80F00ACE80F0038
:1044D4009EE803008CE803002946284609F0A4FC62
:1044E400864BB0EE491B0146B0EE480B08A8B7EE68
:1044F400002BC4F8E451C4F8E0313B46804AFEF78F
:1045040075FA0DF1200E04F5F47CBEE80F00ACE85A
:104514000F00BEE80F00ACE80F009EE803008CE833
:1045240003000421284609F07FFC764BB7EE002BEC
:104534000146C4F8145208A8C4F810325346724A0B
:104544009FED5B1B9FED5C0BFEF750FA0DF1200E07
:1045540004F5067CBEE80F00ACE80F00BEE80F00CF
:10456400ACE80F009EE803008CE803000921032057
:1045740009F05AFC654BB0EE480B0146B7EE002B30
:1045840008A8B0EE001BC4F84452C4F84032604A94
:10459400604BFEF72BFA0DF1200E04F5127CBEE8F9
:1045A4000F00ACE80F00BEE80F00ACE80F009EE877
:1045B40003008CE803000821002009F035FC564B69
:1045C400B0EE491B0146B0EE480B08A8B7EE002B2D
:1045D400C4F87452C4F870323B46504AFEF706FAE7
:1045E4000DF1200E04F51E7CBEE80F00ACE80F00B0
:1045F400BEE80F00ACE80F009EE803008CE803005F
:104604000721002009F010FC454BB0EE491B014680
:10461400B0EE480B08A8B7EE002BC4F8A452C4F8B7
:10462400A032404A404BFEF7E1F90DF1200E04F5AB
:104634002A7CBEE80F00ACE80F00BEE80F00ACE82F
:104644000F009EE803008CE803000621002009F017
:10465400EBFB364BB0EE491B0146B0EE480B08A805
:10466400B7EE002BC4F8D452C4F8D0325346304AC3
:10467400FEF7BCF90DF1200E04F5367CBEE80F0000
:10468400ACE80F00BEE80F00ACE80F0052E000BF3A
:104694000000000000005F400000000000004240F5
:1046A40000000000000056400000000000004940E7
:1046B40000000000008052400000000000004B4059
:1046C400B426002091610000F13F0000C0260020C4
:1046D4007163000025400000CC2600201962000010
:1046E400D826002089620000E4260020E16300004F
:1046F400F0260020D964000009400000FC260020B8
:104704005D64000008270020516500001427002084
:10471400C55C0000CD3E00001C2700202161000084
:1047240028270020B96000003D4000003427002005
:10473400416000009EE803008CE803000021084665
:1047440009F072FBDA4BB0EE491BC4F80453B0EE27
:10475400480BC4F80033B7EE002B0146D54B08A82C
:10476400D54AFEF743F90DF1200E04F5427CBEE86C
:104774000F00ACE80F00BEE80F00ACE80F009EE8A5
:1047840003008CE803000121002009F04DFBCB4B12
:10479400B0EE491BC4F83453B0EE480BC4F83033C0
:1047A400B7EE002B0146534608A8C54AFEF71EF98A
:1047B4000DF1200E04F54E7CBEE80F00ACE80F00AE
:1047C400BEE80F00ACE80F009EE803008CE803008D
:1047D4002946002009F028FBBA4BB0EE491BC4F867
:1047E4006453B0EE480BC4F86033B7EE002B0146B7
:1047F400534608A8B44AFEF7F9F80DF1200E04F563
:104804005A7CBEE80F00ACE80F00BEE80F00ACE82D
:104814000F009EE803008CE803000321002009F048
:1048240003FBAA4AB0EE491BC4F89453B0EE480BFC
:10483400C4F89023B7EE002B01469E4B08A8A44A67
:10484400FEF7D4F80DF1200E04F5667CBEE80F00E7
:10485400ACE80F00BEE80F00ACE80F009EE80300D0
:104864008CE803000421002009F0DEFA994BB0EE35
:10487400491BC4F8C453B0EE480BC4F8C033B7EEB8
:10488400002B0146534608A8934AFEF7AFF80DF1F2
:10489400200E04F5727C04F57E74BEE80F00ACE8CB
:1048A4000F00BEE80F00ACE80F009EE803008CE8A0
:1048B40003000521002009F0B7FA884B44F8045C92
:1048C400B0EE491B44F8083CB0EE480B0146534691
:1048D40008A8B7EE002B824AFEF788F8814B002027
:1048E400814A33600DF1200C804BB7EE002BB2608F
:1048F400706033637563BCE80F000FC4BCE80F003D
:104904000FC49CE803005346794A84E803007949BC
:1049140008A806F138045F399FED5D1B9FED5E0B1F
:10492400FEF764F80DF1200C734BB0EE4B0B75667B
:10493400B7EE002B3366BCE80F000FC4BCE80F00D1
:104944000FC49CE8030053466C4A84E80300694999
:1049540008A806F168045E399FED511BFEF746F87E
:104964000DF1200C664BB7EE002BC6F89450B2EE56
:104974000C0BC6F89030BCE80F000FC4BCE80F0065
:104984000FC49CE8030053465E4A84E80300594977
:1049940008A806F198045D399FED431BFEF726F83D
:1049A4000DF1200C584BB0EE491BB0EE480BC6F885
:1049B400C450C6F8C030B7EE002BBCE80F000FC4DB
:1049C400BCE80F000FC49CE8030053464F4A84E838
:1049D400030008A84E49FEF709F80DF1200C4D4BD1
:1049E40006F1C804B0EE491BC6F8F450C6F8F0301E
:1049F400B0EE480BB7EE002BBCE80F000FC4BCE8C8
:104A04000F000FC49CE803003B46434A84E80300BC
:104A1400384908A806F1F8045A39FDF7E7FF0DF103
:104A2400200C3E4BB0EE491BB0EE480BC6F82451A7
:104A3400C6F82031B7EE002BBCE80F000FC4BCE869
:104A44000F000FC49CE803003B46354A84E803008A
:104A5400284908A806F594745939FDF7C7FF0DF1E4
:104A6400200C304BB0EE491BB0EE480BC6F8545145
:104A7400C6F85031B7EE002BBCE80F000FC4BCE8F9
:104A84000F000FC49CE803003B464DE0AFF30080E9
:104A940000000000008050400000000000004F4073
:104AA40000000000000052400000000000805C4054
:104AB4003C270020E13F0000595D0000482700200A
:104AC400C55D000054270020495E000060270020D7
:104AD400C15E00006C270020315F000078270020B1
:104AE400C95F000094260020B9ED0000842700204F
:104AF400C94300008F89002090270020F54300005F
:104B04009C27002021440000A827002059440000CD
:104B140033890020B42700209D440000C0270020D2
:104B2400ED440000CC270020D14A84E80300D14999
:104B340008A806F5AC745839FDF758FF0DF1200CA0
:104B4400CD4BB0EE491BB0EE480BC6F88451C6F805
:104B54008031B7EE002BBCE80F000FC4BCE80F0097
:104B64000FC49CE803003B46C44A84E80300C149DF
:104B740008A806F5C4745739FDF738FF0DF1200C69
:104B8400BF4BB0EE491BB0EE480BC6F8B451C6F8A3
:104B9400B031B7EE002BBCE80F000FC4BCE80F0027
:104BA4000FC49CE803003B46B64A84E80300B149BD
:104BB40008A806F5DC745639FDF718FF0DF1200C32
:104BC400B14BB0EE491BB0EE480BC6F8E451C6F841
:104BD400E031B7EE002BBCE80F000FC4BCE80F00B7
:104BE4000FC49CE803003B46A84A84E80300A1499B
:104BF40008A806F5F4745539FDF7F8FE0DF1200CFC
:104C0400A34BB0EE491BB0EE480BC6F81452C6F8DD
:104C14001032B7EE002BBCE80F000FC4BCE80F0045
:104C24000FC49CE803003B469A4A84E80300914978
:104C340008A806F506745339FDF7D8FE0DF1200CCB
:104C4400954BB0EE491BC6F84452B0EE480BC6F87B
:104C54004032B7EE002BBCE80F000FC4BCE80F00D5
:104C64000FC49CE8030053468C4A84E8030081493E
:104C740008A806F512745439FDF7B8FE0DF1200C9E
:104C8400874BB0EE491BC6F87452B0EE480BC6F819
:104C94007032B7EE002BBCE80F000FC4BCE80F0065
:104CA4000FC49CE803003B467E4A84E80300714934
:104CB40008A806F51E745139FDF798FE0DF1200C75
:104CC400794BB0EE491BC6F8A452B0EE480BC6F8B7
:104CD400A032B7EE002BBCE80F000FC4BCE80F00F5
:104CE4000FC49CE803005346704A84E803006149FA
:104CF40008A806F52A745239FDF778FE0DF1200C48
:104D04006B4BB0EE491BC6F8D452B0EE480BC6F854
:104D1400D032B7EE002BBCE80F000FC4BCE80F0084
:104D24000FC49CE803003B46624A84E8030008A8D9
:104D34006149FDF75BFE0DF1200C604B06F53674FE
:104D4400C6F80453B0EE491BC6F80033B0EE480B66
:104D5400B7EE002BBCE80F000FC4BCE80F000FC473
:104D64009CE803003B46564A84E80300554908A8DA
:104D740006F5427406F54E760C31FDF737FE0DF15B
:104D8400200C514BB0EE491B46F8045CB0EE480BC6
:104D940046F8083CB7EE002BBCE80F000FC4BCE893
:104DA4000F000FC49CE803003B46484A84E8030014
:104DB400444908A808AC0E31FDF718FE444B002006
:104DC400444AC9F80030B7EE002B434BC9F8082019
:104DD400C9F80400C9F83030C9F834500FCC0FC6F4
:104DE4000FCC0FC694E8030053463C4A09F138043B
:104DF40086E80300334908A808AE0F319FED161B5F
:104E04009FED170BFDF7F2FD354BB0EE4B0BC9F8D8
:104E14006450C9F86030B7EE002B0FCE0FC40FCE2C
:104E24000FC496E8030053462E4A08AE84E80300F4
:104E3400244908A809F1680410319FED0B1BFDF704
:104E4400D5FD294BB7EE002BC9F89450C9F8903022
:104E5400B2EE0C0B0FCE49E0000000000080504081
:104E64000000000000004F4000000000000052401D
:104E74003D4500008F890020D82700208D45000083
:104E8400E0270020CD450000EC2700201D4600004F
:104E9400F8270020B14600000428002061460000E5
:104EA40010280020B14700001C280020694700009A
:104EB40028280020194800004089002034280020B8
:104EC400DD470000338900204028002045480000C9
:104ED40094260020B9ED00004C28002095480000DD
:104EE40058280020C1480000642800200FC40FCEB9
:104EF4000FC496E803005346C14A08AE84E8030091
:104F0400C04908A809F1980411319FEDBB1BFDF7B6
:104F14006DFDBD4BB0EE491BC9F8C450C9F8C03093
:104F2400B0EE480BB7EE002B0FCE0FC40FCE0FC45C
:104F340096E803005346B54A08AE84E80300B14935
:104F440008A809F1C8041231FDF750FDB04BB0EECA
:104F5400491BC9F8F450C9F8F030B0EE480BB7EE6D
:104F6400002B0FCE0FC40FCE0FC496E803003B46B0
:104F7400A84A08AE84E80300A24908A809F1F80485
:104F84001431FDF733FDA44BB0EE491BC9F824518D
:104F9400C9F82031B0EE480BB7EE002B0FCE0FC48A
:104FA4000FCE0FC496E803003B469C4A08AE84E843
:104FB4000300944908A809F594741531FDF716FD0A
:104FC400974BB0EE491BC9F85451C9F85031B0EEB3
:104FD400480BB7EE002B0FCE0FC40FCE0FC496E8CC
:104FE40003003B468F4A08AE84E80300854908A8BD
:104FF40009F5AC741631FDF7F9FC8B4BB0EE491B87
:10500400C9F88451C9F88031B0EE480BB7EE002BD3
:105014000FCE0FC40FCE0FC496E803003B46834A5D
:1050240008AE84E80300774908A809F5C474173169
:10503400FDF7DCFC7E4BB0EE491BC9F8B451C9F84E
:10504400B031B0EE480BB7EE002B0FCE0FC40FCE2D
:105054000FC496E803003B46764A08AE84E8030092
:10506400684908A809F5DC741831FDF7BFFC724BD8
:10507400B0EE491BC9F8E451C9F8E031B0EE480B71
:10508400B7EE002B0FCE0FC40FCE0FC496E803006B
:105094003B466A4A08AE84E803005A4908A809F561
:1050A400F4741931FDF7A2FC654BB0EE491BC9F845
:1050B4001452C9F81032B0EE480BB7EE002B0FCEE5
:1050C4000FC40FCE0FC496E803003B465D4A08AEFA
:1050D40084E803004B4908A809F506741B31FDF761
:1050E40085FC594BB0EE491BC9F84452C9F840320B
:1050F400B0EE480BB7EE002B0FCE0FC40FCE0FC48B
:1051040096E803005346514A08AE84E803003D493B
:1051140008A809F512741A31FDF768FC4C4BB0EE7F
:10512400491BC9F87452C9F87032B0EE480BB7EE97
:10513400002B0FCE0FC40FCE0FC496E803003B46DE
:10514400444A08AE84E803002E4908A809F51E74F1
:105154001D31FDF74BFC404BB0EE491BC9F8A4527E
:10516400C9F8A032B0EE480BB7EE002B0FCE0FC437
:105174000FCE0FC496E803005346384A08AE84E8BD
:105184000300204908A809F52A741C31FDF72EFCF8
:10519400334BB0EE491BC9F8D452C9F8D032B0EE43
:1051A400480BB7EE002B0FCE0FC40FCE0FC496E8FA
:1051B40003003B462B4A08AE84E80300114908A8C3
:1051C40009F536741F31FDF711FC274BB0EE491B6E
:1051D400C9F80453C9F80033B0EE480BB7EE002BFE
:1051E4000FCE0FC40FCE0FC496E803003B461F4AF0
:1051F40008AE84E803003BE00000000000805C404F
:10520400ED48000033890020702800202549000063
:105214007C2800206949000088280020B949000042
:1052240094280020094A0000A0280020594A0000C0
:10523400A8280020A54A0000B4280020F54A000050
:10524400C0280020754B0000CC280020354B0000FE
:10525400D8280020714C0000E4280020294C0000CC
:10526400F0280020D94C0000FC2800209D4C0000B0
:10527400C54908A809F542741E31FDF7B7FBC34BB5
:10528400B0EE491BC9F83453C9F83033B0EE480BBB
:10529400B7EE002B0FCE0FC40FCE0FC496E8030059
:1052A4003B46BB4A08AE84E80300B74908A809F5A1
:1052B4004E742031FDF79AFBB64BB7EE002BC9F8BC
:1052C4006453C9F86033B0EE480B0FCE0FC40FCE51
:1052D4000FC496E80300B0EE421BAF4BAF4A84E81C
:1052E4000300A94908A809F55A745D31FDF77EFB4E
:1052F4000DF1200CAA4B00206646AA4AC8F80030DB
:10530400B7EE002BA84BB0EE001BC8F80820C8F875
:105314000400B0EE420BC8F83030C8F834500FCE59
:105324000FC40FCE0FC496E80300974E9A4B9F4AC2
:1053340084E80300604606F15A01FDF757FBC8F8FC
:1053440064509B4B08AD08F13804B0EE480BC8F824
:105354006030B7EE002BB1EE001B0FCD0FC40FCDA4
:105364000FC495E80300934B08AD934A84E8030007
:1053740006F1210108A8FDF739FB02218F4B08F142
:105384006804C8F89410B0EE4A1BC8F89030B0EE28
:105394004D0BB7EE002B0FCD0FC40FCD0FC495E806
:1053A4000300874B08AD874A84E8030006F1220115
:1053B40008A8FDF71BFB0221834B08F19804C8F8E9
:1053C400C410B0EE491BC8F8C030B7EE002BB1EEE4
:1053D400040B0FCD0FC40FCD0FC495E803007B4B16
:1053E40008AD7B4A84E8030006F1230108A8FDF711
:1053F400FDFA0221774B08F1C804C8F8F410B0EEA6
:105404004C1BC8F8F030B0EE4B0BB7EE002B0FCDB1
:105414000FC40FCD0FC495E8030053466E4A08AD80
:1054240084E8030006F1240108A8FDF7DFFA02214D
:105434006A4B08F1F804C8F82411B0EE491BC8F807
:105444002031B0EE480BB7EE002B0FCD0FC40FCDBB
:105454000FC495E803003B46614A08AD84E80300A5
:1054640006F1250108A8FDF7C1FA02215D4B08F5F4
:105474009474C8F85411B0EE491BC8F85031B0EE1A
:10548400480BB7EE002B0FCD0FC40FCD0FC495E81A
:1054940003005346544A08AD84E8030006F12C0186
:1054A40008A8FDF7A3FA0221504B08F5AC74C8F81C
:1054B4008411B0EE491BC8F88031B0EE480BB7EE4A
:1054C400002B0FCD0FC40FCD0FC495E803003B464E
:1054D400474A08AD84E8030006F1260108A8FDF751
:1054E40085FA0221434B08F5C474C8F8B411B0EE30
:1054F400491BC8F8B031B0EE480BB7EE002B0FCD06
:105504000FC40FCD0FC495E803003B463A4A08ADDB
:1055140084E8030006F1270108A8FDF767FA0221D1
:10552400364B08F5DC74C8F8E411B0EE491BC8F832
:10553400E031B0EE480BB7EE002B0FCD0FC40FCD0A
:105544000FC495E8030053462D4A08AD84E80300D0
:1055540006F1280108A8FDF749FA0221294B08F5AC
:10556400F474C8F81412B0EE491BC8F81032B0EE47
:10557400480BB7EE002B0FCD0FC40FCD0FC495E829
:1055840003003B4640E000BF338900200829002087
:10559400054D000014290020393F0000795C00000B
:1055A40094260020B9ED000020290020F95B0000BA
:1055B4002C29002065400000554D000038290020AA
:1055C400F9400000814D0000442900203D400000C6
:1055D400F94D000050290020214E00005C290020D4
:1055E4004D4E00006829002051500000742900200D
:1055F400794E000080290020CD4E00008C29002027
:10560400F94E000098290020C04A08AD84E8030040
:1056140006F1290108A8FDF7E9F90221BC4B08F5B8
:105624000674C8F84412B0EE491BC8F84032B0EE14
:10563400480BB7EE002B0FCD0FC40FCD0FC495E868
:1056440003003B46B34A08AD84E8030006F12B018E
:1056540008A8FDF7CBF90221AF4B08F51274C8F87E
:105664007412B0EE491BC8F87032B0EE480BB7EEB6
:10567400002B0FCD0FC40FCD0FC495E80300534684
:10568400A64A002584E8030006F12A0108A8FDF7CC
:10569400ADF9A34BA34808F51E745D600225A24A28
:1056A4001E461860B0EE480B9A60B7EE002B5D639F
:1056B40008AD9E4BB1EE001B33630FCD0FC40FCD6D
:1056C4000FC495E803009A4B08AD9A4A84E8030096
:1056D40008AC994920462031FDF788F90224974BFC
:1056E400B0EE4A1B746606F138043366B0EE4D0B17
:1056F400B7EE002B0FCD0FC40FCD0FC495E80300F8
:105704008F4B08AD8F4A84E8030008AC8A492046D1
:105714002131FDF76BF902248B4BB0EE491BC6F81F
:10572400944006F16804C6F89030B7EE002BB1EE51
:10573400040B0FCD0FC40FCD0FC495E80300834BAA
:1057440008AD834A84E8030008AC7B492046223133
:10575400FDF74CF902247F4BB0EE4C1BC6F8C44055
:1057640006F19804C6F8C030B0EE4B0BB7EE002B30
:105774000FCD0FC40FCD0FC495E803005346764AEE
:1057840008AD84E8030008AC6B4920462331FDF7DB
:105794002DF90224714BB0EE491BC6F8F44006F112
:1057A400C804C6F8F030B0EE480BB7EE002B0FCDAE
:1057B4000FC40FCD0FC495E803003B46684A08ADFB
:1057C40084E8030008AC5C4920462431FDF70EF957
:1057D4000224644BB0EE491BC6F8244106F1F804D8
:1057E400C6F82031B0EE480BB7EE002B0FCD0FC436
:1057F4000FCD0FC495E8030053465B4A08AD84E817
:10580400030008AC4C4920462B31FDF7EFF8022485
:10581400564BB0EE491BC6F8544106F59474C6F8CD
:105824005031B0EE480BB7EE002B0FCD0FC40FCDA7
:105834000FC495E803003B464D4A08AD84E80300D5
:1058440008AC3D4920462531FDF7D0F80224494BE8
:10585400B0EE491BC6F8844106F5AC74C6F8803135
:10586400B0EE480BB7EE002B0FCD0FC40FCD0FC415
:1058740095E803003B46404A08AD84E8030008ACC1
:105884002D4920462631FDF7B1F802243B4BB0EEFA
:10589400491BC6F8B44106F5C474C6F8B031B0EE7D
:1058A400480BB7EE002B0FCD0FC40FCD0FC495E8F6
:1058B40003005346324A08AD84E8030008AC1E498D
:1058C40020462731FDF792F802242E4BB0EE491BF7
:1058D400C6F8E44106F5DC74C6F8E031B0EE480BD6
:1058E400B7EE002B0FCD0FC40FCD0FC495E8030006
:1058F4003B46254A08AD84E8030008AC0E4920461F
:105904002831FDF773F8022440E000BF314F000056
:10591400A4290020954F0000B02900205D4F00000D
:10592400F0C5002094260020B9ED0000BC29002019
:10593400654000008D50000040890020C8290020E7
:10594400F9400000B9500000D42900203D40000077
:105954002D510000E029002055510000EC290020C1
:1059640081510000F829002085530000042A0020FA
:10597400AD510000102A0020015200001C2A002012
:105984002D520000282A002065520000C94BB0EEB9
:10599400491BC6F8144206F5F474C6F81032B0EE8A
:1059A400480BB7EE002B0FCD0FC40FCD0FC495E8F5
:1059B40003003B46C04A08AD84E8030008ACBF4975
:1059C40020462A31FDF712F80224BD4BB0EE491BE4
:1059D400C6F8444206F50674C6F84032B0EE480BE9
:1059E400B7EE002B0FCD0FC40FCD0FC495E8030005
:1059F4005346B44A84E8030008ACB0492046293130
:105A0400FCF7F4FF0023B04806F51274CBF8043019
:105A14000223AE4AB7EE002BCBF8343008ABCBF8F8
:105A24000820B0EE001B1D46A94BCBF80000B0EED9
:105A3400420BCBF83030A74E0FCD0FC40FCD0FC49F
:105A440095E80300A44BA54A84E8030008ACA449E4
:105A540020462546FCF7CAFF02230BF13804B0EEBA
:105A6400480BCBF86430B7EE002B9E4BB1EE001B15
:105A7400CBF860300FCD0FC40FCD0FC495E80300F1
:105A8400994B9A4A84E8030008AC06F117012046B2
:105A94002546FCF7ABFF02230BF16804B0EE4A1B6A
:105AA400CBF89430B0EE4D0B914BB7EE002BCBF806
:105AB40090300FCD0FC40FCD0FC495E803008D4B6C
:105AC4008D4A84E8030008AC06F1180120462546F7
:105AD400FCF78CFF02230BF19804B0EE491BCBF8C2
:105AE400C430B7EE002B854BB1EE040BCBF8C030BD
:105AF4000FCD0FC40FCD0FC495E80300804B814A2E
:105B040084E8030008AC06F1190120462546FCF799
:105B14006DFF02230BF1C804B0EE4C1BCBF8F4303C
:105B2400B0EE4B0B784BB7EE002BCBF8F0300FCD2B
:105B34000FC40FCD0FC495E803005346734A84E89D
:105B4400030008AC06F11A0120462546FCF74EFF77
:105B540002230BF1F804B0EE491BCBF82431B0EE6C
:105B6400480B6B4BB7EE002BCBF820310FCD0FC495
:105B74000FCD0FC495E803003B46664A84E8030052
:105B840008AC06F11B0120462546FCF72FFF022333
:105B94000BF59474B0EE491BCBF85431B0EE480BBE
:105BA4005D4BB7EE002BCBF850310FCD0FC40FCDAA
:105BB4000FC495E803005346584A84E8030008AC30
:105BC40006F1220120462546FCF710FF02230BF5BF
:105BD400AC74B0EE491BCBF88431B0EE480B504B9B
:105BE400B7EE002BCBF880310FCD0FC40FCD0FC40F
:105BF40095E803003B464B4A84E8030008AC06F1F1
:105C04001C0120462546FCF7F1FE02230BF5C47463
:105C1400B0EE491BCBF8B431B0EE480B424BB7EEB3
:105C2400002BCBF8B0310FCD0FC40FCD0FC495E8C6
:105C340003003B463D4A84E8030008AC06F11D011D
:105C440020462546FCF7D2FE02230BF5DC74B0EEA9
:105C5400491BCBF8E431B0EE480B354BB7EE002BC3
:105C6400CBF8E0310FCD0FC40FCD0FC495E803007E
:105C74005346304A84E8030008AC06F11E0120466E
:105C84002546FCF7B3FE02230BF5F474B0EE491B72
:105C9400CBF81432B0EE480B274BB7EE002BCBF801
:105CA40010320FCD0FC40FCD0FC495E803003B464F
:105CB40044E000BF342A0020C9520000408900207B
:105CC400402A00209152000094260020B9ED0000E3
:105CD4004C2A002055890020393F0000255C000033
:105CE4008E890020582A002065400000C15300001E
:105CF400642A0020F9400000E9530000702A0020C3
:105D04003D4000005D5400007C2A002085540000C2
:105D1400882A0020B1540000942A0020E55600008F
:105D2400A02A0020DD540000AC2A00203D550000CC
:105D3400B82A002069550000C42A0020C14A84E81A
:105D4400030008AC06F11F0120462546FCF74EFE71
:105D540002230BF50674B0EE491BCBF84432B0EEC7
:105D6400480BB94BB7EE002BCBF840320FCD0FC424
:105D74000FCD0FC495E803003B46B44A84E8030002
:105D840008AC06F1210120462546FCF72FFE02232C
:105D94000BF51274B0EE491BCBF87432B0EE480B1D
:105DA400AB4BB7EE002BCBF870320FCD0FC40FCD39
:105DB4000FC495E803005346A64AA74D84E80300A0
:105DC40008AC06F1200120460BF51E74FCF70EFE0C
:105DD400A24B0021A2481A461D609860B0EE480B01
:105DE400596002231646B7EE002B536308ABB1EE9D
:105DF400001B1D469B4B13630FCD0FC40FCD0FC467
:105E040095E80300984B994A84E8030008AC984944
:105E1400204602241639FCF7E9FD746608AC954B5C
:105E2400B0EE4D0B2546336606F13804B0EE4A1B3E
:105E3400B7EE002B0FCD0FC40FCD0FC495E80300B0
:105E44008D4B8E4A84E8030008AC8949204602241D
:105E54001539FCF7CBFDC6F8944008AC884BB0EE7E
:105E6400491B2546C6F8903006F16804B7EE002BAE
:105E7400B1EE040B0FCD0FC40FCD0FC495E8030092
:105E8400804B814A84E8030008AC79492046022407
:105E94001439FCF7ABFDC6F8C44008AC7B4BB0EE3C
:105EA4004C1B2546C6F8C03006F19804B0EE4B0BE7
:105EB400B7EE002B0FCD0FC40FCD0FC495E8030030
:105EC4005346734A84E8030008AC69492046022417
:105ED4001339FCF78BFDC6F8F44008AC6D4BB0EEFB
:105EE400491B2546C6F8F03006F1C804B0EE480B4D
:105EF400B7EE002B0FCD0FC40FCD0FC495E80300F0
:105F04003B46654A84E8030008AC5949204602240C
:105F14001239FCF76BFDC6F8244108AC5F4BB0EEB8
:105F2400491B2546C6F8203106F1F804B0EE480BAB
:105F3400B7EE002B0FCD0FC40FCD0FC495E80300AF
:105F44005346574A84E8030008AC494920460224D2
:105F54000B39FCF74BFDC6F8544108AC514BB0EE7D
:105F6400491B2546C6F8503106F59474B0EE480B2B
:105F7400B7EE002B0FCD0FC40FCD0FC495E803006F
:105F84003B46494A84E8030008AC394920460224C8
:105F94001139FCF72BFDC6F8844108AC434BB0EE35
:105FA400491B2546C6F8803106F5AC74B0EE480BA3
:105FB400B7EE002B0FCD0FC40FCD0FC495E803002F
:105FC4003B463B4A84E8030008AC294920460224A6
:105FD4001039FCF70BFDC6F8B44108AC354BB0EEF4
:105FE400491B2546C6F8B03106F5C474B0EE480B1B
:105FF400B7EE002B0FCD0FC40FCD0FC495E80300EF
:1060040053462D4A84E8030008AC1949204602246B
:106014000F39FCF7EBFCC6F8E44108AC274BB0EEB3
:10602400491B2546C6F8E03106F5DC74B0EE480B92
:10603400B7EE002B0FCD0FC40FCD0FC495E80300AE
:106044003B463DE0B1550000D02A0020295600000F
:10605400DC2A0020E155000094260020F0B900203D
:10606400B9ED0000E82A0020654000002157000037
:106074008E890020F42A0020F940000049570000CE
:10608400002B00203D400000D55700000C2B0020C1
:10609400FD570000182B002029580000242B002055
:1060A4002D5A0000302B0020555800003C2B0020B6
:1060B400A9580000482B0020D5580000542B00207C
:1060C400BD4A84E8030008ACBC49204602240E39CA
:1060D400FCF78CFCC6F8144208ACB94BB0EE491B73
:1060E4002546C6F8103206F5F474B0EE480BB7EE48
:1060F400002B0FCD0FC40FCD0FC495E803003B4612
:10610400B04A84E8030008ACAC49204602240C39A8
:10611400FCF76CFCC6F8444208ACAB4BB0EE491B30
:106124002546C6F8403206F50674B0EE480BB7EEC5
:10613400002B0FCD0FC40FCD0FC495E803005346B9
:10614400A24AA34D84E8030008AC9C4920460D39BB
:10615400FCF74CFC9F4B00229F481D6006F512740F
:106164009860B0EE491B5A601A460223934EB0EE73
:10617400480B536308ABB7EE002B1D46974B1363D4
:106184000FCD0FC40FCD0FC495E803003B46944ACE
:1061940084E8030008ACF11F20462546FCF726FCE2
:1061A4008C4B0221B0EE491B03F13804B0EE480BCE
:1061B400596619468B4BB7EE002B0B660FCD0FC4F7
:1061C4000FCD0FC495E803005346874A84E80300C3
:1061D40008ACB11F20462546FCF708FC7D4B022184
:1061E400B0EE491B03F16804B0EE480BC3F89410F9
:1061F40019467E4BB7EE002BC1F890300FCD0FC47B
:106204000FCD0FC495E803003B46794A704D84E8EE
:10621400030008AC711F2046FCF7E8FB6D49754B81
:10622400B7EE002B01F198046B4800211A469860E0
:10623400B0EE480B1D60B0EE421B5960022353635D
:1062440008AB1D466C4B13630FCD0FC40FCD0FC4A9
:1062540095E80300694B6A4A84E8030008ACF11C22
:1062640020462546FCF7C2FB624B0222B0EE480BE7
:1062740003F13804B7EE002B5A661A46614BB2EEAE
:10628400081B13660FCD0FC40FCD0FC495E8030090
:106294003B465D4A84E8030008AC311F204625468E
:1062A400FCF7A4FB534B0222B7EE002B03F1680466
:1062B400B0EE480BC3F894201A46544BB0EE421B80
:1062C400C2F890300FCD0FC40FCD0FC495E8030072
:1062D4004F4B504A3E4D84E8030008ACF11E204663
:1062E400FCF784FB434A4C4BB0EE4F1B02F198047D
:1062F400394800221D609860B0EE480B5A601A4677
:106304000223B7EE002B1646536308AB1D46434BDE
:1063140013630FCD0FC40FCD0FC495E803003B46A4
:106324003F4A84E8030008AC3E4920462546FCF772
:106334005DFB02223C4B06F138047266B7EE002B7B
:1063440033660FCD0FC40FCD0FC495E80300534639
:10635400364A84E8030008AC35492046254606F150
:1063640068049FED111B9FED120BFCF73FFB02220B
:10637400304BB0EE4B0BC6F89420B7EE002BC6F8AA
:1063840090300FCD0FC40FCD0FC495E803005346D2
:10639400294A84E8030008AC28492046254606F12A
:1063A40098044DE0AFF300800000000000805040EE
:1063B4000000000000004F400D5900008E890020AD
:1063C400602B0020715900006C2B0020395900000B
:1063D4009426002090B60020B9ED0000782B002010
:1063E400695A0000842B0020315B0000902B0020B0
:1063F4006D5B0000D0B500209C2B0020913F000075
:10640400A95C0000A82B0020BD5B0000B42B002079
:10641400393F0000DD5B000090CB0020C02B002042
:106424001542000031890220C82B0020454200009B
:10643400CE8E0020D02B002075420000CF8E00208D
:106444009FED8F1BFCF7D2FA0222974BB7EE002B7D
:10645400C6F8C420B2EE0C0BC6F8C0300FCD0FC482
:106464000FCD0FC495E803005346904A84E8030017
:1064740008AC8F492046254606F1C8049FED821BCF
:10648400FCF7B4FA02228B4BB7EE002BC6F8F420CB
:10649400B2EE061BC6F8F030B0EE420B864E0FCDBE
:1064A4000FC40FCD0FC495E803003B46834A844DC7
:1064B40084E8030008AC83492046FCF797FA0223DA
:1064C40035600021736308AD7F48B0EE4A1B7F4AF4
:1064D400B0EE480B7E4BB7EE002BB06002F1F8042F
:1064E400716033630FCD0FC40FCD0FC495E8030063
:1064F400784B08AD784A84E8030008A87749FCF78C
:1065040075FA022306F13804B0EE491B7366B7EE40
:10651400002B734BB1EE040B33660FCD0FC40FCDBC
:106524000FC495E803006F4B08AD6F4A84E803007D
:1065340008A86E49FCF75AFA022306F16804B0EE83
:106544004A1BC6F89430B0EE480B694BB7EE002BEB
:10655400C6F890300FCD0FC40FCD0FC495E80300DB
:106564005C4B08AD634A84E8030008A86249FCF761
:106574003DFA022306F19804B0EE491BC6F8C43074
:10658400B7EE002B5D4BB1EE040BC6F8C0300FCD57
:106594000FC40FCD0FC495E80300524B08AD584A01
:1065A40084E8030008A85749FCF720FA022306F1FF
:1065B400C804B7EE002BC6F8F430534BC6F8F030DD
:1065C4000FCD0FC40FCD9DED027B0FC495E80300E2
:1065D400B0EE470B53464D4A08AD84E803009FEDE7
:1065E4002C1B08A84A49FCF701FA022306F1F80417
:1065F400B7EE002BC6F82431464BC6F820310FCD38
:106604000FC40FCD9DED027B0FC495E80300B0EEDF
:10661400471B53463D4A08AD84E803009FED1E0B1B
:1066240008A83D49FCF7E2F9022306F59474B0EE9C
:106634004F1BC6F85431B7EE002B384BC6F8503117
:106644000FCD0FC40FCD0FC495E803003B46344A69
:1066540006F5AC7584E8030008AC08A831499FED41
:10666400100BFCF7C3F90FCC0FC50FCC0FC594E882
:10667400030085E8030013B0BDEC108BBDE8F08F78
:1066840000000000000053400000000000805C4057
:1066940000000000000052400000000000004C40D8
:1066A4000000000000004E40D82B00209D42000056
:1066B400C98E0020E02B002048B40020D142000005
:1066C40094260020D58E0020B9ED000090CB002048
:1066D400EC2B0020F940000005430000DB8E002075
:1066E400F82B00203D40000009430000DC8E002010
:1066F400002C00202D430000D98E00200C2C0020FB
:1067040031430000DA8E0020142C00205543000091
:10671400D38E0020202C0020D48E00202C2C00208E
:10672400BD570000CD8E0020024A034B12681A6048
:10673400704700BF2CE20020685A022051B3034680
:1067440010B40A78012A0DD0022A1BD092B1124A41
:1067540003CA148892781C81186059609A725DF893
:10676400044B70470D4C07CC186059609A605DF873
:10677400044B70470A4C07CC186059609A605DF866
:10678400044B7047074C07CC186059609A605DF859
:10679400044B7047704700BF383C0020203C002069
:1067A400143C00202C3C0020034669B10A78D2072F
:1067B40054BF064A064A03CAB2F800C09278A3F846
:1067C40008C0186059609A72704700BFA03B00204F
:1067D400AC3B0020034659B10A7852B1064A03CAB9
:1067E400B2F800C09278A3F808C0186059609A7291
:1067F4007047024AF3E700BFE03C0020D43C00208D
:10680400034659B10A7852B1064A03CAB2F800C025
:106814009278A3F808C0186059609A727047024AC7
:10682400F3E700BFBC3C0020B03C002019B10A785B
:1068340001492FF059B970471430002029B10A7862
:106844000249403A52B22FF04FB970477C3B0020C6
:1068540019B10A7801492FF047B97047943B0020D9
:1068640031B10A78034902EB820252002FF03CB99D
:10687400704700BF083C002041B10A78044902EB8C
:10688400820202EB820292002FF02EB9704700BF01
:10689400083C002031B10A780349C2F17F02D2B228
:1068A4002FF022B9704700BF1430002079B10B7863
:1068B400F2EE046A064907EE903AF8EE677A87EE3C
:1068C400A67AB7EEC77A53EC172B2FF00DB97047A1
:1068D400C83C0020002931D0034610B40A78042AA9
:1068E4002DD8DFE802F00B131B230300174C07CC51
:1068F400186059609A605DF8044B7047144C07CCDB
:10690400186059609A605DF8044B7047114C07CCCD
:10691400186059609A605DF8044B70470E4C07CCC0
:10692400186059609A605DF8044B70470B4C07CCB3
:10693400186059609A605DF8044B70477047084CC2
:1069440007CC186059609A60D5E700BF983C0020D6
:10695400683C0020743C0020803C00208C3C0020DB
:10696400A43C00200000000011B3B2EE081BB0EEFE
:10697400000B10B50B78044607EE103A9FED0E6B32
:10698400B8EE477B37EE467B87EE011B2CF044FEC6
:1069940020460D499FED0A7BBDE8104020EE070B11
:1069A400B7EEC00BB7EEC07A53EC172B2FF09CB8A0
:1069B400704700BFAFF3008000000000004051406A
:1069C4000000000000807B40EC3C002039B303460B
:1069D40010B40A78012A0AD0022A18D07AB1104CCD
:1069E40007CC186059609A605DF8044B70470D4CF1
:1069F40007CC186059609A605DF8044B70470A4CE4
:106A040007CC186059609A605DF8044B7047074CD6
:106A140007CC186059609A605DF8044B7047704762
:106A24005C3C0020443C0020143C0020503C0020EE
:106A340011B102492FF0FABB704700BF1089002042
:106A440021B10A78024901322FF04EB8704700BFD5
:106A54008C3B0020084ADFED096A1278084B07EEE8
:106A6400102AB8EE477AC7EE267A67EEA77A77EE51
:106A7400A77AC3ED007A7047DD8E00200000C8427B
:106A8400C48E0020084ADFED096A1278084B07EE2D
:106A9400102AB8EE477AC7EE267A67EEA77A77EE21
:106AA400A77AC3ED007A7047318902200000C842FA
:106AB40030550220084AB2EE087ADFED086A1278EF
:106AC400074B07EE902AF8EE677A77EEE67A67EEE0
:106AD400877AC3ED007A7047CE8E00200000804292
:106AE4004CCF0020064A9FED077A1278064B07EE3A
:106AF400902AF8EE677A77EEC77AC3ED007A70478A
:106B0400CF8E002000008042A0D40020084A9FEDD0
:106B1400097A1278DFED086A07EE902A074BF8EE3F
:106B2400677A77EEC77A87EEA67A83ED007A7047A4
:106B3400C98E0020000080420000C8422CCD0020F5
:106B44000A4A0B491378062B02D013700B70704756
:106B54000878052805D0072808BF052313700B7093
:106B64007047072313700B70704700BFD58E002049
:106B7400D68E0020704700BF064AF2EE046A064B28
:106B8400127807EE902AF8EE677A87EEA67A83EDFC
:106B9400007A7047DC8E0020987C0020704700BF8C
:106BA400064AF2EE046A064B127807EE902AF8EED3
:106BB400677A87EEA67A83ED007A7047DA8E002032
:106BC4009C7C0020174B1848184A194930B51C788A
:106BD400382390F800C0A4F13805ACF1380E02EB6C
:106BE400850502EB8E0E07E00133DEF80000043267
:106BF400492B41F8040B10D09C4503F1FF30F3DC22
:106C0400844203F1010302F10402CCBF52F8040CE4
:106C14002868492B41F8040BEED1064B01221A7067
:106C240030BD00BFD38E0020D48E0020DC8700202E
:106C34009887002044890220074A9FED087A92F839
:106C44002020074B07EE902AF8EE677A77EEC77A92
:106C5400C3ED007A704700BF108900200000804215
:106C640044CF0020074A9FED087A92F82120074B71
:106C740007EE902AF8EE677A77EEC77AC3ED007ACA
:106C8400704700BF108900200000804268D40020B3
:106C9400094A9FED0A7A92F82220DFED096A07EE8D
:106CA400902A084BF8EE677A77EEC77A87EEA67AD1
:106CB40083ED007A704700BF1089002000008042F5
:106CC4000000C84224CD00200B4B9FED0C6A93F8C2
:106CD4002330DFED0B6A07EE903A0A4A0A4BF8EECE
:106CE400677A92ED007A77EEC67A67EEA67A67EE57
:106CF400877AC3ED007A7047108900200000804233
:106D04000000803CC07B0020B0CC00200D490E4A1E
:106D140008B591F825100D4B00EE101AD2ED007A4B
:106D2400D3ED000AB8EE400A20EE270A0AF034FE3A
:106D3400074B08491B78084A83F0010381ED000AD8
:106D4400137008BD10890020287C00207C8C002052
:106D54003689022064D40020468902200D490E4A57
:106D640008B591F826100D4B00EE101AD2ED007AFA
:106D7400D3ED000AB8EE400A20EE270A0AF00CFE12
:106D8400074B08491B78084A83F0010381ED000A88
:106D9400137008BD10890020287C00207C8C002002
:106DA40036890220D87D0020468902200D490E4AEA
:106DB40008B591F827100D4B00EE101AD2ED007AA9
:106DC400D3ED000AB8EE400A20EE270A0AF0E4FDEB
:106DD400074B08491B78084A83F0010381ED000A38
:106DE400137008BD10890020287C00207C8C0020B2
:106DF4003689022050CF0020468902200A480B49D8
:106E040090F828000A4B07EE900A91ED007A1B785F
:106E1400F8EE677A074A084983F0010367EE877A38
:106E24000B70C2ED007A704710890020287C002086
:106E34003689022060CF0020468902200D480E4981
:106E440090F82900D1ED006A07EE900A0B4A0C4B2A
:106E5400F8EE677A92ED007A1B780A4A67EEA67A12
:106E6400094983F0010367EE877A0B70C2ED007A5B
:106E7400704700BF10890020287C0020B08C0020BF
:106E84003689022070CF0020468902200A480B4927
:106E940090F82A000A4B07EE900A91ED007A1B78CD
:106EA400F8EE677A074A084983F0010367EE877AA8
:106EB4000B70C2ED007A704710890020287C0020F6
:106EC4003689022068CF0020468902200000000095
:106ED400114BB6EE005B93F82B3007EE103A0F4BD4
:106EE4009FED094BB8EE477B9FED096B37EE447B72
:106EF40027EE057B27EE067BB7EEC77B83ED007A92
:106F0400704700BFAFF30080000000000000504055
:106F1400000000000000903F1089002078D4002079
:106F2400224A08B52DED028B92F82C20204B07EE57
:106F3400902A93ED007AF8EE677A67EE877AF5EE99
:106F4400C07AF1EE10FA2BD99FED1A7AF4EEC77AD3
:106F5400F1EE10FA1FD49FED187AB1EE008A9FED7E
:106F6400170AF4EEC77ADFED166A9FED167AF1EE92
:106F740010FA58BFB0EE660A58BFB0EE478A27EE43
:106F8400800A2CF059FE20EE080A0F4BBDEC028B50
:106F940083ED000A08BDB0EE0A0A9FED0C8AEEE705
:106FA400B3EE0E8A9FED0A0AE9E700BF10890020BC
:106FB400287C00203333333F6666663FF628CC4096
:106FC40033333341CCCC4C3D90D4002000000C42F0
:106FD40000000000000000000F4A104B92F82D2022
:106FE40007EE102A9FED085BB8EE477B9FED086B18
:106FF40037EE457B27EE067BB7EEC77B83ED007A41
:10700400704700BFAFF30080000000000000504054
:10701400000000000000903F10890020C0CC002038
:107024000749084A91F82E1092ED007A07EE901A5B
:10703400054BF8EE677A67EE877AC3ED007A7047FE
:1070440010890020287C0020B8CC00200B4A08B509
:1070540092F82F200A4B00EE102AD3ED007AB8EEF6
:10706400400A20EE270A0AF039FC064B83ED000A99
:10707400C3ED010A83ED021A08BD00BF1089002088
:10708400287C0020F87B00200749084A91F830103A
:1070940092ED007A07EE901A054BF8EE677A67EEE8
:1070A400877AC3ED007A704710890020287C00207D
:1070B400D8CC00200D490E4A08B591F831100D4B7B
:1070C40000EE101AD2ED007AD3ED000AB8EE400AB1
:1070D40020EE270A0AF060FC074B08491B78084A8F
:1070E40083F0010381ED000A137008BD10890020AC
:1070F400287C0020788C002036890220E0CD0020F6
:1071040046890220074A9FED087A92F83220074BFD
:1071140007EE902AF8EE677A77EEC77AC3ED007A25
:10712400704700BF108900200000804248CF002033
:10713400074A9FED087A92F83320074B07EE902A0E
:10714400F8EE677A77EEC77AC3ED007A704700BF2E
:1071540010890020000080426CD40020094A9FED71
:107164000A7A92F83420DFED096A07EE902A084B78
:10717400F8EE677A77EEC77A87EEA67A83ED007A1F
:10718400704700BF10890020000080420000C84200
:1071940028CD00200B4B9FED0C6A93F83530DFEDC2
:1071A4000B6A07EE903A0A4A0A4BF8EE677A92EDB8
:1071B400007A77EEC67A67EEA67A67EE877AC3ED31
:1071C400007A704710890020000080420000803C53
:1071D400C07B0020B4CC00200D490E4A08B591F8BC
:1071E40037100D4B00EE101AD2ED007AD3ED000AE1
:1071F400B8EE400A20EE270A0AF0CEFB074B0849F6
:107204001B78084A83F0010381ED000A137008BD5E
:1072140010890020287C00207C8C002036890220E4
:10722400007D0020468902200D490E4A08B591F8D8
:1072340038100D4B00EE101AD2ED007AD3ED000A8F
:10724400B8EE400A20EE270A0AF0A6FB074B0849CD
:107254001B78084A83F0010381ED000A137008BD0E
:1072640010890020287C00207C8C00203689022094
:10727400A4D40020468902200D490E4A08B591F88D
:1072840039100D4B00EE101AD2ED007AD3ED000A3E
:10729400B8EE400A20EE270A0AF07EFB074B0849A5
:1072A4001B78084A83F0010381ED000A137008BDBE
:1072B40010890020287C00207C8C00203689022044
:1072C40054CF0020468902200C480D4990F83A001A
:1072D4000C4A07EE100AD1ED006AD2ED007AB8EE3E
:1072E400477A094B094A1B78E7EE267A084983F066
:1072F40001030B70C2ED007A704700BF10890020B3
:10730400287C00205CCF00203689022064CF002036
:10731400468902200D480E4990F83B00D1ED006AE1
:1073240007EE900A0B4A0C4BF8EE677A92ED007A5E
:107334001B780A4A67EEA67A094983F0010367EECF
:10734400877A0B70C2ED007A704700BF1089002065
:10735400287C0020B08C00203689022074CF0020C5
:10736400468902200A480B4990F83C000A4B07EE74
:10737400900A91ED007A1B78F8EE677A074A08497B
:1073840083F0010367EE877A0B70C2ED007A7047D1
:1073940010890020287C0020368902206CCF002030
:1073A400468902200B4BF6EE006A9FED0B6A93F8B8
:1073B4003D309FED0A7A07EE903A094BF8EE677A72
:1073C40077EEC67A67EEA67A67EE877AC3ED007A1F
:1073D400704700BF10890020000080420000803CFC
:1073E4007CD40020224A08B52DED028B92F83E2071
:1073F400204B07EE902A93ED007AF8EE677A67EE59
:10740400877AF5EEC07AF1EE10FA2BD99FED1A7A4D
:10741400F4EEC77AF1EE10FA1FD49FED187AB1EEAC
:10742400008A9FED170AF4EEC77ADFED166A9FED26
:10743400167AF1EE10FA58BFB0EE660A58BFB0EEF5
:10744400478A27EE800A2CF0F7FB20EE080A0F4B40
:10745400BDEC028B83ED000A08BDB0EE0A0A9FED75
:107464000C8AEEE7B3EE0E8A9FED0A0AE9E700BF45
:1074740010890020287C00203333333F6666663F42
:10748400F628CC4033333341CCCC4C3D94D400204B
:1074940000000C42000000000F4A104B92F83F20FD
:1074A40007EE102A9FED085BB8EE477B9FED086B53
:1074B40037EE457B27EE067BB7EEC77B83ED007A7C
:1074C400704700BFAFF30080000000000000504090
:1074D400000000000000903F10890020C4CC002070
:1074E4000749084A91F8401092ED007A07EE901A85
:1074F400054BF8EE677A67EE877AC3ED007A70473A
:1075040010890020287C0020BCCC00200B4A08B540
:1075140092F841200A4B00EE102AD3ED007AB8EE1F
:10752400400A20EE270A0AF0D9F9064B83ED000A37
:10753400C3ED010A83ED021A08BD00BF10890020C3
:10754400287C0020047C00200749084A91F8421056
:1075540092ED007A07EE901A054BF8EE677A67EE23
:10756400877AC3ED007A704710890020287C0020B8
:10757400DCCC00200D490E4A08B591F843100D4BA0
:1075840000EE101AD2ED007AD3ED000AB8EE400AEC
:1075940020EE270A0AF000FA074B08491B78084A2C
:1075A40083F0010381ED000A137008BD10890020E7
:1075B400287C0020788C002036890220E4CD00202D
:1075C40046890220054B06481B780649064A83F083
:1075D400010390F844001370087070473689022044
:1075E400108900201489022046890220000000002E
:1075F40008B5194AB2EE081B184BB0EE000B92F80E
:1076040045201B7807EE102A07EE903A144BB8EE8B
:10761400477AF8EE677A9FED0C5BC7EE276AB7EE00
:10762400C77A37EE457B87EE011BC3ED006A2BF06A
:10763400F3FF0C4B9FED067B20EE070BB7EEC00B60
:1076440083ED000A08BD00BF000000000040514067
:107654000000000000807B4010890020CD8E0020B7
:107664005C7C0020587C0020074AF2EE046A074B39
:1076740092F8462007EE902AF8EE677A87EEA67A0B
:1076840083ED007A704700BF10890020A87C002099
:10769400074A9FED087A92F84720074B07EE902A95
:1076A400F8EE677A77EEC77AC3ED007A704700BFC9
:1076B4001089002000008042787C00200749084A95
:1076C40091F8481092ED007A07EE901A054BF8EE07
:1076D400677A67EE877AC3ED007A704710890020D5
:1076E400287C0020D0CC00200E480F4990F8490097
:1076F400D1ED006A07EE900A0C4A0D4BF8EE677A5A
:1077040092ED007A1B780B4A67EEA67A0A4983F059
:10771400010367EEA77A0B7067EE277AC2ED007A51
:10772400704700BF10890020287C0020988C00201E
:107734003689022010CE0020468902200749084AD3
:1077440091F84A1092ED007A07EE901A054BF8EE84
:10775400677A67EE877AC3ED007A70471089002054
:10776400287C002000CE0020094ADFED0A6A92F846
:107774004B209FED097A07EE902A084BF8EE677AC2
:1077840077EEE67A67EE877AC3ED007A704700BF3A
:1077940010890020000080420000803CF0CD0020D1
:1077A4000749084A91F84C1092ED007A07EE901AB6
:1077B400054BF8EE677A67EE877AC3ED007A704777
:1077C40010890020287C002020CE0020094ADFED0B
:1077D4000A6A92F84D209FED097A07EE902A084B29
:1077E400F8EE677A77EEE67A67EE877AC3ED007A89
:1077F400704700BF10890020000080420000803CD8
:1078040080D40020224A08B52DED028B92F84E2038
:10781400204B07EE902A93ED007AF8EE677A67EE34
:10782400877AF5EEC07AF1EE10FA2BD99FED1A7A29
:10783400F4EEC77AF1EE10FA1FD49FED187A9FED9B
:10784400180AF4EEC77ADFED176A9FED178A9FEDE9
:10785400177AF1EE10FA58BFB0EE660A58BFB0EED0
:10786400478A27EE800A2CF0E7F920EE080A104B2D
:10787400BDEC028B83ED000A08BD9FED0E0A9FED5F
:107884000E8AEEE7B2EE048A9FED0C0AE9E700BF28
:1078940010890020287C00203333333F6666663F1E
:1078A400E63FCE40F62882416666064052499D393D
:1078B40098D4002039458540CDCC244100000000F7
:1078C4000B4A08B592F84F200A4B00EE102AD3ED6C
:1078D400007AB8EE400A20EE270A09F097FF064B1B
:1078E40083ED000AC3ED010A83ED021A08BD00BF4F
:1078F40010890020287C0020107C0020054B0648BD
:107904001B780649064A83F0010390F8500013706F
:1079140008707047368902201089002015890220DA
:107924004689022000000000174AF2EE085A9FED33
:10793400177AB0EE000B08B592F85120144B07EEFD
:10794400902A1B78F8EE677A06EE903A114B37EEE0
:10795400C77AF8EE666A87EE251A87EEA66AB7EE4E
:10796400C11A83ED006A2BF057FE0B4B9FED047B8D
:1079740020EE070BB7EEC00B83ED000A08BD00BF75
:107984000000000000807B401089002000008A4233
:10799400CD8E0020647C0020607C0020074AF2EE3B
:1079A400046A074B92F8522007EE902AF8EE677AA1
:1079B40087EEA67A83ED007A704700BF1089002015
:1079C400AC7C0020074A9FED087A92F85320074BBD
:1079D40007EE902AF8EE677A77EEC77AC3ED007A5D
:1079E400704700BF10890020000080427C7C00208A
:1079F4000749084A91F8541092ED007A07EE901A5C
:107A0400054BF8EE677A67EE877AC3ED007A704724
:107A140010890020287C0020D4CC00200E480F4977
:107A240090F85500D1ED006A07EE900A0C4A0D4B10
:107A3400F8EE677A92ED007A1B780B4A67EEA67A25
:107A44000A4983F0010367EEA77A0B7067EE277A81
:107A5400C2ED007A704700BF10890020287C002006
:107A64009C8C00203689022014CE002046890220F6
:107A74000749084A91F8561092ED007A07EE901AD9
:107A8400054BF8EE677A67EE877AC3ED007A7047A4
:107A940010890020287C002004CE0020094ADFED54
:107AA4000A6A92F857209FED097A07EE902A084B4C
:107AB400F8EE677A77EEE67A67EE877AC3ED007AB6
:107AC400704700BF10890020000080420000803C05
:107AD400F4CD00200749084A91F8581092ED007A35
:107AE40007EE901A054BF8EE677A67EE877AC3EDD6
:107AF400007A704710890020287C002024CE0020C2
:107B0400094ADFED0A6A92F859209FED097A07EED7
:107B1400902A084BF8EE677A77EEE67A67EE877A72
:107B2400C3ED007A704700BF108900200000804236
:107B34000000803C84D40020224A08B52DED028B3D
:107B440092F85A20204B07EE902A93ED007AF8EE33
:107B5400677A67EE877AF5EEC07AF1EE10FA2BD9E0
:107B64009FED1A7AF4EEC77AF1EE10FA1FD49FED66
:107B7400187A9FED180AF4EEC77ADFED176A9FEDC5
:107B8400178A9FED177AF1EE10FA58BFB0EE660A25
:107B940058BFB0EE478A27EE800A2CF04DF820EE4D
:107BA400080A104BBDEC028B83ED000A08BD9FED63
:107BB4000E0A9FED0E8AEEE7B2EE048A9FED0C0AE0
:107BC400E9E700BF10890020287C00203333333FCD
:107BD4006666663FE63FCE40F6288241666606400A
:107BE40052499D399CD4002039458540CDCC24414F
:107BF400000000000B4A08B592F85B200A4B00EE27
:107C0400102AD3ED007AB8EE400A20EE270A09F0D4
:107C1400FDFD064B83ED000AC3ED010A83ED021A54
:107C240008BD00BF10890020287C00201C7C002097
:107C3400054B06481B780649064A83F0010390F871
:107C44005C00137008707047368902201089002088
:107C54001289022046890220174AF2EE085A9FED43
:107C6400177AB0EE000B08B592F85D20144B07EEBE
:107C7400902A1B78F8EE677A06EE903A114B37EEAD
:107C8400C77AF8EE666A87EE251A87EEA66AB7EE1B
:107C9400C11A83ED006A2BF0BFFC0B4B9FED047BF4
:107CA40020EE070BB7EEC00B83ED000A08BD00BF42
:107CB4000000000000807B401089002000008A4200
:107CC400CD8E00204C7C0020487C0020074AF2EE38
:107CD400046A074B92F85E2007EE902AF8EE677A62
:107CE40087EEA67A83ED007A704700BF10890020E2
:107CF400A07C0020074A9FED087A92F85F20074B8A
:107D040007EE902AF8EE677A77EEC77AC3ED007A29
:107D1400704700BF1089002000008042707C002062
:107D24000749084A91F8601092ED007A07EE901A1C
:107D3400054BF8EE677A67EE877AC3ED007A7047F1
:107D440010890020287C0020C8CC0020114812494A
:107D540090F86100D1ED007A07EE100A0F4A104B3B
:107D6400B8EE477A92ED006A1B78B7EEC66A0D4A00
:107D740027EE277A0C4983F00103B7EEC77A0B701C
:107D840027EE077B26EE077BB7EEC77B82ED007AF2
:107D9400704700BF10890020287C0020A08C0020A0
:107DA4003689022008CE0020468902200749084A65
:107DB40091F8621092ED007A07EE901A054BF8EEF6
:107DC400677A67EE877AC3ED007A704710890020DE
:107DD400287C0020F8CD00200F4A104B92F8632035
:107DE40007EE102A9FED085BB8EE477B9FED086B0A
:107DF40037EE457B27EE067BB7EEC77B83ED007A33
:107E0400704700BFAFF30080000000000000504046
:107E1400000000000000903F10890020E8CD002001
:107E24000749084A91F8641092ED007A07EE901A17
:107E3400054BF8EE677A67EE877AC3ED007A7047F0
:107E440010890020287C002018CE002000000000AB
:107E54000F4A104B92F8652007EE102A9FED085B3D
:107E6400B8EE477B9FED086B37EE457B27EE067B2C
:107E7400B7EEC77B83ED007A704700BFAFF3008095
:107E84000000000000005040000000000000903F8F
:107E94001089002070D40020224A08B52DED028BF1
:107EA40092F86620204B07EE902A93ED007AF8EEC4
:107EB400677A67EE877AF5EEC07AF1EE10FA2BD97D
:107EC4009FED1A7AF4EEC77AF1EE10FA1FD49FED03
:107ED400187A9FED180AF4EEC77ADFED176A9FED62
:107EE400178A9FED177AF1EE10FA58BFB0EE660AC2
:107EF40058BFB0EE478A27EE800A2BF09DFE20EE95
:107F0400080A104BBDEC028B83ED000A08BD9FEDFF
:107F14000E0A9FED0E8AEEE7B2EE048A9FED0C0A7C
:107F2400E9E700BF10890020287C00203333333F69
:107F34006666663FE63FCE40F628824166660640A6
:107F440052499D3988D4002039458540CDCC2441FF
:107F5400000000000B4A08B592F867200A4B00EEB7
:107F6400102AD3ED007AB8EE400A20EE270A09F071
:107F74004DFC064B83ED000AC3ED010A83ED021AA2
:107F840008BD00BF10890020287C0020E07B002071
:107F9400054B06481B780649064A83F0010390F80E
:107FA4006800137008707047368902201089002019
:107FB4001389022046890220174AF2EE085A9FEDDF
:107FC400177AB0EE000B08B592F86920144B07EE4F
:107FD400902A1B78F8EE677A06EE903A114B37EE4A
:107FE400C77AF8EE666A87EE251A87EEA66AB7EEB8
:107FF400C11A83ED006A2BF00FFB0B4B9FED047B42
:1080040020EE070BB7EEC00B83ED000A08BD00BFDE
:108014000000000000807B401089002000008A429C
:10802400CD8E0020547C0020507C002008B5FFF742
:10803400DFFAFFF779FCFFF70FFEBDE80840FFF712
:10804400BBBF00BF074AF2EE046A074B92F86A20EE
:1080540007EE902AF8EE677A87EEA67A83ED007A27
:10806400704700BF10890020A47C0020074A9FEDC0
:10807400087A92F86B20074B07EE902AF8EE677A9D
:1080840077EEC77AC3ED007A704700BF10890020ED
:1080940000008042747C00200749084A91F86C1063
:1080A40092ED007A07EE901A054BF8EE677A67EEC8
:1080B400877AC3ED007A704710890020287C00205D
:1080C400CCCC00200E480F4990F86D00D1ED006A29
:1080D40007EE900A0C4A0D4BF8EE677A92ED007A9F
:1080E4001B780B4A67EEA67A0A4983F0010367EE10
:1080F400A77A0B7067EE277AC2ED007A704700BF4B
:1081040010890020287C0020A48C002036890220BD
:108114000CCE0020468902200749084A91F86E10C7
:1081240092ED007A07EE901A054BF8EE677A67EE47
:10813400877AC3ED007A704710890020287C0020DC
:10814400FCCD0020094ADFED0A6A92F86F209FED0A
:10815400097A07EE902A084BF8EE677A77EEE67A0A
:1081640067EE877AC3ED007A704700BF108900205C
:10817400000080420000803CECCD00200749084A02
:1081840091F8701092ED007A07EE901A054BF8EE14
:10819400677A67EE877AC3ED007A7047108900200A
:1081A400287C00201CCE0020094ADFED0A6A92F8E0
:1081B40071209FED097A07EE902A084BF8EE677A52
:1081C40077EEE67A67EE877AC3ED007A704700BFF0
:1081D40010890020000080420000803C74D40020FC
:1081E400224A08B52DED028B92F87220204B07EE3F
:1081F400902A93ED007AF8EE677A67EE877AF5EEC7
:10820400C07AF1EE10FA2BD99FED1A7AF4EEC77A00
:10821400F1EE10FA1FD49FED187A9FED180AF4EED0
:10822400C77ADFED176A9FED178A9FED177AF1EE93
:1082340010FA58BFB0EE660A58BFB0EE478A27EE70
:10824400800A2BF0F9FC20EE080A104BBDEC028BDF
:1082540083ED000A08BD9FED0E0A9FED0E8AEEE73E
:10826400B2EE048A9FED0C0AE9E700BF10890020F2
:10827400287C00203333333F6666663FE63FCE40BA
:10828400F62882416666064052499D398CD4002006
:1082940039458540CDCC2441000000000B4A08B587
:1082A40092F873200A4B00EE102AD3ED007AB8EE50
:1082B400400A20EE270A09F0A9FA064B83ED000ACA
:1082C400C3ED010A83ED021A08BD00BF1089002026
:1082D400287C0020EC7B0020254A08B52DED028B7C
:1082E40092F87720234B07EE902A93ED007AF8EE6C
:1082F400677A67EE877AF5EEC07AF1EE10FA31D933
:108304009FED1D7AF4EEC77AF1EE10FA25D49FEDB5
:108314001B7AB2EE058A9FED1A0AF4EEC77ADFEDF6
:10832400196A9FED197AF1EE10FA58BFB0EE660A99
:1083340058BFB0EE478A27EE800A2BF07DFC134B22
:1083440020EE080A12491B78124A83F0010381EDDA
:10835400000ABDEC028B137008BDB0EE060A9FED57
:108364000E8AE8E79FED0D0AB0EE408AE3E700BF0E
:1083740010890020287C00203333333F6666663F33
:108384006666A64066662641CCCCCC3D3689022082
:108394003CCF0020468902209A99614200000000E7
:1083A4000B4A08B592F878200A4B00EE102AD3ED58
:1083B400007AB8EE400A20EE270A09F08FFA064B3D
:1083C40083ED000AC3ED010A83ED021A08BD00BF64
:1083D40010890020287C00208C7C00200D480E4948
:1083E40090F87900D1ED006A07EE900A0B4A0C4B25
:1083F400F8EE677A92ED007A1B780A4A67EEA67A5D
:10840400094983F0010367EE877A0B70C2ED007AA5
:10841400704700BF10890020287C0020C050022033
:108424003689022038CF002046890220054A064BAF
:1084340092F87A2007EE902AF8EE677AC3ED007A74
:10844400704700BF10890020C47B0020044B054AFC
:1084540093F87B30003B18BF01231370704700BFB3
:108464001089002010890220064A074B92F87D20CB
:108474001B78064802F00102054983F001030270EB
:108484000B7070471089002036890220CC8E0020A2
:1084940046890220064A074B92F87E201B7806483C
:1084A40002F00102054983F0010302700B7070476A
:1084B4001089002036890220CB8E002046890220B4
:1084C400054B06481B780649064A83F0010390F8D9
:1084D4007F001370087070473689022010890020CD
:1084E4001189022046890220074A084B92F880200D
:1084F4001B78003A0648074983F0010318BF01229C
:108504000B700270704700BF10890020368902206A
:10851400D08E002046890220044B054A93F881300E
:10852400003B18BF01231370704700BF108900205F
:10853400CA8E002010B50C4C0C490D4822782DF041
:10854400D3FA23785BB10B4B93F883000A4B0B49A6
:108554001B780B4A83F001030870137010BD094B9C
:1085640093F83C00F2E700BFD88E0020D42F0020FF
:10857400846C02201089002036890220C88E0020D5
:1085840046890220248A00200A480B4990F8850075
:108594000A4B07EE900A91ED007A1B78F8EE677AA1
:1085A400074A084983F0010367EE877A0B70C2ED2E
:1085B400007A704710890020287C00203689022028
:1085C400B87B00204689022010B5114C114912488D
:1085D40022782DF089FA2378A3B1104B93F88730D1
:1085E40007EE903AF8EE677A0D4B9FED0E7A1B7802
:1085F40067EE877A0C490D4A83F00103C1ED007AD6
:10860400137010BD0A4B93F8203007EE903AE9E757
:10861400D88E0020D42F0020846C022010890020E2
:10862400368902206666B042E0CC002046890220EA
:10863400248A002010B5154C1549164822782DF0CF
:1086440053FA2378E3B1144B93F8883007EE903A49
:10865400F8EE677A9FED116ADFED116A114B77EE40
:10866400C67A9FED117A1B78104A67EEA67A1049F4
:1086740083F0010367EE877A0B70C2ED007A10BDB8
:108684000C4B93F8213007EE903AE1E7D88E0020A6
:10869400D42F0020846C0220108900200000804226
:1086A4006666B042368902200000803CF4CC00208B
:1086B40046890220248A002010B5134C134914481B
:1086C40022782DF011FA2378C3B1124B93F8893034
:1086D40007EE903AF8EE677ADFED0F6A0F4B9FEDE5
:1086E400107A77EEE67A1B780E4A0F4983F001037D
:1086F40067EE877A0B70C2ED007A10BD0B4B93F8CE
:10870400223007EE903AE5E7D88E0020D42F0020DF
:10871400846C0220108900200000804236890220E7
:108724000000803CFCCC002046890220248A0020E2
:1087340010B5114C1149124822782DF0D5F923783F
:10874400A3B1104B93F88A3007EE903AF8EE677AAB
:108754000D4B9FED0E7A1B7867EE877A0C490D4A14
:1087640083F00103C1ED007A137010BD0A4B93F836
:10877400233007EE903AE9E7D88E0020D42F00206A
:10878400846C022010890020368902206666B0427B
:10879400E4CC002046890220248A00200000000046
:1087A40010B51D4C1D491E4822782DF09DF92378E3
:1087B400F3B11C4B93F88B3007EE103AB8EE477BBD
:1087C400194B1A4A1B781A4983F001039FED0C4B8D
:1087D4009FED0D5B9FED0E6B37EE447B0B7027EE28
:1087E400057B27EE067BB7EEC77B82ED007A10BDD2
:1087F400104B93F8243007EE103ADFE7AFF3008014
:108804000000000000005040000000C0CC0C5640A6
:10881400000000000000903FD88E0020D42F0020DC
:10882400846C02201089002036890220F8CC0020B4
:1088340046890220248A002010B5134C1349144899
:1088440022782DF051F92378C3B1124B93F88C3070
:1088540007EE903AF8EE677ADFED0F6A0F4B9FED63
:10886400107A77EEE67A1B780E4A0F4983F00103FB
:1088740067EE877A0B70C2ED007A10BD0B4B93F84C
:10888400253007EE903AE5E7D88E0020D42F00205B
:10889400846C022010890020000080423689022066
:1088A4000000803C00CD002046890220248A00205C
:1088B40010B5134C1349144822782DF015F9237878
:1088C400C3B1124B93F88D3007EE903AF8EE677A05
:1088D400DFED0F6A0F4B9FED107A77EEE67A1B7887
:1088E4000E4A0F4983F0010367EE877A0B70C2EDDD
:1088F400007A10BD0B4B93F8263007EE903AE5E76B
:10890400D88E0020D42F0020846C022010890020EF
:1089140000008042368902200000803CECCC00201C
:1089240046890220248A002010B5114C11491248AE
:1089340022782DF0D9F82378A3B1104B93F88E3018
:1089440007EE903AF8EE677A0D4BF2EE046A0D4AA0
:108954001B780D4987EEA67A83F001030B7082ED34
:10896400007A10BD094B93F8273007EE903AE9E7F7
:10897400D88E0020D42F0020846C0220108900207F
:1089840036890220F0CC002046890220248A002067
:1089940010B5124C1249134822782DF0A5F823780B
:1089A400ABB1114B93F88F3007EE903A0F4AF8EEC3
:1089B400677A0F4B92ED007A1B7867EE877A0D4940
:1089C4000D4A83F00103C1ED007A137010BD0B4B07
:1089D40093F8283007EE903AE8E700BFD88E0020DD
:1089E400D42F0020846C022010890020287C0020D1
:1089F40036890220E8CC002046890220248A0020FF
:108A040010B5184C1849194822782DF06DF82378C0
:108A1400E3B1174B93F8903000EE103A154BB8EED3
:108A2400400AD3ED007A20EE270AB5EE400AF1EEB3
:108A340010FA11D4F1EEC07A0F4B10491B78104A8A
:108A440083F00103C1ED007A137010BD0D4B93F850
:108A5400293000EE103AE1E72AF0BAFDF0EE407A50
:108A6400EAE700BFD88E0020D42F0020846C0220B7
:108A740010890020287C00203689022010CD002097
:108A840046890220248A002010B5124C124913484A
:108A940022782DF029F82378ABB1114B93F891305B
:108AA40007EE903A0F4AF8EE677A0F4B92ED007A90
:108AB4001B7867EE877A0D490D4A83F00103C1EDF7
:108AC400007A137010BD0B4B93F82A3007EE903ADE
:108AD400E8E700BFD88E0020D42F0020846C022049
:108AE40010890020287C00203689022004CD002033
:108AF40046890220248A002010B5124C12491348DA
:108B040022782CF0F1FF2378ABB1114B93F892301B
:108B140007EE903A0F4AF8EE677A0F4B92ED007A1F
:108B24001B7867EE877A0D490D4A83F00103C1ED86
:108B3400007A137010BD0B4B93F82B3007EE903A6C
:108B4400E8E700BFD88E0020D42F0020846C0220D8
:108B540010890020287C002036890220387C0020DF
:108B640046890220248A002010B5144C1449154863
:108B740022782CF0B9FF2378CBB1134B93F89330C0
:108B840007EE903A114AF8EE677AB6EE007A104B87
:108B9400D2ED006A1B7867EEA67A0E4A0E4983F07E
:108BA400010367EE877A0B70C2ED007A10BD0B4BA0
:108BB40093F82C3007EE903AE4E700BFD88E0020FB
:108BC400D42F0020846C022010890020287C0020EF
:108BD4003689022008CD002046890220248A0020FC
:108BE40010B5124C1249134822782CF07DFF2378DB
:108BF400BBB1114B93F89430C3F17F030F49104A72
:108C040007EE903A0F4B91ED007AF8EEE77A1B7875
:108C14000D4983F0010367EE877A0B70C2ED007A89
:108C240010BD0A4B93F82D30E6E700BFD88E002024
:108C3400D42F0020846C022010890020287C00207E
:108C44000CCD00203689022046890220248A002087
:108C540010B5144C1449154822782CF045FF23789C
:108C6400D3B1134B93F8963007EE903A114AF8EECD
:108C7400677A1149D2ED006A104B67EEA67A91ED3E
:108C8400007A1B780E4A67EE877A0E4983F0010357
:108C9400C2ED007A0B7010BD0B4B93F82F3007EE2A
:108CA400903AE3E7D88E0020D42F0020846C022071
:108CB40010890020287C0020B48C002036890220F2
:108CC4001CCD002046890220248A002010B5144CB3
:108CD4001449154822782CF007FF2378D3B1134B9D
:108CE40093F8973007EE903A114AF8EE677A1149F3
:108CF400D2ED006A104B67EEA67A91ED007A1B78EC
:108D04000E4A67EE877A0E4983F00103C2ED007ABA
:108D14000B7010BD0B4B93F8303007EE903AE3E73D
:108D2400D88E0020D42F0020846C022010890020CB
:108D3400287C0020808C00203689022018CD002059
:108D440046890220248A002010B5134C1349144884
:108D540022782CF0C9FE2378C3B1124B93F89830D3
:108D640007EE103AB8EE477A9FED0F6A0F4BDFED2E
:108D7400106AC7EE067A1B780E4A0F4983F0010386
:108D84000B7077EEA67AC2ED007A10BD0B4B93F808
:108D9400313007EE103AE5E7D88E0020D42F0020BA
:108DA400846C0220108900200000C8423689022009
:108DB400CDCCCC3D20CD002046890220248A002041
:108DC40010B5134C1349144822782CF08DFE2378E7
:108DD400C3B1124B93F8993007EE903AF8EE677AE4
:108DE4009FED0F7AF3EE046A0E4B0F4A77EEC77AC3
:108DF4001B780E4983F0010387EEA67A0B7082ED8F
:108E0400007A10BD0A4B93F8323007EE903AE5E74A
:108E1400D88E0020D42F0020846C022010890020DA
:108E2400000058423689022014CD002046890220D1
:108E3400248A0020000000002DE9F84FEA4CEB4E94
:108E440094F82230DFF824B406EE103A94F8233074
:108E5400E74FB8EE466A07EE903A94F82030F8EE01
:108E6400677A9BED005A06EE903A94F82130DFF8C9
:108E7400008407EE103AF8EE666A94F82530B8EEEE
:108E8400477AD8ED000A00EE103A0123D94D337029
:108E9400B8EE400AD84BDFF8DCA3DFF8DC932DED05
:108EA400088B9FEDD68A9FEDD6BA36EE486ADFED81
:108EB400D58A76EEC86A77EEC87AC6EE0B5A97ED75
:108EC400006AC3ED006AD04B37EE487A67EEA87AA1
:108ED40020EE060A83ED007ACC4B67EE857A9FED8F
:108EE400BEAB9FEDBF9BC3ED005AC94BC3ED007AE7
:108EF40008F052FD94F82630F0EE407A97ED007AAF
:108F040000EE103A3378D8ED000A83F00103B8EE8E
:108F1400400A2B70BF4B20EE070AC3ED007A08F01D
:108F24003BFD94F82730F0EE407A97ED007A00EE9E
:108F3400103A3378D8ED000A83F00103B8EE400A02
:108F44002B70B54B20EE070AC3ED007A08F024FD20
:108F540094F82B30B6EE006BD7ED005A07EE103ABA
:108F640094F82930B8EE477B37EE4A7B27EE067B30
:108F740027EE097BB7EEC77B07EE903A94F82830CA
:108F8400F8EE677A06EE103A94F82A3006EE903A34
:108F94003378B8EE466A83F00103F8EE666A67EE4A
:108FA400A57A2B7026EE256A9C4B66EEA56ADAED4F
:108FB400005A83ED000A9A4B67EEA57A83ED006AA6
:108FC400984BC3ED007A984BC3ED006A974B83ED41
:108FD400007AFDF7A5FF94F82D30D7ED006A07EE6F
:108FE400103A94F82E30B8EE477B37EE4A7B27EEE2
:108FF400097BB7EEC77B07EE903A94F82F30F8EE72
:10900400677A00EE103A8A4BB8EE400A83ED007A94
:1090140067EEA67A874B20EE260AC3ED007A08F0A5
:109024005DFC94F83030F0EE606AB0EE406A97ED83
:10903400007A07EE903A94F83130D9ED000A00EE48
:10904400103AF8EE677A7C4BB8EE400A67EE877AFE
:1090540083ED021A83ED006AC3ED016A20EE070A6C
:10906400764BC3ED007A08F097FC94F83430F0EEB8
:10907400405A9BED007A07EE903A94F8353097ED1C
:10908400005AF8EE677AD8ED000A77EEC87A87EED0
:109094008B6A07EE903A94F8323006EE903A94F8E0
:1090A4003330F8EE677AF8EE666A77EEC87A76EED1
:1090B400C86A67EEA87A67EE877A07EE103A94F8E2
:1090C4003730B8EE477A00EE103A337883F0010374
:1090D40037EE487AB8EE400A2B70594B20EE050A59
:1090E400C3ED005A574BC3ED006A574B83ED007A2A
:1090F400564B83ED006A564BC3ED007A08F04CFCE6
:1091040094F83830F0EE407A97ED007A00EE103A99
:109114003378D8ED000A83F00103B8EE400A2B70CF
:109124004C4B20EE070AC3ED007A08F035FC94F8A6
:109134003930F0EE407A97ED007A00EE103A337849
:10914400D8ED000A83F00103B8EE400A2B70424BBD
:1091540020EE070AC3ED007A08F01EFC94F83D30B7
:10916400B6EE007AD7ED005A07EE903A94F83A300A
:109174009AED006AF8EE677A06EE903A94F83B307E
:10918400F8EE666A77EEC87A67EE877A07EE103AE9
:10919400324BB8EE477A67EEA87A27EE257A27EEA7
:1091A400067A93ED006A94F83C30A6EEA56A06EEC2
:1091B400903A337883F00103F8EE666A2B70284BFB
:1091C40066EEA56A83ED000A264B83ED006A264B02
:1091D40083ED007A52E000BF000000000000504020
:1091E400000000000000903F108900203689022012
:1091F400287C00204689022044CF002000008042C1
:109204000000C8420000803C68D4002024CD002027
:10921400B0CC002064D40020D87D002050CF0020A2
:1092240060CF002070CF002068CF002078D40020C9
:10923400C0CC0020B8CC0020F87B0020D8CC002083
:10924400E0CD002048CF00206CD4002028CD0020A1
:10925400B4CC0020007D0020A4D400205CCF0020EA
:1092640054CF002064CF002074CF0020C07B0020A6
:109274007C8C0020B08C0020788C0020EA4BC3ED5D
:10928400006AEA4BC3ED007AFEF7ACF894F83F307D
:10929400D7ED006A07EE103A94F84030B8EE477BF9
:1092A40037EE4A7B27EE097BB7EEC77B07EE903A91
:1092B40094F84130F8EE677A00EE103ADC4BB8EEE1
:1092C400400A83ED007A67EEA67ADA4B20EE260A8E
:1092D400C3ED007A08F002FB94F84230F0EE606AC5
:1092E400B0EE406A97ED007A07EE903A94F8433076
:1092F400D9ED000A00EE103AF8EE677ACE4BB8EEDC
:10930400400A67EE877A83ED006AC3ED016A83ED54
:10931400021A20EE070AC94BC3ED007A08F03CFBA1
:1093240096F80080C64B94F8442088F0010883ED39
:10933400000AC44B85F800801A70FEF759F994F8B6
:109344004610F2EE045AC04A07EE901A94F84910F7
:1093540097ED009AF8EE677ABC4B85F8008087EEAB
:10936400A55A07EE901A94F84B1006EE901A94F84A
:109374004D1007EE101A94F84710F8EE666A06EEE0
:10938400101AB8EE477AF8EE677AB8EE466A76EEC7
:10939400C86A37EE487A36EE486A66EEA86A27EE5F
:1093A400287A82ED006A67EE897A94F8482006EEFE
:1093B400102A94F84C2067EEA77AB8EE466A26EE97
:1093C400096A83ED006A94F84A3006EE103AA04B1D
:1093D400B8EE466AC3ED006A9E4B66EE096A06EE75
:1093E400102AB8EE466A26EE096A83ED006A9A4BA3
:1093F40083ED007A94F84E3007EE103A974BB8EEAE
:10940400477A93ED006A964B66EE277A27EE097A3F
:10941400C3ED006A934BB5EEC07A83ED005A924BCC
:10942400F1EE10FAC3ED007A40F20E86DFED8F7A8A
:10943400B4EEE77AF1EE10FA00F1A485DFED8C7A50
:109444009FED8C0AB4EEE77ADFED8B6ADFED8B5A81
:10945400DFED8B7AF1EE10FA58BFB0EE660A54BF16
:10946400B0EE678AB0EE658A27EE000A2AF0E4FBC4
:1094740094F84F3060EE087A00EE103A814BB8EE63
:10948400400AC3ED007A20EE090A08F0BFF97E4BCA
:1094940096F8008094F8502083ED000A88F00108C3
:1094A400C3ED010A83ED021A784B85F800801A7027
:1094B400FEF73AFA94F85220F2EE045A9FED745AE9
:1094C40007EE902A94F855209FED726AF8EE677AB9
:1094D400714B97ED008A85F80080C7EEA54A07EE28
:1094E400902A94F8572006EE902A94F8592007EE13
:1094F400102AF8EE666A94F85320F8EE677AB8EE0C
:10950400477A76EEC56A67EE887A37EE457A66EE74
:10951400866A67EEA77A27EE067A06EE102A94F892
:109524005420B8EE466A36EE456A83ED006A06EECC
:10953400102A5A4BB8EE466A94F8582026EE086A68
:1095440083ED006A94F8563006EE103A544BB8EEA8
:10955400466AC3ED006A534B66EE086A06EE102AAB
:10956400B8EE466A26EE086A83ED006A4E4B83ED38
:10957400007A94F85A3007EE103A4C4BB8EE477A1A
:1095840093ED006A4A4B67EE867A27EE087AC3EDBC
:10959400006A484BB5EEC07AC3ED004A464BF1EE83
:1095A40010FAC3ED007A40F26085DFED307AB4EE54
:1095B400E77AF1EE10FA00F15E85DFED2D7A9FED8A
:1095C4002D0AB4EEE77ADFED2C6ADFED2C5ADFEDDD
:1095D4002C7AF1EE10FA58BFB0EE660A54BFF0EEE2
:1095E400678AF0EE658A27EE000A2AF025FB94F8D4
:1095F4005B3060EE287A00EE103A304BB8EE400A49
:10960400C3ED007A20EE080A08F000F92C4B96F816
:10961400008094F85C2083ED000A88F00108C3ED13
:10962400010A83ED021A4DE06CCF00207CD40020A7
:10963400C4CC0020BCCC0020047C0020DCCC002066
:10964400E4CD002014890220787C0020D0CC0020B6
:10965400F0CD002020CE002080D40020988C002063
:1096640000CE0020A87C002010CE00203333333FEE
:109674006666663FE63FCE40F6288241666606404F
:1096840052499D3998D40020107C0020158902206D
:10969400000080420000803C7C7C0020D4CC002070
:1096A400F4CD002024CE002084D400209C8C002003
:1096B40004CE0020AC7C002014CE00209CD40020DA
:1096C4001C7C0020EC4B85F800801A70FEF7C4FA6D
:1096D40094F86120B2EE043A97ED008A07EE102A5E
:1096E40094F85E209FEDE52AB8EE477A07EE902ABB
:1096F40094F86320F8EE677AE14B27EE087A85F850
:109704000080C7EE832AB7EEC76A07EE102A94F8E2
:109714006520B8EE477B26EE066B9FEDD34B9FED9D
:10972400D45B37EE447B27EE057BF7EEC73B07EEB1
:10973400102AD44AB8EE477B37EE447B27EE057BEC
:1097440092ED005A94F85F20B7EEC55AB7EEC77B86
:1097540007EE902A94F8602026EE056BF8EE677AFF
:1097640077EEC27AB7EEC66BC3ED007A07EE902AA5
:10977400C54BF8EE677A94F8642067EE887AC3EDF7
:10978400007A07EE902A94F86230F8EE677A06EED3
:10979400903ABE4B67EE887AC3ED003ABC4BF8EEC4
:1097A400666AC3ED007ABB4B66EE886A83ED007A85
:1097B40094F8663007EE903AB74BF8EE677AC3ED4B
:1097C400002AB64B67EE887A83ED006AB44BF5EE57
:1097D400C07AC3ED006AF1EE10FA40F240849FEDC6
:1097E400B17AF4EEC77AF1EE10FA00F14F849FEDEE
:1097F400AE7A9FEDAE0AF4EEC77ADFEDAD6A9FED67
:10980400AD3A9FEDAD7AF1EE10FA58BFB0EE660AAC
:1098140054BFF0EE478AF0EE438A27EE800A2AF01E
:109824000BFA94F8673060EE287A00EE103AA34BF6
:10983400B8EE400AC3ED007A20EE080A07F0E6FF0E
:109844009F4B96F8008094F8682083ED000A88F016
:109854000108C3ED010A83ED021A9A4B85F80080D2
:109864001A70FEF7A9FB94F86A20F2EE045ADFEDB1
:10987400834A07EE902A94F86D209FED936AF8EEE0
:10988400677A924B97ED008A85F8008087EEA55A97
:1098940007EE902A94F86F2006EE902A94F871202F
:1098A40007EE102AF8EE666A94F86B20F8EE677AF1
:1098B400B8EE477A76EEE46A67EE887A37EE647A31
:1098C40066EE866A67EEA77A27EE067A06EE102A17
:1098D40094F86C20B8EE466A36EE646A83ED006A4A
:1098E40006EE102A7A4BB8EE466A94F8702026EEFB
:1098F400086A83ED006A94F86E3006EE103A754BF0
:10990400B8EE466AC3ED006A734B66EE086A06EE6B
:10991400102AB8EE466A26EE086A83ED006A6F4B99
:1099240083ED007A94F8723007EE103A6C4BB8EE7F
:10993400477A93ED006A6B4B66EE277A27EE087A36
:10994400C3ED006A684BB5EEC07A83ED005A674BED
:10995400F1EE10FAC3ED007A40F27C83DFED517A28
:10996400B4EEE77AF1EE10FA00F18B83DFED4E7A74
:109974009FED4E0AB4EEE77ADFED4D6ADFED4D5A06
:10998400DFED4D7AF1EE10FA58BFB0EE660A54BF1F
:10999400F0EE678AF0EE658A27EE000ADFF85C9144
:1099A4002AF04AF994F8733060EE287ADFF850818F
:1099B40000EE103A4E4BB8EE400AC3ED007A20EEAA
:1099C400080A07F023FF4B4BC3ED010A83ED021A8B
:1099D40083ED000AFEF780FC94F87830D7ED007A26
:1099E40000EE103AB8EE400A20EE270A07F076FFA0
:1099F40094F8793097ED007A07EE903A3E4B94F85C
:109A04007BC0F8EE677A94F87D00BCF1000C94F802
:109A14007E1000F00100DFF8ECE067EE877A93ED4A
:109A2400007A94F87A3018BF4FF0010C01F001016C
:109A340094F8802067EE877A06EE903A94F88230A4
:109A4400003AF8EE666A8EED000AC9ED007A07EE78
:109A5400103ADFF8B49018BF01223378B8EE477A91
:109A6400C9ED006A52E000BF000000000000504051
:109A7400000000000000903F128902200000804294
:109A8400707C0020A08C0020C8CC0020E8CD0020F1
:109A940018CE002070D40020A07C002008CE002026
:109AA400F8CD00203333333F6666663FE63FCE4051
:109AB400F62882416666064052499D3988D40020C2
:109AC400E07B0020138902200000803C747C00208D
:109AD400CCCC0020ECCD00201CCE002074D400207F
:109AE400A48C0020FCCD0020A47C00200CCE0020FF
:109AF4008CD40020EC7B0020C050022038CF002002
:109B0400D88E00208C7C0020C47B0020DFF8CC930E
:109B140083F00103CEED010A89F800C0DFF8C0C369
:109B24002B708CF80000D44894F8813001708EEDCD
:109B3400021A003B94F87FE0D04918BF0123D048B3
:109B440081F800E0CF490A70CF4AD0491370D04B56
:109B540098F8002083ED007A2BF0C6FF98F80020D7
:109B6400002A00F06D8294F8831094F88430D7EDC5
:109B7400006A07EE103A94F88530C14807EE903A2F
:109B84003378B8EE477A83F00103F8EE677A2B70E6
:109B940027EE267ABF4B67EEA67A1970BE4BBB49F7
:109BA40083ED007ABD4BC3ED007A2BF09DFF98F84E
:109BB4000020002A00F03E8294F8873007EE903AA5
:109BC4003378F8EE677A9FEDB67A83F00103AF49F4
:109BD40067EE877AAA482B70B24BC3ED007A2BF05C
:109BE40083FF98F80020002A00F01E8294F8883041
:109BF40007EE903AF8EE677A9FEDAB6ADFEDA86A5C
:109C0400337877EEC67A9FEDA97A83F001039F49F2
:109C14009B4867EEA67A2B70A54B67EE877AC3ED57
:109C2400007A2BF061FF98F80020002A00F0F681FA
:109C340094F8893007EE903AF8EE677ADFED9A6A85
:109C440033789FED9A7A77EEE67A83F001038F49B1
:109C54002B7067EE877A974B8948C3ED007A2BF017
:109C640043FF98F80030002B00F0D28194F88A303A
:109C740007EE903A3378F8EE677A9FED897A83F0AD
:109C8400010367EE877A2B708B4BC3ED007AFEF7E6
:109C940087FD98F800207D4979482BF025FF98F836
:109CA4000020002A00F0AE8194F88C3007EE903A40
:109CB400F8EE677ADFED7C6A33789FED7C7A77EE95
:109CC400E67A83F0010371492B7067EE877A7B4B48
:109CD4006B48C3ED007A2BF007FF98F80020002AA8
:109CE40000F08A8194F88D3007EE903AF8EE677AA6
:109CF400DFED6D6A33789FED6D7A77EEE67A83F067
:109D0400010362492B7067EE877A6D4B5C48C3EDA3
:109D1400007A2BF0E9FE98F80020002A00F0668112
:109D240094F88E3007EE903AF8EE677A3378F2EED4
:109D3400046A564983F00103514887EEA67A2B70D2
:109D4400604B83ED007A2BF0CFFE98F80030002BA7
:109D540000F0468194F88F3007EE903A3378F8EEAD
:109D6400677A97ED007A83F0010367EE877A2B70A8
:109D7400554BC3ED007AFEF743FE98F800204349A3
:109D84003F482BF0B1FE98F80020002A00F0228111
:109D940094F8913007EE903A3378F8EE677A97EDBD
:109DA400007A83F00103394967EE877A34482B70CF
:109DB400464BC3ED007A2BF097FE98F80020002A5A
:109DC40000F0028194F8923007EE903A3378F8EE7E
:109DD400677A97ED007A83F001032C4967EE877A5E
:109DE40027482B703A4BC3ED007A2BF07DFE98F890
:109DF4000020002A00F0E28094F8933007EE903AB5
:109E0400F8EE677AD7ED006AB6EE007A33781F4928
:109E140067EEA67A83F0010319482B7067EE877A00
:109E24002C4BC3ED007A2BF05FFE98F80020002A3B
:109E340000F0C08094F89430C3F17F0397ED007A6A
:109E4400124907EE903A33780D48F8EEE77A83F03A
:109E540001032B7067EE877A1F4BC3ED007A2BF05A
:109E640043FE98F80030002B00F09E8094F8953063
:109E740007EE903A36E000BFCB8E00201189022015
:109E8400846C0220D08E0020CA8E0020D42F0020A3
:109E94002C8D0020C88E0020A8D40020B87B002080
:109EA4006666B042E0CC0020000080420000803CA6
:109EB400F4CC0020FCCC0020E4CC002000CD002019
:109EC400ECCC0020F0CC0020E8CC002004CD002015
:109ED400387C002008CD00200CCD00201089022001
:109EE400CC8E00203378F8EE677A97ED007A83F011
:109EF400010367EE877A2B70674BC3ED007AFEF798
:109F0400A7FEFEF7E3FE98F80020644964482BF0AE
:109F1400EBFD98F80020002A40D094F8983007EE22
:109F2400103AB8EE477A9FED5F6A3378DFED5E6AE8
:109F3400C7EE067A83F0010358492B705B4B5848EF
:109F440077EEA67AC3ED007A2BF0CEFD98F80030B8
:109F5400F3B194F8993007EE903AF8EE677A9FEDF2
:109F6400547AF3EE046A3378524A77EEC77A83F070
:109F74000103BDEC088B87EEA67A2B7082ED007A84
:109F8400BDE8F88F9FED4C0A9FED4C8AFFF76CBA41
:109F94004B4B93F8323007EE903ADEE7484B93F898
:109FA400313007EE103ABCE7454B93F82E3007EEFC
:109FB400903A97E7424B93F82D303DE7404B93F8A6
:109FC4002C3007EE903A1BE73D4B93F82B3007EE0D
:109FD400903AFBE63A4B93F82A3007EE903ADBE6E8
:109FE400374B93F8283007EE903AB7E6344B93F8A2
:109FF400273007EE903A97E6314B93F8263007EE78
:10A00400903A73E62E4B93F8253007EE903A4FE6DC
:10A014002B4B93F8233007EE903A2BE6284B93F81A
:10A02400223007EE903A07E6254B93F8213007EEED
:10A03400903ADFE5224B93F8203007EE903ABFE5E3
:10A044001F4B93F83C1090E5B0EE658A9FED1D0A16
:10A05400FFF70ABAF0EE658A9FED1A0A9CE4F0EE67
:10A06400438A9FED180AFFF7D8BBF0EE658A9FED8F
:10A07400150AFFF7B8BA9FED100ADFED108AFFF753
:10A08400B2BA9FED0D0ADFED0D8A85E49FED0A0A51
:10A09400DFED0A8AFFF7C1BB3C7C0020D42F0020EF
:10A0A400846C02200000C842CDCCCC3D20CD0020E1
:10A0B4000000584214CD002039458540CDCC2441C0
:10A0C400248A002000000000FEF7B6BEE74938B538
:10A0D400E74D08462CF06CF9E4490246284625F081
:10A0E4003DFF284625F06EFFE24BE34CD3ED007AAA
:10A0F400E2492046B7EEE77A53EC172B2BF0F4FC39
:10A1040020462CF055F921460246284625F026FF24
:10A11400284625F057FFDA4BDA492046D3ED007A7A
:10A12400B7EEE77A53EC172B2BF0DEFC20462CF02D
:10A134003FF921460246284625F010FF284625F01F
:10A1440041FFD14BD1492046D3ED007AB7EEE77AEF
:10A1540053EC172B2BF0C8FC20462CF029F9214690
:10A164000246284625F0FAFE284625F02BFFC84B68
:10A17400C8492046D3ED007AB7EEE77A53EC172BA3
:10A184002BF0B2FC20462CF013F921460246284657
:10A1940025F0E4FE284625F015FFBF4BBF492046B5
:10A1A400D3ED007AB7EEE77A53EC172B2BF09CFC37
:10A1B40020462CF0FDF821460246284625F0CEFE26
:10A1C400284625F0FFFEB64BB6492046D3ED007A6B
:10A1D400B7EEE77A53EC172B2BF086FC20462CF0D5
:10A1E400E7F821460246284625F0B8FE284625F021
:10A1F400E9FEAD4BAD492046D3ED007AB7EEE77AE0
:10A2040053EC172B2BF070FC20462CF0D1F8214690
:10A214000246284625F0A2FE284625F0D3FEA44B8C
:10A22400A4492046D3ED007AB7EEE77A53EC172B16
:10A234002BF05AFC20462CF0BBF821460246284657
:10A2440025F08CFE284625F0BDFE9B4B9B492046FD
:10A25400D3ED007AB7EEE77A53EC172B2BF044FCDE
:10A2640020462CF0A5F821460246284625F076FE25
:10A27400284625F0A7FE924B92492046D3ED007A5A
:10A28400B7EEE77A53EC172B2BF02EFC20462CF07C
:10A294008FF821460246284625F060FE284625F020
:10A2A40091FE894B89492046D3ED007AB7EEE77ACF
:10A2B40053EC172B2BF018FC20462CF079F8214690
:10A2C4000246284625F04AFE284625F07BFE804BB0
:10A2D40080492046D3ED007AB7EEE77A53EC172B8A
:10A2E4002BF002FC20462CF063F821460246284657
:10A2F40025F034FE284625F065FE774B7749204645
:10A30400D3ED007AB7EEE77A53EC172B2BF0ECFB86
:10A3140020462CF04DF821460246284625F01EFE24
:10A32400284625F04FFE6E4B6E492046D3ED007A49
:10A33400B7EEE77A53EC172B2BF0D6FB20462CF024
:10A3440037F821460246284625F008FE284625F01F
:10A3540039FE654B65492046D3ED007AB7EEE77ABE
:10A3640053EC172B2BF0C0FB20462CF021F8214690
:10A374000246284625F0F2FD284625F023FE5C4BD4
:10A384005C492046D3ED007AB7EEE77A53EC172BFD
:10A394002BF0AAFB20462CF00BF821460246284657
:10A3A40025F0DCFD284625F00DFE534B534920468D
:10A3B400D3ED007AB7EEE77A53EC172B2BF094FB2E
:10A3C40020462BF0F5FF21460246284625F0C6FD1F
:10A3D400284625F0F7FD4A4B4A492046D3ED007A3A
:10A3E400B7EEE77A53EC172B2BF07EFB20462BF0CD
:10A3F400DFFF21460246284625F0B0FD284625F019
:10A40400E1FD414B41492046D3ED007AB7EEE77AAE
:10A4140053EC172B2BF068FB20462BF0C9FF214689
:10A424000246284625F09AFD284625F0CBFD384BF8
:10A4340038492046D3ED007AB7EEE77A53EC172B70
:10A444002BF052FB20462BF0B3FF21460246284650
:10A4540025F084FD284625F0B5FD2F4B2F492046D5
:10A46400D3ED007AB7EEE77A5AE000BF10890020F6
:10A47400747D002044CF0020846C02202030002012
:10A4840068D400203030002024CD0020403000204B
:10A49400B0CC00205030002064D400206030002074
:10A4A400D87D00207030002050CF00208030002064
:10A4B40060CF00209430002070CF0020A430002012
:10A4C40068CF0020B830002078D40020CC300020A1
:10A4D40090D40020E4300020C0CC0020FC300020C8
:10A4E400B8CC002014310020D07B00202C31002077
:10A4F400D8CC002044310020E0CD00205C31002085
:10A5040048CF0020703100206CD40020803100201E
:10A5140028CD002090310020B4CC0020A0310020B0
:10A5240053EC172B2BF0E0FA20462BF041FF214689
:10A534000246284625F012FD284625F043FDE74B48
:10A54400E7492046D3ED007AB7EEE77A53EC172BB0
:10A554002BF0CAFA20462BF02BFF21460246284650
:10A5640025F0FCFC284625F02DFDDE4BDE49204677
:10A57400D3ED007AB7EEE77A53EC172B2BF0B4FA4D
:10A5840020462BF015FF21460246284625F0E6FC1E
:10A59400284625F017FDD54BD5492046D3ED007A42
:10A5A400B7EEE77A53EC172B2BF09EFA20462BF0EC
:10A5B400FFFE21460246284625F0D0FC284625F019
:10A5C40001FDCC4BCC492046D3ED007AB7EEE77AB7
:10A5D40053EC172B2BF088FA20462BF0E9FE21468A
:10A5E4000246284625F0BAFC284625F0EBFCC34B6E
:10A5F400C3492046D3ED007AB7EEE77A53EC172B24
:10A604002BF072FA20462BF0D3FE21460246284650
:10A6140025F0A4FC284625F0D5FCBA4BBA492046BF
:10A62400D3ED007AB7EEE77A53EC172B2BF05CFAF4
:10A6340020462BF0BDFE21460246284625F08EFC1E
:10A64400284625F0BFFCB14BB1492046D3ED007A32
:10A65400B7EEE77A53EC172B2BF046FA20462BF093
:10A66400A7FE21460246284625F078FC284625F018
:10A67400A9FCA84BA8492046D3ED007AB7EEE77AA7
:10A6840053EC172B2BF030FA20462BF091FE214689
:10A694000246284625F062FC284625F093FC9F4B91
:10A6A4009F492046D3ED007AB7EEE77A53EC172B97
:10A6B4002BF01AFA20462BF07BFE21460246284650
:10A6C40025F04CFC284625F07DFC964B9649204607
:10A6D400D3ED007AB7EEE77A53EC172B2BF004FA9C
:10A6E40020462BF065FE21460246284625F036FC1E
:10A6F400284625F067FC8D4B8D492046D3ED007A22
:10A70400B7EEE77A53EC172B2BF0EEF920462BF03B
:10A714004FFE21460246284625F020FC284625F017
:10A7240051FC844B84492046D3ED007AB7EEE77A96
:10A7340053EC172B2BF0D8F920462BF039FE214689
:10A744000246284625F00AFC284625F03BFC7B4BB4
:10A754007B492046D3ED007AB7EEE77A53EC172B0A
:10A764002BF0C2F920462BF023FE21460246284650
:10A7740025F0F4FB284625F025FC724B724920464F
:10A784001A782BF0B1F920462BF012FE214602462E
:10A79400284625F0E3FB284625F014FC6B4B6C4956
:10A7A4002046D3ED007AB7EEE77A53EC172B2BF063
:10A7B4009BF920462BF0FCFD21460246284625F055
:10A7C400CDFB284625F0FEFB624B63492046D3EDC2
:10A7D400007AB7EEE77A53EC172B2BF085F9204675
:10A7E4002BF0E6FD21460246284625F0B7FB284615
:10A7F40025F0E8FB594B5A492046D3ED007AB7EED1
:10A80400E77A53EC172B2BF06FF920462BF0D0FD91
:10A8140021460246284625F0A1FB284625F0D2FB16
:10A82400504B51492046D3ED007AB7EEE77A53EC0A
:10A83400172B2BF059F920462BF0BAFD214602467E
:10A84400284625F08BFB284625F0BCFB474B48499E
:10A854002046D3ED007AB7EEE77A53EC172B2BF0B2
:10A8640043F920462BF0A4FD21460246284625F054
:10A8740075FB284625F0A6FB3E4B3F492046D3ED09
:10A88400007AB7EEE77A53EC172B2BF02DF920461C
:10A894002BF08EFD21460246284625F05FFB284614
:10A8A40025F090FB354B36492046D3ED007AB7EEC0
:10A8B400E77A53EC172B2BF017F920462BF078FD91
:10A8C40021460246284625F049FB284625F07AFB16
:10A8D4002C4B2D492046D3ED007A57E0007D002013
:10A8E400B0310020A4D40020C031002054CF002077
:10A8F400D031002064CF0020E431002074CF002048
:10A90400F43100206CCF0020083200207CD40020D9
:10A914001C32002094D4002034320020C4CC002007
:10A924004C320020BCCC002064320020D47B0020B8
:10A934007C320020DCCC002094320020E4CD0020C6
:10A94400AC32002014890220C0320020587C002040
:10A95400D4320020A87C0020EC320020787C002037
:10A9640008330020D0CC00202433002010CE002057
:10A974004033002000CE00205C330020F0CD0020C6
:10A984007833002020CE002094330020B7EEE77AFD
:10A9940053EC172B2BF0A8F820462BF009FD214689
:10A9A4000246284625F0DAFA284625F00BFBE74B49
:10A9B400E7492046D3ED007AB7EEE77A53EC172B3C
:10A9C4002BF092F820462BF0F3FC21460246284651
:10A9D40025F0C4FA284625F0F5FADE4BDE49204678
:10A9E400D3ED007AB7EEE77A53EC172B2BF07CF813
:10A9F40020462BF0DDFC21460246284625F0AEFA1F
:10AA0400284625F0DFFAD54BD5492046D3ED007A08
:10AA1400B7EEE77A53EC172B2BF066F820462BF0B1
:10AA2400C7FC21460246284625F098FA284625F018
:10AA3400C9FACC4BCC4920461A782BF055F820465D
:10AA44002BF0B6FC21460246284625F087FA284614
:10AA540025F0B8FAC54BC6492046D3ED007AB7EEC7
:10AA6400E77A53EC172B2BF03FF820462BF0A0FC91
:10AA740021460246284625F071FA284625F0A2FA16
:10AA8400BC4BBD492046D3ED007AB7EEE77A53ECD0
:10AA9400172B2BF029F820462BF08AFC214602467E
:10AAA400284625F05BFA284625F08CFAB34BB449C6
:10AAB4002046D3ED007AB7EEE77A53EC172B2BF050
:10AAC40013F820462BF074FC21460246284625F054
:10AAD40045FA284625F076FAAA4BAB492046D3ED31
:10AAE400007AB7EEE77A53EC172B2AF0FDFF2046E5
:10AAF4002BF05EFC21460246284625F02FFA284614
:10AB040025F060FAA14BA2492046D3ED007AB7EEB6
:10AB1400E77A53EC172B2AF0E7FF20462BF048FC8A
:10AB240021460246284625F019FA284625F04AFA15
:10AB3400984B99492046D3ED007AB7EEE77A53EC67
:10AB4400172B2AF0D1FF20462BF032FC2146024677
:10AB5400284625F003FA284625F034FA8F4B90490D
:10AB64002046D3ED007AB7EEE77A53EC172B2AF0A0
:10AB7400BBFF20462BF01CFC21460246284625F04C
:10AB8400EDF9284625F01EFA864B87492046D3ED79
:10AB9400007AB7EEE77A53EC172B2AF0A5FF20468C
:10ABA4002BF006FC21460246284625F0D7F9284614
:10ABB40025F008FA7D4B7E492046D3ED007AB7EEA6
:10ABC400E77A53EC172B2AF08FFF20462BF0F0FB8B
:10ABD40021460246284625F0C1F9284625F0F2F917
:10ABE400744B75492046D3ED007AB7EEE77A53ECFF
:10ABF400172B2AF079FF20462BF0DAFB2146024678
:10AC0400284625F0ABF9284625F0DCF96B4B6C4956
:10AC14002046D3ED007AB7EEE77A53EC172B2AF0EF
:10AC240063FF20462BF0C4FB21460246284625F04C
:10AC340095F9284625F0C6F9624B634920461A78EF
:10AC44002AF052FF20462BF0B3FB21460246284649
:10AC540025F084F9284625F0B5F95C4B5C4920467B
:10AC6400D3ED007AB7EEE77A53EC172B2AF03CFFCA
:10AC740020462BF09DFB21460246284625F06EF91E
:10AC8400284625F09FF9534B53492046D3ED007ACB
:10AC9400B7EEE77A53EC172B2AF026FF20462BF069
:10ACA40087FB21460246284625F058F9284625F018
:10ACB40089F94A4B4A492046D3ED007AB7EEE77A40
:10ACC40053EC172B2AF010FF20462BF071FB214682
:10ACD4000246284625F042F9284625F073F9414BEF
:10ACE40041492046D3ED007AB7EEE77A53EC172BAF
:10ACF4002AF0FAFE20462BF05BFB2146024628464A
:10AD040025F02CF9284625F05DF9384B38492046C2
:10AD1400D3ED007AB7EEE77A53EC172B2AF0E4FE72
:10AD240020462BF045FB21460246284625F016F91D
:10AD3400284625F047F92F4B2F492046D3ED007ABA
:10AD4400B7EEE77A53EC172B58E000BF80D400200D
:10AD5400B033002098D40020CC330020D87B0020CE
:10AD6400E83300201589022008340020607C00208C
:10AD74001C340020AC7C0020343400207C7C002077
:10AD840050340020D4CC00206C34002014CE002099
:10AD94008834002004CE0020A4340020F4CD002008
:10ADA400C034002024CE0020DC34002084D40020D1
:10ADB400F83400209CD4002014350020DC7B0020D3
:10ADC400303500201289022050350020487C0020B4
:10ADD40068350020A07C002080350020707C002095
:10ADE4009C350020C8CC0020BC35002008CE0020B3
:10ADF400DC350020F8CD0020F83500202AF074FE60
:10AE040020462BF0D5FA21460246284625F0A6F81E
:10AE1400284625F0D7F8E74BE7492046D3ED007ADA
:10AE2400B7EEE77A53EC172B2AF05EFE20462BF0A0
:10AE3400BFFA21460246284625F090F8284625F018
:10AE4400C1F8DE4BDE492046D3ED007AB7EEE77A4F
:10AE540053EC172B2AF048FE20462BF0A9FA214682
:10AE64000246284625F07AF8284625F0ABF8D54B5B
:10AE7400D5492046D3ED007AB7EEE77A53EC172B89
:10AE84002AF032FE20462BF093FA21460246284649
:10AE940025F064F8284625F095F8CC4BCC4920469B
:10AEA400D3ED007AB7EEE77A53EC172B2AF01CFEA9
:10AEB40020462BF07DFA21460246284625F04EF81E
:10AEC400284625F07FF8C34BC3492046D3ED007ACA
:10AED400B7EEE77A53EC172B2AF006FE20462BF048
:10AEE40067FA21460246284625F038F8284625F018
:10AEF40069F8BA4BBA4920461A782AF0F5FD20467B
:10AF04002BF056FA21460246284625F027F8284613
:10AF140025F058F8B34BB4492046D3ED007AB7EE88
:10AF2400E77A53EC172B2AF0DFFD20462BF040FA8A
:10AF340021460246284625F011F8284625F042F815
:10AF4400AA4BAB492046D3ED007AB7EEE77A53EC2F
:10AF5400172B2AF0C9FD20462BF02AFA2146024677
:10AF6400284624F0FBFF284625F02CF8A14BA249E3
:10AF74002046D3ED007AB7EEE77A53EC172B2AF08C
:10AF8400B3FD20462BF014FA21460246284624F04D
:10AF9400E5FF284625F016F8984B99492046D3ED4D
:10AFA400007AB7EEE77A53EC172B2AF09DFD204682
:10AFB4002BF0FEF921460246284624F0CFFF28460E
:10AFC40025F000F88F4B90492046D3ED007AB7EE78
:10AFD400E77A53EC172B2AF087FD20462BF0E8F98B
:10AFE40021460246284624F0B9FF284624F0EAFF09
:10AFF400864B87492046D3ED007AB7EEE77A53ECC7
:10B00400172B2AF071FD20462BF0D2F92146024677
:10B01400284624F0A3FF284624F0D4FF7D4B7E4924
:10B024002046D3ED007AB7EEE77A53EC172B2AF0DB
:10B034005BFD20462BF0BCF921460246284624F04D
:10B044008DFF284624F0BEFF744B75492046D3ED8E
:10B05400007AB7EEE77A53EC172B2AF045FD204629
:10B064002BF0A6F921460246284624F077FF28460D
:10B0740024F0A8FF6B4B6C492046D3ED007AB7EE61
:10B08400E77A53EC172B2AF02FFD20462BF090F98A
:10B0940021460246284624F061FF284624F092FF08
:10B0A400624B63492046D3ED007AB7EEE77A53EC5E
:10B0B400172B2AF019FD20462BF07AF92146024677
:10B0C400284624F04BFF284624F07CFF594B5A496C
:10B0D4002046D3ED007AB7EEE77A53EC172B2AF02B
:10B0E40003FD20462BF064F921460246284624F04D
:10B0F40035FF284624F066FF504B51492046D3EDD6
:10B10400007AB7EEE77A53EC172B2AF0EDFC2046D1
:10B114002BF04EF921460246284624F01FFF28460C
:10B1240024F050FF474B48492046D3ED007AB7EE50
:10B13400E77A53EC172B2AF0D7FC20462BF038F98A
:10B1440021460246284624F009FF284624F03AFF07
:10B154003E4B3F492046D3ED007AB7EEE77A53ECF5
:10B16400172B2AF0C1FC20462BF022F92146024677
:10B17400284624F0F3FE284624F024FF354B3649B4
:10B184002046D3ED007AB7EEE77A53EC172B2AF07A
:10B19400ABFC20462BF00CF921460246284624F04D
:10B1A400DDFE284624F00EFF2C4B2D4920461A784C
:10B1B40058E000BFE8CD00201436002018CE00204F
:10B1C4003436002070D400205436002088D4002067
:10B1D40074360020C87B0020943600201389022096
:10B1E400B4360020507C0020CC360020A47C002003
:10B1F400E4360020747C002000370020CCCC0020F2
:10B20400203700200CCE002040370020FCCD002049
:10B214005C370020ECCD0020783700201CCE0020C5
:10B224009837002074D40020B83700208CD4002034
:10B23400D8370020CC7B0020F83700203CCF0020FA
:10B2440018380020887C00202C38002038CF0020BB
:10B2540044380020C47B0020583800201089022084
:10B264006C3800202AF040FC20462BF0A1F821463F
:10B274000246284624F072FE284624F0A3FEE44B3E
:10B28400E4492046D3ED007AB7EEE77A53EC172B66
:10B294002AF02AFC20462BF08BF821460246284649
:10B2A40024F05CFE284624F08DFEDB4BDB4920466F
:10B2B4001A782AF019FC20462BF07AF82146024627
:10B2C400284624F04BFE284624F07CFED44BD54976
:10B2D40020461A782AF008FC20462BF069F821460B
:10B2E4000246284624F03AFE284624F06BFECE4B54
:10B2F400CE4920461A782AF0F7FB20462BF058F85E
:10B3040021460246284624F029FE284624F05AFE07
:10B31400C74BC84920461A782AF0E6FB20462BF092
:10B3240047F821460246284624F018FE284624F011
:10B3340049FEC14BC14920461A782AF0D5FB204664
:10B344002BF036F821460246284624F007FE28460C
:10B3540024F038FEBA4BBB492046D3ED007AB7EE51
:10B36400E77A53EC172B2AF0BFFB20462BF020F88A
:10B3740021460246284624F0F1FD284624F022FE08
:10B38400B14BB24920461A782AF0AEFB20462BF086
:10B394000FF821460246284624F0E0FD284624F012
:10B3A40011FEAB4BAB492046D3ED007AB7EEE77AFA
:10B3B40053EC172B2AF098FB20462AF0F9FF21467C
:10B3C4000246284624F0CAFD284624F0FBFDA24B81
:10B3D400A2492046D3ED007AB7EEE77A53EC172B57
:10B3E4002AF082FB20462AF0E3FF21460246284643
:10B3F40024F0B4FD284624F0E5FD994B99492046F4
:10B40400D3ED007AB7EEE77A53EC172B2AF06CFBF6
:10B4140020462AF0CDFF21460246284624F09EFD10
:10B42400284624F0CFFD904B90492046D3ED007A76
:10B43400B7EEE77A53EC172B2AF056FB20462AF096
:10B44400B7FF21460246284624F088FD284624F00A
:10B45400B9FD874B87492046D3ED007AB7EEE77AEA
:10B4640053EC172B2AF040FB20462AF0A1FF21467B
:10B474000246284624F072FD284624F0A3FD7E4BA4
:10B484007E492046D3ED007AB7EEE77A53EC172BCA
:10B494002AF02AFB20462AF08BFF21460246284642
:10B4A40024F05CFD284624F08DFD754B754920463B
:10B4B400D3ED007AB7EEE77A53EC172B2AF014FB9E
:10B4C40020462AF075FF21460246284624F046FD10
:10B4D400284624F077FD6C4B6C492046D3ED007A66
:10B4E400B7EEE77A53EC172B2AF0FEFA20462AF03F
:10B4F4005FFF21460246284624F030FD284624F00A
:10B5040061FD634B63492046D3ED007AB7EEE77AD9
:10B5140053EC172B2AF0E8FA20462AF049FF21467B
:10B524000246284624F01AFD284624F04BFD5A4BC7
:10B534005A492046D3ED007AB7EEE77A53EC172B3D
:10B544002AF0D2FA20462AF033FF21460246284642
:10B5540024F004FD284624F035FD514B5149204682
:10B56400D3ED007AB7EEE77A53EC172B2AF0BCFA46
:10B5740020462AF01DFF21460246284624F0EEFC10
:10B58400284624F01FFD484B48492046D3ED007A55
:10B59400B7EEE77A53EC172B2AF0A6FA20462AF0E6
:10B5A40007FF21460246284624F0D8FC284624F00A
:10B5B40009FD3F4B3F492046D3ED007AB7EEE77AC9
:10B5C40053EC172B2AF090FA20462AF0F1FE21467C
:10B5D4000246284624F0C2FC284624F0F3FC364BED
:10B5E40036492046D3ED007AB7EEE77A53EC172BB1
:10B5F4002AF07AFA20462AF0DBFE21460246284643
:10B6040024F0ACFC284624F0DDFC2D4B5AE000BFAE
:10B61400ACD400207C380020CC8E00209038002050
:10B62400CB8E0020A438002011890220BC380020D1
:10B63400D08E0020C8380020CA8E0020D4380020C4
:10B644002C8D0020EC380020C88E0020FC3800200F
:10B65400A8D400200C390020B87B00202039002019
:10B6640040CF002030390020E0CC002048390020B1
:10B67400F4CC002064390020FCCC00208039002068
:10B68400E4CC00209C390020F8CC0020B8390020FC
:10B6940000CD0020D4390020ECCC0020F03900206B
:10B6A400F0CC0020103A0020E8CC00202C3A0020F6
:10B6B40010CD00204C3A002004CD0020683A002030
:10B6C400387C002066492046D3ED007AB7EEE77A4D
:10B6D40053EC172B2AF008FA20462AF069FE21467B
:10B6E4000246284624F03AFC284624F06BFC5D4BC5
:10B6F4005D492046D3ED007AB7EEE77A53EC172B79
:10B704002AF0F2F920462AF053FE21460246284642
:10B7140024F024FC284624F055FC544B544920467C
:10B72400D3ED007AB7EEE77A53EC172B2AF0DCF965
:10B7340020462AF03DFE21460246284624F00EFC0F
:10B74400284624F03FFC4B4B4B492046D3ED007A6E
:10B75400B7EEE77A53EC172B2AF0C6F920462AF005
:10B7640027FE21460246284624F0F8FB284624F00A
:10B7740029FC424B42492046D3ED007AB7EEE77AE2
:10B7840053EC172B2AF0B0F920462AF011FE21467B
:10B794000246284624F0E2FB284624F013FC394BE9
:10B7A40039492046D3ED007AB7EEE77A53EC172BEC
:10B7B4002AF09AF920462AF0FBFD21460246284643
:10B7C40024F0CCFB284624F0FDFB304B30492046C6
:10B7D400D3ED007AB7EEE77A53EC172B2AF084F90D
:10B7E40020462AF0E5FD21460246284624F0B6FB11
:10B7F400284624F0E7FB274B27492046D3ED007A5F
:10B80400B7EEE77A53EC172B2AF06EF920462AF0AC
:10B81400CFFD21460246284624F0A0FB284624F00A
:10B82400D1FB1E4B9FED1E7A2046D3ED077A1D49AE
:10B83400F8EEE77A67EE877AB7EEE77A53EC172BE0
:10B844002AF052F920462AF0B3FD21460246284642
:10B8540024F084FB2846BDE8384024F0B3BB00BF85
:10B86400843A002008CD00209C3A00200CCD002012
:10B87400B83A00203C7C0020D03A00201CCD0020A7
:10B88400EC3A002018CD0020083B002020CD0020F9
:10B89400283B002014CD0020443B002064E4002019
:10B8A40000010030603B00200F4A125C08B50346DB
:10B8B4003AB19A220D490E4802FB031125F0BCFA55
:10B8C40008BD02460B490C482AF00EF90A482AF032
:10B8D4006FFD09490246094824F040FB0748BDE8CA
:10B8E400084024F06FBB00BF8068022000002020C5
:10B8F40010890020E82F0020846C0220747D002031
:10B904002DE9F04FFE219DB0BA4814F00BFA00283F
:10B9140000F0B081B84CB94DB64FC4F1000ADFF85D
:10B92400088310E008AE0023114604AA30460893A9
:10B9340016F0D6FDF0B900239A3504F8013FB04B58
:10B94400A34200F021810AEB0402414604A82AF034
:10B95400CBF8D7F88424002AE4D1D7F88814002936
:10B96400E9D008AE1346149204AA304614F0D6FE69
:10B974000028E0D0002304AAA249304618F0DAFFD8
:10B984001A9B002B00F011815C20002625F0EEFAB2
:10B994000A9A099B8146026118309DF82C209A4925
:10B9A40000F8042C994A40F80C3C40F8181C0CA9E7
:10B9B40040F8146C40F8102C18F060FED9F80420FC
:10B9C40093490CA80132934BC9F85860924EC9F8B8
:10B9D4000420C9F808100193089318F091FE326905
:10B9E400002A00F0D4805168013951600291002985
:10B9F40042D11068C36A8948834240F02A81906D1D
:10BA040028B1039229F08CF8DDE902129165116DD9
:10BA1400002900F0148102F1180018F071FED6F824
:10BA240010B0BBF1000F27D0DBF800207C4952682E
:10BA34008A4240F01C81744ADBF85800CBF800209D
:10BA440020B129F06DF80022CBF85820DBF8502003
:10BA5400002A00F004810BF118021046029218F03B
:10BA64004FFE029A019B1046CBF8083018F048FEAE
:10BA740058465C2125F080FAC6F81090B9F1000F01
:10BA84007AD0D9F80020674993688B4240F08880C7
:10BA9400D9F85000002800F09A809A22294616F01E
:10BAA40073FDD6F81090B9F1000F65D0D9F80020D5
:10BAB400D26ADFF868B15A4540F09980D9F8580045
:10BAC40020B129F02DF80022C9F85820D9F85020C7
:10BAD400002A00F0868009F1180018F011FED6F84B
:10BAE4001090D9F80430013BC9F804300293002BBC
:10BAF40040D1D9F80010C96A594540F09D80D9F861
:10BB0400580020B129F00CF8029BC9F85830D9F834
:10BB14005030002B00F08A8009F1180018F0F0FD75
:10BB2400D6F810B0BBF1000F24D0DBF800303C4A4B
:10BB34005B68934240F09080334BDBF85800CBF8BD
:10BB4400003020B128F0ECFF0023CBF85830DBF8AC
:10BB540050300BF11809002B76D0484618F0D0FD70
:10BB6400019B4846CBF8083018F0CAFD5C215846C2
:10BB740025F002FA0023336101239A3504F8013FCA
:10BB84001F4BA3427FF4DFAE1DB0BDE8F08FD9F8A0
:10BB9400002024499368C6F810908B423FF478AF94
:10BBA40048469A22294698477BE7DDF86C90B9F11C
:10BBB400000F7FF4E9AE174B0CA8174E01930893BE
:10BBC40018F09EFD3269002A7FF40DAFD4E7D9F84E
:10BBD400540000283FF46CAF9A22294614F0FAF975
:10BBE4005FE7D9F85420002A7FF475AF77E7484619
:10BBF400904774E778CF00207F680220000020205F
:10BC0400FF6802207CCF00200C4400206844002000
:10BC1400E843002050410020AC8900201D080000AA
:10BC2400310F0000ED0C00008C2D0020D9F85430A9
:10BC3400002B7FF471AF73E74846884770E7516D76
:10BC440000297FF4E8AEEAE6DBF85430002B84D117
:10BC540086E710469847E2E6584698478AE7DBF8B5
:10BC64005420002A7FF4F7AE0BF11802FAE6584686
:10BC7400904701E71C220449044824F06FF9034863
:10BC840024F0A0F946E600BF6C2D0020747D00204E
:10BC9400A54B1B5C2DE9F04305469BB0002B00F03F
:10BCA4006781A24E0246A24902A829F01DFFD6F8D8
:10BCB4008424002A00F0078106AC0023114602AA5E
:10BCC4002046069316F00CFC002840F00A8144F24A
:10BCD400022302AA9749204618F02CFE189B002B39
:10BCE40000F06F815C20002625F040F9924A04465A
:10BCF400466002601830DFF87482DDE9071340F80B
:10BD0400083C9DF8243040F80C1C0AA900F8043CB7
:10BD14008A4B40F8103C18F0B1FC6368884A0AA8C2
:10BD24000133A665874EA2606360CDF8188018F0D1
:10BD3400E7FC3769002F00F02E817B68013B7B60B4
:10BD44000193002B35D13A687F49D26A8A4240F088
:10BD54006A81B86D18B128F0E3FE019BBB653B6DA9
:10BD6400002B00F05B8107F1180018F0C9FC37695B
:10BD7400FFB13B68754A5B68934240F061816E4B4A
:10BD8400B86D3B6018B128F0CBFE0023BB653B6D5A
:10BD940007F11809002B00F04981484618F0B0FC5F
:10BDA4004846C7F8088018F0ABFC38465C2125F0FB
:10BDB400E3F83461002C00F0AC802368644A1B6B08
:10BDC400934240F0A180236D002B00F00B810622EA
:10BDD4006049614824F0C2F800230A229A215E488F
:10BDE40024F00CF95C4824F0EDF83469002C62D09E
:10BDF4009A22236859495A4802FB0511DD68854295
:10BE040040F00181206D002800F0F18016F0E0FF81
:10BE14003469002C4FD02368DB6A4B4FBB4240F09F
:10BE2400FA80A06D18B128F07BFE0023A365236D72
:10BE3400002B00F0E38004F1180018F061FC356970
:10BE44006C68013C6C60002C33D12B68DB6ABB420C
:10BE540040F0F980A86D10B128F062FEAC652B6D3E
:10BE6400002B00F0E88005F1180018F049FC346953
:10BE7400FCB12368354A5B68934240F0E7802E4B5F
:10BE8400A06D236018B128F04BFE0023A365236D39
:10BE940004F11805002B00F0B980284618F030FC96
:10BEA4002846C4F8088018F02BFC5C21204625F0B5
:10BEB40063F80023336107222A49274824F04EF807
:10BEC4001BB0BDE8F083D6F88814002965D006AC11
:10BED4001346129202AA204614F020FC00283FF4D4
:10BEE400F6AED6F88434002B59D0002219462046E9
:10BEF4000123069202AA16F0F3FA00283FF4E7AEF3
:10BF0400204617F0F3FBE2E62046984700287FF42A
:10BF14005EAF15221449104824F020F80E4824F08E
:10BF240051F81BB0BDE8F0838068022078CF002070
:10BF34008C2D00207CCF00200C440020684400207D
:10BF4400E8430020AC8900201D080000310F0000E8
:10BF540009080000442E0020747D002000002020E9
:10BF6400650D0000642E00204C2E0020504100205E
:10BF740002463849384829F0B7FD37482AF018FAFC
:10BF840035490246354823F0E9FF34481BB0BDE883
:10BF9400F04324F017B834610FE706AC97E6D6F8FF
:10BFA400881400293FF493AE129302AA0123204679
:10BFB40014F0B4FB00283FF48AAE204614F012FCBF
:10BFC40085E6199C002C7FF48DAEDFF898800AA8D2
:10BFD400234ECDF8188018F093FB3769002F7FF4B7
:10BFE400ACAE96E7636D002B7FF4F1AE91E7606D24
:10BFF40000283FF411AF14F0BFFF09E7636D002B75
:10C004007FF419AF1BE72046A84701E7636D002BB7
:10C014007FF443AF44E72046984710E77B6D002B3D
:10C024007FF4A1AEA3E638469047A0E67B6D002BD3
:10C034007FF4B3AEB4E66B6D002B7FF414AF16E758
:10C0440038469847B5E62846984710E7204698476B
:10C054002FE700BF182E0020846C0220747D00207E
:10C06400AC89002050410020AA4B1B5C2DE9F04311
:10C0740005469BB0002B00F07381A74E0246A749EA
:10C0840002A829F031FDD6F88424002A00F0118199
:10C0940006AC0023114602AA2046069316F020FAA5
:10C0A400002840F0148144F2022302AA9C4920464D
:10C0B40018F040FC189B002B00F07B815C200026CC
:10C0C40024F054FF974A0446466002601830DFF8B3
:10C0D4008C82DDE9071340F8083C9DF8243040F8D1
:10C0E4000C1C0AA900F8043C8F4B40F8103C18F0D3
:10C0F400C5FA63688D4A0AA80133A6658C4EA2600E
:10C104006360CDF8188018F0FBFA3769002F00F04F
:10C114003A817B68013B7B600193002B35D13A68FF
:10C124008449D26A8A4240F07A81B86D18B128F005
:10C13400F7FC019BBB653B6D002B00F06B8107F1A5
:10C14400180018F0DDFA3769FFB13B687A4A5B687A
:10C15400934240F07181734BB86D3B6018B128F085
:10C16400DFFC0023BB653B6D07F11809002B00F0D1
:10C174005981484618F0C4FA4846C7F8088018F0B0
:10C18400BFFA38465C2124F0F7FE3461002C00F03D
:10C19400B6802368694A1B6B934240F0AB80236DE1
:10C1A400002B00F0178106226549664823F0D6FE6D
:10C1B40000230A229A21634823F020FF614823F0D8
:10C1C40001FF3469002C61D023685F4ADF6897421D
:10C1D40040F01381206D002800F001819A225B4910
:10C1E40016F0F6FD3469002C50D02368DB6ADFF8C2
:10C1F40044914B4540F00B81A06D18B128F090FCA0
:10C204000023A365236D002B00F0F28004F11800D5
:10C2140018F076FA37697C68013C7C60002C33D1D5
:10C224003B68DB6A4B4540F00A81B86D10B128F0D9
:10C2340077FCBC653B6D002B00F0F98007F118001A
:10C2440018F05EFA3469FCB123683B4A5B68934298
:10C2540040F0F880334BA06D236018B128F060FCE7
:10C264000023A365236D04F11807002B00F0CA8096
:10C27400384618F045FA3846C4F8088018F040FAF1
:10C284005C21204624F078FE002333612A4630499D
:10C29400304829F029FC2F482AF08AF82D49024613
:10C2A400284823F05BFE274823F08CFE1BB0BDE832
:10C2B400F083D6F88814002967D006AC134612928E
:10C2C40002AA204614F02AFA00283FF4ECAED6F86D
:10C2D4008434002B5BD000221946204601230692A9
:10C2E40002AA16F0FDF800283FF4DDAE204617F050
:10C2F400FDF9D8E62046984700287FF454AF15226C
:10C304001549104823F02AFE0E4823F05BFE1BB0AB
:10C31400BDE8F0838068022078CF00208C2D0020B7
:10C324007CCF00200C44002068440020E843002017
:10C33400AC8900201D080000310F0000090800002E
:10C34400442E0020747D0020650D000074880020B8
:10C35400E03B0020846C02204C2E00205041002041
:10C3640002463A493A4829F0BFFB39482AF020F8F6
:10C3740037490246374823F0F1FD36481BB0BDE883
:10C38400F04323F01FBE346103E706AC8BE6D6F816
:10C39400881400293FF487AE129302AA0123204691
:10C3A40014F0BCF900283FF47EAE204614F01AFACB
:10C3B40079E6199C002C7FF481AEDFF8A4800AA8EA
:10C3C400254ECDF8188018F09BF93769002F7FF4BB
:10C3D400A0AE94E7636D002B7FF4E5AE8FE7606D4C
:10C3E40000283FF403AF9A221C4914F0C5FDF9E676
:10C3F400636D002B7FF40AAF0CE720469A2217499D
:10C40400B847EFE6636D002B7FF432AF33E7204685
:10C414009847FFE67B6D002B7FF491AE93E6384698
:10C42400904790E67B6D002B7FF4A3AEA4E67B6D72
:10C43400002B7FF403AF05E738469847A5E6384656
:10C444009847FFE6204698471EE700BFB83B002008
:10C45400846C0220747D0020AC8900207488002044
:10C4640050410020AD4B1B5C2DE9F04305469BB0C9
:10C47400002B00F07B81AA4E0246AA4902A829F0AB
:10C4840033FBD6F88424002A00F0168106AC00237E
:10C49400114602AA2046069316F022F8002840F01E
:10C4A400198144F2022302AA9F49204618F042FA55
:10C4B400189B002B00F083815C20002624F056FD9D
:10C4C4009A4A0446466002601830DFF89C82DDE92F
:10C4D400071340F8083C9DF8243040F80C1C0AA9C6
:10C4E40000F8043C924B40F8103C18F0C7F863681D
:10C4F400904A0AA80133A6658F4EA2606360CDF806
:10C50400188018F0FDF83769002F00F042817B682D
:10C51400013B7B600193002B35D13A688749D26A8D
:10C524008A4240F08281B86D18B128F0F9FA019B73
:10C53400BB653B6D002B00F0738107F1180018F008
:10C54400DFF83769FFB13B687D4A5B68934240F08E
:10C554007981764BB86D3B6018B128F0E1FA00237D
:10C56400BB653B6D07F11809002B00F0618148465B
:10C5740018F0C6F84846C7F8088018F0C1F83846DD
:10C584005C2124F0F9FC3461002C00F0BB802368AA
:10C594006C4A1B6B934240F0B080236D002B00F07B
:10C5A4001F8106226849694823F0D8FC00230A2227
:10C5B4009A21664823F022FD644823F003FD346980
:10C5C400002C61D02368624ADF68974240F01B81E7
:10C5D400206D002800F009819A225E4916F0F8FBCC
:10C5E4003469002C50D02368DB6ADFF850914B4546
:10C5F40040F01381A06D18B128F092FA0023A365CE
:10C60400236D002B00F0FA8004F1180018F078F87C
:10C6140037697C68013C7C60002C33D13B68DB6A61
:10C624004B4540F01281B86D10B128F079FABC6521
:10C634003B6D002B00F0018107F1180018F060F841
:10C644003469FCB123683E4A5B68934240F0008140
:10C65400364BA06D236018B128F062FA0023A3655D
:10C66400236D04F11807002B00F0D280384618F02F
:10C6740047F83846C4F8088018F042F85C21204690
:10C6840024F07AFC002333612A463349334829F0E5
:10C694002BFA30499A22324824F0CEFB2F4829F055
:10C6A40087FE2E490246294823F058FC274823F0E8
:10C6B40089FC1BB0BDE8F083D6F8881400296AD041
:10C6C40006AC1346129202AA204614F027F800285A
:10C6D4003FF4E7AED6F88434002B5ED0002219462E
:10C6E40020460123069202AA15F0FAFE00283FF420
:10C6F400D8AE204616F0FAFFD3E620469847002825
:10C704007FF44FAF15221749104823F027FC0F4838
:10C7140023F058FC1BB0BDE8F08300BF8068022002
:10C7240078CF00208C2D00207CCF00200C440020EA
:10C7340068440020E8430020AC8900201D08000064
:10C74400310F000009080000442E0020747D0020F1
:10C75400650D0000308D0020E03B0020846C022039
:10C76400108900204C2E00205041002002463A49F6
:10C774003A4829F0B9F9394829F01AFE37490246EE
:10C78400374823F0EBFB36481BB0BDE8F04323F0F9
:10C7940019BC3461FBE606AC83E6D6F8881400299C
:10C7A4003FF47FAE129302AA0123204613F0B6FF92
:10C7B40000283FF476AE204614F014F871E6199C74
:10C7C400002C7FF479AEDFF8A4800AA8254ECDF8BA
:10C7D400188017F095FF3769002F7FF498AE91E722
:10C7E400636D002B7FF4DDAE8CE7606D00283FF4B1
:10C7F400FBAE9A221C4914F0BFFBF1E6636D002BDB
:10C804007FF402AF04E720469A221749B847E7E6C7
:10C81400636D002B7FF42AAF2BE720469847F7E699
:10C824007B6D002B7FF489AE8BE63846904788E613
:10C834007B6D002B7FF49BAE9CE67B6D002B7FF41D
:10C84400FBAEFDE6384698479DE638469847F7E63E
:10C854002046984716E700BFB83B0020846C0220AE
:10C86400747D0020AC890020308D002050410020D0
:10C874000F4A125C08B503463AB19A220D490E4894
:10C8840002FB031124F0D8FA08BD02460B490C48F8
:10C8940029F02AF90A4829F08BFD0949024609487A
:10C8A40023F05CFB0748BDE8084023F08BBB00BFC6
:10C8B4008068022000002020308D0020E82F002016
:10C8C400846C0220747D00209A220349034808B531
:10C8D40024F0B2FA08BD00BF10890020748800203B
:10C8E4002DE9F04705469AB0AC492A4602A829F03A
:10C8F400FBF8002302AAAA4906A818F01BF8189B03
:10C90400002B00F00B815C20002624F02FFBA54AAD
:10C914000446466002601830DFF8BC82DDE9071384
:10C9240040F8083C9DF8243040F80C1C0AA900F893
:10C93400043C9D4B40F8103C17F0A0FE63689B4AF2
:10C944000AA80133A6659A4EA2606360CDF81880E8
:10C9540017F0D6FE3769002F00F0DE807B68013BBC
:10C964007B600193002B35D13A689249D26A8A429E
:10C9740040F00C81B86D18B128F0D2F8019BBB656A
:10C984003B6D002B00F0E88007F1180017F0B8FEAB
:10C994003769FFB13B68884A5B68934240F0248161
:10C9A400804BB86D3B6018B128F0BAF80023BB6522
:10C9B4003B6D07F11809002B00F0EB80484617F097
:10C9C4009FFE4846C7F8088017F09AFE38465C2157
:10C9D40024F0D2FA3461002C00F093802368774A63
:10C9E4001B6B934240F08980236D002B00F0A780DD
:10C9F4009A237349346903FB05112368714A9B68C0
:10CA0400934240F0BE80206D002800F09D809A2261
:10CA140015F0BAFD04463769002F57D03B68DFF89C
:10CA24009491DB6A4B4540F0A980B86D18B128F0A9
:10CA340077F80023BB653B6D002B00F09A8007F16B
:10CA4400180017F05DFED6F810A0DAF80470013F64
:10CA5400CAF80470002F37D1DAF80030DB6A4B458E
:10CA640040F0C580DAF8580018B128F059F8CAF82F
:10CA74005870DAF85030002B00F0B0800AF118003A
:10CA840017F03EFE3769FFB13B684B4A5B6893423F
:10CA940040F0B580434BB86D3B6018B128F040F8C6
:10CAA4000023BB653B6D07F11809002B00F0A28041
:10CAB400484617F025FE4846C7F8088017F020FEC0
:10CAC4005C21384624F058FA0023336107223E499A
:10CAD4003E4823F043FA21463C4823F067FA3B489A
:10CAE40023F070FA3A4B012228465A55FEF7DCFE31
:10CAF400FCF7A2F91AB0BDE8F08720469847002851
:10CB04002FD113223349314823F028FA2F4823F038
:10CB140059FA1AB0BDE8F08734615FE7199C002C1C
:10CB24007FF4F1AEDFF8B0800AA8214ECDF818806A
:10CB340017F0E6FD3769002F7FF410AFE1E7636D6E
:10CB4400002B7FF455AFDCE7606D00285AD09A22A1
:10CB540013F040FA04465EE77B6D002B7FF414AFBC
:10CB640016E73469002CB1D09A23154903FB05114B
:10CB740043E77B6D002B7FF462AF64E73846984748
:10CB840061E720469A229847044644E7384690478E
:10CB9400FEE67B6D002B7FF411AF12E78C2D002095
:10CBA4007CCF00200C44002068440020E84300208F
:10CBB400AC8900201D080000310F000009080000A6
:10CBC40000002020ED0C0000AC2D0020747D00201E
:10CBD40080680220982D002050410020DAF854305B
:10CBE400002B7FF44BAF4DE738469847F2E65046AA
:10CBF400984747E77B6D002B7FF45AAF5BE73846D5
:10CC0400984761E74FF0FF3405E700BF2DE9F04F87
:10CC140000249DB0044E054F054DDFF818B0DFF831
:10CC24001880019421E100BF8068022000002020C8
:10CC3400AC8900208C2D0020846C0220194600232E
:10CC440004AA08A8089315F04BFC002800F02481DE
:10CC5400002304AABC4908A817F06CFE1A9B002BF9
:10CC640000F0AA825C204FF0000924F07FF9099AB1
:10CC740082460CA9C26018300A9A40F8149C40F805
:10CC8400082C9DF82C2000F8042CB04A40F8182CED
:10CC9400AF4A40F8102C17F0F1FCDAF80420AD4B41
:10CCA4000CA80132CAF858900893CAF80420AA4A7A
:10CCB400CAF8082017F024FD2A69002A00F06E82C1
:10CCC4005168013951600291002942D11068C36A48
:10CCD400A248834240F0FD82906D28B1039227F070
:10CCE4001FFFDDE902129165116D002900F0C78272
:10CCF40002F1180017F004FDD5F81090B9F1000FF7
:10CD040027D0D9F80020964952688A4240F000831F
:10CD14008E4AD9F85800C9F8002020B127F000FF46
:10CD24000022C9F85820D9F85020002A00F0DF82E8
:10CD340009F118021046029217F0E2FC029A854BA0
:10CD44001046C9F8083017F0DBFC48465C2124F093
:10CD540013F9C5F810A0BAF1000F7BD0DAF800205F
:10CD6400804993688B4240F02282DAF85000002810
:10CD740000F042829A22394615F006FCD5F810A03C
:10CD8400BAF1000F66D0DAF80020D26ADFF8CC914D
:10CD94004A4540F04D82DAF8580020B127F0C0FE31
:10CDA4000022CAF85820DAF85020002A00F02E8217
:10CDB4000AF1180017F0A4FCD5F810A0DAF8043032
:10CDC400013BCAF804300293002B41D1DAF8001079
:10CDD400C96A494540F04382DAF8580020B127F087
:10CDE4009FFE029BCAF85830DAF85030002B00F04E
:10CDF4002B820AF1180017F083FCD5F81090B9F1D2
:10CE0400000F25D0D9F80030554A5B68934240F0B2
:10CE140063824E4BD9F85800C9F8003020B127F08E
:10CE24007FFE0023C9F85830D9F8503009F1180AA8
:10CE3400002B00F04582504617F062FC454B5046EB
:10CE4400C9F8083017F05CFC48465C2124F094F8DB
:10CE540000232B61019B01330193012333700134BF
:10CE640001369A37802C00F0D8802246594604A80F
:10CE740028F03AFE3C4BD3F88434002B7FF4DEAE2A
:10CE8400394AD2F8881439B104AA08A8149313F0C3
:10CE940045FC00287FF4DCAE22463449404628F0A5
:10CEA40023FE404629F084FA41460246304823F0E6
:10CEB40055F82F4823F086F844F2022304AA2249A5
:10CEC40008A817F037FD1A9B002B00F085815C2021
:10CED4004FF0000A24F04AF8099A81460CA9C2606E
:10CEE40018300A9A40F814AC40F8082C9DF82C200D
:10CEF40000F8042C154A40F8182C154A40F8102C58
:10CF040017F0BCFB134B0CA8C9F858A00893D9F828
:10CF140004300133C9F804300F4BC9F8083017F056
:10CF2400EFFB2B69002B00F08B805A68013A5A60A2
:10CF34000292002A59D119680848C96A814240F00E
:10CF4400C581986DE0B115E07CCF00200C44002031
:10CF54006844002050410020E84300201D080000E0
:10CF6400310F0000ED0C000078CF0020E82E0020E7
:10CF7400747D0020039327F0D3FDDDE902239A6535
:10CF84001A6D002A00F0768103F1180017F0B8FB3F
:10CF9400D5F810A0BAF1000F27D0DAF80020BA496A
:10CFA40052688A4240F0B181B84ADAF85800CAF8A7
:10CFB400002020B127F0B4FD0022CAF85820DAF886
:10CFC4005020002A00F08B810AF1180210460292C8
:10CFD40017F096FB029AAE4B1046CAF8083017F0C9
:10CFE4008FFB50465C2123F0C7FFC5F81090B9F1C0
:10CFF400000F27D11522A749A748013422F0AEFF1C
:10D00400A54822F0DFFF0023802C06F1010606F874
:10D01400013C07F19A077FF428AF019A9F49A04881
:10D0240028F062FD9E4829F0C3F99D4902469A48BA
:10D0340022F094FF984822F0C5FF1DB0BDE8F08FA0
:10D04400C5F81090D9F80030964A1B6B934240F013
:10D05400E980D9F85030002B00F0DE800622924996
:10D064008D4822F07BFF00230A229A218A4822F06D
:10D07400C5FF894822F0A6FF2B69002B76D01A68D9
:10D084008A49D2F80C90894540F0EF80186D002849
:10D0940000F0D1809A22864915F09AFE2B69002B64
:10D0A40064D01A68D26ADFF814924A4540F0DA80F4
:10D0B400986D28B1029327F033FD0022029B9A65F4
:10D0C4001A6D002A00F0C68003F1180017F018FB4F
:10D0D400D5F810A0DAF80430013BCAF80430029302
:10D0E400002B41D1DAF80010C96A494540F0138198
:10D0F400DAF8580020B127F013FD029BCAF8583023
:10D10400DAF85030002B00F0FA800AF1180017F01A
:10D11400F7FAD5F81090B9F1000F25D0D9F80030FE
:10D12400594A5B68934240F0FF80584BD9F8580045
:10D13400C9F8003020B127F0F3FC0023C9F85830B7
:10D14400D9F8503009F1180A002B00F0E780504656
:10D1540017F0D6FA4E4B5046C9F8083017F0D0FAFB
:10D1640048465C2123F008FF00232B6122465149E5
:10D17400404628F0B9FC9A224D49384623F05CFE1B
:10D1840001234046337029F013F9414602464248D0
:10D1940022F0E4FE404822F015FF60E6DAF80020B1
:10D1A40045499368C5F810A08B423FF4DEAD504664
:10D1B4009A2239469847E1E5DDF86CA0BAF1000FF0
:10D1C4007FF450AD324B0CA8089317F099FA2A69F2
:10D1D400002A7FF475AD3DE6DDF86C90B9F1000FDF
:10D1E4007FF475AE2A4B0CA8089317F089FA2B69C3
:10D1F400002B7FF49AAEFDE6DAF8540000283FF4E1
:10D20400C4AD9A22394612F0E5FEB7E5DAF85420A7
:10D21400002A7FF4CDADCFE5D9F85430002B7FF44C
:10D224001DAFE7E64846984700283FF4E3AE15E70C
:10D2340050469047C0E5586D00283FF433AF9A221A
:10D244001B4913F099FE29E7DAF85430002B7FF4D8
:10D25400D0ADD2E55A6D002A7FF436AF38E7504698
:10D264008847CAE51846904732E718469A2210497B
:10D27400C84713E75A6D002A7FF486AE88E6516DDD
:10D2840000297FF435AD37E5310F00000C44002050
:10D29400504100204C2E0020747D0020282F0020B7
:10D2A400846C022009080000442E0020650D000053
:10D2B40074880020E03B0020ED0C00001D080000F5
:10D2C400D9F85430002B7FF4B6ADB7E5184688473B
:10D2D4005EE6104698470FE548469847B8E5DAF801
:10D2E4005420002A7FF470AE0AF1180273E6D9F8CC
:10D2F4005420002A7FF41CAD09F118021FE5DAF866
:10D304005430002B7FF401AF03E7504690476CE69E
:10D31400484690471DE550468847FAE6D9F8543008
:10D32400002B7FF414AF15E7484698471CE700BF6D
:10D334002DE9F0419AB00022744902A828F0D4FBE8
:10D34400734BD3F88424002A00F0FA8006AC00233F
:10D35400114602AA2046069315F0C2F8002800F0F0
:10D36400FC80002302AA6B49204617F0E3FA189BBD
:10D37400002B00F01A825C20002523F0F7FD664B99
:10D384009DF8242004460360644B45600275836065
:10D39400DDE90761C0E903610AA9183017F06EF9E5
:10D3A40063685F4A0AA80133A5655E4E5E4DA260BC
:10D3B4006360069617F0A4F92F69002F00F0F3813B
:10D3C4007B68013B7B600193002B34D13A68574959
:10D3D400D26A8A4240F07E82B86D18B127F0A0FB71
:10D3E400019BBB653B6D002B00F0628207F11800C6
:10D3F40017F086F92F69F7B13B684D4A5B68934291
:10D4040040F07B82444BB86D3B6018B127F088FB39
:10D414000023BB653B6D07F11808002B00F0658203
:10D42400404617F06DF94046BE6017F069F95C217B
:10D43400384623F0A1FD2C61002C60D023683D4ABE
:10D444009B68934240F00982206D002800F0BC8163
:10D454003D22394915F098F82C69002C4FD02368E7
:10D46400DFF8C880DB6A434540F0F481A06D18B151
:10D4740027F056FB0023A365236D002B00F0E58104
:10D4840004F1180017F03CF92F697C68013C7C60BA
:10D49400002C32D13B68DB6A434540F00182B86D11
:10D4A40010B127F03DFBBC653B6D002B00F0F08113
:10D4B40007F1180017F024F92C69F4B123681C4A09
:10D4C4005B68934240F00982134BA06D236018B14E
:10D4D40027F026FB0023A365236D04F11807002B16
:10D4E40000F0F081384617F00BF93846A66017F0C3
:10D4F40007F95C21204623F03FFD00232B610F4BED
:10D5040001221A701AB0BDE8F08100BF402F00203C
:10D5140078CF00207CCF00200C44002068440020F9
:10D52400E843002050410020AC8900201D08000081
:10D53400310F0000ED0C0000248A00202E89022007
:10D54400D3F8881406AC41B113461292204602AABD
:10D5540013F0E4F800287FF404AFA2490022A248A3
:10D5640028F0C2FAA04828F023FF9F4902469F48AA
:10D5740022F0F4FC9D4822F025FD44F2022302AA85
:10D584009B49204617F0D6F9189B002B00F04E81DA
:10D594005C20002523F0EAFC964B9DF824200446E9
:10D5A4000360954B456002758360DDE90761C0E95E
:10D5B40003610AA9183017F061F863688F4A0AA852
:10D5C4000133A5658E4E8F4DA2606360069617F0F9
:10D5D40097F82F69002F00F0E4807B68013B7B60A3
:10D5E4000193002B34D13A688749D26A8A4240F0C9
:10D5F4006E81B86D18B127F093FA019BBB653B6D42
:10D60400002B00F05A8107F1180017F079F82F6900
:10D61400F7B13B687D4A5B68934240F06B81754B80
:10D62400B86D3B6018B127F07BFA0023BB653B6DF6
:10D6340007F11808002B00F05381404617F060F8FA
:10D644004046BE6017F05CF85C21384623F094FC39
:10D654002C61002C00F0978023686D4A1B6B934269
:10D6640040F08C80236D002B00F0B78006226949BE
:10D674005E4822F073FC00230A223D215B4822F01D
:10D68400BDFC5A4822F09EFC2C69002C60D0236813
:10D69400614ADF68974240F00681206D002800F05F
:10D6A400E1803D225D4915F093FB2C69002C4FD09D
:10D6B4002368DB6ADFF85081434540F0EE80A06DBB
:10D6C40018B127F02DFA0023A365236D002B00F079
:10D6D400DA8004F1180017F013F82F697C68013C14
:10D6E4007C60002C32D13B68DB6A434540F0088102
:10D6F400B86D10B127F014FABC653B6D002B00F037
:10D70400BA8007F1180016F0FBFF2C69F4B1236806
:10D714003E4A5B68934240F0B380364BA06D236071
:10D7240018B127F0FDF90023A365236D04F1180750
:10D73400002B00F0E880384616F0E2FF3846A66079
:10D7440016F0DEFF5C21204623F016FC00232B613B
:10D7540033490022244828F0C7F9324B01222248D9
:10D764001A7028F025FE20490246204822F0F6FBD4
:10D774001E4822F027FC1AB0BDE8F08120469847E5
:10D7840000287FF473AF15222749184822F0E6FBDE
:10D79400164822F017FC234B00221A701AB0BDE879
:10D7A400F0812C6158E72C6148E6199C002C7FF429
:10D7B400E2AD134E0AA8134D069616F0A1FF2F6989
:10D7C400002F7FF4FDAD9AE6606D002800F0A08084
:10D7D4003D22124912F0FEFB3EE6636D002B7FF4FE
:10D7E40045AFD0E7482F0020846C0220747D0020D0
:10D7F4007CCF00200C44002068440020E843002033
:10D8040050410020AC8900201D080000310F0000A9
:10D8140009080000442E0020650D0000248A002021
:10D82400842F00202E8902204C2E0020199C002CCD
:10D834007FF4AEAE374E0AA8374D069616F060FF59
:10D844002F69002F7FF4C9AE9DE7636D002B7FF431
:10D8540017AE19E62046984716E63D2220462F4982
:10D864009847F9E5606D00283FF423AF3D222B492A
:10D8740013F082FB19E77B6D002B7FF442AF44E782
:10D884002046984762E7636D002B7FF422AF24E7BC
:10D894007B6D002B7FF40CAE0EE6204698471CE708
:10D8A4003846984708E63D2220461C49B847FCE61E
:10D8B4007B6D002B7FF49AAD9CE57B6D002B7FF490
:10D8C400A2AEA4E6636D002B7FF40CAE0DE63846E1
:10D8D40090479CE6384690478CE5204698470CE6EE
:10D8E4007B6D002B7FF4A9AEAAE67B6D002B7FF441
:10D8F40097AD98E538469847AAE6384698479AE59A
:10D904003846984701E7636D002B7FF414AF15E7A1
:10D914002C69A4E550410020AC890020248A002011
:10D92400A84B1A782DE9F0419AB0002A00F07E81C4
:10D93400A54D0022A54902A828F0D6F8D5F88424DC
:10D94400002A00F01C8106AC0023114602AA2046DE
:10D95400069314F0C5FD002840F0208144F2022310
:10D9640002AA9B49204616F0E5FF189B002B00F005
:10D9740083815C20002523F0F9FA964B9DF824203E
:10D9840004460360944B456002758360934FDDE960
:10D994000761C0E903610AA9183016F06FFE6368D5
:10D9A4008F4A0AA80133A5658E4DA260636006976D
:10D9B40016F0A6FE2E69002E00F04A817368013B22
:10D9C40073600193002B34D132688749D26A8A424A
:10D9D40040F08881B06D18B127F0A2F8019BB365BF
:10D9E400336D002B00F0798106F1180016F088FEE3
:10D9F4002E69F6B133687D4A5B68934240F07F81BB
:10DA0400744BB06D336018B127F08AF80023B36506
:10DA1400336D06F11808002B00F06781404616F0BC
:10DA24006FFE4046B76016F06BFE5C21304623F073
:10DA3400A3FA2C61002C00F0EE8023686C4A1B6B67
:10DA4400934240F0E380236D002B00F02481694B66
:10DA5400694C1A685968226061601A8A996822823E
:10DA6400A16053F80D2CD968C4F81320E16033F891
:10DA7400052C997C53F8093CA4F81B200622A174B8
:10DA8400C4F817305D495E4822F068FA00230A2280
:10DA94003D215B4822F0B2FA594822F093FA2E69EC
:10DAA400002E62D03368574AD3F80C80904540F07A
:10DAB4000681306D002800F0F3803D22A4F120019E
:10DAC40015F086F92E69002E4FD03368DB6ADFF833
:10DAD4001881434540F0FE80B06D18B127F020F85E
:10DAE4000023B365336D002B00F0E48006F11800C9
:10DAF40016F006FE2E697468013C7460002C32D165
:10DB04003368DB6A434540F0FD80B06D10B127F007
:10DB140007F8B465336D002B00F0EC8006F11800B3
:10DB240016F0EEFD2C69F4B12368304A5B68934229
:10DB340040F0EB80274BA06D236018B126F0F0FF76
:10DB44000023A365236D04F11806002B00F0BD80AB
:10DB5400304616F0D5FD3046A76016F0D1FD5C21A5
:10DB6400204623F009FA00232B6107222649244882
:10DB740022F0F4F9FFF7DCFB1AB0BDE8F081D5F828
:10DB8400881406AC00293FF4E9AE134612922046ED
:10DB940002AA12F0C3FD00283FF4E0AED5F88424B5
:10DBA400002A57D000201146012302AA06902046DD
:10DBB40014F096FC00283FF4D1AE204615F096FDF3
:10DBC400CCE600BF2E89022078CF0020402F002011
:10DBD4007CCF00200C4400206844002050410020E9
:10DBE400E8430020AC8900201D080000310F00002C
:10DBF400090800009789002054880020442E002042
:10DC0400747D0020650D0000642E00202046984796
:10DC140000287FF41CAF15223D493E4822F09EF9AE
:10DC24003C4822F0CFF91AB0BDE8F0813A493B48AC
:10DC340027F05AFF394828F0BBFB384902463548DB
:10DC440022F08CF933481AB0BDE8F04122F0BAB999
:10DC54002C61F2E6D5F8881400293FF47FAE1292C5
:10DC6400012302AA204612F059FD00283FF476AEA3
:10DC7400204612F0B7FD71E6199C002C7FF479AEB2
:10DC8400274F0AA8274D069716F03AFD2E69002E55
:10DC94007FF494AEBFE7636D002B7FF4D8AEBAE790
:10DCA400706D00283FF412AF3D22A4F1200113F05F
:10DCB40063F907E7736D002B7FF418AF1AE7A4F13B
:10DCC400200130463D22C047FCE6636D002B7FF403
:10DCD4003FAF40E7304698470CE7736D002B7FF465
:10DCE40083AE85E63046904782E6736D002B7FF461
:10DCF40095AE96E6736D002B7FF410AF12E73046B5
:10DD0400984796E6304698470CE7204698472AE716
:10DD14004C2E0020747D0020AC2F0020846C022047
:10DD240050410020AC89002008B50C4B0C49186800
:10DD34000C4A434200F07F0003F07F0358BF58426F
:10DD44000B5C10602BB1FDF7AFFDBDE80840FBF79D
:10DD540073B8BDE80840FEF7C3BD00BF5469022094
:10DD6400806802202CE20020074A08B51068074B9F
:10DD74001B5C2BB1FDF798FDBDE80840FBF75CB8D0
:10DD8400BDE80840FEF7ACBD2CE20020806802200C
:10DD94000C4B0D4A1B68D25C92B10C4A11688B4241
:10DDA4000AD00B490020136008709A21094A0A48D6
:10DDB40001FB032128F03ABA054A1278002AF4D06C
:10DDC400704700BF685A0220806802206C5A022003
:10DDD4003389022000002020085A02200C4B0D4AEF
:10DDE4001B68D25C92B10C4A11688B420AD00B4971
:10DDF4000020136008709A21094A0A4801FB032194
:10DE040028F014BA054A1278002AF4D0704700BFEB
:10DE1400046D022080680220086D022033890220EC
:10DE240000002020085A022070B51B4D0E460446FF
:10DE34001A492A781A4827F057FE2B782BB1032C5D
:10DE440021D8DFE804F014171A1D032C1DD8DFE8CD
:10DE540004F00B0805021348304470BD12483044E6
:10DE640070BD1248304470BD1148304470BD114833
:10DE7400304470BD1048304470BD1048304470BD0B
:10DE84000F48304470BD002070BD22460D4904483F
:10DE940027F02AFE002070BDD88E0020D42F002049
:10DEA400846C0220578A0020528A00204D8A002068
:10DEB400448A002097890020A0890020A589002099
:10DEC4008A890020602C00204B4B1B78403B322B6E
:10DED40023D8DFE803F01A2D222222222222363F01
:10DEE40048512222225A636C2222222222227522A3
:10DEF40022222222222222222222222222222222FE
:10DF04002222222222227E8724003C493C4B3D4A85
:10DF1400097812780B4483F82020FAF78DBF37492B
:10DF2400374B384A097812780B4483F89520F4E784
:10DF34003249334B334A097812780B4483F8322040
:10DF4400EBE72E492E4B2F4A097812780B4483F8BD
:10DF54004420E2E729492A4B2A4A097812780B44DB
:10DF640083F85020D9E72549254B264A09781278A9
:10DF74000B4483F85C20D0E72049214B214A0978DF
:10DF840012780B4483F86820C7E71C491C4B1D4AD0
:10DF9400097812780B4483F87420BEE71749184BAC
:10DFA400184A097812780B4483F87720B5E71349A7
:10DFB400134B144A097812780B4483F87A20ACE79F
:10DFC4000E490F4B0F4A097812780B4483F88420CA
:10DFD400A3E70A490A4B0B4A097812780B4483F8E1
:10DFE40087209AE70549064B064A097812780B44BC
:10DFF40083F8902091E700BF4989022048890220D4
:10E0040010890020478902202DE9F04F037887B05A
:10E014000A46F02B11D0AA49AA4827F065FDA94861
:10E0240028F0C6F9A7490246A74821F097FFA64859
:10E0340007B0BDE8F04F21F0C5BFCE29044600F07B
:10E044004F810729E7D10379402B40F0268142799B
:10E054009E4B02EBC2009E495A7100EB0010104423
:10E0640051F8009000F12005441800F15C06C3F853
:10E074000C9005EB010E4D5900F1500700F14408D6
:10E08400C3F82F5000F16805D4F8049005EB010A99
:10E09400C3F81090D4F80890C3F8149000F1320932
:10E0A400019609EB010C51F80960D4F80C90029622
:10E0B4007E18C3F81890D4F81090C3F81C90D4F8C4
:10E0C4001490C3F82090D4F81890C3F82490B4F8AE
:10E0D4001C90A3F8289000F17A09A47F873083F874
:10E0E4002A40DEF80440C3F83340DEF80840C3F8A1
:10E0F4003740DEF80C40C3F83B40BEF810404FF008
:10E104009A0EA3F83F4008EB01040596019E0EFB0E
:10E11400021209EB010E06EB010BDCF80460039616
:10E12400DCF808600496029E5E64039E9E64049E6E
:10E13400DE6451F80880C3F85980CF599F6603F113
:10E14400CE07019E8E59C3F877604D595E4EC3F8D1
:10E154008650DCF80C501D65BCF81050A3F85450E0
:10E164006568C3F85D50A468C3F86140059D6C6898
:10E17400DC66AC681C67DBF80440C3F87B40DBF862
:10E184000840C3F87F40DAF80440C3F88A40DAF85C
:10E194000840C3F88E40441892F8745083F89550A0
:10E1A40051F809500958C3F8A150C3F8B410217AA2
:10E1B40060681C4683F8BC1092F89010C3F8B8004D
:10E1C40083F8C01092F8751083F8961092F87610C0
:10E1D40083F8971092F8771083F89B1092F87810D0
:10E1E40083F89C1092F8791083F89D10DEF80410DF
:10E1F400C3F8A510BEF80810A3F8A91092F884106B
:10E2040083F8AE1092F8851083F8AF1092F8861058
:10E2140083F8B01092F8911083F8C11092F892101C
:10E2240083F8C21092F8931083F8C31092F89410F4
:10E2340083F8C41092F8951083F8C81092F89610D9
:10E2440083F8C91092F8971083F8CA1092F89810BE
:10E2540083F8CB1092F8992083F8CC2001E021F0C8
:10E2640093FC14F8015B0F2D25D9294600231022B5
:10E27400304621F0C3FEBC424FF020013046EED1BF
:10E2840001221449104821F069FE0022CE210F48D2
:10E2940007B0BDE8F04F24F097B814220E490A489D
:10E2A40021F05CFE102221790023074821F0A6FE0C
:10E2B4000F220A49B8E63021304621F065FCD4E744
:10E2C400942E0020846C0220747D0020CC8D0020CC
:10E2D400000020200C4000206C2E0020842E002002
:10E2E4000379002B00F0A480202BD6D1B74D00F188
:10E2F4000B02A5F11F00034612F8011F03F8011BCE
:10E304009D42F9D1B24B04F12E0203F1120512F829
:10E31400011F03F8011B9D42F9D1AE4B04F14302E6
:10E3240003F1120512F8011F03F8011BAB42F9D1E6
:10E3340004F15803A84A04F1640513F8011FAB4221
:10E3440002F8011FF9D104F16703A44A04F173052B
:10E3540013F8011F9D4202F8011FF9D104F176035D
:10E364009F4A04F1820513F8011FAB4202F8011F12
:10E37400F9D104F185039B4A04F1910513F8011FB7
:10E38400AB4202F8011FF9D194F8963004F1AA05C2
:10E3940094F8972094F8951080F8753080F87620DA
:10E3A40094F89B3094F89D2080F8741080F87730AE
:10E3B40004F1A00394F89C1080F879208A4A80F82C
:10E3C400781013F8011F9D4202F8011FF9D194F847
:10E3D400AE2094F8AF3094F8B01080F8842080F820
:10E3E400853004F1B30380F8861004F1BC007F4A41
:10E3F40013F8011F834202F8011FF9D104F1BF038E
:10E404007B4A04F1C40013F8011F984202F8011F6B
:10E41400F9D104F1C703774ACC3413F8011F9C42A5
:10E4240002F8011FF9D107B0BDE8F04FFAF704BDB7
:10E4340090F905304079002BC0F2C48000EBC0068F
:10E444006D4D04F10B0304F12A0706EB061606448E
:10E45400721E2A4413F8011FBB4202F8011FF9D1AE
:10E4640006F11F0204F12E0304F140072A4413F8B5
:10E47400011FBB4202F8011FF9D106F1310204F178
:10E48400430304F155072A4413F8011F9F4202F87D
:10E49400011FF9D106F1430204F1580304F16407A2
:10E4A4002A4413F8011FBB4202F8011FF9D106F1F7
:10E4B4004F0204F1670304F173072A4413F8011FA0
:10E4C4009F4202F8011FF9D106F15B0204F17603C1
:10E4D40004F182072A4413F8011FBB4202F8011F0A
:10E4E400F9D106F1670204F1850304F191072A4486
:10E4F40013F8011FBB4202F8011FF9D19A2194F8C5
:10E50400953006F1790201FB00512A4481F87430F8
:10E5140094F8963081F8753094F8973081F8763015
:10E5240094F89B3081F8773094F89C3081F87830F7
:10E5340004F1A00394F89D7081F8797004F1AA079E
:10E5440013F8011F9F4202F8011FF9D19A2194F890
:10E55400AE3006F1860201FB00512A4481F8843072
:10E5640094F8AF3081F8853004F1B30394F8B070B7
:10E5740081F8867004F1BC0713F8011FBB4202F84E
:10E58400011FF9D106F18F0204F1BF0304F1C4079E
:10E594002A4413F8011FBB4202F8011FF9D1943633
:10E5A40004F1C703CC34354413F8012F9C4205F819
:10E5B400012FF9D1114B01221A5407B0BDE8F04FD5
:10E5C400FDF766BB07B0BDE8F08F00BF2F890020C0
:10E5D4003089002042890020538900205F8900206F
:10E5E4006B89002077890020898900209689002082
:10E5F4009F890020A4890020000020208068022038
:10E60400704700BF704700BF704700BF38B500F1C6
:10E614000805D0F8B4300446284698474FF6FD73F1
:10E62400984201D9012038BD0346B4F8BA20B4F8A1
:10E63400B810284610F028FB94F89030032BF1D83A
:10E64400DFE803F0140E0802B4F8BA301B1AA4F879
:10E65400BA30E7E7B4F8B8301B1AA4F8B830E1E7E9
:10E66400B4F8BA301844A4F8BA00DBE7B4F8B83008
:10E674001844A4F8B800D5E710B50446806E26F017
:10E684004FFAA06D26F04CFAA06C26F049FAA06B64
:10E6940026F046FA204610BD10B50446D0F82403EF
:10E6A40026F03EFAD4F8E40226F03AFAD4F8A002AE
:10E6B40026F036FAD4F8600226F032FAD4F8600173
:10E6C40026F02EFAD4F8500126F02AFAD4F84001A4
:10E6D40026F026FAD4F8300126F022FAD4F8D00035
:10E6E40026F01EFAD4F8C40026F01AFAD4F8B800BA
:10E6F40026F016FAD4F8AC0026F012FAD4F8A000EA
:10E7040026F00EFAD4F8940026F00AFAD4F8880019
:10E7140026F006FAE06F26F003FA206F26F000FADE
:10E72400606E26F0FDF9A06D26F0FAF9E06C26F093
:10E73400F7F9204610BD00BF70B50021064620F051
:10E7440033FD48B304461DF073FA0546F8B1D0F81A
:10E754000822002A21DDA31C011D03EB420E8C4676
:10E7640033F9020F07EE900A7345F8EEE77AECEC02
:10E77400017AF5D108469FED0A0A24F0ADFE304631
:10E78400002229461DF0CEFA28461DF0A7FA20469D
:10E79400BDE8704020F0BCBC70BD011DEAE700BFBD
:10E7A4000000003838B5002105461DF0EBFA90B1A1
:10E7B400011D0446D0F8082295ED0B0A084624F002
:10E7C4008BFE2846214600221DF0ACFA2046BDE807
:10E7D40038401DF083BA38BDF8B5002106461DF057
:10E7E400C5FAC8B3044620F03DFC074678B3D4F814
:10E7F4000822002A23DD231D9FED1B7ADFED1B6A0F
:10E8040000F1020C03EB820E194D08E0F4EEE67AF7
:10E81400F1EE10FA21DA73452CF8022F0FD0F3EC45
:10E82400017A2A4667EE877AF4EEC77AF1EE10FA97
:10E83400ECD447F6A67273452CF8022FEFD130467C
:10E844000022394620F08CFC384620F061FC20463A
:10E85400BDE8F8401DF042BAF8BDFDEEE77A17EEC8
:10E86400902A12B2D7E700BF004CFF46004CFFC607
:10E874005A80FFFF2DE9F047002A4ED004460D468A
:10E884008F180026DFF89C9000F108084FF6FD7AF7
:10E8940003E00120AF42064420D0236815F8011B91
:10E8A4001B684B4515D1D4F8B430404698475045C1
:10E8B400EFD80346B4F8BA20B4F8B810404610F0C4
:10E8C400E3F994F89030032BE3D8DFE803F01F1842
:10E8D400110A20469847AF420644DED13046BDE8CF
:10E8E400F087B4F8BA301B1A0120A4F8BA30D1E783
:10E8F400B4F8B8301B1A0120A4F8B830CAE7B4F849
:10E90400BA301844A4F8BA000120C3E7B4F8B83008
:10E914001844A4F8B8000120BCE716463046BDE808
:10E92400F08700BF9DBD0000224BD3F8BC20D2E984
:10E934000010D3680968006810B41842946801EAAA
:10E9440004012ED0137C03F00303D9B943F0080368
:10E954009908013B11740D2B0BD8DFE803F00D0768
:10E964001C070A160D0D160A071C070D5369013BF7
:10E9740053615DF8044B704753695DF8044B0133F0
:10E984005361704743F00403E0E753695DF8044BB7
:10E99400023B5361704753695DF8044B0233536182
:10E9A4007047137C03F003030029D1D043F0040320
:10E9B400CEE700BF60D90020224BD3F8C020D2E9B3
:10E9C4000010D3680968006810B41842946801EA1A
:10E9D40004012ED0137C03F00303D9B943F00803D8
:10E9E4009908013B11740D2B0BD8DFE803F00D07D8
:10E9F4001C070A160D0D160A071C070D5369013B67
:10EA040053615DF8044B704753695DF8044B01335F
:10EA14005361704743F00403E0E753695DF8044B26
:10EA2400023B5361704753695DF8044B02335361F1
:10EA34007047137C03F003030029D1D043F004038F
:10EA4400CEE700BF60D90020224BD3F8C420D2E91E
:10EA54000010D3680968006810B41842946801EA89
:10EA640004012ED0137C03F00303D9B943F0080347
:10EA74009908013B11740D2B0BD8DFE803F00D0747
:10EA84001C070A160D0D160A071C070D5369013BD6
:10EA940053615DF8044B704753695DF8044B0133CF
:10EAA4005361704743F00403E0E753695DF8044B96
:10EAB400023B5361704753695DF8044B0233536161
:10EAC4007047137C03F003030029D1D043F00403FF
:10EAD400CEE700BF60D90020224BD3F8C820D2E98A
:10EAE4000010D3680968006810B41842946801EAF9
:10EAF40004012ED0137C03F00303D9B943F00803B7
:10EB04009908013B11740D2B0BD8DFE803F00D07B6
:10EB14001C070A160D0D160A071C070D5369013B45
:10EB240053615DF8044B704753695DF8044B01333E
:10EB34005361704743F00403E0E753695DF8044B05
:10EB4400023B5361704753695DF8044B02335361D0
:10EB54007047137C03F003030029D1D043F004036E
:10EB6400CEE700BF60D90020224BD3F8CC20D2E9F5
:10EB74000010D3680968006810B41842946801EA68
:10EB840004012ED0137C03F00303D9B943F0080326
:10EB94009908013B11740D2B0BD8DFE803F00D0726
:10EBA4001C070A160D0D160A071C070D5369013BB5
:10EBB40053615DF8044B704753695DF8044B0133AE
:10EBC4005361704743F00403E0E753695DF8044B75
:10EBD400023B5361704753695DF8044B0233536140
:10EBE4007047137C03F003030029D1D043F00403DE
:10EBF400CEE700BF60D90020224BD3F8D020D2E961
:10EC04000010D3680968006810B41842946801EAD7
:10EC140004012ED0137C03F00303D9B943F0080395
:10EC24009908013B11740D2B0BD8DFE803F00D0795
:10EC34001C070A160D0D160A071C070D5369013B24
:10EC440053615DF8044B704753695DF8044B01331D
:10EC54005361704743F00403E0E753695DF8044BE4
:10EC6400023B5361704753695DF8044B02335361AF
:10EC74007047137C03F003030029D1D043F004034D
:10EC8400CEE700BF60D90020224BD3F8D420D2E9CC
:10EC94000010D3680968006810B41842946801EA47
:10ECA40004012ED0137C03F00303D9B943F0080305
:10ECB4009908013B11740D2B0BD8DFE803F00D0705
:10ECC4001C070A160D0D160A071C070D5369013B94
:10ECD40053615DF8044B704753695DF8044B01338D
:10ECE4005361704743F00403E0E753695DF8044B54
:10ECF400023B5361704753695DF8044B023353611F
:10ED04007047137C03F003030029D1D043F00403BC
:10ED1400CEE700BF60D90020224BD3F8D820D2E937
:10ED24000010D3680968006810B41842946801EAB6
:10ED340004012ED0137C03F00303D9B943F0080374
:10ED44009908013B11740D2B0BD8DFE803F00D0774
:10ED54001C070A160D0D160A071C070D5369013B03
:10ED640053615DF8044B704753695DF8044B0133FC
:10ED74005361704743F00403E0E753695DF8044BC3
:10ED8400023B5361704753695DF8044B023353618E
:10ED94007047137C03F003030029D1D043F004032C
:10EDA400CEE700BF60D90020214BDA6BD2E9001016
:10EDB400D3680968006810B41842946801EA040131
:10EDC4002ED0137C03F00303D9B943F00803990848
:10EDD400013B11740D2B0BD8DFE803F00D071C0762
:10EDE4000A160D0D160A071C070D5369013B5361E2
:10EDF4005DF8044B704753695DF8044B013353616C
:10EE0400704743F00403E0E753695DF8044B023BA9
:10EE14005361704753695DF8044B02335361704783
:10EE2400137C03F003030029D1D043F00403CEE79D
:10EE340060D90020214B1A6CD2E90010D36809680C
:10EE4400006810B41842946801EA04012ED0137CBF
:10EE540003F00303D9B943F008039908013B117483
:10EE64000D2B0BD8DFE803F00D071C070A160D0D58
:10EE7400160A071C070D5369013B53615DF8044BE7
:10EE8400704753695DF8044B01335361704743F095
:10EE94000403E0E753695DF8044B023B5361704798
:10EEA40053695DF8044B023353617047137C03F0DC
:10EEB40003030029D1D043F00403CEE760D9002036
:10EEC400214B5A6CD2E90010D3680968006810B469
:10EED4001842946801EA04012ED0137C03F0030362
:10EEE400D9B943F008039908013B11740D2B0BD8D1
:10EEF400DFE803F00D071C070A160D0D160A071CA0
:10EF0400070D5369013B53615DF8044B7047536926
:10EF14005DF8044B01335361704743F00403E0E7A9
:10EF240053695DF8044B023B5361704753695DF8C4
:10EF3400044B023353617047137C03F0030300292D
:10EF4400D1D043F00403CEE760D90020214B9A6C62
:10EF5400D2E90010D3680968006810B418429468B4
:10EF640001EA04012ED0137C03F00303D9B943F062
:10EF740008039908013B11740D2B0BD8DFE803F04B
:10EF84000D071C070A160D0D160A071C070D5369F9
:10EF9400013B53615DF8044B704753695DF8044BC2
:10EFA40001335361704743F00403E0E753695DF8AC
:10EFB400044B023B5361704753695DF8044B0233C1
:10EFC40053617047137C03F003030029D1D043F04D
:10EFD4000403CEE760D90020214BDA6CD2E900109B
:10EFE400D3680968006810B41842946801EA0401FF
:10EFF4002ED0137C03F00303D9B943F00803990816
:10F00400013B11740D2B0BD8DFE803F00D071C072F
:10F014000A160D0D160A071C070D5369013B5361AF
:10F024005DF8044B704753695DF8044B0133536139
:10F03400704743F00403E0E753695DF8044B023B77
:10F044005361704753695DF8044B02335361704751
:10F05400137C03F003030029D1D043F00403CEE76B
:10F0640060D90020214B1A6DD2E90010D3680968D9
:10F07400006810B41842946801EA04012ED0137C8D
:10F0840003F00303D9B943F008039908013B117451
:10F094000D2B0BD8DFE803F00D071C070A160D0D26
:10F0A400160A071C070D5369013B53615DF8044BB5
:10F0B400704753695DF8044B01335361704743F063
:10F0C4000403E0E753695DF8044B023B5361704766
:10F0D40053695DF8044B023353617047137C03F0AA
:10F0E40003030029D1D043F00403CEE760D9002004
:10F0F400214B5A6DD2E90010D3680968006810B436
:10F104001842946801EA04012ED0137C03F003032F
:10F11400D9B943F008039908013B11740D2B0BD89E
:10F12400DFE803F00D071C070A160D0D160A071C6D
:10F13400070D5369013B53615DF8044B70475369F4
:10F144005DF8044B01335361704743F00403E0E777
:10F1540053695DF8044B023B5361704753695DF892
:10F16400044B023353617047137C03F003030029FB
:10F17400D1D043F00403CEE760D90020214B9A6D2F
:10F18400D2E90010D3680968006810B41842946882
:10F1940001EA04012ED0137C03F00303D9B943F030
:10F1A40008039908013B11740D2B0BD8DFE803F019
:10F1B4000D071C070A160D0D160A071C070D5369C7
:10F1C400013B53615DF8044B704753695DF8044B90
:10F1D40001335361704743F00403E0E753695DF87A
:10F1E400044B023B5361704753695DF8044B02338F
:10F1F40053617047137C03F003030029D1D043F01B
:10F204000403CEE760D90020214BDA6DD2E9001067
:10F21400D3680968006810B41842946801EA0401CC
:10F224002ED0137C03F00303D9B943F008039908E3
:10F23400013B11740D2B0BD8DFE803F00D071C07FD
:10F244000A160D0D160A071C070D5369013B53617D
:10F254005DF8044B704753695DF8044B0133536107
:10F26400704743F00403E0E753695DF8044B023B45
:10F274005361704753695DF8044B0233536170471F
:10F28400137C03F003030029D1D043F00403CEE739
:10F2940060D90020214B1A6ED2E90010D3680968A6
:10F2A400006810B41842946801EA04012ED0137C5B
:10F2B40003F00303D9B943F008039908013B11741F
:10F2C4000D2B0BD8DFE803F00D071C070A160D0DF4
:10F2D400160A071C070D5369013B53615DF8044B83
:10F2E400704753695DF8044B01335361704743F031
:10F2F4000403E0E753695DF8044B023B5361704734
:10F3040053695DF8044B023353617047137C03F077
:10F3140003030029D1D043F00403CEE760D90020D1
:10F32400214B5A6ED2E90010D3680968006810B402
:10F334001842946801EA04012ED0137C03F00303FD
:10F34400D9B943F008039908013B11740D2B0BD86C
:10F35400DFE803F00D071C070A160D0D160A071C3B
:10F36400070D5369013B53615DF8044B70475369C2
:10F374005DF8044B01335361704743F00403E0E745
:10F3840053695DF8044B023B5361704753695DF860
:10F39400044B023353617047137C03F003030029C9
:10F3A400D1D043F00403CEE760D90020214B9A6EFC
:10F3B400D2E90010D3680968006810B41842946850
:10F3C40001EA04012ED0137C03F00303D9B943F0FE
:10F3D40008039908013B11740D2B0BD8DFE803F0E7
:10F3E4000D071C070A160D0D160A071C070D536995
:10F3F400013B53615DF8044B704753695DF8044B5E
:10F4040001335361704743F00403E0E753695DF847
:10F41400044B023B5361704753695DF8044B02335C
:10F4240053617047137C03F003030029D1D043F0E8
:10F434000403CEE760D90020214BDA6ED2E9001034
:10F44400D3680968006810B41842946801EA04019A
:10F454002ED0137C03F00303D9B943F008039908B1
:10F46400013B11740D2B0BD8DFE803F00D071C07CB
:10F474000A160D0D160A071C070D5369013B53614B
:10F484005DF8044B704753695DF8044B01335361D5
:10F49400704743F00403E0E753695DF8044B023B13
:10F4A4005361704753695DF8044B023353617047ED
:10F4B400137C03F003030029D1D043F00403CEE707
:10F4C40060D90020214B1A6FD2E90010D368096873
:10F4D400006810B41842946801EA04012ED0137C29
:10F4E40003F00303D9B943F008039908013B1174ED
:10F4F4000D2B0BD8DFE803F00D071C070A160D0DC2
:10F50400160A071C070D5369013B53615DF8044B50
:10F51400704753695DF8044B01335361704743F0FE
:10F524000403E0E753695DF8044B023B5361704701
:10F5340053695DF8044B023353617047137C03F045
:10F5440003030029D1D043F00403CEE760D900209F
:10F55400214B5A6FD2E90010D3680968006810B4CF
:10F564001842946801EA04012ED0137C03F00303CB
:10F57400D9B943F008039908013B11740D2B0BD83A
:10F58400DFE803F00D071C070A160D0D160A071C09
:10F59400070D5369013B53615DF8044B7047536990
:10F5A4005DF8044B01335361704743F00403E0E713
:10F5B40053695DF8044B023B5361704753695DF82E
:10F5C400044B023353617047137C03F00303002997
:10F5D400D1D043F00403CEE760D90020214B9A6FC9
:10F5E400D2E90010D3680968006810B4184294681E
:10F5F40001EA04012ED0137C03F00303D9B943F0CC
:10F6040008039908013B11740D2B0BD8DFE803F0B4
:10F614000D071C070A160D0D160A071C070D536962
:10F62400013B53615DF8044B704753695DF8044B2B
:10F6340001335361704743F00403E0E753695DF815
:10F64400044B023B5361704753695DF8044B02332A
:10F6540053617047137C03F003030029D1D043F0B6
:10F664000403CEE760D90020214BDA6FD2E9001001
:10F67400D3680968006810B41842946801EA040168
:10F684002ED0137C03F00303D9B943F0080399087F
:10F69400013B11740D2B0BD8DFE803F00D071C0799
:10F6A4000A160D0D160A071C070D5369013B536119
:10F6B4005DF8044B704753695DF8044B01335361A3
:10F6C400704743F00403E0E753695DF8044B023BE1
:10F6D4005361704753695DF8044B023353617047BB
:10F6E400137C03F003030029D1D043F00403CEE7D5
:10F6F40060D90020224BD3F88020D2E90010D368CF
:10F704000968006810B41842946801EA04012ED014
:10F71400137C03F00303D9B943F008039908013BB0
:10F7240011740D2B0BD8DFE803F00D071C070A1624
:10F734000D0D160A071C070D5369013B53615DF853
:10F74400044B704753695DF8044B013353617047B0
:10F7540043F00403E0E753695DF8044B023B536153
:10F76400704753695DF8044B023353617047137C4F
:10F7740003F003030029D1D043F00403CEE700BF14
:10F7840060D90020224BD3F88420D2E90010D3683A
:10F794000968006810B41842946801EA04012ED084
:10F7A400137C03F00303D9B943F008039908013B20
:10F7B40011740D2B0BD8DFE803F00D071C070A1694
:10F7C4000D0D160A071C070D5369013B53615DF8C3
:10F7D400044B704753695DF8044B01335361704720
:10F7E40043F00403E0E753695DF8044B023B5361C3
:10F7F400704753695DF8044B023353617047137CBF
:10F8040003F003030029D1D043F00403CEE700BF83
:10F8140060D90020224BD3F88820D2E90010D368A5
:10F824000968006810B41842946801EA04012ED0F3
:10F83400137C03F00303D9B943F008039908013B8F
:10F8440011740D2B0BD8DFE803F00D071C070A1603
:10F854000D0D160A071C070D5369013B53615DF832
:10F86400044B704753695DF8044B0133536170478F
:10F8740043F00403E0E753695DF8044B023B536132
:10F88400704753695DF8044B023353617047137C2E
:10F8940003F003030029D1D043F00403CEE700BFF3
:10F8A40060D90020224BD3F88C20D2E90010D36811
:10F8B4000968006810B41842946801EA04012ED063
:10F8C400137C03F00303D9B943F008039908013BFF
:10F8D40011740D2B0BD8DFE803F00D071C070A1673
:10F8E4000D0D160A071C070D5369013B53615DF8A2
:10F8F400044B704753695DF8044B013353617047FF
:10F9040043F00403E0E753695DF8044B023B5361A1
:10F91400704753695DF8044B023353617047137C9D
:10F9240003F003030029D1D043F00403CEE700BF62
:10F9340060D90020224BD3F89020D2E90010D3687C
:10F944000968006810B41842946801EA04012ED0D2
:10F95400137C03F00303D9B943F008039908013B6E
:10F9640011740D2B0BD8DFE803F00D071C070A16E2
:10F974000D0D160A071C070D5369013B53615DF811
:10F98400044B704753695DF8044B0133536170476E
:10F9940043F00403E0E753695DF8044B023B536111
:10F9A400704753695DF8044B023353617047137C0D
:10F9B40003F003030029D1D043F00403CEE700BFD2
:10F9C40060D90020224BD3F89420D2E90010D368E8
:10F9D4000968006810B41842946801EA04012ED042
:10F9E400137C03F00303D9B943F008039908013BDE
:10F9F40011740D2B0BD8DFE803F00D071C070A1652
:10FA04000D0D160A071C070D5369013B53615DF880
:10FA1400044B704753695DF8044B013353617047DD
:10FA240043F00403E0E753695DF8044B023B536180
:10FA3400704753695DF8044B023353617047137C7C
:10FA440003F003030029D1D043F00403CEE700BF41
:10FA540060D90020224BD3F89820D2E90010D36853
:10FA64000968006810B41842946801EA04012ED0B1
:10FA7400137C03F00303D9B943F008039908013B4D
:10FA840011740D2B0BD8DFE803F00D071C070A16C1
:10FA94000D0D160A071C070D5369013B53615DF8F0
:10FAA400044B704753695DF8044B0133536170474D
:10FAB40043F00403E0E753695DF8044B023B5361F0
:10FAC400704753695DF8044B023353617047137CEC
:10FAD40003F003030029D1D043F00403CEE700BFB1
:10FAE40060D90020224BD3F89C20D2E90010D368BF
:10FAF4000968006810B41842946801EA04012ED021
:10FB0400137C03F00303D9B943F008039908013BBC
:10FB140011740D2B0BD8DFE803F00D071C070A1630
:10FB24000D0D160A071C070D5369013B53615DF85F
:10FB3400044B704753695DF8044B013353617047BC
:10FB440043F00403E0E753695DF8044B023B53615F
:10FB5400704753695DF8044B023353617047137C5B
:10FB640003F003030029D1D043F00403CEE700BF20
:10FB740060D90020224BD3F8A020D2E90010D3682A
:10FB84000968006810B41842946801EA04012ED090
:10FB9400137C03F00303D9B943F008039908013B2C
:10FBA40011740D2B0BD8DFE803F00D071C070A16A0
:10FBB4000D0D160A071C070D5369013B53615DF8CF
:10FBC400044B704753695DF8044B0133536170472C
:10FBD40043F00403E0E753695DF8044B023B5361CF
:10FBE400704753695DF8044B023353617047137CCB
:10FBF40003F003030029D1D043F00403CEE700BF90
:10FC040060D90020224BD3F8A420D2E90010D36895
:10FC14000968006810B41842946801EA04012ED0FF
:10FC2400137C03F00303D9B943F008039908013B9B
:10FC340011740D2B0BD8DFE803F00D071C070A160F
:10FC44000D0D160A071C070D5369013B53615DF83E
:10FC5400044B704753695DF8044B0133536170479B
:10FC640043F00403E0E753695DF8044B023B53613E
:10FC7400704753695DF8044B023353617047137C3A
:10FC840003F003030029D1D043F00403CEE700BFFF
:10FC940060D90020224BD3F8A820D2E90010D36801
:10FCA4000968006810B41842946801EA04012ED06F
:10FCB400137C03F00303D9B943F008039908013B0B
:10FCC40011740D2B0BD8DFE803F00D071C070A167F
:10FCD4000D0D160A071C070D5369013B53615DF8AE
:10FCE400044B704753695DF8044B0133536170470B
:10FCF40043F00403E0E753695DF8044B023B5361AE
:10FD0400704753695DF8044B023353617047137CA9
:10FD140003F003030029D1D043F00403CEE700BF6E
:10FD240060D90020224BD3F8AC20D2E90010D3686C
:10FD34000968006810B41842946801EA04012ED0DE
:10FD4400137C03F00303D9B943F008039908013B7A
:10FD540011740D2B0BD8DFE803F00D071C070A16EE
:10FD64000D0D160A071C070D5369013B53615DF81D
:10FD7400044B704753695DF8044B0133536170477A
:10FD840043F00403E0E753695DF8044B023B53611D
:10FD9400704753695DF8044B023353617047137C19
:10FDA40003F003030029D1D043F00403CEE700BFDE
:10FDB40060D90020224BD3F8B020D2E90010D368D8
:10FDC4000968006810B41842946801EA04012ED04E
:10FDD400137C03F00303D9B943F008039908013BEA
:10FDE40011740D2B0BD8DFE803F00D071C070A165E
:10FDF4000D0D160A071C070D5369013B53615DF88D
:10FE0400044B704753695DF8044B013353617047E9
:10FE140043F00403E0E753695DF8044B023B53618C
:10FE2400704753695DF8044B023353617047137C88
:10FE340003F003030029D1D043F00403CEE700BF4D
:10FE440060D90020224BD3F8B420D2E90010D36843
:10FE54000968006810B41842946801EA04012ED0BD
:10FE6400137C03F00303D9B943F008039908013B59
:10FE740011740D2B0BD8DFE803F00D071C070A16CD
:10FE84000D0D160A071C070D5369013B53615DF8FC
:10FE9400044B704753695DF8044B01335361704759
:10FEA40043F00403E0E753695DF8044B023B5361FC
:10FEB400704753695DF8044B023353617047137CF8
:10FEC40003F003030029D1D043F00403CEE700BFBD
:10FED40060D90020224BD3F8B820D2E90010D368AF
:10FEE4000968006810B41842946801EA04012ED02D
:10FEF400137C03F00303D9B943F008039908013BC9
:10FF040011740D2B0BD8DFE803F00D071C070A163C
:10FF14000D0D160A071C070D5369013B53615DF86B
:10FF2400044B704753695DF8044B013353617047C8
:10FF340043F00403E0E753695DF8044B023B53616B
:10FF4400704753695DF8044B023353617047137C67
:10FF540003F003030029D1D043F00403CEE700BF2C
:10FF640060D90020214B1A68D2E90010D3680968CF
:10FF7400006810B41842946801EA04012ED0137C7E
:10FF840003F00303D9B943F008039908013B117442
:10FF94000D2B0BD8DFE803F00D071C070A160D0D17
:10FFA400160A071C070D5369013B53615DF8044BA6
:10FFB400704753695DF8044B01335361704743F054
:10FFC4000403E0E753695DF8044B023B5361704757
:10FFD40053695DF8044B023353617047137C03F09B
:10FFE40003030029D1D043F00403CEE760D90020F5
:0CFFF400214B5A68D2E90010D36809685C
:02000004600199
:10000000006810B41842946801EA04012ED0137CF1
:1000100003F00303D9B943F008039908013B1174B5
:100020000D2B0BD8DFE803F00D071C070A160D0D8A
:10003000160A071C070D5369013B53615DF8044B19
:10004000704753695DF8044B01335361704743F0C7
:100050000403E0E753695DF8044B023B53617047CA
:1000600053695DF8044B023353617047137C03F00E
:1000700003030029D1D043F00403CEE760D9002068
:10008000214B9A68D2E90010D3680968006810B45F
:100090001842946801EA04012ED0137C03F0030394
:1000A000D9B943F008039908013B11740D2B0BD803
:1000B000DFE803F00D071C070A160D0D160A071CD2
:1000C000070D5369013B53615DF8044B7047536959
:1000D0005DF8044B01335361704743F00403E0E7DC
:1000E00053695DF8044B023B5361704753695DF8F7
:1000F000044B023353617047137C03F00303002960
:10010000D1D043F00403CEE760D90020214BDA6858
:10011000D2E90010D3680968006810B418429468E6
:1001200001EA04012ED0137C03F00303D9B943F094
:1001300008039908013B11740D2B0BD8DFE803F07D
:100140000D071C070A160D0D160A071C070D53692B
:10015000013B53615DF8044B704753695DF8044BF4
:1001600001335361704743F00403E0E753695DF8DE
:10017000044B023B5361704753695DF8044B0233F3
:1001800053617047137C03F003030029D1D043F07F
:100190000403CEE760D90020214B1A69D2E9001090
:1001A000D3680968006810B41842946801EA040131
:1001B0002ED0137C03F00303D9B943F00803990848
:1001C000013B11740D2B0BD8DFE803F00D071C0762
:1001D0000A160D0D160A071C070D5369013B5361E2
:1001E0005DF8044B704753695DF8044B013353616C
:1001F000704743F00403E0E753695DF8044B023BAA
:100200005361704753695DF8044B02335361704783
:10021000137C03F003030029D1D043F00403CEE79D
:1002200060D90020214B5A69D2E90010D3680968CF
:10023000006810B41842946801EA04012ED0137CBF
:1002400003F00303D9B943F008039908013B117483
:100250000D2B0BD8DFE803F00D071C070A160D0D58
:10026000160A071C070D5369013B53615DF8044BE7
:10027000704753695DF8044B01335361704743F095
:100280000403E0E753695DF8044B023B5361704798
:1002900053695DF8044B023353617047137C03F0DC
:1002A00003030029D1D043F00403CEE760D9002036
:1002B000214B9A69D2E90010D3680968006810B42C
:1002C0001842946801EA04012ED0137C03F0030362
:1002D000D9B943F008039908013B11740D2B0BD8D1
:1002E000DFE803F00D071C070A160D0D160A071CA0
:1002F000070D5369013B53615DF8044B7047536927
:100300005DF8044B01335361704743F00403E0E7A9
:1003100053695DF8044B023B5361704753695DF8C4
:10032000044B023353617047137C03F0030300292D
:10033000D1D043F00403CEE760D90020214BDA6925
:10034000D2E90010D3680968006810B418429468B4
:1003500001EA04012ED0137C03F00303D9B943F062
:1003600008039908013B11740D2B0BD8DFE803F04B
:100370000D071C070A160D0D160A071C070D5369F9
:10038000013B53615DF8044B704753695DF8044BC2
:1003900001335361704743F00403E0E753695DF8AC
:1003A000044B023B5361704753695DF8044B0233C1
:1003B00053617047137C03F003030029D1D043F04D
:1003C0000403CEE760D90020214B1A6AD2E900105D
:1003D000D3680968006810B41842946801EA0401FF
:1003E0002ED0137C03F00303D9B943F00803990816
:1003F000013B11740D2B0BD8DFE803F00D071C0730
:100400000A160D0D160A071C070D5369013B5361AF
:100410005DF8044B704753695DF8044B0133536139
:10042000704743F00403E0E753695DF8044B023B77
:100430005361704753695DF8044B02335361704751
:10044000137C03F003030029D1D043F00403CEE76B
:1004500060D90020214B5A6AD2E90010D36809689C
:10046000006810B41842946801EA04012ED0137C8D
:1004700003F00303D9B943F008039908013B117451
:100480000D2B0BD8DFE803F00D071C070A160D0D26
:10049000160A071C070D5369013B53615DF8044BB5
:1004A000704753695DF8044B01335361704743F063
:1004B0000403E0E753695DF8044B023B5361704766
:1004C00053695DF8044B023353617047137C03F0AA
:1004D00003030029D1D043F00403CEE760D9002004
:1004E000214B9A6AD2E90010D3680968006810B4F9
:1004F0001842946801EA04012ED0137C03F0030330
:10050000D9B943F008039908013B11740D2B0BD89E
:10051000DFE803F00D071C070A160D0D160A071C6D
:10052000070D5369013B53615DF8044B70475369F4
:100530005DF8044B01335361704743F00403E0E777
:1005400053695DF8044B023B5361704753695DF892
:10055000044B023353617047137C03F003030029FB
:10056000D1D043F00403CEE760D90020214BDA6AF2
:10057000D2E90010D3680968006810B41842946882
:1005800001EA04012ED0137C03F00303D9B943F030
:1005900008039908013B11740D2B0BD8DFE803F019
:1005A0000D071C070A160D0D160A071C070D5369C7
:1005B000013B53615DF8044B704753695DF8044B90
:1005C00001335361704743F00403E0E753695DF87A
:1005D000044B023B5361704753695DF8044B02338F
:1005E00053617047137C03F003030029D1D043F01B
:1005F0000403CEE760D90020214B1A6BD2E900102A
:10060000D3680968006810B41842946801EA0401CC
:100610002ED0137C03F00303D9B943F008039908E3
:10062000013B11740D2B0BD8DFE803F00D071C07FD
:100630000A160D0D160A071C070D5369013B53617D
:100640005DF8044B704753695DF8044B0133536107
:10065000704743F00403E0E753695DF8044B023B45
:100660005361704753695DF8044B0233536170471F
:10067000137C03F003030029D1D043F00403CEE739
:1006800060D90020214B5A6BD2E90010D368096869
:10069000006810B41842946801EA04012ED0137C5B
:1006A00003F00303D9B943F008039908013B11741F
:1006B0000D2B0BD8DFE803F00D071C070A160D0DF4
:1006C000160A071C070D5369013B53615DF8044B83
:1006D000704753695DF8044B01335361704743F031
:1006E0000403E0E753695DF8044B023B5361704734
:1006F00053695DF8044B023353617047137C03F078
:1007000003030029D1D043F00403CEE760D90020D1
:10071000214B9A6BD2E90010D3680968006810B4C5
:100720001842946801EA04012ED0137C03F00303FD
:10073000D9B943F008039908013B11740D2B0BD86C
:10074000DFE803F00D071C070A160D0D160A071C3B
:10075000070D5369013B53615DF8044B70475369C2
:100760005DF8044B01335361704743F00403E0E745
:1007700053695DF8044B023B5361704753695DF860
:10078000044B023353617047137C03F003030029C9
:10079000D1D043F00403CEE760D900200B4610B55A
:1007A000362800F29782DFE810F08C02820279028C
:1007B000700267025E0255024C0243023A023102A5
:1007C00028021F02BF01B601AD01A4019B019201E5
:1007D0008901800177016E0165015C0153014A01C5
:1007E000410138012F0126011D0113010901FF00FC
:1007F000F500EB00E100D700CD00C300B900AF0069
:10080000A5009B00910087007D00730069005F00D8
:1008100055004B0041003700C84C0422C84936201F
:10082000C4F8D83020F080FA012010BDC34C042257
:10083000C4493520C4F8D43020F076FA012010BD28
:10084000BE4C0422C0493420C4F8D03020F06CFAE9
:10085000012010BDB94C0422BC493320C4F8CC306F
:1008600020F062FA012010BDB44C0422B8493220B5
:10087000C4F8C83020F058FA012010BDAF4C042253
:10088000B4493120C4F8C43020F04EFA012010BD24
:10089000AA4C0422B0493020C4F8C03020F044FAF9
:1008A000012010BDA54C0422AC492F20C4F8BC3057
:1008B00020F03AFA012010BDA04C0422A8492E20B5
:1008C000C4F8B83020F030FA012010BD9B4C04224F
:1008D000A4492D20C4F8B43020F026FA012010BD20
:1008E000964C0422A0492C20C4F8B03020F01CFA09
:1008F000012010BD914C04229C492B20C4F8AC303F
:1009000020F012FA012010BD8C4C042298492A20B4
:10091000C4F8A83020F008FA012010BD874C04224A
:1009200094492920C4F8A43020F0FEF9012010BD1C
:10093000824C042290492820C4F8A03020F0F4F919
:10094000012010BD7D4C04228C492720C4F89C3026
:1009500020F0EAF9012010BD784C042288492620B5
:10096000C4F8983020F0E0F9012010BD734C042247
:1009700084492520C4F8943020F0D6F9012010BD18
:100980006E4C042280492420C4F8903020F0CCF929
:10099000012010BD694C04227C492320C4F88C300E
:1009A00020F0C2F9012010BD644C042278492220B5
:1009B000C4F8883020F0B8F9012010BD5F4C042243
:1009C00074492120C4F8843020F0AEF9012010BD14
:1009D0005A4C042270492020C4F8803020F0A4F939
:1009E000012010BD554C04226C491F20E36720F004
:1009F0009BF9012010BD514C042269491E20A367B8
:100A000020F092F9012010BD4C4C042265491D20B4
:100A1000636720F089F9012010BD484C0422624927
:100A20001C20236720F080F9012010BD434C0422D4
:100A30005E491B20E36620F077F9012010BD3F4C92
:100A400004225B491A20A36620F06EF9012010BD34
:100A50003A4C042257491920636620F065F90120B9
:100A600010BD364C042254491820236620F05CF94E
:100A7000012010BD314C042250491720E36520F0BD
:100A800053F9012010BD2D4C04224D491620A365B9
:100A900020F04AF9012010BD284C042249491520B4
:100AA000636520F041F9012010BD244C0422464921
:100AB0001420236520F038F9012010BD1F4C0422BA
:100AC00042491320E36420F02FF9012010BD1B4C94
:100AD00004223F491220A36420F026F9012010BD12
:100AE000164C04223B491120636420F01DF90120BB
:100AF00010BD124C042238491020236420F014F950
:100B0000012010BD0D4C042234490F20E36320F076
:100B10000BF9012010BD094C042231490E20A363BA
:100B200020F002F9012010BD044C04222D490D20B3
:100B3000636320F0F9F8012010BD00BF60D90020E8
:100B4000A9C4000019C4000089C30000F9C2000054
:100B500069C20000D9C1000049C10000B9C000004D
:100B600065D60000D5D5000045D50000B5D40000FD
:100B700025D4000095D3000005D3000075D20000F5
:100B8000E5D1000055D10000C5D0000035D00000EF
:100B9000A5CF000015CF000085CE0000F9CD0000E4
:100BA0006DCD0000E1CC000055CC0000C9CB0000A9
:100BB0003DCB0000B1CA000025CA000099C9000061
:100BC0000DC9000081C80000F5C7000069C700001A
:100BD000DDC6000051C60000C5C5000039C50000D3
:100BE0009DDE000011DE00003B4C04223B490C203E
:100BF000236320F099F8012010BD374C04223849B6
:100C00000B20E36220F090F8012010BD324C04224A
:100C100034490A20A36220F087F8012010BD2E4C31
:100C2000042231490920636220F07EF8012010BDC2
:100C3000294C04222D490820236220F075F8012058
:100C400010BD254C04222A490720E36120F06CF8EE
:100C5000012010BD204C042226490620A36120F06B
:100C600063F8012010BD1C4C042223490520636158
:100C700020F05AF8012010BD0422174C1F491046DD
:100C8000236120F051F8012010BD134C04221C49AF
:100C90000320E36020F048F8012010BD0E4C042230
:100CA00018490220A36020F03FF8012010BD04463F
:100CB0000948042214494360012020F035F82046F9
:100CC00010BD054C042211490020236020F02CF8AF
:100CD000012010BD002010BD60D9002085DD00007E
:100CE000F9DC00006DDC0000E1DB000055DB0000FA
:100CF000C9DA00003DDA0000B1D9000025D90000B2
:100D000099D800000DD8000081D70000F5D600006A
:100D10002DE9F0410F4616460446022138461FF0E1
:100D2000ADFD022130461FF0A9FD224B3A012248B9
:100D30003101DFF88CC053F8028003EB0712C4F8CE
:100D40000080D2F80CE003EB061259580023C4F8D7
:100D500008E0D2686361194BE26045681B68616016
:100D6000ACFB033C4FF4FA634FEA9C4C03FB0CFCD6
:100D700043685B1B9C45FBD8D8F8003038460968AF
:100D80001EEA030F14BF012300230A42214618BFA5
:100D900043F002032374FFF701FD0346214630466A
:100DA0002376FFF7FBFC227E03462046134423767E
:100DB000BDE8F08154480020001000E0447C002091
:100DC00083DE1B4330B5044683B0154601910EF017
:100DD0007BFC019920460EF085FC2046A9B20EF05E
:100DE0001FFC204603B030BD10B584B0044603910B
:100DF00002921EF00BFA00222046DDE90231009239
:100E00001EF078FA204604B010BD00BF10B50023D4
:100E1000044610460D4A617223722260C4E9033011
:100E200019B18A00194625F031F8094A136853B1FF
:100E30001A465B69002BFBD1546100232046636195
:100E40006360A37210BD1460F7E700BF804100200B
:100E500048D700200346002214494FF4807C10B488
:100E6000134C43F8184BA0F808C08261C0E9032373
:100E70000B6893B11A465B69002BFBD150610023CC
:100E80000C4A5DF8044B43614360837202608362E5
:100E90009FED047B80ED087B70470860EFE700BFA3
:100EA000AFF30080000000000000000048D70020E1
:100EB00080410020CC41002003460022134910B499
:100EC000134C43F8184B4FF4807482610481C0E9DD
:100ED00003230B68C3B11A465B69002BFBD1506139
:100EE00000230C4A4FF468140B494361436083723A
:100EF00002604FF000520377084BC0E90A41C0E995
:100F00000C235DF8044B70470860E9E748D70020E0
:100F100080410020944200200E00C10076061C0093
:100F200003460022144910B4144C43F8344B4FF4D8
:100F30000074C0E903230B680481C0E90D22CBB122
:100F40001A465B69002BFBD150610D4900230D4A05
:100F50000D4C01604FF4805182610C4A4361436043
:100F60008372C0E90741C0E909235DF8044BC0E979
:100F70000B3370470860E8E748D700208041002025
:100F80004C43002090298F0460EA8E0480F9855A32
:100F90000022034613494FF4806C10B4124C43F8FE
:100FA000284BA0F808C0C0E903230B68C0E90A2257
:100FB000C0E90C229BB11A465B69002BFBD1506142
:100FC00000224FF4803309495DF8044B42614260CE
:100FD00082720160C0E90633C0E9083370470860D7
:100FE000EEE700BF48D70020804100207441002078
:100FF00038B50022044603461449154D4FF40070DD
:1010000043F8185B2081C4E903230B68C4E9062276
:10101000D3B11A465B69002BFBD1546100230D4903
:101020004FF4004204F5107063616360A3722160A5
:10103000C4E90833C4E90A32C4E90C33C4E98E3385
:1010400018F056FC204638BD0C60E7E748D7002072
:1010500080410020704300200D49002210B40B682D
:101060000C4C026104600281C2607BB11A465B696C
:10107000002BFBD150610023074A5DF8044B43610C
:101080004360837202600376C36170470860F2E7D1
:1010900048D700208041002010430020F5EEC00A10
:1010A000F7EE007AF1EE10FAB4EEE70A4AD9F1EE63
:1010B00010FA28DD3A4ADFED3B7A60EEA70AFDEE32
:1010C000E07A17EE903ABBB372B6C1690262914200
:1010D00060D010B481FAA2F4EFF3008C1CF0006F22
:1010E00053D003F1010CBCF1020F04D992FBF3F4CD
:1010F00091FBF3F3E41A7CB344620123037662B6F6
:101100005DF8044B7047FFEE007AB4EEE70AF1EEAB
:1011100010FA28D4DFED237A60EEA70AFDEEE07A1C
:1011200017EE903ADFED207A20EE270AFDEEC07A26
:1011300017EE902A002BC7D172B60023C261037646
:1011400062B67047F1EE10FA0FDD154B72B6002251
:10115000C361027662B670479142B4BF01214FF07D
:10116000FF314162C9E7114AA5E7FFEE007AB4EE0C
:10117000E70AF1EE10FA11D4DFED0B7A20EE270A20
:10118000FDEEC07A17EE903AE0E794FBF3F4002C02
:10119000E2D0B1E70023037662B67047034BD5E790
:1011A0000000FF7F6666304200FEFF4E00000180B7
:1011B00000230246114930B4114D00F1280442F8D1
:1011C000245BC360436202614FF480720B6802814A
:1011D0008BB11A465B69002BFBD1506100230121C2
:1011E000084A04624361436083720176C36183628B
:1011F000026030BC70470860F0E700BF48D70020AD
:10120000804100202843002000230246114930B4C9
:10121000114D00F1280442F8245BC360436202616F
:101220004FF480720B6802818BB11A465B69002B08
:10123000FBD1506100230121084A046243614360ED
:1012400083720176C3618362026030BC70470860BC
:10125000F0E700BF48D70020804100201C43002059
:1012600000230246134930B4134D00F1280442F81C
:10127000245BC360436202614FF480720B68028199
:10128000B3B11A465B69002BFBD1506100234FF0CC
:101290007E524FF0010C094904624361436083723E
:1012A00080F818C0C36183620160C26230BC7047BD
:1012B0000860EBE748D7002080410020A0420020D2
:1012C00000230246164930B4164D00F1280442F8B6
:1012D000245BC360436202614FF480720B68028139
:1012E000E3B11A465B69002BFBD1506100234FF03C
:1012F0007E524FF0040C0C490462436143608372D8
:1013000080F818C0C36101608263C26302644264F2
:1013100030BCC0E90A33C0E90C3370470860E5E728
:1013200048D7002080410020D8410020F0B587B088
:1013300006460446071D05AD0391204601341FF003
:1013400027FB05F8010BBC42F7D1059C32460398F8
:1013500023460D4900900D4824F0C8FB0B4825F0AA
:1013600029F80A4902460A481EF0FAFD08481EF00C
:101370002BFE039B9C4204D00422314603A81FF09D
:10138000B1FC07B0F0BD00BFC82E0020846C022065
:10139000747D002038B51F4C24211F4DE288204663
:1013A00042F0100216F0C4F8E2882421204642F4EC
:1013B000807216F0BDF83021204616F02FF8024654
:1013C0003021204622F0800216F0B2F81349284658
:1013D0000DF0DCFC28460DF027F828460DF030F81B
:1013E00014220F4B284611460DF0C0FC28460DF084
:1013F00027F84FF4C3701FF087F93021204616F00C
:101400000DF802463021204622F01902BDE838408E
:1014100016F08EB8686A0220446D022084580020BD
:101420000C3000207C4BF0B51A7E83B0012A57D9CE
:1014300072B65A6962B67948002A017EB8BF033293
:1014400001294FEAA2065ED972B6416962B6002947
:10145000B8BF03318C10002E2FD036B272B60022E6
:101460005A6162B6002C39D024B272B600234361AF
:1014700062B644EA06076A480EF0D4F869480EF0EE
:10148000D1F867480EF016F9054666480EF012F9D5
:1014900003462FB915B90BB903B0F0BD0024264699
:1014A000614F3246009521463868F1F7B1FB386844
:1014B00003B0BDE8F040F1F7C3BD002CD4D15848CB
:1014C0000EF0B0F857480EF0ADF855480EF0F2F8AF
:1014D000054654480EF0EEF80346DBE73746CAE708
:1014E00072B6D3E90024D3E90210126824681140CF
:1014F000044245D01A7C02F0030209B142F0040212
:1015000042F0080242E072B60168846809680C4043
:1015100041680D68C1680D4208D0017C01F00301EB
:101520000CB141F0040141F0080105E0017C01F03B
:1015300003010CB141F004018C08013904740D2938
:1015400083D801A454F821F07DED000075ED000072
:101550009DED000075ED0000D7EB000095ED00005B
:101560007DED00007DED000095ED0000D7EB000063
:1015700075ED00009DED000075ED00007DED0000B3
:101580001A7C02F0030209B142F004029108013A08
:1015900019740D2A3FF64DAF01A151F822F000BF9A
:1015A0006DED000065ED00008DED000065ED0000C3
:1015B000BFEB000085ED00006DED00006DED00005B
:1015C00085ED0000BFEB000065ED00008DED000033
:1015D00065ED00006DED00005A69013A5A6129E796
:1015E0005A6901325A6125E74169013941612DE7A4
:1015F00041690131416129E75A69023A5A6119E7A3
:101600005A6902325A6115E74169023941611DE7A1
:1016100041690231416119E7C4DD00201C6D0220DF
:10162000545002206C50022024590220024B1868AA
:1016300008B1F1F743BA70472459022010B5FBF7FF
:1016400045F9104A104B1168D2F804C019601169AD
:10165000906819610D4C117DD268C3F804C0986080
:10166000DA6019752068FAF701FD2068084B1860E8
:10167000FBF738F9074B186818B1BDE81040F1F7CF
:101680001DBA10BD085A022074880020685A022032
:101690002CE200202459022038B50D4CFBF716F936
:1016A0000C4D2068FBF7E6F82068FAF7DFFC2868A5
:1016B000FAF7DAFE2068FBF715F92868FBF712F94C
:1016C000054B186818B1BDE83840F1F7F7B938BDD7
:1016D000046D02202CE200202459022008B5FCF7FA
:1016E00021F9044B186818B1BDE80840F1F7E6B9D4
:1016F00008BD00BF2459022008B5064B014614223C
:10170000184624F0C1FC044A034601210020117050
:10171000187508BD085A022033890220704700BF9F
:101720002DE9F04F374D87B00E4695F99E30B5F84C
:1017300064A00393137895F9AE10002B58D089B2AA
:10174000314F1FFA80F8144604910835BDF80C108B
:101750000022BB46C146059104E0BB54013214F897
:10176000013F33B30A2BF8D14FF000030021284684
:101770001FFA86F8BB54039B1E440DF0C5FB059B66
:10178000002128460093049BA8EB0302534692B223
:101790000CF0B0FD012128460DF0B6FB5B46424639
:1017A000494628460DF0E2FA14F8013F0022002BCA
:1017B000D8D1C84600241548B6B22146BC540DF015
:1017C000A3FB059B214611480093049BF21A534644
:1017D00092B20CF08FFD01210C480DF095FB0A4BE5
:1017E00032464146094807B0BDE8F04F0DF0BEBA99
:1017F0008AB2054F1FFA80F80492BDF80C200592BA
:101800001A46D7E73C6D0220446C0220446D02204A
:10181000F6EE007A00B5B4EEE70A2DED028BF1EE9C
:1018200010FA8BB0B0EE408A28DBB0EE007A9FED64
:10183000250AFFEE007A28EE000AE8EE077AF0EEBD
:10184000678A22F0FBF9F0EE400ADFED1F7A9FED88
:101850001F0A60EEA70A28EE000ACDED010A22F069
:10186000EDF9DFED1B7ADDED010A20EE271AB0EE6F
:10187000680A0BB0BDEC028B5DF804FB9FED150A06
:1018800078EE678A28EE000A22F0D8F9F0EE400AD6
:10189000DFED117A9FED110A60EEA70A28EE000A2B
:1018A000CDED010A22F0CAF9F2EE047ADDED010A6B
:1018B00020EE271AB0EE680A0BB0BDEC028B5DF883
:1018C00004FB00BF295C13410AD7233CCDCC04C1E3
:1018D00000007E4219044E40CDCC4C3E333393C0C1
:1018E000DFED0D7A84B0B4EEE70AF1EE10FA0CDB0E
:1018F000B7EE007AF7EE046A70EE477AA7EEA67AA2
:10190000B0EE470A04B0FFF783BFDFED047A20EEA4
:10191000270A04B0FFF77CBF9A99193F5555553FE8
:10192000B7EE007A86B0F5EEC00A70EE206ACDED13
:10193000010A30EE476A8DED021A60EE017ACDEDB4
:10194000031AF1EE10FACDED056AA1EE867AF4EEF7
:10195000E67ACDED047AB0EE470A10DDF1EE10FA2A
:1019600009D405ABB4EEE60AF1EE10FA01DD93ED11
:10197000000A06B07047F0EE676A04ABF2E7F1EEDA
:1019800010FA09DBF0EE676A04ABB4EEE60AF1EE9A
:1019900010FAECD906B0704705ABF6E7F0EE607AC6
:1019A0009FED147AF0EE400AF4EEC77AF1EE10FAE9
:1019B00006DD9FED117AF4EEC77AF1EE10FA17D436
:1019C00008B52DED028BF7EE008A88EEA78A38EE77
:1019D000688A28EE088AB0EE480A22F0A3F938EEA9
:1019E000688A70EE687A87EE880ABDEC028B08BDC3
:1019F000704700BFEE7CFF3E8941003FF5EEC01A04
:101A0000F1EE10FAB4EEE00A26D4F1EE10FA20DD81
:101A100030EE600AB7EEE07AB7EE005B60EE211AB6
:101A2000B7EEC16A35EE475BB7EEE17AF7EE004AF2
:101A300087EE050B30EE060BB7EEC00BB4EEE40AF2
:101A4000F1EE10FA26DCB5EEC00AF1EE10FA00D481
:101A500070479FED130A7047F1EE10FAF9D5C0EE0A
:101A6000207AB7EEC15AB7EEE16AB7EE007AB7EE68
:101A7000E70A30EE450B20EE060BB7EEC00BB4EED6
:101A8000C70AF1EE10FA08DCB5EEC00AF1EE10FA62
:101A9000DFD47047B0EE640A7047B0EE470A704773
:101AA00000000000AA4B1B7810B4042B00F2AE8398
:101AB000DFE813F04C00BE008400F8000500A54BE1
:101AC0009FEDAC7AD3ED007AF4EEC77AF1EE10FA1E
:101AD00000F31C819FEDA87AF4EEC77AF1EE10FABC
:101AE00000F17C83B0EE677ABEEEC87A17EE100A7A
:101AF00099490022994B0978C3E90602C3E90822F3
:101B0000002948D09FED9B7AF4EEC77AF1EE10FAE7
:101B100000F374839FED987AF4EEC77AF1EE10FA31
:101B200040F145838E4A8F4B00219A610A46C3E9F2
:101B300007118D495A620B78042B00F29A83DFE873
:101B400013F0C301F9018E0158011D0181490022E2
:101B50009FED887AD1ED007A804BF4EEC77A9A61D6
:101B6000F1EE10FA00F34B829FED837AF4EEC77A20
:101B7000F1EE10FA00F13083B0EE677ABEEEC87A6B
:101B800017EE100A74490022D8610978C3E90822C7
:101B9000002940F0C880754B1B78042B00F2598354
:101BA00001A252F823F000BFB3F4000003F40000D8
:101BB00091F3000073F4000091F2000065490022E7
:101BC0009FED6C7AD1ED007A644BF4EEC77AC3E9ED
:101BD0000622F1EE10FA00F32E829FED677AF4EE02
:101BE000C77AF1EE10FA00F1F582B0EE677ABEEE38
:101BF000C87A17EE100A584A002118621278596202
:101C0000002AC8D09FED5B7A0022564BF4EEC77ACB
:101C1000C3E90622F1EE10FA00F3F6829FED567A40
:101C2000F4EEC77AF1EE10FA40F1B0824C490DE2C1
:101C3000484A00219FED4F7AD2ED007A474BF4EEEF
:101C4000C77A1962F1EE10FAC3E9061100F3E781D1
:101C50009FED497AF4EEC77AF1EE10FA00F1B882FE
:101C6000B0EE677ABEEEC87A17EE101A3A4A596299
:101C70001378002B8FD09FED3F7A0022394BF4EE82
:101C8000C77A1A62F1EE10FAC3E9062200F3BA82AB
:101C90009FED397AF4EEC77AF1EE10FA40F16F82D7
:101CA0002F4A46E72B4900229FED327AD1ED007A88
:101CB0002A4BF4EEC77A9A61F1EE10FA00F3C9816B
:101CC0009FED2D7AF4EEC77AF1EE10FA40F17682AC
:101CD000234A144620480021DA6102785C621962C6
:101CE000002A3FF458AF9FED237AF4EEC77AF1EE65
:101CF00010FA00F380829FED207AF4EEC77AF1EEBD
:101D000010FA40F14A8216490A46ACE11248002115
:101D1000124B174A0078C3E90621C3E908110028CD
:101D20007FF401AF37E79FED137A00220D4BF4EEFD
:101D3000C77A9A61F1EE10FA00F362829FED0E7A93
:101D4000F4EEC77AF1EE10FA40F11282044961E133
:101D500014890220A88C0020CC8E0020345502204B
:101D6000000001806C550220128902201589022092
:101D70000000FF7F00FEFF4600FEFFC61FED037A56
:101D8000F4EEC77AF1EE10FA00F30A811FED067A3D
:101D9000F4EEC77AF1EE10FA00F1E881B0EE677A5E
:101DA000BEEEC87A17EE100ABA490022BA4B09787B
:101DB000C3E90602C3E90822002972D09FEDB77A71
:101DC000F4EEC77AF1EE10FA00F30A829FEDB47ACE
:101DD000F4EEC77AF1EE10FA40F1B181B14AB24B9C
:101DE00000219A610A46C3E907115DF8044B5A6263
:101DF00070479FEDAA7AF4EEC77AF1EE10FA00F37D
:101E00005D819FEDA77AF4EEC77AF1EE10FA40F10A
:101E1000A381A4490C469F4800229F4B0078C3E948
:101E20000621C3E9082400283BD09FED9C7AF4EEFC
:101E3000C77AF1EE10FA00F3DB819FED997AF4EEA8
:101E4000C77AF1EE10FA00F17781B0EE677ABEEE54
:101E5000C87A17EE101A40F13D81924A3BE19FED9E
:101E60008F7A00228C4BF4EEC77AC3E90622F1EE9A
:101E700010FA00F3FE809FED8A7AF4EEC77AF1EE55
:101E800010FA00F16781B0EE677ABEEEC87A17EEFD
:101E9000100A804A0021186212785962002A40F024
:101EA0008C80824B1B78042B00F2F78101A252F840
:101EB00023F000BF97F60000FFF6000047F7000090
:101EC000B7F5000049F500009FED747A0022724BCF
:101ED000F4EEC77A9A61F1EE10FA00F305819FEDF6
:101EE000707AF4EEC77AF1EE10FA00F13181B0EEBB
:101EF000677ABEEEC87A17EE100A66490022D861EA
:101F00000978C3E908220029CBD09FED647A00222A
:101F1000654BF4EEC77A9A61F1EE10FA00F3628134
:101F20009FED5F7AF4EEC77AF1EE10FA40F1EF80A0
:101F30005C49E4E09FED597A0021574BF4EEC77AF3
:101F40001962F1EE10FAC3E906114CDC9FED547AE8
:101F5000F4EEC77AF1EE10FA00F1F880B0EE677A8D
:101F6000BEEEC87A17EE101A4A4A59621378002B4F
:101F700097D09FED4A7A00224B4BF4EEC77A1A6253
:101F8000F1EE10FAC3E9062200F32E819FED447AA8
:101F9000F4EEC77AF1EE10FA40F1C080414A24E72E
:101FA0003C4800213C4B424A0078C3E90621C3E982
:101FB000081100287FF413AF73E79FED387A0022F1
:101FC000394BF4EEC77AC3E90622F1EE10FA00F3BA
:101FD0000D819FED337AF4EEC77AF1EE10FA40F1FD
:101FE000A480304950E02B48314A00785A620028DA
:101FF0003FF457AF2C4BC3E906111962F5E62D48A3
:102000002B490078D961C3E9082200283FF4C3AD09
:10201000294B9A610020D9610246186289E525485A
:10202000234A00785A6200283FF4B5AD224BC3E939
:10203000061119627DE51F481D4900785A62196230
:1020400000283FF4A8AD1C4BC3E906220022196208
:102050006FE5184816491A620278D9615962002A58
:102060003FF499AD0A46144B0020C3E906011862FB
:102070005FE508480E4900785A62196200283FF46B
:1020800010AF094BC3E9062200225DF8044B196228
:102090005A627047CB8E0020A455022000FEFF46F6
:1020A00000FEFFC600000180DC55022013890220DB
:1020B0000000FF7FCC8E00206C5502209948002242
:1020C000994B9A490078C3E90621C3E90821002801
:1020D0003FF4E7AE0A46964B00205DF8044B1862C9
:1020E0005A62C3E9060170478E4890490078D96169
:1020F000C3E9082200283FF4D4AE8D4B9A6100203A
:102100005DF8044BD961024618625A627047B0EE1E
:10211000677ABEEEC87A17EE101AF0E7B0EE677A6B
:10212000BEEEC87A17EE102A5FE6B0EE677ABEEE12
:10213000C87A17EE101AA7E77E490A46CBE7B0EE39
:10214000677ABEEEC87A17EE102A48E679490BE79F
:102150007848D2E677489CE6B0EE677ABEEEC87A59
:1021600017EE101A7FF556AE724C54E671481BE616
:10217000B0EE677ABEEEC87A17EE101A4AE7B0EEF4
:10218000677ABEEEC87A17EE102AD2E4B0EE677A0C
:10219000BEEEC87A17EE101A58E7B0EE677ABEEEB8
:1021A000C87A17EE101A7FF55DAF624A5BE7B0EEB2
:1021B000677ABEEEC87A17EE102AB4E4B0EE677AFA
:1021C000BEEEC87A17EE102A7FF583AD594C81E533
:1021D00058494BE557480EE55648D3E4554887E43F
:1021E000524AFCE551498AE7504AFEE54F494BE720
:1021F0004E490A466FE74D490A4634E74B4A92E496
:102200004A4907E7494A94E448491FE74A490022F6
:102210009FED4A7AD1ED007A494BF4EEC77A9A6184
:10222000F1EE10FA59DC9FED477AF4EEC77AF1EE41
:1022300010FA54D4B0EE677ABEEEC87A17EE102AC0
:1022400041480021DA610278C3E90811002A3FF40D
:10225000A2AC9FED3A7A00223C4BF4EEC77A9A6129
:10226000F1EE10FA29DD314A0021DA6119620A46DD
:102270005FE49FED327A00222B4BF4EEC77A9A612D
:10228000F1EE10FA2DDD294A26480021DA610278A4
:10229000C3E90811002A3FF404AE9FED287A00221A
:1022A000234BF4EEC77A9A61F1EE10FA29DD1F4A4A
:1022B0000021DA6119620A4697E59FED227AF4EE71
:1022C000C77AF1EE10FA01D51A4ACDE7B0EE677A77
:1022D000BEEEC87A17EE102AC6E7144AB0E7154AD0
:1022E000AEE79FED187AF4EEC77AF1EE10FA01D559
:1022F000104AC9E7B0EE677ABEEEC87A17EE102A28
:10230000C2E79FED107AF4EEC77AF1EE10FA01D52C
:10231000084ACDE7B0EE677ABEEEC87A17EE102A0B
:10232000C6E700BFCB8E0020A45502200000FF7F2F
:10233000DC55022000000180A88C002000FEFF4632
:102340003455022000FEFFC6CC8E00206C550220C2
:102350002D4A2E4B12781B78934200D0704707EE1F
:10236000903AB7EE007A2A4B0021FBEEEC7A294A2C
:1023700030B4F4EEC77A1970C2ED007AF1EE10FABB
:1023800040F3E281244B72B624490020CB610876E9
:1023900062B6234B92ED007AD3ED007AF5EEC07A67
:1023A000F1EE10FA40F26082F7EE006AB4EEE67ADF
:1023B000F1EE10FA3CDD184A9FED1B7A67EE877A42
:1023C000FDEEE77A17EE903A002B4BD072B6154926
:1023D000C8690A62824200F0F78280FAA2F4EFF341
:1023E00000852D0140F1B4825D1C022D04D992FBC1
:1023F000F3F490FBF3F3E41A002C00F099824C62A2
:1024000001230B7662B633E02B890220D78E0020A1
:1024100034890220208A00200000FF7F84E500200C
:10242000288D0020B0E500206666304200FEFF4E99
:10243000FFEE006AB4EEE67AF1EE10FA00F1A28245
:102440005FED076A67EEA67AFDEEE77A17EE903A3F
:102450005FED0A7A27EE277AFDEEC77A17EE902A0B
:10246000002BB3D172B6C14B0021DA61197662B686
:10247000BF4B0022BF49D3ED007AD1F800C0F5EE82
:10248000C07ABD480A60C0F800C0F1EE10FABB4C3B
:10249000BB49BC4822600A60026040F2CE819FEDD9
:1024A000C27A67EE877AFDEEE77A17EE902A002A65
:1024B00000F0EA8172B6B44C0020E5692062002D7C
:1024C00000F0998285FAA0F0EFF3008C1CF0006F09
:1024D00000F0538202F1010CBCF1020F02D995FB0E
:1024E000F2F25042002800F02A8260620122227635
:1024F00062B6D3ED007A91ED007AF5EEC07AF1EE96
:1025000010FA40F2A181F7EE006AB4EEE67AF1EE3D
:1025100010FA40F34D819D499FEDA37A67EE877ACB
:10252000FDEEE77A17EE902A002A00F05C8172B681
:102530009748C46901628C4200F0598284FAA1F57F
:10254000EFF3008C1CF0006F00F0148202F1010C1C
:10255000BCF1020F04D991FBF2F594FBF2F2AD1A33
:10256000002D00F0C28145620122027662B6D3EDF1
:10257000007AF5EEC07AF1EE10FA40F257819FED45
:102580008A7A67EE877AFDEEE77A17EE902A002ABC
:1025900000F0968172B67F480021C4690162002C68
:1025A00000F0228284FAA1F1EFF300852D0140F1C1
:1025B000DE81551C022D02D994FBF2F25142002912
:1025C00000F09A8141620122027662B6D3ED007A70
:1025D000F5EEC07AF1EE10FA40F221819FED727AA9
:1025E00067EE877AFDEEE77A17EE902A002A00F070
:1025F000608172B668480021C4690162002C00F055
:10260000F08184FAA1F1EFF300852D0140F1AC8156
:10261000551C022D02D994FBF2F25142002900F020
:10262000798141620122027662B6D3ED007AF5EE3D
:10263000C07AF1EE10FA40F2EB809FED5B7A67EE24
:10264000877AFDEEE77A17EE902A002A00F02A81B9
:1026500072B652480021C4690162002C00F0BE81AC
:1026600084FAA1F1EFF300852D0140F17A81551C28
:10267000022D02D994FBF2F25142002900F051815F
:1026800041620122027662B6D3ED007AF5EEC07A9D
:10269000F1EE10FA40F2AE809FED437A67EE877A52
:1026A000FDEEE77A17EE902A002A00F0F48072B669
:1026B0003B480021C4690162002C00F08C8184FA3F
:1026C000A1F1EFF300852D0140F14881551C022D49
:1026D00002D994FBF2F25142002900F014814162C8
:1026E0000122027662B6D3ED007AF5EEC07AF1EE01
:1026F00010FA40F286809FED2C7A67EE877AFDEE25
:10270000E77A17EE903A002B00F0E18072B6254987
:102710000022C8690A62002800F05A8180FAA2F2F9
:10272000EFF30084240140F116815C1C022C02D9D5
:1027300090FBF3F35A42002A00F0D0804A62012352
:102740000B7662B630BC7047BFEE007AF4EEC77A03
:10275000F1EE10FA00F1FA809FED147A67EE877AB5
:10276000FDEEE77A17EE903A0DE600BFB0E50020E7
:10277000C8890020845002204C6902208CE400208B
:10278000B8E40020B4E3002064E400200000FF7FF0
:1027900090E40020BCE30020E8E300205CE300209C
:1027A00088E3002034E300206666304200FEFF4EDE
:1027B000FFEE006AB4EEE67AF1EE10FA00F1E08086
:1027C0005FED076A67EEA67AFDEEE77A17EE902ACC
:1027D0005FED0A7A27EE277AFDEEC77A17EE901A98
:1027E000002A7FF4A4AE72B6864A0020D16110762A
:1027F00062B6BCE672B6844A0021D161117662B637
:1028000071E772B6814B0022DA611A7662B699E7F7
:1028100072B67F4A0021D161117662B634E772B692
:102820007C4A0021D161117662B6FEE672B67A4A20
:102830000021D161117662B6C8E672B6774A0020EF
:10284000D061107662B654E6F7EE007AB4EEE77A1D
:10285000F1EE10FA40F3A880714A72B6694900207F
:10286000CA61087662B682E6F7EE007AB4EEE77ADD
:10287000F1EE10FA40F38880694B72B6694A002184
:10288000D361117662B6F3E572B66448C0ED077A9B
:10289000027662B62DE672B65B49C1ED077A0A761A
:1028A00062B620E772B65A49C1ED077A0A7662B677
:1028B000EAE672B65749C1ED077A0A7662B6B4E61F
:1028C00072B65549C1ED077A0A7662B67EE672B6EF
:1028D0004E4AC2ED077A137662B633E70028B4BFDA
:1028E00001234FF0FF334B6229E78C42B4BF012430
:1028F0004FF0FF34446237E6002CB4BF01224FF0A2
:10290000FF3242625FE6002CB4BF01224FF0FF327B
:102910004262E5E6002CB4BF01224FF0FF32426272
:1029200080E6002CB4BF01224FF0FF324262A8E6DD
:102930008242CCBF01224FF0FF324A6260E5002D97
:10294000B4BF01224FF0FF326262CFE5364B1AE589
:1029500094FBF3F450E592FBF3F2ECE691FBF2F119
:10296000BAE691FBF2F188E691FBF2F156E691FBB3
:10297000F2F124E695FBF2F5F2E590FBF2F0B1E519
:102980002949C9E5284A17E5FFEE007AB4EEE77A4F
:10299000F1EE10FA32D4DFED257A27EE277AFDEE3C
:1029A000C77A17EE903A68E7FFEE007AB4EEE77A5E
:1029B000F1EE10FA24D4DFED1D7A27EE277AFDEE32
:1029C000C77A17EE902A48E700230B7662B64FE5E8
:1029D000087662B6B6E6047662B684E6047662B637
:1029E00052E6047662B620E6047662B6EEE5002290
:1029F000027662B6BBE5257662B67AE50A4B3CE71D
:102A0000094A2AE790E4002088E3002034E300200C
:102A10005CE30020E8E30020BCE3002064E4002045
:102A20000000FF7FB0E500200000018000FEFF4EA7
:102A3000E0292DE9F0410C4605469DF818C022D842
:102A40000CF1FF31C9B20F291FD820061DD51F4632
:102A50006B6D21431646186804F0EF0403681B6889
:102A600098476B6D06F07F01186803681B689847EC
:102A7000C02C0AD06B6D07F07F0118680368BDE8B1
:102A8000F0411B681847F72901D8BDE8F0810834E8
:102A9000DD23E4B2E340DB07F7D5436DEDE700BF8C
:102AA0000000000001282DE9F04F2DED028B85B0CC
:102AB00000F04184022800F04785002800F0C0841F
:102AC000DFF8288098F80050C02D01F0688000F2EF
:102AD000FF83A02D00F0AA830AD9B02D40F02584F1
:102AE000014B1B7800F072BD2B8902204389022024
:102AF000802D00F03186902D40F01784D44B1B7848
:102B0000002B00F02986D34D07EE903AD24A95ED7E
:102B1000004AF8EE677A92ED007A0022B5EEC04ADC
:102B2000CE4B67EE877AF1EE10FAC3ED007A41F2F0
:102B30002E80CB4B93ED007AB4EEC47AF1EE10FA0E
:102B400001F107809FEDC70AC74BC84FD3ED000ABC
:102B500093ED011AD3ED021AFEF7E2FEC44B87EDA6
:102B6000000A93ED007AB4EEC47AF1EE10FA1AD5A9
:102B700034EE475AB7EE006BB7EEC77AB7EEC55AD8
:102B8000F7EE004A36EE477B85EE070BB7EEC00B3B
:102B9000B4EEE40AF1EE10FA01F38E81B5EEC00A4C
:102BA000F1EE10FA01D59FEDAF0AB24BB24AD3ED68
:102BB000000A93ED011AD3ED021AFEF7B1FEAF4BF6
:102BC000F0EE407A92ED001AD3ED001AB0EE440A0E
:102BD000AB4BAC4AC3ED007AAB4BAC49D3ED000A2A
:102BE000AB4BFEF70BFF91ED001AF0EE403AD3ED40
:102BF000001AA84B82ED000AB0EE440AD3ED000A99
:102C0000A54BFEF7FBFEF0EE407ADFF83093D3EDF4
:102C1000001AB0EE440AA14BC9ED007A93ED001AF8
:102C20009F4BDFF81C83D3ED000A9E4BFEF7E6FEB8
:102C3000F0EE407A9C4CD3ED001AB0EE440A9B4B68
:102C4000C8ED007A93ED001A994B9A4ED3ED000A25
:102C5000FEF7D4FEF0EE407AD4ED000AB0EE630A3F
:102C60009548C6ED007AFEF719FA99ED000AD4ED01
:102C7000000A9248FEF712FA98ED000AD4ED000A15
:102C80008F48FEF70BFAD4ED000A96ED000A8D4846
:102C9000FEF704FAD5ED005A8B4BB0EE650ADFF86B
:102CA000A4B2D3ED000A93ED011AD3ED021AFEF798
:102CB00037FE864BF0EE407ADFF88CA2D3ED000AA7
:102CC000B0EE650A93ED011AD3ED021ACBED007A4E
:102CD000FEF726FE7E4BF0EE407AB0EE650ADFF896
:102CE0006C92D3ED000A93ED011AD3ED021ACAEDEE
:102CF000007AFEF715FE774BF0EE407AB0EE650AEB
:102D0000DFF84C82D3ED000A93ED011AD3ED021ADD
:102D1000C9ED007AFEF704FE6F4BF0EE407A6F4C7F
:102D2000B0EE650A6E4AD3ED000A93ED011AD3EDB9
:102D3000021AC8ED007AFEF7F3FD12782378694E87
:102D400007EE103A9B1A684A07EE903A674BBBEEC3
:102D5000EC7AF8EEE77A83ED000A0393644BF0EE29
:102D6000E77A82ED007AC3ED007A3378002B00F029
:102D70005487604BD3ED000A5F4BD3ED006A5F4B85
:102D800060EEA60A60EEA70AD3ED007A5C4BF4EE83
:102D9000E70AC3ED000AF1EE10FA03D5F0EE670A78
:102DA000C3ED007AB0EE470A5648FEF777F94E4A6F
:102DB000554B92ED000AD3ED000A5448FEF76EF928
:102DC000337823B1524B1B78002B41F08780514B55
:102DD000B5EE008ADFED508AD3ED000A97ED000AC8
:102DE00060EEA80A4D48FEF759F94A4B97ED000AE4
:102DF000D3ED000A4A4F60EEA80A4A48FEF74EF9A2
:102E0000D7ED000A9BED000A60EE880A4648FEF7FF
:102E100045F9D7ED000A9AED000A60EE880A4348AA
:102E2000FEF73CF9D7ED000A99ED000A60EE880A3A
:102E30003F48FEF733F9D7ED000A3E4F60EE880AAF
:102E400098ED000A3C48FEF729F9D7ED007A81E0B9
:102E50002C89022084500220287C002030E20020AF
:102E6000D8CC002000000000F87B00208CE400207B
:102E7000DCCC0020047C002000CE0020F0CD00201F
:102E8000B8E40020ACE2002020CE002004CE0020D8
:102E9000F4CD002024CE0020E8CD0020F8CD002085
:102EA00018CE0020ECCD0020C4890020FCCD0020ED
:102EB0001CCE002030E3002084E20020B0E200209D
:102EC000DCE2002008E30020107C00201C7C0020B5
:102ED000E07B0020EC7B00208C7C00202B890220F2
:102EE000D78E002034890220208A0020B4E30020FD
:102EF000C84A0220ACE50020DC8900204469022099
:102F00004869022084E50020288D0020B0E50020DB
:102F1000CA8E0020D089002085EB513F64E4002058
:102F2000C089002090E40020BCE30020E8E30020FA
:102F30005CE3002038CF002088E30020D8E20020A6
:102F400004E30020E4E3002010E4002084E30020F8
:102F5000B0E30020F5EEC07AF1EE10FA0ADD039B33
:102F6000B54893ED000AB54BD3ED000A60EEA80A10
:102F7000FEF794F8B24BD3ED007AF5EEC07AF1EE9D
:102F800010FA40F37E8795ED006AF7EE006AAD4BCC
:102F900086EE277A93ED000AB7EEC00AB4EEE67A21
:102FA000F1EE10FA00F39687FFEE007AB4EEE77ABE
:102FB000F1EE10FA01F12781B7EEC77AB7EE006B98
:102FC00036EE477B20EE070B9F4BDFEDA07AA04843
:102FD000B7EEC00BD3ED000A60EEA70AFEF75EF86D
:102FE0009C4BD3ED007AF5EEC07AF1EE10FA40F387
:102FF000508795ED007AF7EE006A974B87EE276AC7
:1030000093ED007AB7EEC77AB4EEE66AF1EE10FA05
:1030100000F35C87FFEE006AB4EEE66AF1EE10FAA8
:1030200001F1F580B7EEC66AB7EE005B35EE466B90
:1030300027EE067B844BDFED856AD3ED000A8748D7
:1030400060EEA60AB7EEC70BFEF728F8844BD3ED67
:10305000007AF5EE407AF1EE10FA1BD0B7EE007A66
:10306000F4EEC77AF1EE10FA41F3AE807D4B72B602
:103070007D4AD3610023137662B672B67B4803762D
:10308000784BC36162B67A4B9FED7A0AD3ED000AA2
:10309000FEF704F8784BD3ED007AF5EE407AF1EEC6
:1030A00010FA1BD0B7EE007AF4EEC77AF1EE10FA00
:1030B00041F379806B4B72B6704AD361002313766B
:1030C00062B672B66E480376664BC36162B66D4BEC
:1030D0009FED680AD3ED000AFDF7E0FFD7ED007A17
:1030E000F5EEC07AF1EE10FA40F3B186664BB7EE1A
:1030F000007AD3ED007AF4EEC77AF1EE10FA40F3DD
:10310000A687584B72B66148C3610023037662B646
:103110005F4B9FED580AD3ED000AFDF7BFFFDFF8C4
:10312000A881B7EE007AD8ED007AF4EEC77AF1EE16
:1031300010FA40F394864B4B72B6564AD361002383
:10314000137662B672B65448464D0376C56162B6D0
:10315000524F9FED480AD7ED000AFDF79FFF504BF5
:103160001B78002B00F09085B7EE007AD8ED007A3E
:10317000F4EEC77AF1EE10FA40F3E38772B6494AEB
:103180000023D561137662B672B647480376354B95
:10319000C36162B69FED370AD7ED000AFDF77EFFE7
:1031A000DFF82881B7EE007AD8ED007AF4EEC77A1E
:1031B000F1EE10FA40F339862A4B72B63B4AD361DE
:1031C0000023137662B672B63948264D0376C56180
:1031D00062B6384F9FED270AD7ED000AFDF75EFF74
:1031E000354B1B78002B00F02F85B7EE007AD8ED19
:1031F000007AF4EEC77AF1EE10FA40F3908772B6D7
:103200002E4A0023D561137662B672B62C48037637
:10321000144BC36162B69FED170AD7ED000AFDF7A4
:103220003DFF22780123274933700A7005B0BDECB9
:10323000028BBDE8F08F00BF34E30020B8E300202C
:10324000B8CC0020C0CC0020CC89002085EB513FB9
:1032500014E40020BCCC0020C4CC00203CE40020BE
:1032600078D400200000FF7FB8E7002068E7002046
:1032700090D40020000000007CD40020E0E7002073
:1032800090E7002094D40020D47D002008E800209E
:103290003CCF0020C8E6002028E6002098D400207B
:1032A000CC8E0020F0E6002050E6002018E7002039
:1032B00078E6002088D40020CB8E002040E7002054
:1032C000A0E60020D78E002080D4002070D40020FB
:1032D000E02D00F04783F02D25D1C34B0020C34CD7
:1032E0001B782278C24E02EB0321FAF78FFE98F882
:1032F000005094F800C037786346BE492A46BE485D
:10330000009722F0F3FBBC4823F054F8BA49024678
:10331000BA481CF025FEB94805B0BDEC028BBDE8EB
:10332000F04F1CF051BED02D80D0B04AB04B92F877
:1033300000C01F78E0E7B24ADFF8DC8292F856500E
:10334000AB4E92F85570C02D92F857C0A74C92F82A
:103350005830DFF8949288F80050377084F800C035
:1033600089F8003000F03C8547D8A02D00F08D830F
:103370001ED9B02DC0D162462946A2480097FFF75A
:1033800057FB237899F800104BF20B0032781B049E
:103390000906013A03F4FE0301F0FE4112020B4359
:1033A00002F47062134318431EF0B6FF23780DE158
:1033B000802D00F0D881902D9ED1327829469148F9
:1033C00000922278FFF734FB237899F8001049F235
:1033D000090032781B040906013A03F4FE0301F0E8
:1033E000FE4112020B4302F47062134318431EF0B5
:1033F00093FF99F80030FFF783BBE02D00F0D682F1
:10340000F02D04D10CEB032102F159006DE7D02D12
:103410007FF472AF327800237A48294600922278EE
:10342000FFF706FB337822784DF20D00013B1204C2
:103430001B0202F4FE0203F47063134318433BE1E2
:103440007048DFF8D48190F87550694E674CC02DF4
:1034500090F8747090F876C090F87720DFF8889133
:1034600088F80050377084F800C089F8002000F018
:103470009A845FD8A02D00F0E2822AD9B02D7FF483
:103480003BAF4FEA0C417B1E12064BF20B0501F4D9
:10349000FE011B0202F0FE42594803F4706311431F
:1034A0001943294317F0B2FF207899F800203378A8
:1034B00000041206013B00F4FE0002F0FE421B0273
:1034C000104303F47063184328431EF025FF23784C
:1034D0007CE0802D00F01781902D7FF40DAF2178D6
:1034E0001206337849F20905090402F0FE42013B55
:1034F000434801F4FE011B02114303F470631943B6
:10350000294317F083FF207899F8002033780004CE
:103510001206013B00F4FE0002F0FE421B021043C3
:1035200003F47063184328431EF0F6FE99F8003048
:10353000FFF7E6BAE02D00F0D681F02D40F09E8036
:103540000CEB02217830D0E62F48304A057830491C
:10355000304BC02D92F800C0DFF8BC800F781A788D
:10356000234E224CDFF8809088F80050377084F8A2
:1035700000C089F8002000F0F18376D8A02D00F07B
:1035800045824BD9B02D7FF4B7AE99F800304FEAA1
:103590000C4C32784BF20B011B060CF4FE0C013A7A
:1035A000174803F0FE43120243EA0C0302F4706270
:1035B0001343194317F02AFF307899F80030294651
:1035C000227800900F48FFF733FA23780B2B00F294
:1035D000F582002B3FF42AAE5A1F012A00F25A86C8
:1035E000DFE812F06802A7022C8902202B89022052
:1035F0002A890220EC2D0020846C0220747D00209A
:1036000080A2002028CE0020518902204F8902206C
:103610004E8902205089022043890220802D00F02B
:10362000C180902D7FF468AE2378120649F209011B
:10363000D4481B0402F0FE4203F4FE031343327825
:10364000013A120202F470621343194317F0DEFECE
:10365000307899F80030294622780090CA48FFF760
:10366000E7F999F80030FFF74BBAE02D00F0B7808A
:10367000F02D28D10CEB0221C44836E6D02D7FF482
:103680003BAE31784DF20D05237801391B04BD485E
:10369000090203F4FE0301F470611943294317F092
:1036A000B5FE3078237801381B04000203F4FE03D2
:1036B00000F470601843284305B0BDEC028BBDE8F0
:1036C000F04F1EF029BED02D7FF416AE33784DF2A8
:1036D0000D012278013B12041B0202F4FE0203F4E6
:1036E000706313431943A74817F090FE3678002300
:1036F00022782946A4480096FFF79AF905B0BDEC58
:10370000028BBDE8F08F217848F2080599F8003067
:1037100009049C481B0601F4FE0103F0FE43194313
:103720003378013B1B0203F470631943294317F0FC
:103730006DFE207899F80020337800041206013BD2
:1037400000F4FE0002F0FE421B02104303F470631B
:10375000184328431EF0E0FD05B0BDEC028BBDE828
:10376000F04FFEF7F5BD337829468748009399F866
:1037700000302278FFF75CF9237899F8001048F2BE
:10378000080032781B040906013A03F4FE0301F035
:10379000FE4112020B4302F47062134318431EF001
:1037A000BBFDD9E74FEA0C43013F120648F208017E
:1037B00003F4FE03734802F0FE4213433A0202F49C
:1037C00070621343194317F021FE367899F80030E0
:1037D000294622786C480096FFF72AF9BCE7802733
:1037E00041F6FF73317817FB02C266480139A2F532
:1037F000005209029A4201F47061A8BF1A4602F50C
:1038000000521304D21103F4FE0343EA02630B4394
:103810004EF20E01194317F0F9FD337829465A4844
:103820000093227899F8003017FB032302F07F02FF
:10383000C3F3C613FFF7FCF8227899F8003007EEBF
:10384000903A534BB8EEE76B07EE902A514AB8EE28
:10385000E77B92ED005A9FED473B9FED484BB7EE5B
:10386000C55AA6EE037BD3ED006AF5EEC06AF1EE11
:1038700010FA37EE447B27EE057BB7EEC77BF7EEF9
:10388000007AB4EEE77A40F2D981F1EE10FA40F313
:10389000A181414BDFED417A66EEA76AFDEEE67A43
:1038A00017EE902A002A00F0B08172B63C49C86930
:1038B0000B62834200F0998480FAA3F4EFF3008551
:1038C0002D0140F1C183551C022D04D993FBF2F464
:1038D00090FBF2F2A41A002C00F0E3824C62012368
:1038E0000B7662B6A2E4802541F6FF7733784EF27C
:1038F0000E0815FB02C22348013BA2F500521B0231
:10390000BA4203F47063A8BF3A4602F500521104AC
:10391000D21101F4FE0141EA0261194341EA0801B2
:1039200017F074FD99F800102378327815FB0133F5
:10393000013AA3F500531202BB4202F47062A8BF21
:103940003B4603F500531804DB1100F4FE0040EA87
:103950000360104340EA08001EF0DEFC227899F86C
:1039600000306CE70F4A104B12781B7867E700BFF6
:10397000AFF3008000000000000060400000000085
:103980000000C04080A2002028CE0020546E0220FB
:10399000D48900202C7C00200000FF7F6666304226
:1039A0005CE500202B8902202C89022029468025F5
:1039B00030780CF07F0215FB03C30090C3F3C613ED
:1039C000C148FFF735F899F8002023784EF20E0031
:1039D000317815FB023341F6FF720139A3F500532C
:1039E0000902934201F47061A8BF134603F5005326
:1039F0001A04DB1102F4FE0242EA03630B4318438C
:103A00001EF08AFC227899F8003018E733784DF2DE
:103A10000D0122781B01AD481204DBB202F4FE0254
:103A2000134399F80020013A120202F47062134322
:103A3000194317F0EBFC367899F8003058E63178E6
:103A40004DF20D0523780901A0481B04C9B203F407
:103A5000FE03194399F80030013B1B0203F4706325
:103A60001943294317F0D2FC3178227899F80030B5
:103A700000297FF4DBAB581E1204000202F4FE02A0
:103A800000F470601043284316E6337829468E48C8
:103A9000009399F800302278FEF7CAFF3178227837
:103AA00099F8003000297FF4C1AB013B12044DF2BC
:103AB0000D00BDE4864A874B1278D3ED007A00EE04
:103AC000102AB8EE400A20EE270AB5EE400AF1EEC1
:103AD00010FA00F09583804BD3ED000A20F022F914
:103AE0007E4B7F4A1B7882ED000A002B3FF49EAB91
:103AF0007C487D49D0ED006A91ED007A60EE260A9F
:103B00007A4A7B4BD2ED007A60EE870AF4EEE70A40
:103B1000C3ED000AF1EE10FA03D5F0EE670AC3ED2B
:103B2000007A744B744893ED000AFDF7B7FAFFF77B
:103B30007DBB674B714C1B782370FAF7C7F924786B
:103B40006F4B704A1B7812786F4970480094FFF7EA
:103B5000D8BB34EE475AB7EE006BB7EEC77AB7EE74
:103B6000C55AF7EE004A36EE477B85EE070BB7EEF7
:103B7000C00BB4EEE40AF1EE10FA00F39981B5EE51
:103B8000C00AF1EE10FA3EF5DDAFFEF7DDBF604B87
:103B9000B0EE674AC5ED007A1A60FEF7CABF5D4A0B
:103BA0005D4B5E481B7812785D4900922A4603609F
:103BB000012008705B495548FFF7A3BB622B00F05A
:103BC0007F81632B7FF432AB414A4E4B12781A70DF
:103BD000FFF72CBBFFEE007AB4EEE77AF1EE10FAB5
:103BE00000F14782DFED507A66EEA76AFDEEE67AD5
:103BF00017EE902ADFED4D7A27EE277AFDEEC77A91
:103C000017EE903A002A7FF450AE72B6484A00216F
:103C1000D361117662B6FFF709BBF7EE007AB4EE16
:103C2000E77AF1EE10FA40F3FE81424B72B6324968
:103C3000CB6100230B7662B6FFF7BAB8F1EE10FA4B
:103C400040F35C823B4BE0E73B4BB7EE007AD3EDB1
:103C5000007AF4EEC77AF1EE10FA40F3848272B67D
:103C6000364A0023D561137662B672B634480376BD
:103C7000304BC36162B6334B9FED330AD3ED000A7C
:103C8000FDF70CFAFFF7CDBA304BB7EE007AD3ED63
:103C9000007AF4EEC77AF1EE10FA40F3748272B64D
:103CA0002B4A0023D561137662B672B62948037693
:103CB000204BC36162B6284B9FED230AD3ED000A67
:103CC000FDF7ECF9FFF76CBA28CE002080A20020A7
:103CD0002C890220287C0020D889002034890220E9
:103CE000ACE50020DC890020C84A0220446902209B
:103CF00048690220208A002084E5002047890220AC
:103D00004889022049890220D82D0020846C022095
:103D10004C6902202A8902202B8902205469022042
:103D200037890220B42D00206666304200FEFF4E27
:103D30005CE500200000FF7F74D4002040E70020F5
:103D4000A0E600208CD400200000000084D40020D5
:103D5000F0E6002050E600209CD40020C94A012152
:103D600000976346C2F800C0C74AC84811702A4687
:103D7000C74921F0BBFEC54822F01CFBC3490246DF
:103D8000C4481CF0EDF8C3481CF01EF933782278C3
:103D90004CF20C01013B12041B0202F4FE0203F47C
:103DA000706313439EE4B749012000976346C1F84E
:103DB00000C02A46B4494CF20C050870B449B34817
:103DC00021F094FEB14822F0F5FAB0490246B1481C
:103DD0001CF0C6F8AF481CF0F7F83178237854E4AB
:103DE000A84BA94AAA490097C3F800C063461070BF
:103DF0002A46A64821F07AFEA44822F0DBFAA3491D
:103E00000246A4481CF0ACF8A2481CF0DDF8327859
:103E10000023A148009229462278FEF709FE337854
:103E200022784CF20C00FFF701BBBFEE007AF4EEF3
:103E3000C77AF1EE10FA00F1DD819FEDAF7A67EEFF
:103E4000877AFDEEE77A17EE903AFFF7B6B972B6C9
:103E5000924B0022DA611A7662B6FFF760B9BFEEC4
:103E6000007AF4EEC77AF1EE10FA00F1C6819FED08
:103E7000A27A67EE877AFDEEE77A17EE903AFFF7BF
:103E80005BB972B6864B0022DA611A7662B6FFF72A
:103E9000A7B872B6834B0022DA611A7662B6FFF7D2
:103EA000D5B88342CCBF01234FF0FF334B6216E5F8
:103EB000B0EE640AFEF748BEB0EE640AFEF775BEC7
:103EC000794A7A4B12781A70FFF7B0B99FED6B6B95
:103ED000FFF7AEB89FED697BFFF774B8744B97EDB1
:103EE000000AD3ED000A7348FDF7D8F8704B724F03
:103EF000D3ED000A714B724893ED000AFDF7CEF83E
:103F00009BED000AD7ED000A6E48FDF7C7F89AED61
:103F1000000AD7ED000A6C48FDF7C0F899ED000AD9
:103F2000D7ED000A6948FDF7B9F8D7ED000A98ED1A
:103F3000000A6748FDF7B2F8664BD3ED007AF5EE5C
:103F4000C07AF1EE10FA08DD039B634893ED000A96
:103F5000624BD3ED000AFDF7A1F8614BD3ED007A77
:103F6000F5EEC07AF1EE10FA40F35D8195ED007A3E
:103F7000F7EE006A5B4B87EE276A93ED007AB7EEA7
:103F8000C77AB4EEE66AF1EE10FA00F36A81FFEE4A
:103F9000006AB4EEE66AF1EE10FA00F16B81B7EE5A
:103FA000C66AB7EE005B35EE466B27EE067B4E4BDE
:103FB0003B48D3ED000AB7EEC70BFDF76FF84B4B4C
:103FC000D3ED007AF5EEC07AF1EE10FA40F32381DA
:103FD00095ED007AF7EE006A454B87EE276A93ED80
:103FE000007AB7EEC77AB4EEE66AF1EE10FA00F3A3
:103FF0002681FFEE006AB4EEE66AF1EE10FA00F1F7
:104000003681B7EEC66AB7EE005B35EE466B27EE3B
:10401000067B354B2348D3ED000AB7EEC70BFDF7FF
:104020003DF8FFF7FEB8FFEE007AB4EEE77AF1EE66
:1040300010FA00F1FF80DFED307A27EE277AFDEEEF
:10404000C77A17EE903AF1E594FBF2F443E4BFEE41
:10405000007AF4EEC77AF1EE10FA00F1ED809FEDF0
:10406000267A67EE877AFDEEE77A17EE903AFFF749
:1040700049B8204B0EE400BFAFF300800000000001
:10408000000000005469022037890220846C02205D
:10409000B42D0020747D002028CE002008E80020E8
:1040A00014E400203CE400202C89022048890220EE
:1040B000D089002064E40020C0890020B8E40020FA
:1040C00090E40020BCE30020E8E300205CE3002053
:1040D00088E3002038CF002034E30020B8E300203C
:1040E000B8CC0020C0CC0020CC890020BCCC002063
:1040F000C4CC00200000018000FEFF4EFFEE007ADD
:10410000B4EEE77AF1EE10FA00F1A3805FED067AE3
:1041100027EE277AFDEEC77A17EE903A75E5BFEEE7
:10412000007AF4EEC77AF1EE10FA00F194801FEDF8
:104130000E7A67EE877AFDEEE77A17EE905AFFF770
:104140005EB8BFEE007AF4EEC77AF1EE10FA00F135
:1041500085801FED177A67EE877AFDEEE77A17EE16
:10416000905AFFF70BB8BFEE007AF4EEC77AF1EE83
:1041700010FA67D41FED207A67EE877AFDEEE77AB2
:1041800017EE905A6BE5BFEE007AF4EEC77AF1EEC7
:1041900010FA5CD41FED287A67EE877AFDEEE77A95
:1041A00017EE905A7BE5BFEE007AF4EEC77AF1EE97
:1041B00010FA59D41FED307A67EE877AFDEEE77A70
:1041C00017EE903AFEF777BFBFEE007AF4EEC77AAB
:1041D000F1EE10FA38D41FED387A67EE877AFDEEEB
:1041E000E77A17EE903AFEF742BF00230B7662B6ED
:1041F000FFF71CB8234BFEF7E0BF224BFEF79CBF36
:104200009FED210A6CE4B0EE007BFEF7DBBEB0EE62
:10421000006BFEF70DBF72B61C4B0022DA611A76F6
:1042200062B6FEF7FEBF72B6194B0022DA611A764B
:1042300062B6C4E6134BF9E4124BFEF763BF9FED81
:104240000F6BE4E60F4D0AE50E4BFEF710BF0D4D68
:1042500025E50C4BD9E40B4DFEF7D1BF094DFEF718
:104260008DBF9FED066BA0E6064BFEF724BFB0EEB8
:10427000006BCCE6B0EE006B97E600BF00000000DC
:104280000000000000000180000000003CE400206D
:1042900014E40020D94A12789A427EF4C7AFD84974
:1042A000D84A0978D2ED007A04EE101AD64BD748D6
:1042B000B8EE444AD64DD74AD0ED001A24EE274A2C
:1042C0001868D54CD54983ED004AB0EE440A95ED07
:1042D000001AD2ED000AD24B84ED004A0860FDF7C7
:1042E0008DFBF0EE403AD3ED001ACE4BB0EE440A0F
:1042F000CD49CE4AC3ED003ACD4B91ED001AD2ED37
:10430000000AFDF77BFBD3ED001ACA4BDFF8C4832C
:10431000C94AD3ED000AC94B92ED001A88ED000A94
:10432000B0EE440AFDF76AFBC54AD3ED001AF0EE81
:10433000407AC44BB0EE440AC34FD3ED000A92ED6D
:10434000001AC24DC7ED007AFDF758FBF0EE407A37
:10435000BF4EB0EE630AD5ED000ABE48C6ED007A46
:10436000FCF79CFE98ED000AD5ED000ABA48FCF770
:1043700095FED5ED000A97ED000AB848FCF78EFED1
:10438000D5ED000A96ED000AB548FCF787FED4ED9E
:10439000005AB44BB0EE650ADFF83CB3D3ED000A27
:1043A00093ED011AD3ED021AFDF7BAFAAE4BF0EE17
:1043B000407ADFF828A3D3ED000AB0EE650A93ED4A
:1043C000011AD3ED021ACBED007AFDF7A9FAA74B3B
:1043D000F0EE407AB0EE650ADFF80493D3ED000A00
:1043E00093ED011AD3ED021ACAED007AFDF798FA9F
:1043F0009F4BF0EE407AB0EE650ADFF8E882D3ED2D
:10440000000A93ED011AD3ED021AC9ED007AFDF707
:1044100087FA984BF0EE407AB0EE650AD3ED000AC9
:1044200093ED011AD3ED021AC8ED007AFDF778FA80
:10443000914BD3ED007A914BF5EEC07A039383ED67
:10444000000AF1EE10FA40F3638185EEA76A8C4B07
:1044500093ED000AF7EE007AB7EEC00AB4EEE76A11
:10446000F1EE10FA40F35B819FED627B20EE070BCB
:10447000844B8548B7EEC00BD3ED000AFCF70EFE67
:10448000824BD3ED007AF5EEC07AF1EE10FA40F3EC
:104490005081D4ED006AB7EE007A7D4B86EEA76AB4
:1044A00093ED000AB7EEC00AB4EEC76AF1EE10FA57
:1044B00040F346819FED4F7B20EE070B714B754813
:1044C000B7EEC00BD3ED000AFCF7E8FD724B1B788A
:1044D000002B00F04D81714BD4ED005A93ED007A22
:1044E000F4EEC75AF1EE10FA40F3878135EEC74A71
:1044F000B7EE006BB7EEC77AB7EEC44AB7EE005A14
:1045000036EE476B84EE060BB7EEC00BB4EEC50A71
:10451000F1EE10FA40F36B81B0EE450A604BD3ED3B
:10452000000A93ED011AD3ED021AFDF7F9F95D4B7C
:10453000B0EE405A93ED007A5B4BF4EEC75A83ED30
:10454000000AF1EE10FA40F3618135EEC76AB7EE6A
:10455000004BB7EEC77AB7EEC66AF7EE005A34EEF4
:10456000474B86EE040BB7EEC00BB4EEE50AF1EE56
:1045700010FA40F34581B0EE650A4C4B4C4ED3ED3A
:10458000000A93ED011AD3ED021AFDF7C9F9F0EE16
:10459000407A484DB0EE450A474CD6ED000A4748F0
:1045A000C5ED007AFCF77AFDD6ED000A95ED000A1C
:1045B0004348FCF773FD9BED000AD4ED000A414827
:1045C000FCF76CFDD4ED000A9AED000A3E48FCF7BA
:1045D00065FDD4ED000A99ED000A3C48FCF75EFD4C
:1045E000D4ED000A98ED000A3948FCF757FD7BE04E
:1045F000AFF300800000000000000000D58E002016
:104600002C890220287C002084500220F0CD00203C
:1046100000CE002020CE002030E200204C69022095
:10462000F4CD0020ACE2002004CE002024CE0020F7
:10463000E8CD002018CE0020F8CD0020ECCD0020E1
:10464000FCCD00201CCE002004E30020C489002003
:1046500030E3002084E20020B0E20020DCE2002011
:1046600008E30020107C00201C7C0020E07B002060
:10467000EC7B00208C7C0020B8CC0020B4E3002030
:10468000C0CC0020CC89002014E40020BCCC002049
:10469000C4CC00203CE4002034890220D8CC002087
:1046A000F87B0020DCCC00208CE40020047C00207F
:1046B000D0890020B8E40020C089002064E40020F4
:1046C00090E40020BCE30020E8E300205CE300204D
:1046D00088E30020D8E20020E4E3002010E400207A
:1046E00084E30020B0E300204A4BD3ED007AF5EEDE
:1046F000C07AF1EE10FA7EF799AD474B039A47481E
:1047000092ED000AD3ED000AFCF7C8FCFEF78EBD5F
:1047100072B6434B0022DA611A7662B6B0E6FFEE5B
:10472000007AB4EEE76AF1EE10FA1AD5B0EE007B2B
:104730009CE672B63B4B0022DA611A7662B6C5E699
:10474000FFEE007AB4EEE76AF1EE10FA02D5B0EEB1
:10475000007BB1E6B7EEC66AB7EE007B37EE467B6C
:10476000AAE6B7EEC66AB7EE007B37EE467B7DE67B
:104770009FED2D8A2D4B2E4CB0EE480A83ED008A1A
:104780002C4D039BD4ED000A2B4883ED008A85ED68
:10479000008AFCF783FCD4ED000A95ED000A274857
:1047A000FCF77CFCB0EE480AD4ED000A2448FCF784
:1047B00075FCB0EE480AD4ED000A2248FCF76EFC06
:1047C000B0EE480AD4ED000A1F48FCF767FCB0EED3
:1047D000480AD4ED000A1D48FCF760FCB0EE480A18
:1047E000D4ED000A0D48FCF759FCFEF71FBDB5EEED
:1047F000C00AF1EE10FA7FF591AE9FED0B0A8DE63F
:10480000B5EEC00AF1EE10FA7FF5B7AE9FED060ADD
:10481000B3E600BF38CF0020B8E3002034E3002027
:1048200014E400203CE40020000000008CE40020A0
:10483000C8890020B8E4002064E4002090E400204F
:10484000BCE30020E8E300205CE3002088E30020D4
:10485000036810B504460BB17430984794F875306E
:10486000803B7F2B44D8DFE803F04043434343437E
:1048700043434343434343434343C143434343438A
:1048800043434343434343434343BD43434343437E
:1048900043434343434343434343B143434343437A
:1048A00043434343434343434343AD43434343436E
:1048B00043434343434343434343A3434343434368
:1048C000434343434343434343438F43434343436C
:1048D00043434343434343434343827E6E664343E0
:1048E00062435E5A56524E434A44A368002B70D12D
:1048F00010BD236D002BFBD0BDE810401847E36CC2
:10490000002BF9D1F4E7A36C002BF5D1F0E7636C31
:10491000002BF1D1ECE7E36B002BEDD1E8E7236C42
:10492000002BE9D1E4E7A36B002BE5D1E0E7636B53
:10493000002BE1D1DCE7236B002BD9D094F8760073
:10494000BDE810401847E26A002AD1D094F87730C9
:1049500094F87600DB0100F07F0003F47E53BDE89D
:10496000104018431047A36A002BE7D1C0E7636AE1
:10497000002BBDD0B4F8761004F178008029BDE892
:10498000104028BF80211847226A002AB0D094F82E
:10499000771094F87630C90194F8740003F07F031F
:1049A00001F47E511943BDE81040A1F500511047B4
:1049B000E369002B9CD094F8761094F87400BDE85D
:1049C00010401847A369002BF5D191E76369002BCC
:1049D0008ED094F8772094F8761094F87400BDE89F
:1049E000104018472369002BF3D181E7E368002BBF
:1049F000EFD17DE738B5436D0446186803681B693D
:104A00009847002800F0CA8094F80D31626D23F0B9
:104A1000010384F80D31106803685B699847C3B2DD
:104A2000FD2B00F0BB80656E002D40F0B98094F83E
:104A3000592084F85B3002F10C01C9B2012940F21F
:104A40003881D10900F03581FD2A00F03281EF2A4A
:104A500094BF02F0F0011146B02904D040F23E812B
:104A6000E02940F02181000600F12581012184F830
:104A70005C30134684F85B20616603F0F702F52A88
:104A800000F01C81EF2B94BF03F0F0001846A0F15A
:104A900080027F2A00F21281DFE812F08D011001FE
:104AA000100110011001100110011001100110017E
:104AB0001001100110011001100110018D011001F1
:104AC000100110011001100110011001100110015E
:104AD0001001100110011001100110018D011001D1
:104AE000100110011001100110011001100110013E
:104AF0001001100110011001100110018D011001B1
:104B0000100110011001100110011001100110011D
:104B10001001100110011001100110019701100186
:104B200010011001100110011001100110011001FD
:104B30001001100110011001100110019701100166
:104B400010011001100110011001100110011001DD
:104B50001001100110011001100110018D01100150
:104B600010011001100110011001100110011001BD
:104B70001001100110011001100110019B0197019B
:104B80008D0197011001100179019B0179017901D3
:104B9000790179017901100179017901002038BD8D
:104BA00002065AD494F85B20F02A00F0A080F72A7D
:104BB00000F09D80621982F85B30226E511E8D429A
:104BC000C0F09C8094F85B50F02D00F0A980F72D88
:104BD00000F0A680EB0900F0E880F42D00F0E580FD
:104BE00005F0F703F52B00F0E080EF2D94BF05F002
:104BF000F0032B46B02B84F8753004D000F21A81F4
:104C0000A02B40F0118105F00F010131032A84F837
:104C100074104FF0000294F85C10C4E9182284F874
:104C200076104FF001020CBF94F85D100021B02BFC
:104C300084F8F82084F8771000F0DB8000F2D2804E
:104C4000A02B00F0D68003F0EF03802B00F0D18082
:104C50000023012084F8593038BDA3F1F0020F2A57
:104C6000A0D801A151F822F0DF2401003123010076
:104C700031230100312301003123010031230100E0
:104C800031230100DF24010091240100912401005F
:104C9000912401009124010091240100312301009D
:104CA000912401009124010001F0EF01C0293FF49B
:104CB000DAAE010602D5F42B7FF4DFAE94F90D01D4
:104CC000636840F0010084F80D0103B198470023A8
:104CD000184684F85930C4E9183338BDA0293FF488
:104CE000C2AE01F0EF0180293FF4BDAEE1E76219E9
:104CF00082F87830226E013A954211D201350020B7
:104D0000656638BD0122002184F875301046A4F88C
:104D1000761084F87410C4F8FC2084F8F82038BDAC
:104D2000F02180220123484894F8F750606720461C
:104D3000C4F8FC2084F8F83084F8F710FFF788FDF9
:104D4000F7220223002084F8782084F879506366E3
:104D500038BD94F87800F72818BFF0280CBF012060
:104D60000020ABD16A1C25444FF4704185F878309F
:104D70000023A4F87620C4F8FC200122A4F87410C3
:104D8000636684F8F820236684F8593038BD002320
:104D9000012284F8750084F874301046A4F8763047
:104DA00084F8F820C4E9183338BD00210B4684F894
:104DB000751000212AE7032202212266626E8A42D0
:104DC0001BD201320020626638BD02220121226618
:104DD000F4E78021002284F8780021667F2184F89E
:104DE0005920EBE7E02B04D003F0EF03C02B7FF456
:104DF0002FAF012084F8595038BD012203F00F0372
:104E0000002194F85C50134484F8750084F87650BF
:104E1000104684F8771084F87430C4F8FC2084F8C5
:104E2000F820C4E9181138BD03F0EF0180293FF4E0
:104E3000EAAEBEE7E02B3FF4E6AE03F0EF01C02997
:104E40003FF4E1AEB5E700BF00F0800090F87030AD
:104E5000DA0718D513F0FE0F15D090F875C08CF056
:104E60008002602AF0B5044683B00DD890F87450E3
:104E70008D4253D0002951D05B08012B55D0032B14
:104E800074D003B0F0BD7047BCF1F10F1CD90CF128
:104E90000E03012243F25071DBB202FA03F30B421C
:104EA0002BD00CF10803DBB2072BEAD8DD2222FA63
:104EB00003F3DB07E5D5436D6146186803681B689B
:104EC00003B0BDE8F0401847BCF1F00F37D0BCF19B
:104ED000F10FD6D194F876306146406D94F8772082
:104EE0001D01006802F00F0205F07005036815430C
:104EF0001B689847636D2946DFE7DA073FD4BCF1AA
:104F0000F30FBED1436D614690F876501868036880
:104F10001B689847636D05F07F01CEE7C3F3460336
:104F20007F3303F07F03012BABD894F877306146D1
:104F300094F8762020460095FDF77AFDA1E7B0F8B9
:104F40007630802B1F4628BF8027002B99D000F198
:104F50007706636D354616F8011F1868763D0368BD
:104F60002D1B1B689847AF42F3D88AE794F8773037
:104F7000614694F876200095FDF75AFD81E7426D71
:104F8000F22190F8773090F87650106845EAC31512
:104F900003681B689847636D05F07F011868036814
:104FA0001B689847636DC5F3C61186E7894B1A687D
:104FB000D1072DE9F04F884C884D2DED0A8B85B037
:104FC00003D40121226819602A60854B1A68D20730
:104FD00040F15A82834E84480AF024FB82480AF04A
:104FE00065FB002801F0AF8122682B687F4FD31A40
:104FF0007F49DFF84882202B3A600A6019D9D8ED42
:10500000007A0D20DFF83892F5EEC07AF1EE10FA52
:10501000CCBF012100211BF0F5FB3B682B60FCF7A6
:1050200001FA99F80030002B41F085872A683B6827
:105030009B1AD8ED007A9FED6F7A67EE877AFCEEC7
:10504000E77A17EE902A9A4240F206816A4BDFF81F
:10505000F481029398F80030002B40F017813B68F0
:10506000664D3360664E3378002B40F024812B78F8
:10507000002B40F02B81634BDFF8CC910193624B06
:10508000624F0393DFF8C4A1614BDFF8C4B1DFF8CE
:10509000C4810093029B40211A785E4B93ED007A05
:1050A0005D4BD3ED007A5D4B27EE277A93ED006AD6
:1050B0005B4B83ED006A5B4B83ED007A4FF0E0239E
:1050C000C3F88811002A00F02782B7EEC66ADFED28
:1050D000567A9FED3E5B26EE056BB7EEC66BB4EEDF
:1050E000E76AF1EE10FA01F37A81DFED507AB4EE5F
:1050F000E76AF1EE10FA02F1AE81F0EE467AFEEECA
:10510000C87A17EE900AB7EEC77ADFED476A9FEDCF
:105110002F5B27EE057BB7EEC77BB4EEE67AF1EEA8
:1051200010FA01F33984DFED417AB4EEE77AF1EE5B
:1051300010FA02F16481F0EE477AFEEEC87A17EEBB
:10514000902A03F1AF801146DFED377A384BB4EE89
:10515000E76AC3E90602F1EE10FA01F34F84DFEDCE
:10516000337AB4EEE76AF1EE10FA02F16081F0EE04
:10517000467AFEEEC87A17EE902A03F19080104628
:10518000DFED297AB4EEE77AC3E90812F1EE10FAFE
:1051900041F33E84274B1946DFED237A264AB4EECD
:1051A000E76AC2E90603F1EE10FA02F34E81DFED81
:1051B0001F7AB4EEE76AF1EE10FA02F14381F0EEE5
:1051C000467AFEEEC87A17EE903ABFE166666666EA
:1051D0006666E63FB0D40020146D022048DA002055
:1051E000B4D400204CDA00205869022024E20020C8
:1051F00028E2002000000442328902204689022071
:1052000044890220CC8E0020CB8E002038730220EF
:10521000687A0220305502201C8A0020C48E0020AB
:10522000F0540220F454022000FEFF4600FEFFC6A8
:10523000B85402200000FF7FF8540220845002205E
:10524000378902203689022098810220007E0220C0
:1052500030850220D076022000210D201BF0D2FAEA
:105260008C480AF0DFF98C480AF0DCF989480AF02A
:105270001DFA002841F0CA80884BDFF8948202931F
:10528000187098F80030002B3FF4E9AE844812F013
:1052900037FC844812F034FC834812F031FC3B6840
:1052A00032689B1A452B01F2A080804E804D3378E6
:1052B000002B3FF4DCAE11227E497F4812F0BEFD88
:1052C000002333702B78002B3FF4D5AEFCF7EAFBBC
:1052D0007A4A7B4B1278DFED8F6A002A794A08BF41
:1052E0000023D361784BD3ED007A784B93ED007AAD
:1052F0004FF4803327EE877A9361B4EEE67AF1EECD
:1053000010FA01F36F80DFED726AB4EEE67AF1EE27
:1053100010FA02F1D084F0EE476AFEEEC86A16EE8B
:10532000903A6C4A9FED7B7A93616B4BD3ED006AA8
:1053300067EEA67AF4EEC77AF1EE10FA01F306866C
:105340009FED637AF4EEC77AF1EE10FA02F1B684BB
:10535000B0EE677ABEEEC87A17EE103AD3615F4BB3
:10536000D3ED007AF5EEC07AF1EE10FA01F1F18595
:10537000B7EE007AF4EEC77AF1EE10FA42F3BC848D
:105380004FF48033564A1362564BD3ED007AF5EE54
:10539000C07AF1EE10FA01F1E2859FED537AF4EE56
:1053A000C77AF1EE10FA02F382809FED507A67EE31
:1053B000877AFCEEE77A17EE903AD3614C4BD3ED47
:1053C000007AF5EEC07AF1EE10FA01F1C585B7EE7C
:1053D000007AF4EEC77AF1EE10FA42F3C8844FF483
:1053E0008033444A1362444BD3ED007AF5EEC07A21
:1053F000F1EE10FA01F1FA879FED3B7AF4EEC77AED
:10540000F1EE10FA02F34C809FED387A67EE877A5E
:10541000FCEEE77A17EE903AD361384B93ED007AC1
:10542000B5EEC07AF1EE10FA01F19C85DFED2E6A3F
:10543000B4EEE67AF1EE10FA02F32E80DFED2B7A6D
:105440002F4B67EE277A2F491A780193FCEEE77A03
:1054500017EE903AC1ED077A002A42F094842A4B65
:10546000D3ED007AF5EEC07AF1EE10FA02F156852E
:105470009FED1D7AF4EEC77AF1EE10FA42F38C84B8
:105480004FF0004301F077BD2268204E32600122C8
:105490001A60A0E5A8500220905002203289022014
:1054A000084A0220404A0220784A02204489022009
:1054B0004689022098870020C8880220D08E0020CC
:1054C0000000FEFF2C580220847C0020E0CD00204C
:1054D00000FEFFC684560220E4CD002068CF0020E5
:1054E000046B022070CF00200044AC46C637BE4794
:1054F0006CCF0020286B022074CF002010CE00203B
:10550000CC8E0020746A022014CE00204CDA0020D9
:105510003689022000FEFF465FED027AB4EEE76AAC
:10552000F1EE10FA40F31287B4EEE77ADF4BE04871
:10553000F1EE10FA986141F33D825A62C3E9070225
:10554000DB4B0021DB4AC2E906030B46C2E9081324
:10555000D94B1B78002B00F0F487D84BDFEDD87ABD
:1055600093ED077AB8EEC77A9FEDC86B27EE277ADE
:10557000B7EEC77A27EE067BB8FE477BB7EEC77B50
:10558000D04BDFEDCF6A1B78002B00F06B87CE4B42
:10559000D3ED077ACD4BF8EEE77A67EEA67AD3ED36
:1055A000006AA6EEA77AB8FE477AC94BB7EEC77A6B
:1055B000B2EE08ABDFEDC22A93ED006AB0EE000B4D
:1055C000B0EE475BC34BB7EEC66ADFEDC33A9FED63
:1055D000B1BBA6EE0A5B93ED006AC04BB7EEC66A9C
:1055E0009FEDAE8BA6EE0A7B93ED006ABC4BB7EE47
:1055F000C66A36EE056B93ED005ABA4BB7EEC55A44
:1056000093ED009AB84B36EE056B93ED003AB7EE8A
:10561000C94AB64B93ED005A36EE046BB44BD3ED4A
:10562000075AB44BF8EEE55A93ED002AB24B65EEFB
:10563000A25AB7EEC22AA5EEA39AB7EEC33A33EE4A
:10564000077BD3ED003AAD4B35EE099A37EE027B7E
:10565000B7EEC55A39EE239A37EE047B36EE056B6A
:1056600037EE057BB7EEE35A36EE056B37EE057B7A
:10567000B7EEC6CBF7EEC79B83ED00CAB7EECC1AE8
:105680009F4B83ED00CA31EE4B1B9E4B83ED009A7E
:1056900081EE0A1B9C4BC3ED009A9C4BC3ED009A14
:1056A0001DF0BCFF20EE087B994BB7EEE91AB0EE77
:1056B000000BB7EEC77BD3ED007A31EE4B1B954B59
:1056C00081EE0A1B77EE27AAC3ED00AA1DF0A6FF04
:1056D00020EE080B904BD3ED007A904BB7EEC00B49
:1056E00030EE27AA83ED00AA8D4B1B780F2B41F2D9
:1056F000A780B4EEE9CADFED8B6AB2EE087AB0EEAD
:10570000000BF1EE10FA54BFF0EE697AF0EE4C7A2D
:1057100077EEE67A844E87EE871AB7EEC11A1DF04F
:105720007DFF20EE088B814B1B780F2BB7EEC88BCB
:1057300086ED008A41F2C480B4EE69CA9FED797AA1
:10574000F2EE087AB0EE000BF1EE10FA48BFF0EE80
:105750004C9A39EEC77A87EE271AB7EEC11A1DF0B8
:105760005DFF9FED4E7B20EE070B714BD3ED009A52
:10577000F7EEC07B6F4BB0EE000B79EE699A93EDBC
:10578000001A6D4B29EE811AC3ED007A9FED458B0F
:10579000B7EEC11A81EE081B1DF040FF674BD3ED39
:1057A000007AB7EEC0BB664B29EEA71AB0EE000B2D
:1057B00083ED00BAB7EEC11A81EE081B1DF02EFF73
:1057C000604BD3ED009A604BF7EEC0BB79EE699A5F
:1057D00093ED001AB0EE000B5C4B29EE811AC3ED7D
:1057E00000BAB7EEC11A81EE081B1DF017FF584B27
:1057F000D3ED007AB7EEC0CB564B29EEA71AB0EE28
:10580000000B83ED00CAB7EEC11A81EE081B1DF034
:1058100005FF514BD3ED007A504BF7EEC09BB4EE31
:10582000E79A93ED007AB0EE000B4D4BF1EE10FAD3
:1058300058BFF0EE497A37EEC71AD3ED007A494BDC
:1058400021EE271AC3ED009AB7EEC11A81EE081BAC
:105850001DF0E4FE444BF5EEC0AAB7EEC05BF1EEDE
:1058600010FA83ED005A00F1E387DFED407AF4EEA1
:10587000E7AAF1EE10FA00F38780DFED3D7A3D4AAA
:105880006AEEA77A009977E0AFF30080000000008D
:105890000000604000000000004051400000000097
:1058A00000807B400000000000006240B8540220ED
:1058B0000000FF7FF85402203589022084E5002093
:1058C00000010030108902205CE50020C47B00202C
:1058D00044CF002048CF00200000004368D40020BF
:1058E00024CD00202CCD00206CD40020A0D400209A
:1058F000B0E5002028CD00204CCF0020F88C0020FF
:10590000F08C0020EC8C0020FC8C0020F48C00201B
:10591000B0CC0020E48C0020B4CC0020E88C002027
:10592000DB8E002000008A42DC8C0020D98E002013
:105930001C8D0020787C0020E08C00207C7C0020E6
:10594000648C0020208D0020707C0020688C00205A
:10595000747C00206C8C0020C48C0020248D0020DE
:10596000807C0020708C0020748C00200044AC46A9
:10597000C637BE470000FE7FFCEEE77A17EE903A8E
:10598000C1ED097A934202D9D94B009A53629FED37
:10599000D97AF4EEC7AAF1EE10FA0DDCDFEDD67A73
:1059A000D34A6AEEA77AFCEEE77A17EE903AC9ED91
:1059B000097A934241F27F85DFEDCE7ACC4AF4EE4C
:1059C000E7AAC9F82420F1EE10FA0BDCDFEDCA7A61
:1059D0006AEEA77AFCEEE77A17EE903AC7ED097AFD
:1059E000934201D9C24B7B62B5EEC0AAF1EE10FA28
:1059F00000F1F186DFEDBF7AB4EEE7AAF1EE10FA1E
:105A00000CDCDFEDBD7ABA4A6AEE277AFCEEE77A63
:105A100017EE903ACAED097A934202D9B44BCAF80C
:105A200024309FEDB47AB4EEC7AAF1EE10FA0DDC83
:105A3000DFEDB17AAE4A6AEE277AFCEEE77A17EE2E
:105A4000903ACBED097A934241F23E85DFEDA97A97
:105A5000A74AB4EEE7AACBF82420F1EE10FA0BDC4B
:105A6000DFEDA57A6AEE277AFCEEE77A17EE903A38
:105A7000C8ED097A934202D99D4BC8F824309F4B58
:105A8000D3ED007A9E4B6BEE277A93ED007A9D4B17
:105A9000F4EEC77AD3ED006AF1EE10FA00F34D850B
:105AA000F4EE667AF1EE10FA48BFF0EE667A964BA5
:105AB000DFF894B2D3ED005ACBED007A6BEEA55A25
:105AC000B4EEE57AF1EE10FA00F13385F4EE656A92
:105AD000F1EE10FA76FEA55A8C4BDFF870A293ED2A
:105AE000006ACAED005A2CEE066AB4EEC67AF1EEF0
:105AF00010FA00F11A85F4EE466AF1EE10FA36FE5D
:105B0000866A834B834FD3ED005A87ED006A69EEB6
:105B1000A55AB4EEE57AF1EE10FA00F10285F4EE42
:105B2000E56AF1EE10FA76FEA56A7B4BDFF820926B
:105B300093ED006A794B25EE060AC9ED006AD3EDB4
:105B4000006AB4EEC07AF1EE10FA08D4B4EEE60AB8
:105B5000F1EE10FA54BFB0EE407AB0EE667AF1EE94
:105B6000046ADFF8F08188ED007AF4EEE67AF1EE6F
:105B700010FA00F1D2849FED6A7AF4EEC77AF1EE62
:105B800010FA00F3D6869FED677A27EE870AF0EECB
:105B9000407AFEEEE07ACDED007A1EF053FAF0EE98
:105BA000407A009BFEEEE07A17EE901A5E48B6EE61
:105BB000007A5E4AD0ED007AF4EEC77AC2E9063187
:105BC000F1EE10FA00F1A5849FED597AF4EEC77A50
:105BD000F1EE10FA00F3AA86F7EE006A86EEA77AD5
:105BE000F0EE477AFEEEC17A17EE903A51495362D1
:105BF000514A91ED007AD2ED007A9FED506A67EE3E
:105C0000276AF4EEC66AF1EE10FA00F37E849FED87
:105C10004C6AF4EEC66AF1EE10FA00F18386B0EE3B
:105C2000666ABEEEC86A16EE10CA464BDFED436ADE
:105C300093ED006ADFF820E167EE867ACEF818C0AF
:105C4000F4EEE67AF1EE10FA00F35B84DFED3C6AE5
:105C5000F4EEE67AF1EE10FA00F16086F0EE676A93
:105C6000FEEEC86A16EE90CAFFEE007ACEF824C0A7
:105C7000B4EEE77AF1EE10FA40F18785DFF8DCC088
:105C800072B6DFF8DCE0CEF81CC04FF0000C8EF8E6
:105C900018C062B6019D95F800C0BCF1000F00F07D
:105CA000EA84B1EE047ADBED007AF4EEC77AF1EE25
:105CB00010FA00F12E869FED1A7AF4EEC77AF1EE13
:105CC00010FA01F3D6839FED177A27EE870AF0EEDC
:105CD000407AFEEEE07A17EE90AA1EF0B3F9F0EEED
:105CE000407A1449174B1048FEEEE07A3AE000BFC4
:105CF0000000FE7F0044AC46C637BE47587C0020FB
:105D0000848C0020BC8C0020607C0020487C00201B
:105D1000507C0020288800206C7C0020C08C002053
:105D200000D0894693651538A87C0020CC4A022013
:105D300033334B41D0CC00205C7C002000FEFF467A
:105D400000FEFFC6CC8C0020208800202488002084
:105D50002C88002030880020C05202200000FF7FE5
:105D60000CE50020DC4A17EE90CAB6EE007AD0EDC2
:105D7000007ADA48F4EEC77AC0E906ACF1EE10FA20
:105D800000F1F7859FEDD67AF4EEC77AF1EE10FABE
:105D900001F34683F7EE006A86EEA77AF0EE477AC3
:105DA000FEEEC17A17EE90CA91ED007AD2ED007A3C
:105DB0009FEDCC6A67EE276AC0F824C0F4EEC66A8D
:105DC000F1EE10FA00F3D2859FEDC76AF4EEC66AD1
:105DD000F1EE10FA01F12183B0EE666ABEEEC86AF8
:105DE00016EE101A93ED006ADFEDBE6A67EE867A52
:105DF000BE4A9161F4EEE67AF1EE10FA40F3AD841A
:105E0000BB4BFFEE007A5362B4EEE77AF1EE10FA84
:105E100040F1EA84B64B72B6B64AD36100231376DA
:105E200062B6B1EE047AD7ED007AF4EEC77AF1EEFD
:105E300010FA00F11C849FEDB07AF4EEC77AF1EE0F
:105E400010FA00F3A4859FEDAD7A27EE870AF0EEF5
:105E5000407AFEEEE07A17EE90AA1EF0F3F8F0EE2C
:105E6000407AFEEEE07A17EE902AA548B6EE007A68
:105E7000A44BD0ED007AF4EEC77AC3E906A2F1EEA6
:105E800010FA00F17E849FED967AF4EEC77AF1EE77
:105E900010FA00F33485F7EE006A86EEA77AF0EE8A
:105EA000477AFEEEC17A17EE902A97495A62974ACE
:105EB00091ED007AD2ED007A9FED8A6A67EE276A4B
:105EC000F4EEC66AF1EE10FA00F3CE839FED866A17
:105ED000F4EEC66AF1EE10FA00F11485B0EE666ACF
:105EE000BEEEC86A16EE10CA894BDFED7E6A93EDEE
:105EF000006ADFF838E267EE867ACEF818C0F4EE72
:105F0000E67AF1EE10FA00F33884DFED776AF4EE0A
:105F1000E67AF1EE10FA00F11985F0EE676AFEEE0E
:105F2000C86A16EE90CAFFEE007ACEF824C0B4EE2E
:105F3000E77AF1EE10FA40F16984DFF8B4C172B685
:105F4000DFF8ECE1CEF81CC04FF0000C8EF818C062
:105F500062B6039D95F800C0BCF1000F00F003830A
:105F6000B1EE047AD7ED007AF4EEC77AF1EE10FACA
:105F700000F1E7849FED607AF4EEC77AF1EE10FA53
:105F800001F372829FED5D7A27EE870AF0EE407A88
:105F9000FEEEE07A17EE907A1EF054F8F0EE407ABA
:105FA0005B4B5A4A5648FEEEE07A574917EE90CAC4
:105FB000B6EE007AD0ED007A5648F4EEC77AC0E922
:105FC000067CF1EE10FA00F1B8849FED457AF4EE0C
:105FD000C77AF1EE10FA01F35282F7EE006A86EE0C
:105FE000A77AF0EE477AFEEEC17A17EE907A91ED3D
:105FF000007AD2ED007A9FED3B6A67EE276A47622E
:10600000F4EEC66AF1EE10FA00F380849FED366A72
:10601000F4EEC66AF1EE10FA01F13B82B0EE666A68
:10602000BEEEC86A16EE101A93ED006ADFED2D6A17
:1060300067EE867A384A9161F4EEE67AF1EE10FA6C
:1060400040F303832A4BFFEE007A5362B4EEE77A03
:10605000F1EE10FA40F1AE83254B72B62F4AD361B0
:106060000023137662B6B1EE047AD8ED007AF4EE2E
:10607000C77AF1EE10FA00F173829FED1F7AF4EE09
:10608000C77AF1EE10FA00F336849FED1C7A27EE02
:10609000870AF0EE407AFEEEE07A17EE907A1DF075
:1060A000D1FFF0EE407AFEEEE07A17EE902A1C4B1C
:1060B000B7EE007AD3ED007A1A4BF4EEC77AC3E953
:1060C0000672F1EE10FA00F172839FED177AF4EE8A
:1060D000C77AF1EE10FA2FE05C7C0020084B02201A
:1060E00033334B4100FEFF4600FEFFC63053022013
:1060F0000000FF7F34E5002000D089469365153805
:10610000A07C0020444B0220C8CC00204C7C002006
:10611000D48C0020804B022010540220E4E40020A4
:10612000687C0020344C02200010A446A0530220BA
:10613000BCE40020936515B900F3DA831FED037A00
:1061400027EE870A1DF07AFDF1EE046AD6ED007A9B
:10615000B7EE007ACA4BF4EEE67A37EE400AF1EE7B
:1061600010FA83ED070A00F17A819FEDC67AF4EE0A
:10617000C77AF1EE10FA00F314849FEDC37A27EE8C
:10618000870AF0EE407AFEEEE07A17EE906A1DF094
:1061900059FFF0EE407AFEEEE07A17EE902ABB4B04
:1061A000B6EE007AD3ED007AB94BF4EEC77AC3E9C4
:1061B0000662F1EE10FA00F14F819FEDB67AF4EE2F
:1061C000C77AF1EE10FA00F3EA83F7EE006A86EE82
:1061D000A77AF0EE477AFEEEC17A17EE902AAE4922
:1061E000B1EE047A5A62D1ED007AF4EEC77AF1EE9C
:1061F00010FA00F12E819FEDA37AF4EEC77AF1EE4A
:1062000010FA00F3D4839FEDA07A27EE870AF0EE10
:10621000407AFEEEE07A17EE905A1DF013FFF0EE92
:10622000407AFEEEE07A17EE902A9C4BB6EE007AAA
:10623000D3ED007A9A4BF4EEC77AC3E90652F1EE39
:1062400010FA00F103819FED937AF4EEC77AF1EE34
:1062500010FA00F3AA83F7EE006A86EEA77AF0EE52
:10626000477AFEEEC17A17EE902A5A624FF0E02389
:106270004022C3F808218B4A236811685B1AB3F5E2
:10628000FA7F06D3884B197809B100211970236869
:106290001360864D95F85860102E1AD8802728462E
:1062A000FEF7A8FBA8B195F87530902B83F080021B
:1062B00000F0C480602A00F2B18095F87430B342D7
:1062C00000F0AC80002E00F0A98031467748FEF740
:1062D000BDFD774D01E0FCF7E5FB0021284615F0F8
:1062E000E7F803460120002BF5D100201CF022F92D
:1062F0000346022043B1FCF7D5FB00201CF01AF93D
:1063000003460220002BF6D16A4D2B78002B40F07B
:10631000F580694B1A68694B1B689A4200F08B83C1
:106320000123674A2B702368136021686548CB1AE4
:10633000654C00682160834280F03E8405B0BDEC6E
:106340000A8BBDE8F08FFBF725F8FEE7DFED5F7AFB
:10635000B4EEE76AF1EE10FA01F16680F0EE467AEB
:10636000FEEEC87A17EE902ADFED597A594BB4EE5B
:10637000E77A9A61F1EE10FA40F31C83B4EEE76A13
:1063800000225548F1EE10FAD861C3E908223FF720
:10639000D7A8DFED4E7AB4EEE76AF1EE10FA01F11C
:1063A000EE84F0EE467AFEEEC87A17EE900ADFED44
:1063B000487AB4EEE77AF1EE10FA3FF7C1A8DFEDC4
:1063C000437AB4EEE77AF1EE10FA01F14180F0EE93
:1063D000477AFEEEC87A17EE903AFFF7B2B83E4819
:1063E000FEF791BE3C4BFEF79CBF00233B4D3C4863
:1063F00088F8003001232B7011F05AFB394811F056
:1064000057FB394811F054FBFEF72CBE374809F012
:106410004DF980F00100C0B2FEF72EBF2846FEF70E
:1064200017FA31462846FEF711FD0020FCF73AFB2B
:1064300095F85860102E3FF64CAF30E795F877305E
:10644000002B7FF43AAF85F8757036E76FF00042A5
:106450000BE7274A1546E8E66FF00042BFE6244AFC
:1064600016469CE6234BD3ED077A234BF8EEE77AEA
:1064700067EEA67AD3ED006AA6EEA77AFFF795B885
:10648000405A022000D0894693651538987C002038
:10649000704C022033334B41E08C00209C7C002068
:1064A000AC4C0220506902201689022028CE002020
:1064B00080A20020458902202CE20020EC49022025
:1064C000D8490220C44B0020D449022000FEFFC658
:1064D00000FEFF46B85402200000FF7F46890220DC
:1064E000084A0220404A0220784A022090500220A6
:1064F000F7D505005CE50020C47B0020D64A136870
:1065000013E7DFF8B4C3FFF7AFBBDFF8ACC3FFF7A7
:106510008CBB6FF00043FFF769BBD0490B46FFF718
:1065200045BBF0EE476AFFF700BBB0EE476AFFF7E6
:10653000E8BAF0EE475AFFF7CFBAF0EE477AFFF726
:10654000B6BAC74BDFEDC76A93ED077ADFEDC67ABF
:10655000B8EEC77A27EE267A27EE277AFFF710B82B
:10656000BE4A1746A3E5B1EE047AD9ED007AF4EEFF
:10657000C77AF1EE10FA00F1F6819FEDBC7AF4EEE5
:10658000C77AF1EE10FA00F380879FEDB97A27EE13
:10659000870AF0EE407AFEEEE07A17EE907A1DF070
:1065A00051FDF0EE407AFEEEE07A17EE903AB14AF5
:1065B000B6EE007AB048D2ED007AF4EEC77AC0E9C0
:1065C0000673F1EE10FA00F1CB819FEDAC7AF4EE98
:1065D000C77AF1EE10FA00F35587F7EE006A86EEFF
:1065E000A77AF0EE477AFEEEC17A17EE903A436250
:1065F000A34B9FEDA46A93ED007AA34BD3ED007AF1
:1066000067EE276AF4EEC66AF1EE10FA00F3B58180
:106610009FED9E6AF4EEC66AF1EE10FA00F1F7867D
:10662000B0EE666ABEEEC86A16EE103A984ADFED22
:10663000956A92ED006A974A67EE867A9361F4EE66
:10664000E67AF1EE10FA3FF7FDACDFED906AF4EE7A
:10665000E67AF1EE10FA00F18081F0EE676AFEEE64
:10666000C86A16EE903AEEE4DFF84CC23CE47B4A8E
:106670009246FFF7FABBB1EE047ADAED007AF4EE57
:10668000C77AF1EE10FA00F17F819FED787AF4EE8F
:10669000C77AF1EE10FA00F3D0869FED757A27EEF7
:1066A000870AF0EE407AFEEEE07A17EE90AA1DF02F
:1066B000C9FCF0EE407AFEEEE07A17EE903A764AA8
:1066C000B6EE007A7548D2ED007AF4EEC77AC0E9EA
:1066D00006A3F1EE10FA00F154819FED687AF4EE12
:1066E000C77AF1EE10FA00F3A586F7EE006A86EE9F
:1066F000A77AF0EE477AFEEEC17A17EE903A43623F
:10670000674B9FED606A93ED007A664BD3ED007A9C
:1067100067EE276AF4EEC66AF1EE10FA00F32F81F5
:106720009FED5A6AF4EEC66AF1EE10FA00F1728635
:10673000B0EE666ABEEEC86A16EE103A5A4ADFED4F
:10674000516A92ED006A594A67EE867A9361F4EED7
:10675000E67AF1EE10FA3FF753ABDFED4C6AF4EE58
:10676000E67AF1EE10FA00F1F580F0EE676AFEEEDF
:10677000C86A16EE903AFFF744BBDFF83CC1FFF75A
:10678000D2BB6FF00042FFF790BBF7EE007AB4EE99
:10679000E77AF1EE10FA00F3B881DFED457A27EEE3
:1067A000677AFDEEC77A17EE90CAFFF769BA9FEDD8
:1067B000410AC7E4F7EE007AB4EEE77AF1EE10FA98
:1067C00000F3A781DFED3A7A27EE677AFDEEC77A0C
:1067D00017EE903A41E40023CAF82430CBF8243075
:1067E000C8F82430FFF74BB9F7EE007AB4EEE77A39
:1067F000F1EE10FA00F38281DFED2D7A27EE677A51
:10680000FDEEC77A17EE903AFFF705BBF7EE007A78
:10681000B4EEE77AF1EE10FA00F37381DFED247A3B
:1068200027EE677AFDEEC77A17EE90CAFFF787BBAF
:106830000023009AC9F8243053627B62FFF7D4B872
:1068400007EE903AB2EE087AB0EE000BDFED1B6A6D
:10685000F8EE677AFEF75CBFD8490220F7D505004D
:1068600084E50020000100300000004300D089468C
:1068700093651538A47C0020804B022033334B41B4
:10688000CCCC002000FEFF46547C002000FEFFC65A
:10689000D88C002010540220AC7C0020084B022031
:1068A000D4CC0020647C0020D08C00203053022007
:1068B00000FEFF4E936515B90000FF7F00008A427D
:1068C00007EE903A5FED036AB2EE087AF8EE677A67
:1068D000B0EE000B77EEE67A87EE871AB7EEC11AB4
:1068E0001CF09CFE9FED8D7B20EE070BFEF73DBF5D
:1068F0009FED8C0A26E48C4A8C4FFFF7D8BB8C4A5C
:10690000FFF7D3BADFF830C2FFF7EEBA8949FFF7D5
:106910008BBBDFF828C2E246FFF727BADFF818C2C0
:10692000FFF7A2B9DFF810C2FFF77FB9804BFFF77E
:106930005DB97D497D4BFFF739B96FF00047FFF72F
:1069400056BBDFF8F8C16746FFF732BBDFF8E8C196
:10695000FFF7E9BA784BFFF754BA774BFFF773BBF1
:106960006FF0004343E6754B1F4620E67149FFF781
:1069700039BA6FF0004CFFF717BA6E4B56E66D4B05
:10698000DCE66FF00043BAE66C4B9A4697E6664A3F
:10699000DFF898A1FFF769BA664AFEF7D4BB644AEC
:1069A0001DE4614A614EFFF7FABB614A5DE45E4A4D
:1069B0005E4D3AE4DFED627AB4EEE77AF1EE10FA7A
:1069C00000F11A85F0EE477AFEEEC87A17EE902AAB
:1069D000DFED5C7ADA610022B4EEE76AC3E90822EF
:1069E000F1EE10FA00F30585DFED557AB4EEE76AB3
:1069F000F1EE10FA7FF5D5AC4F48D8E4B4EEE77A63
:106A000019624C49F1EE10FA596200F327850846E5
:106A1000DFED4B7AB4EEE77AF1EE10FA00F1F38491
:106A2000F0EE477AFEEEC87A17EE903A7EF5B3ABF9
:106A30004149FEF7B1BB444B1A78444B1B689A425C
:106A40007FF46EAC424B1A78424B1B689A427FF43B
:106A500067AC414B1A78414B1B689A427FF460AC9B
:106A60003F4B1A783F4B1B689A427FF459AC3E4B20
:106A70001A783E4B1B689A427FF452AC3C4B1A7812
:106A80003C4B1B689A427FF44BAC3B4B1A783B4B18
:106A90001B689A427FF444AC394B1A78394B1B6817
:106AA0009A427FF43DAC384B1A78384B1B689A42B7
:106AB0007FF436AC364B1A78364B1B689A427FF41B
:106AC0002FAC354B1A78354B1B689A427FF428ACB3
:106AD000334B1A78334B1B689A427FF421AC324B0C
:106AE0001A78324B1B689A427FF41AAC304B1A78F2
:106AF000304B1B689A427FF413AC1FE40E4BFFF738
:106B00008AB9DFF834C0FFF71ABADFF82CC0FFF7F4
:106B1000B7B8094BFFF7A1BAAFF30080000000003F
:106B200000807B40D17C3FC0008C3C4B00BE6C5051
:106B300028140A050000FF7F00000180F7D505003A
:106B400000FEFFC600FEFF4631890220E849022010
:106B5000C98E0020DC490220DD8E0020188A00202A
:106B6000CF8E0020E4490220CE8E0020E049022092
:106B7000D58E0020008A0020D88E0020048A0020B4
:106B8000DB8E0020108A0020D98E0020088A002089
:106B9000DC8E0020148A0020DA8E00200C8A00206F
:106BA000CD8E0020F4890020D38E0020F8890020AB
:106BB000D48E0020FC890020AA4BAB4C11601A68CF
:106BC000AA49AB4822601EF091FFA9481FF0F2FBD2
:106BD000A7490246A74819F0C3F9A64819F0F4F9E5
:106BE00021680020A44CFAF7A1FBA44BA4491A7811
:106BF0009F4822601EF07AFF9D481FF0DBFB9C49F6
:106C000002469C4819F0ACF99A4819F0DDF9216860
:106C100004209C4CFAF78AFB9B4B9C491A789448B9
:106C200022601EF063FF92481FF0C4FB90490246A9
:106C3000904819F095F98F4819F0C6F92168082095
:106C4000934CFAF773FB934B93491A788848226068
:106C50001EF04CFF86481FF0ADFB85490246854873
:106C600019F07EF9834819F0AFF921681C208B4C8C
:106C7000FAF75CFB8A4B8B491A787D4822601EF03C
:106C800035FF7B481FF096FB79490246794819F099
:106C900067F9784819F098F921680C20824CFAF7C6
:106CA00045FB824B82491A78714822601EF01EFF14
:106CB0006F481FF07FFB6E4902466E4819F050F98D
:106CC0006C4819F081F9216810207A4CFAF72EFBF4
:106CD000794B7A491A78664822601EF007FF6448AB
:106CE0001FF068FB62490246624819F039F96148B1
:106CF00019F06AF92168724C1420FAF717FB7149F0
:106D000022685B481EF0F2FE6F4B59481B786F4EAD
:106D100023601FF04FFB56490246564819F020F9F0
:106D2000544819F051F92168694C1820FAF7FEFA15
:106D3000684922684E481EF0D9FE4D481FF03AFBC4
:106D40004B4902464B4819F00BF94A4819F03CF9F7
:106D5000614B202019782160FAF7E8FA5F4C60490E
:106D6000226843481EF0C2FE41481FF023FB404901
:106D70000246404819F0F4F83E4819F025F9594BFD
:106D8000242019782160FAF7D1FA574C5749226824
:106D900037481EF0ABFE36481FF00CFB3449024664
:106DA000344819F0DDF8334819F00EF9504B28201B
:106DB00019782160FAF7BAFA32684E492C481EF069
:106DC00095FE2B481FF0F6FA29490246294819F08A
:106DD000C7F8284819F0F8F8474B484C2C20197888
:106DE0003160FAF7A3FA2268454921481EF07EFE79
:106DF0001F481FF0DFFA1E4902461E4819F0B0F87E
:106E00001C4819F0E1F83F4B3F4E382019782160BB
:106E1000FAF78CFA32683D4915481EF067FE1448AF
:106E20001FF0C8FA12490246124819F099F81148A1
:106E300019F0CAF8364B374C3C2019783160FAF714
:106E400075FA226834490A481EF050FE08481FF0BF
:106E5000B1FA07490246074819F082F8054819F0C7
:106E6000B3F85BE02CE20020EC490220C84B002084
:106E7000846C0220747D0020188A0020DD8E0020A2
:106E8000F44B0020E849022031890220144C0020F4
:106E9000048A0020D88E0020384C0020DC490220D3
:106EA000C98E0020604C0020E4490220CF8E0020D3
:106EB000884C0020E0490220CE8E0020AC4C0020FF
:106EC000008A0020CC4C0020D58E00200C8A0020A7
:106ED000108A0020F04C0020DB8E0020148A002055
:106EE000104D0020DC8E0020088A0020304D00204C
:106EF000D98E0020504D0020DA8E0020F489002029
:106F0000704D0020CD8E0020F8890020944D002087
:106F1000D38E0020FC890020BC4D0020234B402054
:106F200019782160FAF702FA00232B7005B0BDEC46
:106F30000A8BBDE8F08FF6F7F9FE1D4B18680023A9
:106F400089F80030ECF77CF8FEF770B8194BFEF7C3
:106F500005BA0023FEF716BA0023FEF742BA002353
:106F6000FEF72BBA144A0023D361144A0192127817
:106F7000002A3EF474AA124A11460392114AD361C0
:106F80000B782BB3104BD3ED007AF5EEC07AF1EE0F
:106F900010FA00F1C6879FED0D7AF4EEC77AF1EE94
:106FA00010FA40F30D874FF0004326E0D48E002006
:106FB000245902200000FF7F746A0220CC8E00203A
:106FC000CB8E0020986A022008CE00200044AC46F8
:106FD000D24AD2ED007AF5EEC07AF1EE10FA09D479
:106FE0009FEDCF7AF4EEC77AF1EE10FA40F3DE8629
:106FF0004FF00043CB4AD2ED007AF5EEC07ACA4A90
:10700000D361F1EE10FA00F1E7819FEDC57AF4EE5D
:10701000C77AF1EE10FA00F347829FEDC47A67EE6B
:10702000877AFCEEE77A17EE903AC14AD2ED007A01
:10703000C04AF5EEC07AD361F1EE10FA00F1D481C6
:10704000B7EE007AF4EEC77AF1EE10FA40F38786D5
:107050004FF48033B84AD2ED007AB84AF5EEC07AE0
:1070600000921363F1EE10FA00F1BC81B7EE007AE2
:10707000F4EEC77AF1EE10FA40F336864FF480331F
:10708000AF4ADFF83093D2ED007AC9F83030F5EE30
:10709000C07AF1EE10FA00F1A381B7EE007AF4EEB7
:1070A000C77AF1EE10FA40F317864FF48033A54A01
:1070B000BFEE007AA44FD2ED007A3B63F4EEC77ABC
:1070C000F1EE10FA00F18A81B7EE007AF4EEC77A99
:1070D000F1EE10FA40F3F58547F6FF73A7F83C325E
:1070E0009A4BD3ED007AF5EEC07AF1EE10FA00F18A
:1070F0006F81B7EE007AF4EEC77AF1EE10FA40F342
:107100001E864FF48033924ADFF8ACA2D2ED007AAB
:10711000CAF83030F5EEC07AF1EE10FA00F156817F
:10712000B7EE007AF4EEC77AF1EE10FA40F3FF857D
:107130004FF48033874ADFF884B2D2ED007ACBF87F
:107140003030F5EEC07AF1EE10FA00F13D81B7EE85
:10715000007AF4EEC77AF1EE10FA40F3E0854FF4CE
:1071600080337D4ABFEE007ADFF85482D2ED007A98
:10717000C8F83030F4EEC77AF1EE10FA00F1CB80A7
:10718000B7EE007AF4EEC77AF1EE10FA40F3BC8560
:1071900047F6FF73A8F83C32704BD3ED007AF5EE5A
:1071A000C07AF1EE10FA00F11581B7EE007AF4EE34
:1071B000C77AF1EE10FA40F3CA854FF48033684A7B
:1071C0009FED687AD2ED007A674AD2ED006A674A8D
:1071D00067EEA67A9361664BF4EEC77AC3ED007A48
:1071E000F1EE10FA00F393809FED627AF4EEC77A25
:1071F000F1EE10FA00F1C082B0EE677ABEEEC87A06
:1072000017EE103A5C4A9FED577AD2ED007A5B4A4E
:10721000F4EEC77A9361F1EE10FA7ADC9FED557ABD
:10722000F4EEC77AF1EE10FA00F1A482B0EE677ABC
:10723000BEEEC87A17EE103AD361514B514E93ED22
:10724000007A514BBDEEC77A96ED000AD3ED007A75
:107250004E48FDEEE77A17EE102A17EE901A10F05E
:1072600035FD4B4B96ED000A93ED007A494BBDEE90
:10727000C77A4948D3ED007AFDEEE77A17EE102A77
:1072800017EE901A10F022FDDFF838C1DFED356AF5
:107290009CF80030012B00F06586022B3F4B00F07C
:1072A0002D81D3ED007AF4EEE67AF1EE10FA00F3D8
:1072B00065829FED307AF4EEC77AF1EE10FA00F1B4
:1072C0008B85B0EE677ABEEEC87A17EE102A9FED76
:1072D000347ADFED246A27EE877A324B9A61B4EE76
:1072E000E67AF1EE10FA40F37982F4EEE67A2E4A6D
:1072F000DA61F1EE10FA00F34E82DFED1E6AF4EE71
:10730000E67AF1EE10FA40F1B086284B9CE2264B6B
:1073100078E7254B90E7264B3CE700BF0CCE0020DA
:107320000044AC4608CE0020E06A0220C637BE47C3
:1073300064D40020BC6A0220D87D0020687A022034
:1073400050CF002060CF002038730220007D002045
:10735000A4D4002054CF002064CF002038CF0020D8
:10736000B87B002000FEFF46BC7B00202469022081
:10737000FC50022000FEFFC6C88C0020C450022032
:10738000F4CC0020F0CC0020E0CC0020A44F022060
:10739000F8CC0020E4CC0020E04F0220307C00201C
:1073A00000000000385102200000FF7F0000018033
:1073B0000180FFFF98810220007E0220308502209C
:1073C000D0760220C88E00200023CAE60023B1E652
:1073D000002398E60023F2E6002326E63F4B7DE6F5
:1073E000002364E600234BE6002333E60023FEF788
:1073F00013B83B48FEF7DBBF3A4AFFF7E9BA394A10
:107400001146FDF7A1BE374B1946FDF7C5BE354BFA
:10741000FFF70CB9334BFFF791B93249FEF7E2BCE5
:10742000DFF8C4C0FEF7C0BC2E4AFEF79DBF2D4A50
:10743000FDF7A5BE2C4BFFF762B92C4BDFF8B4A0CB
:10744000FFF73DB9274BFEF781B8254BFEF77EB815
:10745000244BFEF776B82348FDF755BE244A0B4669
:10746000C2E90611FEF772B8DFF880C0214FFEF7BF
:107470009FBDDFF878C0DFF87CA0FEF776BC1A4F1E
:10748000FEF7B5BD184BFFF7B2B8184B194FFFF711
:107490008EB81449FEF7C8BD174A4FF0004363E5A4
:1074A0004FF00043FDF7B8BF4FF00043BDE54FF08C
:1074B0000043FDF782BFF4EEC7AAF1EE10FA3EF7E3
:1074C00091AA7B62FEF790BAB4EEC7AAF1EE10FA69
:1074D0003EF7D2AAC8F82430FEF7D1BA0180FFFFE8
:1074E0000000FF7F0000018028140A05008C3C4B3F
:1074F000F854022000BE6C50746A022093ED007AAA
:10750000A64BD3ED007A67EE277AF4EEE67AF1EE39
:1075100010FA00F36484DFEDB06AF4EEE67AF1EE7F
:1075200010FA00F15D86F0EE676AFEEEC86A16EEAC
:10753000902ADFEDA86A9A4BB4EEE67A9A61F1EEF2
:1075400010FA40F3B385F4EEE67A964ADA61F1EE8A
:1075500010FA00F34E84DFEDA06AF4EEE67AF1EE65
:1075600010FA40F12786904B90499FED9A7AD1ED21
:10757000007A8F49F4EEC77AC1E90632F1EE10FACB
:1075800000F3D0859FED947AF4EEC77AF1EE10FA0D
:1075900000F11786B0EE677ABEEEC87A17EE102AB1
:1075A000844BB6EE007A9FED8B6AD3ED006A824B76
:1075B00026EE877A9A61B4EEC67AF1EE10FA00F3FD
:1075C000AE859FED856AB4EEC67AF1EE10FA00F151
:1075D000FE85B0EE476ABEEEC86A16EE102AB6EE19
:1075E000006A9FED7C7ADA6167EE867AF4EEC77AFC
:1075F000F1EE10FA00F390859FED777AF4EEC77AFA
:10760000F1EE10FA00F1EF85B0EE677ABEEEC87ABF
:1076100017EE103ADFED6F7A684AF4EEE76A93618D
:10762000F1EE10FA00F33D85DFED6B7AF4EEE76AD8
:10763000F1EE10FA00F1CE85F0EE667AFEEEC87A31
:1076400017EE903AD3615E4BDFED627A93ED007AEC
:10765000B4EEE77AF1EE10FA00F32085DFED5E7A02
:10766000B4EEE77AF1EE10FA00F1D785F0EE477A42
:10767000FEEEC87A17EE903A524AB6EE006ADFED97
:10768000556AD2ED007A504967EE867A8B6167EED3
:10769000877AF4EEE67AF1EE10FA00F3FC84DFED7F
:1076A0004E6AF4EEE67AF1EE10FA00F1A685F0EEFD
:1076B000676AFEEEC86A16EE903ADFED446A9FED07
:1076C000456A67EE266ACB61F4EEC66AF1EE10FAFF
:1076D00000F3D6849FED406AF4EEC66AF1EE10FA2C
:1076E00000F19885B0EE666ABEEEC86A16EE103AF2
:1076F0009FED386A0B62B4EEC67AF1EE10FA00F331
:107700009A859FED356AB4EEC67AF1EE10FA40F133
:107710008A85254B9FED2F7AF4EEC76AF1EE10FAB9
:1077200000F3BA859FED2C7AF4EEC76AF1EE10FAF9
:1077300000F17685B0EE667ABEEEC87A17EE102AB2
:107740009FED247A2249F4EEC77AC1E90632F1EEC0
:1077500010FA00F3A9849FED207AF4EEC77AF1EED7
:1077600010FA00F13A85B0EE677ABEEEC87A17EEED
:10777000102A12E10C4B5FE50B4B43E59FED137AAA
:10778000074B27EE877A074A9A61B4EEE67AF1EE64
:1077900010FA23DDDA61134656E000BFE8CC002082
:1077A000385102200000FF7F00000180FCCC002047
:1077B0007051022000CD00201852022050520220A9
:1077C000347C0020ECCC0020A851022000000000F6
:1077D000E051022000FEFF4600FEFFC65FED026A98
:1077E000B4EEE67AF1EE10FA00F1F482F0EE476AB8
:1077F000FEEEC86A16EE902A5FED0A6ADA61F4EED0
:10780000E67AF1EE10FA00F338845FED0D6AF4EEDB
:10781000E67AF1EE10FA40F12884D34BDFEDD37A0B
:10782000B4EEE77AF1EE10FA00F3CE84DFEDD07A11
:10783000B4EEE77AF1EE10FA00F11484F0EE477A34
:10784000FEEEC87A17EE902ACA499FEDCB6AD1EDB9
:10785000007ADFEDC66A67EE867AC849C1E906326A
:10786000F4EEE67AF1EE10FA00F341839FEDC07A70
:10787000F4EEC77AF1EE10FA00F1F283B0EE677A17
:10788000BEEEC87A17EE102ABD4B9FEDBB6A93ED92
:10789000007ADFEDB66A27EE067AB4EEE67AB94BE7
:1078A0009A61F1EE10FA40F3D982F4EEE67AB64A24
:1078B000DA61F1EE10FA00F32883DFEDAD6AF4EE41
:1078C000E67AF1EE10FA40F1A983A74BAF49DFED5C
:1078D000A77A91ED007AAE49B4EEE77AC1E90632B3
:1078E000F1EE10FA00F3B882DFEDA17AB4EEE77A98
:1078F000F1EE10FA00F19D83F0EE477AFEEEC87AC1
:1079000017EE903AA34AB6EE006ADFED986AD2ED20
:10791000007AA14967EE867A8B6167EE877AF4EE8A
:10792000E67AF1EE10FA00F38C82DFED916AF4EE64
:10793000E67AF1EE10FA00F17A83F0EE676AFEEE75
:10794000C86A16EE903A00F1E2841E46DFED876ABF
:10795000CB61B4EEE67AF1EE10FA40F363828A4826
:107960009FED827AF4EEC77AF1EE10FA00F35383BA
:107970009FED7F7AF4EEC77AF1EE10FA00F15583AD
:10798000B0EE677ABEEEC87A17EE103A00F1BC840A
:107990001A460E628149C1E90603814B0A6293EDE2
:1079A000007AB5EEC07AF1EE10FA00F13682F7EE09
:1079B000007AB4EEE77AF1EE10FA40F38D849FED91
:1079C0006E7A72B6774BC3ED447A83ED457A62B630
:1079D000754AD2ED007AF5EEC07AF1EE10FA00F1B8
:1079E0001982F7EE006AF4EEE67AF1EE10FA05DCA1
:1079F00067EEE76AB0EE007AE7EE876ADFED6B7A52
:107A00004FF07C5293EDDC7AC3F80C2137EE677AA5
:107A1000E7EE267AC3EDDE7A72B6C3F80821C3ED2D
:107A2000DD7A62B6624A92ED007AB5EEC07AF1EE86
:107A300010FA00F1EC81F7EE007AB4EEE77AF1EE9D
:107A400010FA40F36482DFED5B7A72B6C3ED467ADA
:107A5000C3ED497A62B6584AF7EE007A92ED007AA1
:107A6000B5EEC07AF1EE10FA08D4B4EEE77AF1EE92
:107A700010FAD4BF77EEC77ADFED3F7AC3ED5C7AB8
:107A800072B6C3ED5B7A62B64C4BD3ED007AF5EE7D
:107A9000C07AF1EE10FA00F1B781B7EE007AF4EE99
:107AA000C77AF1EE10FA01DC27EEA77A444BDFED3E
:107AB000326A1A6B803A07EE902AF8EE677A36EE51
:107AC000E76AE6EE077A72B6C3ED557A62B63D4ACA
:107AD00092ED007AB4EEE67AF1EE10FA00F18F81C1
:107AE000F7EE007AB4EEE77AF1EE10FA40F3DD83B8
:107AF000B0EE667A72B6C3ED4B7A83ED4C7A62B61D
:107B000093F821210ABB304AB7EE007ADFED1A7AEA
:107B1000D2ED006AF4EEE76AF1EE10FA09D4F4EE61
:107B2000C76AF1EE10FA40F38E829FED287ADFEDFE
:107B3000287AD3ED4A6A83ED5E7A67EEA67A72B64A
:107B4000C3ED497A83ED4D7A62B6224AB7EE007AE8
:107B5000D2ED007A77EE677AF5EEC07AF1EE10FAA0
:107B600000F14A813AE000BF0000018000FEFF46BC
:107B700000FEFFC6FCCC0020000000007051022077
:107B800000CD0020185202200000FF7F347C00202E
:107B900050520220ECCC0020A8510220E0510220DB
:107BA0001CCD0020986F022020CD0020CDCC4C3E73
:107BB00018CD00206666263F14CD002010CD002091
:107BC00030E8002008CD002004CD0020CCCCCC3EF5
:107BD0008FC2753F387C002000000000F4EE477A29
:107BE000F1EE10FA77FE277A72B6C3ED517A62B6DB
:107BF00093F8211192ED007A002940F06681B5EEEC
:107C0000C07AF7EE007AF1EE10FA08D4B4EEE77A13
:107C1000F1EE10FAD4BF77EEC77A5FED117AC3EDBB
:107C2000607A72B6C3ED4F7A62B692ED007ABE4AC0
:107C300093F82111D2ED007AF5EEC07AF1EE10FA48
:107C4000CCBF0120002083F86801A9B9B5EEC07A45
:107C5000F7EE007AF1EE10FA08D4B4EEE77AF1EE1E
:107C600010FAD4BF77EEC77ADFEDB07AC3ED607A51
:107C700072B6C3ED4F7A62B69CF80030022B00F06A
:107C80003181F6EE007AD2ED006AB0EE677AA6EEA8
:107C9000A77AE6EEE77AA64BA64A83ED0E7AC3ED05
:107CA0000F7AA54BC3ED0E7A83ED0F7A00232B706C
:107CB0001370FDF7EFB9A14BFDF733BB9F4BFDF7F9
:107CC0004DBB9FED9F7A67EE877AFDEEE77A17EE60
:107CD000903A1BB2FFF702BAB0EE677ABEEEC87AEE
:107CE00017EE103AFFF7E3B9B0EE677ABEEEC87A46
:107CF00017EE103AFFF7C4B9B0EE677ABEEEC87A55
:107D000017EE103AFDF73EBB9FED8D7A67EE877A4E
:107D1000FDEEE77A17EE903A1BB2FFF73BBAB0EEF2
:107D2000677ABEEEC87A17EE103AFFF71ABAB0EECD
:107D3000677ABEEEC87A17EE103AFFF7FBB9B0EEDD
:107D4000677ABEEEC87A17EE103AFFF7DCB9B0EEEC
:107D5000677ABEEEC87A17EE103AFFF730BAB0EE87
:107D6000677ABEEEC87A17EE103AFFF773B9B0EE35
:107D7000677ABEEEC87A17EE103AFDF732BB0346BB
:107D80006E48FDF7DEBBB4EEE67AF1EE10FAC8BF3E
:107D90004FF00043FFF7EFB89FED6A7A67EE877AFE
:107DA000FCEEE77A17EE903AFFF7E5B89FED657ABB
:107DB00067EE877AFCEEE77A17EE903AFFF71AB98A
:107DC0009FED607A27EE877ABCEEC77A17EE103AFD
:107DD000FFF713B9594A0FE5584AFFF778BAB4EEDE
:107DE000E67A594B594AF1EE10FA9A6140F35E81F6
:107DF000DA611346FFF7B8BBDFED4C7AF4E6B7EE75
:107E0000007AF0EE667A75E69FED487A4EE6DFED91
:107E1000507A1AE6DFED456AF0E5B7EE007ADFED5D
:107E2000437ACEE5DFED4B6AB4EEE67AF1EE10FA76
:107E300000F10181F0EE476AFEEEC86A16EE900A84
:107E40008EE5B4EEE67A41480646C861F1EE10FAD6
:107E5000E8DD034602469CE53C4B53E5DFED3D6A19
:107E6000B4EEE67AF1EE10FA00F1EB80F0EE476A3C
:107E7000FEEEC86A16EE902ADFED316ADA61F4EEA2
:107E8000E67AF1EE10FA00F3DA80DFED326AF4EE12
:107E9000E67AF1EE10FA40F1C180284BDFED287A46
:107EA000B4EEE77AF1EE10FA00F38181DFED297A82
:107EB000B4EEE77AF1EE10FA00F1BF80F0EE477A07
:107EC000FEEEC87A17EE902A00E5174AD2ED007A46
:107ED000F5EEC07AF1EE10FACCBF0121002183F853
:107EE0006811C9E6B7EE007ADFED107AD3E61A4BD7
:107EF00093ED007A27EE067AB4EEE67A174B134A32
:107F0000F1EE10FA9A61A9DDDA611346DEE4DFEDE5
:107F1000146ADFED0F7AE7EE267A96E50023FFF785
:107F20002AB80023FFF769B80CCD0020000000003C
:107F30002C5702201689022074570220000001806D
:107F400000FEFF46C637BE47385102200000FF7FC3
:107F50000AD7A33B00FEFFC600CD00201852022026
:107F6000B81E253FC04B93ED007AC04BD3ED007A8D
:107F700067EE277AF4EEE67AF1EE10FA00F30C8160
:107F8000DFEDBB6AF4EEE67AF1EE10FA00F156810D
:107F9000F0EE676AFEEEC86A16EE902ADFEDB56A6B
:107FA000B54BB4EEE67A9A61F1EE10FA40F3C18077
:107FB000F4EEE67AB14ADA61F1EE10FA00F3F580F8
:107FC000DFEDAB6AF4EEE67AF1EE10FA40F13881BB
:107FD000AB4BAC49DFEDA76AD1ED007AAA49F4EECC
:107FE000E67AC1E90632F1EE10FA00F39E809FEDC9
:107FF000A07AF4EEC77AF1EE10FA00F12881B0EE23
:10800000677ABEEEC87A17EE102AA04BDFED996AA8
:1080100093ED007A41E4994B1A46BAE4F0EE676AB0
:10802000FEEEC86A16EE903A38E7954BB0E4944BF2
:108030008BE4934B66E4924892E4914A46E48F4B7A
:108040002CE78F4A18E726EEA66A9FED915ADFEDDE
:10805000915AE6EE857A66EE266AA6EEA57A68E57E
:10806000874A11E4864AFFF7EFBBF0EE676AFEEE3F
:10807000C86A16EE903AFFF7D1BB804BFFF7CEBB34
:10808000B4EEC67A7D4A0A62F1EE10FA40F3B88087
:108090001346FFF755BB794BFFF70FBB774BFFF745
:1080A000EBBA764BFFF7CEBA744A76E4DFED706A2E
:1080B000B4EEE67AF1EE10FA00F19D80F0EE476A38
:1080C000FEEEC86A16EE902ADFED6A6ADA61F4EE17
:1080D000E67AF1EE10FA00F38C80DFED656AF4EEDB
:1080E000E67AF1EE10FA65D5654BDFED627AB4EE13
:1080F000E77AF1EE10FA00F3B480DFED5D7AB4EECA
:10810000E77AF1EE10FA71D4F0EE477AFEEEC87A13
:1081100017EE902AFFF728BA584BFFF77BBA574A59
:10812000FFF75DBA554AFFF73BBA584B93ED007A1B
:10813000E2E6DFED4F6AB4EEE67AF1EE10FA00F116
:108140008C80F0EE476AFEEEC86A16EE902ADFEDEC
:10815000496ADA61F4EEE67AF1EE10FA7BDCDFEDE3
:10816000446AF4EEE67AF1EE10FA69D5444BDFED9D
:10817000417AB4EEE77AF1EE10FA70DCDFED3C7A8A
:10818000B4EEE77AF1EE10FA63D4F0EE477AFEEE41
:10819000C87A17EE902A1CE7B4EEE67A364B374AD7
:1081A000F1EE10FA9A61C4DDDA61134611E7334A41
:1081B000FFF78CBBF0EE676AFEEEC86A16EE903AE7
:1081C00093E72F4AFFF7ECB92C4AFFF73DBB2C4A47
:1081D000FFF705BA2A4BFFF735BA294AFFF7DDBB8F
:1081E000274AFFF7A6B9264BFFF714BA244AFFF730
:1081F000BBB9224B79E7224A66E7214BFFF75DBA0C
:108200009FED1B6AB4EEC67AF1EE10FA0BD51C4B4B
:10821000FFF796BA1A4BFFF76BBA194BFFF72CBA58
:10822000174AFFF78DBAB0EE476ABEEEC86A16EE7F
:10823000103AFFF76FBA114BFFF76CBA104AADE670
:10824000F0EE676AFEEEC86A16EE903A8FE70C4AC7
:10825000DBE60B4ABDE6094B89E7094A77E7074A9F
:10826000B7E6064AFFF780B9307C0020E8CC002052
:1082700000FEFFC600FEFF46385102200000FF7FCF
:1082800000000180FCCC00207051022000CD0020B5
:108290008FC2753F9A9919BF1E4AFFF751BA1E48FF
:1082A000FCF76EBF1C49FCF74FBF77EEC76A9FED26
:1082B0001B5A27EE266AE6EE057AF0EE675AF0EED4
:1082C000477AB0EE667AE6EE257AA6EE257A67EE74
:1082D000A77A27EE077A0DE477EEC76A9FED0F5A6B
:1082E00027EE266AE6EE057AF0EE675AF0EE477A58
:1082F000B0EE667AE6EE257AA6EE257A67EEA77AE4
:1083000027EE077AFFF75DBB034AFFF742BB024E39
:10831000FFF71CBB0000FF7F00000180AF94B53F5A
:108320002DE9F04F83B0C74C18F00EFBC648F8F7A4
:1083300093FEC648F8F790FE00222046C44D114631
:10834000DFF80CB4F8F762FD4FF48043C1482362B4
:108350002560F8F781FEC048F8F77EFEBF48F8F7C1
:108360007BFEBF4A0023BF4913611381D360DBF852
:1083700000301160002B02F0DD8219465B69002B92
:10838000FBD14A61B8490024B84B4FF48049B84F3B
:1083900013600B883846B74E0133DFF8B883546159
:1083A0000B800221D36154609472946107F118022A
:1083B000F8F72CFD3E60B048F8F74EFE08F11802C1
:1083C00002214046F8F722FDC8F80060AB48F8F7F4
:1083D00043FEAB48F8F740FEAA48F8F73DFEAA482E
:1083E000F8F73AFEDFF870A3A848F8F735FEDFF893
:1083F0006C83A748F8F730FEA64F22462146504628
:10840000F8F704FD08F1180202214046CAF80050AE
:10841000CAF82090F8F7FAFC07F118020221384652
:10842000C8F80060F8F7F2FC3E609B48F8F778FD6A
:108430009A48F8F711FE9A48F8F70EFE994F9A48B5
:10844000F8F70AFE9948F8F705FDDFF814A307F1DD
:10845000180202213846DFF80C83F8F7D7FC3E609B
:108460009348F8F7F9FD934F0AF11802022150469C
:10847000F8F7CCFC08F1180202214046CAF8006067
:10848000F8F7C4FC224621463846C8F80060F8F7E1
:10849000BDFC3D60C7F820908748884FF8F778FD0D
:1084A0008748F8F7D9FDDFF8C08207F118020221EA
:1084B0003846F8F7ABFC3E608248F8F769FD824F1A
:1084C000224621464046F8F7A1FC8048C8F8209093
:1084D000C8F80050F8F7C0FD07F11802022138462D
:1084E000F8F794FC3E607A48F8F7B6FD794F7A4881
:1084F000F8F7B2FD7948F8F7AFFD07F1180202214D
:108500003846F8F783FC764A564913463E60D460F5
:1085100043F8181B13614FF4807394611381DBF8E7
:108520000030002B02F0168219465B69002BFBD14C
:108530004A616C4B00276C484FF4804913606B4BC9
:108540005761D3615760977282F82070F8F720FD69
:10855000DFF818826648F8F77FFD664C6648F8F742
:108560007BFD3A4639464046F8F750FC04F11802C4
:108570000221C8F800502046C8F82090F8F746FCC1
:1085800026605E48F8F704FD5D4C5E48F8F764FD30
:108590005D48F8F761FD04F1180202212046F8F762
:1085A00035FC26605948F8F7F3FC5948F8F754FDB4
:1085B0005848F8F751FD5848F8F7EAFCDFF8B08161
:1085C0005648F8F749FD5648F8F7E2FC554C08F1D3
:1085D000180202214046F8F719FCC8F8006052481A
:1085E000F8F73AFDDFF88C813A4639462046F8F72D
:1085F0000DFC2560C4F820904C484D4CF8F72AFC3F
:1086000008F11802022140464A4DF8F7FFFB04F139
:10861000180202212046C8F80060F8F7F7FB266030
:108620004548F8F719FD4548F8F716FD4448F8F7AE
:1086300013FD444C4448F8F7ABFC4448F8F70AFCF7
:108640009AE000BFBC6A022078E60020DCE200204D
:108650004043002068E7002090E7002018E7002052
:108660002469022080410020FE880220044300206B
:10867000E46B0220AC420020BCE400205CE300205C
:10868000B0E5002008E8002084E500205CE500203B
:1086900084E20020846B0220344C0220B8E70020E2
:1086A000E0E70020A458022028E6002000CB0020AC
:1086B00034E30020046B02208852022004E20020F0
:1086C000D8E50020A0530220285902200CE5002004
:1086D000C8E60020A46B0220BCE3002000E60020D6
:1086E000405A022088420020BC570220492F713F87
:1086F00008E30020E458022014E400200051022086
:108700000459022034E200203CE40020F457022007
:108710005CE20020A0E60020D853022050E60020B2
:10872000C0520220986A0220B0E20020E0C9002076
:1087300088590220C46B022088E30020E4E4002072
:1087400040E70020046C0220BC56022010CA002022
:1087500048D7002068590220746A0220646B022006
:10876000246C0220E4E10020286B0220E06A022051
:1087700064580220E859022004F118020221204620
:10878000F8F744FB2660CF48F8F702FCCE4CCF4800
:10879000F8F762FC05F1180202212846F8F736FBCB
:1087A00004F11802022120462E60F8F72FFB266004
:1087B000C748F8F751FCC748F8F74EFCC648F8F729
:1087C000E7FBC648F8F746FBC548F8F7E1FBC548A4
:1087D000F8F7EEFCC448F8F7EBFCC448F8F7D8FB10
:1087E000C348F8F705FCC34DC348F8F701FCC3487C
:1087F000F8F7FEFB022105F118022846F8F706FB00
:10880000BF482E60F8F7F4FBBE48F8F7F1FBBE4C0A
:10881000BE48F8F7EDFBBE48F8F782FB04F11802FA
:1088200002212046F8F7F2FA012240F2F6412660D2
:10883000B84813F027FDB84AB849B6481BF0CEFD3A
:10884000B748F8F7A5FBB748F8F706FCB648F8F7BD
:1088500003FCB648F8F7FEFAB548B64CF8F798FBB3
:10886000B548F8F795FBB548F8F792FB2246B449AE
:10887000DBF8003042F8241B22614FF48072E7607D
:1088800067622281002B02F061801A465B69002B2F
:10889000FBD15461DFF81CC30025DFF81CE301277E
:1088A000C4F800C04FF00209DFF810C340F2666060
:1088B000A44900234FF07E5265612162A2496560A0
:1088C000A572E56184F82C50E564A56565662567A9
:1088D000E567C4F88850C4F89450C4F8A050C4F8B0
:1088E000AC50C4F8B850C4F8C450C4F8D050C4F860
:1088F000E050C4F8DC7084F81890DFF8C482DFF828
:10890000C4A2C4E90EEC0CF1717C0CF5803CC4F8F7
:1089100040C0DFF8B4C2C4F844C04FF0141CC4F81F
:10892000D8C0DFF8A8C2C4E93A01C4F8E4C0C4E979
:108930000C55C4F8F070C4F85C32C4F89832C4F82E
:108940009C22C4F8D832C4F8DC22C4F8E032C4F85F
:108950001C33C4F82023C4F8F45084F83851C4F808
:10896000305184F84851C4F8405184F85851C4F843
:10897000505184F86851C4F8605184F89C5184F8CF
:10898000C05184F8E45184F8085284F8345284F8D1
:10899000585284F89452C4F8605284F8D452C4F8FF
:1089A000A05284F81853C4F8E452C4E93F0167495F
:1089B000C4F8F81084F85853C4F85C33C4F888330A
:1089C000634B6049C4F86023C4F8802301F54D7CF3
:1089D000C4F88C23C4F870335E4A5F4BC4F8245348
:1089E000C4F88433802384F89053A4F8923307CAE0
:1089F000ACE803008CF80020ACF55B7015F01CFEB1
:108A00005049454AA1F1300054491BF0E7FC544855
:108A1000F8F7BEFA5348F8F7BBFA5348F8F7B8FA34
:108A20005248F8F71DFC5248F8F71AFC514B4946DA
:108A300003F118021846F8F7E9F94E4B4E481E604C
:108A4000F8F708FA4D4B494603F118021846F8F7B3
:108A5000DDF94A4B4A481E60F8F762FA4948F8F7D0
:108A600097FA4948F8F794FA4848F8F729FC484833
:108A7000F8F726FC4748F8F753FA4748F8F788FA1A
:108A80004648F8F74DFA4648F8F782FA454B39461A
:108A90001E4603F118021846F8F7B8F93346424E5D
:108AA000394683F838701E60404B03F118021846AF
:108AB000F8F7ACF93D4B3E481E6083F83870F8F784
:108AC000A3FB85E0F456022048590220F0E600207E
:108AD00034E50020E8E3002080540220D0CA0020C2
:108AE000F8520220B4CD002088CD0020105402207E
:108AF00098810220C4580220687A0220387302202C
:108B000030850220007E022084580220D076022088
:108B1000444B022030E800200882002009BE0000FB
:108B20003053022064E4002090E4002040CA00207A
:108B300014560220986F02204C560220A4550220A1
:108B400080410020C86F02206F7C01004755020061
:108B5000EC51783F781F0020CDCC4C3D29BE000061
:108B6000485402202C5802206853022094DD002033
:108B700064DD0020C859022070CA0020A8590220D4
:108B8000CC4A0220E0510220A85102207457022052
:108B90002C570220804B022084560220084B0220D2
:108BA00034550220E04F02207C420020A44F0220D6
:108BB00030CD002064430020C900910069071801EE
:108BC000C8880220E84C0220E7010C03950102004E
:108BD000AC48F8F719FBAC48F8F7DAF9AB48F8F706
:108BE000D7F908F1180239464046F8F70FF9A84BB3
:108BF000A84A4046C8F80030A749C8F81C501BF0E6
:108C0000EDFBA648F8F726F9A548F8F7C1F9A548FD
:108C1000F8F752F9A448F8F7BBF9A448F8F74CF96B
:108C2000A348F8F77DF90AF1180239465046F8F7DB
:108C3000EDF8A04BA048CAF80030CAF81C50F8F76D
:108C4000A7F99E48F8F738F99D48F8F769F99D4863
:108C5000F8F766F99C48F8F763F99C4A9C4B156154
:108C60001360DBF800301581D560002B01F06A86B7
:108C700019465B69002BFBD14A61964B002593484E
:108C800013605561556095720FF0DAFB9248F8F762
:108C90007FF99248F8F77CF99148F8F779F991480B
:108CA000F8F776F9904A8A481146DBF80030D5602B
:108CB00041F8180B11614FF40071C2E9065511819A
:108CC000002B01F03B8619465B69002BFBD14A6102
:108CD0000025864B8448012655614FF003085560F6
:108CE000022795724FF4807913600FF0D7FE804809
:108CF00016F08CFA7F4B2A467F4900957C4816F087
:108D0000F9FA644A7D497A481BF068FB7C4816F002
:108D10007DFA784B2A4600967749794816F0EAFAA8
:108D20005C4A764976481BF059FB764816F06EFA95
:108D3000754B2A4600967549724816F0DBFA554A7B
:108D40006E4970481BF04AFB714816F05FFA6E4B93
:108D50002A46704900956E4816F0CCFA4D4A67498C
:108D60006B481BF03BFB6C4816F050FA6B4B2A46E5
:108D70006B490095684816F0BDFA464A5F49664857
:108D80001BF02CFB674816F041FA644B2A4600960C
:108D90006349644816F0AEFA3E4A584961481BF0F0
:108DA0001DFB614816F032FA604B2A4600965C497A
:108DB0005D4816F09FFA374A50495B481BF00EFB9E
:108DC0005B4816F023FA5B4B2A465B4900955848EE
:108DD00016F090FA2F4A494955481BF0FFFA5748B8
:108DE00016F014FA534B2A4600965349534816F08E
:108DF00081FA284A414951481BF0F0FA504816F0D0
:108E000005FA504B2A4600964B494D4816F072FA27
:108E1000204A3A494A481BF0E1FA4B4816F0F6F965
:108E20004A4B2A4600964A49474816F063FA194ABF
:108E3000324945481BF0D2FA464A47494748F7F7B6
:108E4000D3FF144A2D4945481BF0C8FA444816F090
:108E5000DDF9444B2A4640490095414816F04AFA4C
:108E60000C4A26493E481BF0B9FA3F4816F0CEF9A5
:108E7000364B2A461F4900953B4816F03BFA054AF7
:108E800074E000BF5CCD0020DC5502206C55022050
:108E90003443002008820020B1550200A0CA0020FF
:108EA00050520220404A022018520220784A0220E2
:108EB000704C022098410020C4500220084A022031
:108EC000F84B0220BC4B0220AC4C02203C5002204C
:108ED000804100208C410020385102207051022036
:108EE000B8540220F85402201C500220A441002053
:108EF000745A0220E46B022078E6002035CB020091
:108F0000A46102208062022068590220DCE2002075
:108F10005C630220BC6A022038640220646B022079
:108F200068E7002014650220F0650220E4E10020DB
:108F3000CC660220846B022090E70020A867022004
:108F4000885A022004E200205C5B0220A458022020
:108F500018E7002000CB002024690220305C0220AA
:108F6000FC5C0220344C0220D05D0220A649A748B8
:108F70001BF034FAA64816F049F9A64B2A46A64932
:108F8000CDF80080A24816F0B5F9A44A9E49A04841
:108F90001BF024FAA24816F039F99E4B2A46009697
:108FA000A0499F4816F0A6F99C4A97499C481BF097
:108FB00015FA9D4816F02AF9964B2A469B490095CA
:108FC000994816F097F9954A8F4997481BF006FA89
:108FD000974816F01BF9974B2A469749CDF8008021
:108FE000934816F087F98D4A874991481BF0F6F9A6
:108FF000924816F00BF9924B2A46924900958F48F9
:1090000016F078F9854A80498C481BF0E7F98E48BC
:1090100016F0FCF88A4B2A4600968A498A4816F0D0
:1090200069F97E4A784988481BF0D8F9874816F0D4
:10903000EDF8804B2A4686490097844816F05AF985
:10904000764A714981481BF0C9F9824816F0DEF86A
:10905000784B2A46009680497E4816F04BF96F4AB5
:1090600069497C481BF0BAF97C4816F0CFF87C4B74
:109070002A4600967B49794816F03CF9674A6249CE
:1090800076481BF0ABF9784816F0C0F8744B2A46C6
:1090900076490095744816F02DF9604A5A4972488D
:1090A0001BF09CF9724816F0B1F8724B2A467249CF
:1090B00000956F4816F01EF9584A53496C481BF04A
:1090C0008DF96E4816F0A2F86D4B2A466D49009551
:1090D0006A4816F00FF9514A4B4968481BF07EF96F
:1090E000694816F093F8694B3A4669490095664815
:1090F00016F000F9494A444963481BF06FF9654886
:1091000016F084F8644B2A4600966449614816F0CC
:10911000F1F8424A3C495F481BF060F9604816F09C
:1091200075F8604B2A4600965F495D4816F0E2F8F4
:109130003A4A35495A481BF051F95C4816F066F82E
:109140005B4B2A465B490095584816F0D3F8334AE2
:109150002D4956481BF042F9574816F057F8544B22
:109160002A4600965349544816F0C4F82B4A26491B
:1091700051481BF033F9514816F048F8504B2A4635
:10918000504900954D4816F0B5F8244A1E494B4801
:109190001BF024F94C4816F039F84C4B2A464C4940
:1091A0000095494816F0A6F81C4A174946481BF096
:1091B00015F9484816F02AF8444B2A4600962049EB
:1091C000444816F097F8154A0F4942481BF006F933
:1091D000414816F01BF8304B2A46264900953E4878
:1091E00016F088F80D4A08493B481BF0F7F83B4851
:1091F00016F00CF83A4B2A4600963A49374816F0D2
:1092000079F8064A70E000BF35CB0200D05D02203D
:10921000AC5E0220A0530220BCE4002008820020A3
:10922000885F022068590220646002205CE300200D
:109230004061022088520220B0E5002090610220A7
:10924000246C022008E80020B8610220CC610220D2
:1092500084E50020E06102205CE50020F46102204A
:109260002859022084E2002008620220746A022049
:109270001C620220E4E10020646B022030620220C4
:1092800004E20020846B022044620220405A022043
:10929000344C022058620220E4580220B8E7002033
:1092A0006C62022004590220E0E700209462022050
:1092B000A46B022028E60020A8620220BC620220E3
:1092C000D8530220A4580220D0620220005102206C
:1092D00034E30020E4620220F86202200C630220E2
:1092E000BC570220046B0220A549A6481BF076F863
:1092F000A54815F08BFFA54B2A46A5490095A24825
:1093000015F0F8FFA34A9E499F481BF067F8A24852
:1093100015F07CFFA14B2A46A14900959E4815F007
:10932000E9FF9C4A96499C481BF058F89D4815F067
:109330006DFF9D4B2A4600969C499A4815F0DAFF2E
:10934000944A8F4997481BF049F8994815F05EFFF9
:10935000984B2A4600969849954815F0CBFF8D4AC0
:10936000874993481BF03AF8944815F04FFF944B07
:109370002A469449CDF80080904815F0BBFF854AF5
:109380007F498E481BF02AF88F4815F03FFF8C4B21
:109390002A4600968D498C4815F0ACFF7D4A7849E5
:1093A00089481BF01BF88A4815F030FF894B2A4684
:1093B00000968949864815F09DFF764A7049844891
:1093C0001BF00CF8854815F021FF7D4B2A46844997
:1093D0000095824815F08EFF6E4A69497F481AF061
:1093E000FDFF804815F012FF724B2A467E4900951A
:1093F0007C4815F07FFF674A61497A481AF0EEFF12
:109400007A4815F003FF734B2A467949009577484F
:1094100015F070FF5F4A5A4974481AF0DFFF754A29
:1094200075497648F7F7E0FC5A4A554973481AF0EF
:10943000D5FF734815F0EAFE724B2A466E49009537
:109440006F4815F057FF534A4D496D481AF0C6FF53
:109450006D4815F0DBFE6D4B2A4600964B496A4875
:1094600015F048FF4B4A464967481AF0B7FF68486D
:1094700015F0CCFE674B2A4600966749644815F004
:1094800039FF444A3E4962481AF0A8FF634815F084
:10949000BDFE634B2A4600966249604815F02AFFDC
:1094A0003C4A37495D481AF099FF5F4815F0AEFE17
:1094B000584B2A465D4900955B4815F01BFF354A1D
:1094C0002F4959481AF08AFF594815F09FFE544B0E
:1094D0002A4658490095564815F00CFF2D4A284950
:1094E00053481AF07BFF544815F090FE454B2A462E
:1094F00000965249504815F0FDFE264A20494E4834
:109500001AF06CFF4E4A4D494E48F7F76DFC214A60
:109510001B494C481AF062FF4B4815F077FE404B50
:109520002A464A490097484815F0E4FE194A14496A
:1095300045481AF053FF464815F068FE454B2A4649
:1095400000964549424815F0D5FE124A0C4940485C
:109550001AF044FF414815F059FE3E4B2A460F4988
:1095600000953E4815F0C6FE0A4A05493B481AF0E8
:1095700035FF3B4815F04AFE3A4B2A46009673E009
:1095800035CB02000C63022020630220BC5702206E
:10959000D8E500200882002034630220045902200C
:1095A00004E2002048630220D8530220A053022086
:1095B00070630220F4570220286B0220846302208B
:1095C000C05202200CE50020986302202859022096
:1095D000AC63022064580220C8E60020C063022069
:1095E000BCE30020D463022000E60020E8630220F0
:1095F000A46B0220E0C90020405A0220FC63022034
:1096000010640220E85902202464022038730220EA
:109610004C6402208859022008E300206064022084
:10962000BC56022014E4002074640220E06A022088
:1096300088640220E45802209C6402200051022029
:1096400010CA0020B0640220C464022034E200206A
:10965000D8640220F45602203CE40020EC6402208E
:1096600000650220D0760220A549A64815F042FEEA
:10967000A54AA649A3481AF0B1FEA54815F0C6FDB3
:10968000A44B2A46A4490097A14815F033FE9E4AF0
:109690009E499F481AF0A2FEA04815F0B7FDA04BC6
:1096A0002A46A04900959D4815F024FE964A974900
:1096B0009A481AF093FE9C4815F0A8FD984B2A464C
:1096C00000969849984815F015FE8F4A8F4996489C
:1096D0001AF084FE954815F099FD954B2A460096A0
:1096E0009449924815F006FE874A88498F481AF037
:1096F00075FE914815F08AFD904B2A4690490095D9
:109700008D4815F0F7FD804A80498B481AF066FEB7
:109710008C4815F07BFD894B2A460096884989487C
:1097200015F0E8FD784A794986481AF057FE8648D0
:1097300015F06CFD854B2A4600968549824815F048
:10974000D9FD714A714980481AF048FE814815F0E8
:109750005DFD7E4B2A46804900957E4815F0CAFD86
:10976000694A6A497B481AF039FE7C4815F04EFD7B
:109770007B4B2A4600967B49784815F0BBFD624A30
:10978000624976481AF02AFE774815F03FFD744B7F
:109790002A4676490095744815F0ACFD5A4A5B4953
:1097A00071481AF01BFE724815F030FD714B2A46C5
:1097B000714900956E4815F09DFD534A53496C4818
:1097C0001AF00CFE6D4A6C496D48F7F70DFB4E4AD6
:1097D0004E496B481AF002FE6A4815F017FD6A4BB5
:1097E0002A4600966949674815F084FD464A47496C
:1097F00064481AF0F3FD664815F008FD624B2A46EE
:1098000064490095624815F075FD3F4A3F4960483C
:109810001AF0E4FD604815F0F9FC5B4B2A465F49FD
:10982000CDF800805C4815F065FD374A37495A4845
:109830001AF0D4FD5A4815F0E9FC5A4B2A46009616
:109840005949574815F056FD2F4A304954481AF0E7
:10985000C5FD564815F0DAFC554B2A46554900958A
:10986000524815F047FD284A284950481AF0B6FDDD
:10987000514815F0CBFC514B2A464E4900954E48B5
:1098800015F038FD204A21494B481AF0A7FD4C48F5
:1098900015F0BCFC4B4B2A4646490095484815F04C
:1098A00029FD194A194946481AF098FD464815F00D
:1098B000ADFC3C4B2A461A490095434815F01AFD69
:1098C000114A124940481AF089FD404815F09EFCA3
:1098D0003F4B2A460F4900953C4815F00BFD0A4ABC
:1098E0000A493A481AF07AFD3A4815F08FFC3A4B8B
:1098F0002A4608490095374815F0FCFC6EE000BF89
:10990000F4570220006502200882002035CB0200B7
:1099100028650220F45602205CE200203C6502200B
:10992000046C0220A0E6002050650220646502203D
:10993000444B0220D853022078650220C46B0220D9
:1099400050E600208C650220A0650220F85202201B
:10995000C0520220B465022064580220C86502206B
:1099600048590220B0E20020DC650220986A0220FB
:109970000466022080540220E8590220D0CA002048
:10998000186602202C6602201054022088590220FA
:109990004066022088E3002054660220E4E40020B0
:1099A00068660220C458022040E700207C6602203E
:1099B000687A0220BC56022090660220988102201C
:1099C000A466022038730220B8660220E0660220F6
:1099D000007E0220F466022030850220A64AA749B4
:1099E000A7481AF0FBFCA74815F010FCA64B2A4626
:1099F000A6490095A34815F07DFC9F4A9F49A148C0
:109A00001AF0ECFCA24815F001FCA24B2A46009685
:109A1000A1499F4815F06EFC974A98499C481AF056
:109A2000DDFC9E4815F0F2FB9A4B2A469C490095B6
:109A30009A4815F05FFC904A904998481AF0CEFC7D
:109A4000984815F0E3FB984B2A46009697499548AD
:109A500015F050FC884A894992481AF0BFFC944896
:109A600015F0D4FB904B2A469249CDF800809048DF
:109A700015F040FC804A81498D481AF0AFFC8E48B1
:109A800015F0C4FB884B2A468C4900958A4815F08E
:109A900031FC794A794988481AF0A0FC884815F0C9
:109AA000B5FB884B2A4688490095854815F022FC6D
:109AB000714A724982481AF091FC844815F0A6FB5D
:109AC000834B2A4680490095804815F013FC6A4A6A
:109AD0006A497E481AF082FC7E4A7B497E48F7F745
:109AE00083F9654A65497C481AF078FC7B4815F093
:109AF0008DFB7B4B2A4600967A49784815F0FAFB95
:109B00005D4A5E4975481AF069FCDFF840A2764864
:109B1000764BC560C0F804A0A0F80890036012F06E
:109B200057F97348734BC0F804A003600581C56002
:109B300012F04EF9704815F069FB704B2A460096FA
:109B40006F496D4815F0D6FB4B4A4C496A481AF0EC
:109B500045FC6C4815F05AFB6B4B2A4600966B4946
:109B6000684815F0C7FB444A444966481AF036FC79
:109B7000674815F04BFB644B2A46664900956448DC
:109B800015F0B8FB3C4A3D4961481AF027FC624891
:109B900015F03CFB5C4B2A46604900975E4815F087
:109BA000A9FB354A35495C481AF018FC5C4815F0A9
:109BB0002DFB524B2A465B490095594815F09AFBFC
:109BC0002D4A2E4956481AF009FC574815F01EFB3D
:109BD000564B2A4600965649534815F08BFB264AA9
:109BE000264951481AF0FAFB524815F00FFB4F4B2B
:109BF0002A46514900954F4815F07CFB1E4A1F49E3
:109C00004C481AF0EBFB4D4815F000FB474B2A4639
:109C10001D490097494815F06DFB174A17494748F9
:109C20001AF0DCFB464815F0F1FA294B2A4600965B
:109C30002449434815F05EFB0F4A104940481AF08A
:109C4000CDFB404815F0E2FA214B32461D49009702
:109C50003C4815F04FFB084A08493A481AF0BEFB49
:109C6000394815F0D3FA1A4B3A461649CDF8008018
:109C7000354815F03FFB6BE00882002035CB020031
:109C8000F466022008670220D0760220F4560220F3
:109C90001C67022084580220F0E600203067022072
:109CA000C46B02204467022030530220485902202E
:109CB0005867022034E500206C670220E8E30020AA
:109CC00080670220444B02208054022094670220C7
:109CD000A455022040CA0020BC670220D0670220A1
:109CE000CC4A0220F8520220E4670220B4CD0020C2
:109CF000F467022088CD0020046802204854022026
:109D00001054022018680220145602209881022064
:109D10002C680220687A02204068022038730220F2
:109D200054680220C4580220686802204C56022061
:109D3000308502209C5A0220007E0220B05A022068
:109D4000C45A0220D85A0220EC5A022030E80020DF
:109D5000A94AAA49AA481AF041FBAA4815F056FA9E
:109D6000A94B2A46A9490095A64815F0C3FAA24A6C
:109D7000A249A4481AF032FBA548DFF840B3058198
:109D8000C560C0E900A412F023F8A24840F2011314
:109D9000C5600381C0E900A412F01AF89E4815F0CE
:109DA00035FA994B2A4600969C499B4815F0A2FA31
:109DB000914A924998481AF011FB994815F026FAF1
:109DC000984B2A4698490095954815F093FA8A4A87
:109DD0008A4993481AF002FB944815F017FA944BFD
:109DE0002A4694490095914815F084FA824A83499D
:109DF0008E481AF0F3FA904815F008FA894B2A4673
:109E000000968C498C4815F075FA7B4A7B498A4844
:109E10001AF0E4FA894815F0F9F9894B2A460096B8
:109E20008849864815F066FA734A744983481AF0DF
:109E3000D5FA854815F0EAF97D4B2A460096834904
:109E4000814815F057FA6C4A6C497F481AF0C6FAF7
:109E50007F4815F0DBF97F4B2A467F4900957C4807
:109E600015F048FA644A654979481AF0B7FA7B4810
:109E700015F0CCF97A4B2A4677490095774815F0CA
:109E800039FA5D4A5D4975481AF0A8FA754A72496F
:109E90007548F6F7A9FF584A584973481AF09EFAD0
:109EA000DFF81CA2714804600581C560C0F804A0F9
:109EB00011F08EFF6E4804600681C560C0F804B0E2
:109EC00011F086FF6B4815F0A1F9654B2A46009604
:109ED0006949684815F00EFA474A484965481AF03A
:109EE0007DFA664815F092F9554B2A464D49009582
:109EF000624815F0FFF9404A404960481AF06EFA8E
:109F00005F4815F083F95F4B2A4600963E495C484E
:109F100015F0F0F9384A394959481AF05FFA5A4CA5
:109F20005A48C0F800B0A0F80890C560446011F02D
:109F30004FFF5748A0F80890DFF88891C0F800B0AC
:109F4000C560C0F8049011F043FF5248C0E900A476
:109F50000581C56011F03CFF4F48C0E900A90581AB
:109F6000C56011F035FF4D4815F050F94C4B2A46AD
:109F700000962F49494815F0BDF91F4A1F49474827
:109F80001AF02CFA474815F041F9454B2A462C495E
:109F90000095444815F0AEF9174A184941481AF09F
:109FA0001DFA414815F032F9404B2A4600964049C7
:109FB0003D4815F09FF9104A10493B481AF00EFA37
:109FC0003C4815F023F9394B324639490097394856
:109FD00015F090F9084A094936481AF0FFF9364851
:109FE00015F014F9314B3A463149CDF8008032482A
:109FF00015F080F968E000BF0882002035CB020030
:10A00000EC5A0220005B0220685302208458022090
:10A01000145B0220245B0220345B022030530220B8
:10A02000485B02202C58022064E40020705B022070
:10A03000C859022090E40020845B0220985B022033
:10A04000A859022014560220AC5B02204C56022074
:10A05000C05B0220DC550220A4550220D45B022004
:10A06000804B022070CA0020E85B0220FC5B0220CB
:10A070000C5C02201C5C022048540220445C02203C
:10A08000585C0220084B02202C5702206C5C0220F6
:10A090007C5C02208C5C02209C5C0220AC5C022078
:10A0A00084560220C05C0220D45C02203455022079
:10A0B000CC4A0220E85C0220105D022094DD0020E2
:10A0C00064DD002074570220A54AA649A6481AF06C
:10A0D00085F9A64AA649A748F6F786FEA04AA149EF
:10A0E000A4481AF07BF9A44AA449A548F6F77CFED7
:10A0F0009B4A9C49A2481AF071F9A248C0F8009006
:10A10000DFF81C930581C560C0F8049011F060FE73
:10A110009D4804609D4C0581C560446011F058FE67
:10A120009B4815F073F89B4B2A4600969A4998482D
:10A1300015F0E0F88A4A8B4995481AF04FF997488C
:10A1400015F064F8934B324693490097934815F005
:10A15000D1F8834A834991481AF040F9904815F0A4
:10A1600055F88C4B3A468C49CDF800808C4815F058
:10A17000C1F87B4A7B498A481AF030F9894A8A49F2
:10A180008A48F6F731FE764A764988481AF026F969
:10A19000874815F03BF8874B2A4600968649844845
:10A1A00015F0A8F86E4A6F4981481AF017F98348EC
:10A1B00015F02CF87F4B32467F4900977F4815F009
:10A1C00099F8674A67497D481AF008F97C4815F004
:10A1D0001DF8784B3A467849CDF80080784815F05C
:10A1E00089F85F4A5F4976481AF0F8F8754815F023
:10A1F0000DF8714B2A4674490095724815F07AF8AB
:10A20000574A58496F481AF0E9F8704814F0FEFFB1
:10A21000684B2A466C4900956C4815F06BF8504A1B
:10A2200050496A481AF0DAF8694814F0EFFF694BB0
:10A230002A4600964D49664815F05CF8484A494957
:10A2400063481AF0CBF8644814F0E0FF634B2A46E9
:10A2500000964649604815F04DF8414A41495E482C
:10A260001AF0BCF85E4814F0D1FF5A4B2A46424916
:10A2700000955B4815F03EF8394A3A4958481AF0BB
:10A28000ADF8584814F0C2FF544B2A463A4900959D
:10A29000544815F02FF8324A324952481AF09EF8C5
:10A2A0002146514A5148F6F79FFD2D4A2D494F4806
:10A2B0001AF094F849464E4A4E48F6F795FD284A5A
:10A2C00028494C481AF08AF84B4814F09FFF4B4B32
:10A2D0002A4600962F49484815F00CF8204A214993
:10A2E00045481AF07BF8464A2A494648F6F77CFD6D
:10A2F0001B4A1C4943481AF071F8434A2D49434808
:10A30000F6F772FD164A174940481AF067F84048B8
:10A3100014F07CFF3F4B2A46224900953C4814F03C
:10A32000E9FF0F4A0F493A481AF058F83A4814F032
:10A330006DFF124B2A4629490097374814F0DAFF7F
:10A34000074A084934481AF049F8344814F05EFFC7
:10A35000074B2A4621490097304814F0CBFF61E0B3
:10A360000882002035CB0200105D0220E04F022061
:10A37000E0510220245D0220A44F0220A8510220B7
:10A38000385D02204C5D02205C5D022030CD002053
:10A390006C5D0220DC550220804B0220805D022093
:10A3A000945D0220C888022084560220A85D022005
:10A3B000BC5D02206C550220084B0220E45D0220A7
:10A3C000F85D02200C5E022034550220205E02203F
:10A3D000345E022018520220485E022050520220B1
:10A3E0005C5E0220705E0220404A0220845E0220F1
:10A3F000784A0220985E0220C05E0220C4500220EB
:10A40000A0CA0020D45E0220E84C0220E85E0220B0
:10A41000FC5E0220704C0220105F0220245F0220AC
:10A420005CCD0020A64AA749A74819F0D7FFA74846
:10A4300014F0ECFEA64B2A460096A649A34814F059
:10A4400059FF9F4A9F49A14819F0C8FFA24814F03C
:10A45000DDFEA24B2A46A24900959F4814F04AFF10
:10A46000974A98499C4819F0B9FF9E4814F0CEFECF
:10A470009D4B2A4600969D499A4814F03BFF904A0E
:10A480009049984819F0AAFF994814F0BFFE994BDB
:10A490002A4600969549964814F02CFF884A894927
:10A4A000934819F09BFF944814F0B0FE934B2A4652
:10A4B00000968E49904814F01DFF814A81498E48CC
:10A4C00019F08CFF8E4814F0A1FE8E4B2A468E495F
:10A4D00000958B4814F00EFF794A7A49884819F0A4
:10A4E0007DFF8A4814F092FE894B3A4689490095CF
:10A4F000864814F0FFFE724A7249844819F06EFFD4
:10A50000854814F083FE854B2A468549009582488C
:10A5100014F0F0FE6A4A6B497F4819F05FFF814AE8
:10A520007E498148F6F760FC654A66497E4819F025
:10A5300055FF7E4814F06AFE6B4B2A467949009518
:10A540007A4814F0D7FE5E4A5E49784819F046FF13
:10A55000774814F05BFE674B2A46724900957448B1
:10A5600014F0C8FE564A5749714819F037FF714830
:10A5700014F04CFE564B2A466A4900956D4814F07B
:10A58000B9FE4F4A4F496B4819F028FF6A4814F04A
:10A590003DFE5A4B2A4663490095674814F0AAFECF
:10A5A000474A4849644819F019FF644814F02EFEE0
:10A5B000634B3A4653490095604814F09BFE404A6D
:10A5C00040495E4819F00AFF5E4814F01FFE5E4BDA
:10A5D0003A464C49CDF800805A4814F08BFE384A70
:10A5E0003849584819F0FAFE584814F00FFE564BF7
:10A5F0003A463A490095554814F07CFE304A3149B4
:10A60000524819F0EBFE524814F000FE4C4B3A460B
:10A610003249CDF800804E4814F06CFE284A294992
:10A620004B4819F0DBFE4B4814F0F0FD4A4B3A461C
:10A6300037490095474814F05DFE214A21494548B5
:10A6400019F0CCFE454814F0E1FD454B3A4630493F
:10A650000095424814F04EFE194A1A493F4819F035
:10A66000BDFE404814F0D2FD374B2A4600963E49C5
:10A670003C4814F03FFE124A12493A4819F0AEFE27
:10A680003A4814F0C3FD2E4B2A4637490097374805
:10A6900014F030FE0A4A0B49344819F09FFE344842
:10A6A00014F0B4FD264B324600962F49304814F082
:10A6B00021FE034A03492E4819F090FE5AE000BFDC
:10A6C0000882002035CB0200245F0220385F022080
:10A6D00070510220505202204C5F0220BC4B0220DD
:10A6E000404A0220605F02203851022018520220A6
:10A6F000745F0220A85102209C5F0220E0510220DA
:10A70000B05F0220F84B0220784A0220C45F02208A
:10A71000AC4C0220704C0220D85F0220C4500220B2
:10A72000E84C0220084A0220EC5F02200060022070
:10A7300014600220286002203C6002205060022049
:10A74000F854022078600220B85402208C60022065
:10A75000A0600220B460022034550220C8600220AC
:10A76000CC4A0220DC6002203C500220F060022033
:10A7700004610220794814F049FD794B3246794949
:10A780000097764814F0B6FD774A7849734819F077
:10A7900025FE774A77497848F6F726FB724A7349CF
:10A7A000754819F01BFE754A75497648F6F71CFB8B
:10A7B0006D4A6E49734819F011FE734814F026FD76
:10A7C000724B2A46664900956F4814F093FD664A1D
:10A7D00066496D4819F002FE6D4814F017FD6B4B89
:10A7E0002A4600966B490A26694814F083FD5F49A2
:10A7F0005D4A674819F0F2FD674B684A684C1E7263
:10A800001A6004F10800674B65602360664BC4F86A
:10A81000B850C4F8B43004F0ADFC2046634B644A31
:10A8200040F8083B6349644B03F07CFEFF2304F1CE
:10A830000800624C1A46194603F086FC25222421A2
:10A840005F48F6F765FA1E221F215E48F6F760FAA8
:10A85000324620215C48F6F7B5FA32461D215B48A6
:10A86000F6F7B0FA012219215948F6F7ABFA64223B
:10A8700021215848F6F7A6FA642205215648F6F732
:10A88000A1FA564A564B2946564E04F178001360F9
:10A890004FF6FF7362658022A560A4F8585084F8D3
:10A8A0005A5084F870806567C4F8F850C4E91A33C8
:10A8B000C4E90055C4E90355C4E90555C4E9075581
:10A8C000C4E90955C4E90B55C4E90D55C4E90F5550
:10A8D000C4E91155C4E91355C4E918551BF0D6FA5B
:10A8E000214A41492046C4F80851A4F80C51C4E952
:10A8F000405519F073FD06F59F6206F5A7633B49C5
:10A9000006F5AF603662316006F5B761B063304678
:10A910003164C6E90C2340225023C6E90155A6F84C
:10A920004830A6F8462010F0F1FC314B336003B0FC
:10A93000BDE8F08FCBF80020FDF724BDCBF8002058
:10A94000FEF7C6B9CBF80020FEF797B9CBF8004068
:10A95000FDF7A0BFCBF80020FDF7EBBD186102208A
:10A96000B85402203C5002200882002035CB02005F
:10A9700088CD0020385102202C610220B4CD002067
:10A980007051022054610220686102201C50022094
:10A990007C610220F8540220686A0220E84200200C
:10A9A0003C6D0220C0430020F1C801007C43002020
:10A9B000E5B801007858002085B7010028CE0020B6
:10A9C000C4DD00201C6D0220545002206C50022077
:10A9D00058690220A850022090500220646A022088
:10A9E000147D002080A2002099BD0000B04100200D
:10A9F0003441002001210D202DE9F04788B015F0E9
:10AA00003DFF184B1968002903F0168116481BF00A
:10AA10006DF8164B1968002903F0118114481BF0DA
:10AA200065F800221349144814F0D4FE02212020B6
:10AA3000124E15F023FF02211D20114D15F01EFFAF
:10AA4000104BD3F89021D3F89411D3E966045368DE
:10AA500023EA04030C4C536015230C4A02600B607C
:10AA6000376818E02C730220846C02204C6B0220A3
:10AA7000C46C022040420F00747D0020146D02203F
:10AA80006C500220544800205450022038B001007D
:10AA900004F00CFE78B9C82015F036FE284604F004
:10AAA000C1FD204604F0BEFD284604F0FFFD03462C
:10AAB0002046002BECD0336840F2DB52DB1B934284
:10AAC00000D9FBBEF0F71EFFCB4804F0ABFDCB482E
:10AAD00004F0A8FDCA4CC84804F0ECFDC74804F0D7
:10AAE000E9FD302120460CF0DBFC47F2600305460F
:10AAF000984202F0FE81C34905A815F0B5FBC24992
:10AB000005A815F051FC014602A815F0ADFB05A8FB
:10AB100015F0C6FB0299002903F002812A46BB48C2
:10AB20001AF0E4FF02A815F0BBFBE2882421B44828
:10AB300042F010020CF0FCFCE2882421B04842F400
:10AB400080720CF0F5FC55222021AD480CF0F0FC91
:10AB5000002842F0D381AA4800250CF0A5FE0D2163
:10AB6000A7480CF0AFFE0022A54811460CF016FED7
:10AB7000E2882421A24822F480720CF0D9FCE288F9
:10AB800024219F4822F01002A14C0CF0D1FC672137
:10AB90009B480CF00FFE64219E4820F06FFAC820FD
:10ABA00011F03CF84FF0E023402204F51070C3F898
:10ABB00088210A23616A84F83E32A5620EF0F0FD16
:10ABC000954BD3ED007AF5EEC07AF1EE10FA02F172
:10ABD0006581B7EE007AF4EEC77AF1EE10FA42F32F
:10ABE00041804FF480338D4D2363D5ED007AF5EE2F
:10ABF000C07AF1EE10FA02F14D819FED957AF4EEF4
:10AC0000C77AF1EE10FA0CDC9FED927A844A67EE77
:10AC1000877AFCEEE77A17EE903AC4ED097A934210
:10AC200001D97F4B6362DFF82092B2EE087AD9ED4A
:10AC3000007AF4EEC77AF1EE10FA02F3FE809FED8F
:10AC4000797AF4EEC77AF1EE10FA02F186839FED7D
:10AC5000767A67EE877AFCEEE77A17EE903A00276D
:10AC6000E3620A2384F83F72704C616A04F5107045
:10AC700084F83E32A7620EF093FD6D4BD3ED007A5F
:10AC8000F5EEC07AF1EE10FA09D4B7EE007AF4EEE0
:10AC9000C77AF1EE10FA42F398834FF480372763B6
:10ACA000644F97ED007AB5EEC07AF1EE10FA02F13A
:10ACB000CB80DFED677AB4EEE77AF1EE10FA0CDCC8
:10ACC000DFED647A564A67EE277AFCEEE77A17EEF4
:10ACD000903AC4ED097A934201D9514B6362DFF88F
:10ACE0006C81F2EE086AD8ED007AF4EEE67AF1EEC5
:10ACF00010FA02F39E80DFED4B6AF4EEE67AF1EE95
:10AD000010FA02F1E382DFED486A67EEA66AFCEE14
:10AD1000E66A16EE903AE3620022474B082184F877
:10AD20003F22D3ED006A454BF5EEC06A9A6283F884
:10AD30003E12F1EE10FA09D4B7EE006AF4EEC66ADC
:10AD4000F1EE10FA42F339834FF48032D5ED006A08
:10AD50001A63F5EEC06AF1EE10FA02F179809FED08
:10AD60003C6AF4EEC66AF1EE10FA0CDC9FED396A2B
:10AD70002B4966EE866AFCEEE66A16EE902AC3ED73
:10AD8000096A8A4201D9264A5A62B2EE086AD9EDA6
:10AD9000006AF4EEC66AF1EE10FA02F33E809FED0F
:10ADA000216AF4EEC66AF1EE10FA02F167829FEDB5
:10ADB0001E6A66EE866AFCEEE66A16EE902ADA6293
:10ADC00008211F4AD2ED006A0022F5EEC06A83F81E
:10ADD0003F221C4BF1EE10FA9A6283F83E123BD4EC
:10ADE000B7EE006AF4EEC66AF1EE10FA42F305839C
:10ADF0004FF4803230E000BF545002206C500220EB
:10AE0000686A0220806F0220844E0020C46C0220F9
:10AE1000687A0220004D202064D40020E48C0020B9
:10AE20000000FE7FCDCCCC3D00008045007E02209E
:10AE3000007D0020E88C0020D87D00209881022031
:10AE4000A4D4002030850220108D0020148D002015
:10AE50000044AC46C637BE47B5EEC07A1A63F1EE81
:10AE600010FA02F103805FED066AB4EEE67AF1EEC5
:10AE700010FA0CDC5FED096AD04927EE267ABCEEA9
:10AE8000C77A17EE102A83ED097A8A4201D9CB4A94
:10AE90005A62B2EE087AF4EEC77AF1EE10FA01F3D4
:10AEA000C4879FEDC77AF4EEC77AF1EE10FA02F18B
:10AEB00049829FEDC47A67EE877AFCEEE77A17EE57
:10AEC000902A4FF0000AC04CDA624FF0004283F83B
:10AED0003FA20C23616A04F5107084F83E32C4F876
:10AEE00028A00EF0C1FCB94BD3ED007AF5EEC07A84
:10AEF000F1EE10FA01F1C287B7EE007AF4EEC77AEC
:10AF0000F1EE10FA42F394824FF48033D5ED007ADB
:10AF10002363F5EEC07AF1EE10FA01F1AB879FEDF5
:10AF2000AC7AF4EEC77AF1EE10FA0CDC9FEDA97A58
:10AF3000A24A67EE877AFCEEE77A17EE903AC4ED04
:10AF4000097A934201D99D4B6362B2EE087AD9ED3A
:10AF5000007AF4EEC77AF1EE10FA01F362879FED02
:10AF6000987AF4EEC77AF1EE10FA02F1EF819FEDD4
:10AF7000957A67EE877AFCEEE77A17EE903AE3620D
:10AF80000023BFEE007A84F83F32934BD3ED007A72
:10AF9000F4EEC77AF1EE10FA01F16187B7EE007AAC
:10AFA000F4EEC77AF1EE10FA42F32F8247F6FF7300
:10AFB0004FF00042A4F83C3200250C23A262874CDB
:10AFC000616A04F5107084F83E32A5620EF04CFC04
:10AFD000834BD3ED007AF5EEC07AF1EE10FA09D486
:10AFE000B7EE007AF4EEC77AF1EE10FA42F3FD8183
:10AFF0004FF48035D7ED007A2563F5EEC07AF1EE97
:10B0000010FA01F12F879FED727AF4EEC77AF1EE14
:10B0100010FA0CDC9FED6F7A684A67EE877AFCEED7
:10B02000E77A17EE903AC4ED097A934201D9634B5F
:10B030006362B2EE087AD8ED007AF4EEC77AF1EEE8
:10B0400010FA01F3E6869FED5E7AF4EEC77AF1EE30
:10B0500010FA02F1A1819FED5B7A67EE877AFCEE30
:10B06000E77A17EE903A5F49BFEE007A0022E3627A
:10B07000D1ED007A84F83F22F4EEC77AF1EE10FAAF
:10B0800001F12287B7EE007AF4EEC77AF1EE10FAFA
:10B0900042F3DE8147F6FF7353494FF00042A4F8B4
:10B0A0003C32D1ED007AA262F5EEC07AF1EE10FAF0
:10B0B00001F11087B7EE007AF4EEC77AF1EE10FADC
:10B0C00042F38B814FF48033484A936172B6484A09
:10B0D0000023D361137662B6464AD2ED007AF5EECC
:10B0E000C07AF1EE10FA09D4B7EE007AF4EEC77A1E
:10B0F000F1EE10FA42F394814FF480333E493F4A17
:10B10000D1ED007A1362F5EEC07AF1EE10FA01F19A
:10B11000DE869FED2F7AF4EEC77AF1EE10FA01F396
:10B1200016879FED2C7A67EE877AFCEEE77A17EEAA
:10B13000903AD36172B6324A0023D361137662B675
:10B14000304AD2ED007AF5EEC07AF1EE10FA09D469
:10B15000B7EE007AF4EEC77AF1EE10FA42F383818B
:10B160004FF480332849294AD1ED007A1362F5EE75
:10B17000C07AF1EE10FA01F16F869FED157AF4EEC8
:10B18000C77AF1EE10FA01F3E6869FED127A67EEC8
:10B19000877AFCEEE77A17EE903A1D499FED1D7A0B
:10B1A000D1ED007A1C48F4EEC77AD3610023F1EEAA
:10B1B00010FA836101F32A8632E000BF0000FE7FAF
:10B1C000CDCCCC3D000080453873022050CF00200C
:10B1D0000044AC46C637BE4760CF0020D076022080
:10B1E00054CF002064CF002038CF002024690220F3
:10B1F000D8E5002068CF002070CF0020046B02202B
:10B2000000E600206CCF002074CF0020286B0220C5
:10B21000AC8C002000FEFF46BC57022000FEFFC69B
:10B220001FED027AF4EEC77AF1EE10FA02F13180E6
:10B23000B0EE677ABEEEC87A17EE103A02F1E785F3
:10B240001C46DC499FEDDC7AD1ED007ADB4AF4EE56
:10B25000C77AC361DA4900204FF48033D461F1EE3C
:10B2600010FA90618B6101F3CE859FEDD67AF4EEF2
:10B27000C77AF1EE10FA01F1FE87B0EE677ABEEE02
:10B28000C87A17EE103AD04A4FF480309FEDCA7A50
:10B29000D2ED007ACD4AF4EEC77ACB6108629061B4
:10B2A000F1EE10FA01F3AC859FEDC67AF4EEC77AA1
:10B2B000F1EE10FA02F15980B0EE677ABEEEC87A6C
:10B2C00017EE103A4FF48031C2E9073172B6C04A26
:10B2D0000023D361137662B672B6BE4AD361137689
:10B2E00062B6BD4BF1EE047A93ED000AB4EEE70AC4
:10B2F000F1EE10FA01F18085DFEDB87AB4EEE70ADD
:10B30000F1EE10FA02F32D80DFEDB57A20EE270A78
:10B31000F0EE407AFEEEE07A17EE904A18F092FED8
:10B32000F0EE407AFEEEE07A17EE902AAD49B6EEE6
:10B33000007AAD4BD1ED007AF4EEC77AC3E906424C
:10B34000F1EE10FA01F154859FEDA87AF4EEC77A78
:10B35000F1EE10FA01F3C287F7EE006A86EEA77AE3
:10B36000F0EE477AFEEEC17A17EE902AA0495A62B3
:10B37000D1ED007AF5EEC07AF1EE10FA01F1B08568
:10B380009FEDA87AF4EEC77AF1EE10FA01F3C785C3
:10B39000B0EE677ABEEECA7A17EE102A9549F1EE42
:10B3A000047A1A6291ED000AB4EEE70AF1EE10FA9F
:10B3B00001F11A85DFED897AB4EEE70AF1EE10FAB1
:10B3C00001F38887DFED867A20EE270AF0EE407AD7
:10B3D000FEEEE07A17EE904A18F034FEF0EE407A76
:10B3E000FEEEE07A17EE902A8349B6EE007A834BA0
:10B3F000D1ED007AF4EEC77AC3E90642F1EE10FA15
:10B4000001F1EE849FED797AF4EEC77AF1EE10FA4D
:10B4100001F3B287F7EE006A86EEA77AF0EE477A7C
:10B42000FEEEC17A17EE902A75495A62D1ED007A84
:10B43000F5EEC07AF1EE10FA01F158859FED797AB8
:10B44000F4EEC77AF1EE10FA01F37D85B0EE677A7B
:10B45000BEEECA7A17EE102A6A49F1EE047A1A6231
:10B4600091ED000AB4EEE70AF1EE10FA01F1B484AE
:10B47000DFED5A7AB4EEE70AF1EE10FA01F37887BD
:10B48000DFED577A20EE270AF0EE407AFEEEE07A02
:10B4900017EE904A18F0D6FDF0EE407AFEEEE07A14
:10B4A00017EE902A5849B6EE007A584BD1ED007A43
:10B4B000F4EEC77AC3E90642F1EE10FA01F188848E
:10B4C0009FED4A7AF4EEC77AF1EE10FA01F3DE86C8
:10B4D000F7EE006A86EEA77AF0EE477AFEEEC17AC2
:10B4E00017EE902A4A495A62D1ED007AF5EEC07AF9
:10B4F000F1EE10FA01F1F7849FED4A7AF4EEC77A83
:10B50000F1EE10FA01F30F85B0EE677ABEEECA7A5B
:10B5100017EE102A3F49F1EE047A1A6291ED000A03
:10B52000B4EEE70AF1EE10FA01F14E84DFED2B7A6A
:10B53000B4EEE70AF1EE10FA01F3A486DFED287A03
:10B5400020EE270AF0EE407AFEEEE07A17EE904AFF
:10B5500018F078FDF0EE407AFEEEE07A17EE902AD1
:10B560002D49B6EE007A2D4BD1ED007AF4EEC77A74
:10B57000C3E90642F1EE10FA01F122849FED1B7A35
:10B58000F4EEC77AF1EE10FA01F3AF86F7EE006A37
:10B5900086EEA77AF0EE477AFEEEC17A17EE902A91
:10B5A0001F495A62D1ED007AF5EEC07AF1EE10FA39
:10B5B0003AE000BF8850022000FEFF46F457022008
:10B5C000BC56022000FEFFC68C500220F45602201A
:10B5D00034E200205CE20020587C002000D0894644
:10B5E00093651538A87C0020CC4A022033334B41A8
:10B5F000008D0020607C0020AC7C0020084B0220E5
:10B60000048D0020487C0020A07C0020444B0220B8
:10B61000088D0020507C0020A47C0020804B02205C
:10B620000C8D00205DFEFF4001F157841FED037A71
:10B63000F4EEC77AF1EE10FA01F37984B0EE677A8E
:10B64000BEEECA7A17EE102ACF49F1EE047A1A62DA
:10B6500091ED000AB4EEE70AF1EE10FA01F1AC83C5
:10B66000DFEDCA7AB4EEE70AF1EE10FA01F339869B
:10B67000DFEDC77A20EE270AF0EE407AFEEEE07AA0
:10B6800017EE904A18F0DEFCF0EE407AFEEEE07A1B
:10B6900017EE902ABF49B6EE007ABF4BD1ED007A83
:10B6A000F4EEC77AC3E90642F1EE10FA01F18083A5
:10B6B0009FEDBA7AF4EEC77AF1EE10FA01F3F18554
:10B6C000F7EE006A86EEA77AF0EE477AFEEEC17AD0
:10B6D00017EE902AB248F1EE047A4FF480515A6284
:10B6E00090ED000A1962B4EEE70AF1EE10FA01F1EA
:10B6F0005B83DFEDA67AB4EEE70AF1EE10FA01F310
:10B70000CC85DFEDA37A20EE270AF0EE407AFEEE3C
:10B71000E07A17EE904A18F095FCF0EE407AFEEED3
:10B72000E07A17EE902A9F49B6EE007A9E4BD1ED53
:10B73000007AF4EEC77AC3E90642F1EE10FA01F19D
:10B740002F839FED967AF4EEC77AF1EE10FA01F3AB
:10B750001A86F7EE006A86EEA77AF0EE477AFEEEDA
:10B76000C17A17EE902A9148F1EE047A4FF4805195
:10B770005A6290ED000A1962B4EEE70AF1EE10FA8F
:10B7800001F10A83DFED817AB4EEE70AF1EE10FAF7
:10B7900001F3F585DFED7E7A20EE270AF0EE407AA0
:10B7A000FEEEE07A17EE904A18F04CFCF0EE407A8C
:10B7B000FEEEE07A17EE902A7D497E4BD1ED007ABD
:10B7C0007D49F5EEC07A9C61DA615962F1EE10FABA
:10B7D00001F16B839FED797AF4EEC77AF1EE10FAFE
:10B7E00001F39983B0EE677ABEEECA7A17EE102A9B
:10B7F0007349F7EE007A734C91ED000A1A62012347
:10B80000B4EEE70A84F82030F1EE10FA01F1498332
:10B81000DFED6D7AB4EEE70AF1EE10FA01F377830B
:10B82000DFED6A7A20EE270A18F008FAB7EE007A00
:10B83000674B4FF48051674A674837EE400A1962F8
:10B84000586284ED070AC3E90622644BC3E9062265
:10B85000C3E9081072B6624A0023D361137662B658
:10B8600072B6604AD361137662B672B65E4AD3612D
:10B87000137662B672B65D4AD361137662B672B65B
:10B880005B4AD361137662B672B65A4AD3611376B5
:10B8900062B6594AD2ED007AF5EEC07AF1EE10FAAE
:10B8A00007D4F4EEC77AF1EE10FA41F3C9854FF4EC
:10B8B00080335249524AD1ED007A1362F5EEC07AD4
:10B8C000F1EE10FA01F1FD829FED547AF4EEC77AA1
:10B8D000F1EE10FA01F32F839FED517A67EE877A2C
:10B8E000FCEEE77A17EE903A4649D361D1ED007A43
:10B8F000F5EEC07AF1EE10FA01F1E082B7EE007ACF
:10B90000F4EEC77AF1EE10FA41F3BD854FF48033BF
:10B910003D493E4AD1ED007A1362F5EEC07AF1EE70
:10B9200010FA01F1C8829FED3D7AF4EEC77AF1EE8C
:10B9300010FA01F304839FED3A7A67EE877AFCEE02
:10B94000E77A17EE903A3249D361D1ED007AF5EEFD
:10B95000C07AF1EE10FA01F1AB82B7EE007AF4EEA4
:10B96000C77AF1EE10FA41F396854FF480332949F6
:10B97000294AD1ED007A1362F5EEC07AF1EE10FAA1
:10B9800001F185824EE000BFDC8C002000D08946AA
:10B9900093651538987C0020704C022033334B415E
:10B9A000E08C00209C7C0020AC4C022030880020E1
:10B9B000188D0020344C022080F9855A5DFEFF402E
:10B9C000687C0020405A02200010A446936515B9F7
:10B9D000BC4B0220F7D5050000B76D5BF84B022089
:10B9E00068E7002090E7002084E20020B0E2002019
:10B9F000DCE2002008E30020908C002010CE002024
:10BA0000746A0220948C002014CE0020986A0220D0
:10BA1000888C002008CE0020BC6A02200044AC467E
:10BA2000C637BE471FED037AF4EEC77AF1EE10FA7F
:10BA300001F395821FED067A67EE877AFCEEE77ACE
:10BA400017EE903AD049D361D1ED007AF5EEC07A85
:10BA5000F1EE10FA01F11882B7EE007AF4EEC77A2F
:10BA6000F1EE10FA41F307854FF48033C749C84A15
:10BA7000D1ED007A1362F5EEC07AF1EE10FA01F121
:10BA800000829FEDC47AF4EEC77AF1EE10FA01F36A
:10BA90006A829FEDC17A67EE877AFCEEE77A17EE4D
:10BAA000903ABE49D3610B784FF48031DFEDBC6A28
:10BAB000002BBC4BBC48D3ED007A08BF0020BB4B29
:10BAC000BB4A93ED007ABB4C27EE877ABA4BA16153
:10BAD000E06147F24174B4EEE67A45F29D6011628E
:10BAE00019620021F1EE10FA51625962C2E9064072
:10BAF000C3E9064001F34D81DFEDB06AB4EEE67AAA
:10BB0000F1EE10FA01F1DF83F0EE476AFEEEC86A4B
:10BB100016EE903AAA4A9FEDA27AD2ED006AA948A1
:10BB200067EEA67A8361F4EEC77AF1EE10FA01F3BC
:10BB30002D819FEDA27AF4EEC77AF1EE10FA01F1B1
:10BB4000BF83B0EE677ABEEEC87A17EE103A4FF4B4
:10BB50008032C3619C4900209C4B9D4C9FED907AA4
:10BB6000A2611862C1E90622C3E90622994AD2ED10
:10BB7000007AF4EEC77AF1EE10FA01F304819FED3A
:10BB80008F7AF4EEC77AF1EE10FA01F10284B0EE8A
:10BB9000677ABEEEC87A17EE102A8F499FED807A39
:10BBA000D1ED007A5A62F4EEC77AF1EE10FA01F3A1
:10BBB000E7809FED827AF4EEC77AF1EE10FA01F198
:10BBC000E583B0EE677ABEEEC87A17EE103A834A84
:10BBD00000214FF48030DFED726A93615162804B37
:10BBE000C2E907017F4A196292ED007AB4EEE67A63
:10BBF000C3E90600F1EE10FA01F3BF80DFED6F6AD2
:10BC0000B4EEE67AF1EE10FA01F15783F0EE476AEE
:10BC1000FEEEC86A16EE902A9FED617A5A62F4EE43
:10BC2000C77AF1EE10FA01F3A5809FED647AF4EE85
:10BC3000C77AF1EE10FA01F13D83B0EE677ABEEEFD
:10BC4000C87A17EE103A684A00214FF48030DFEDD1
:10BC5000546A93615162654BC2E90701644A1962F3
:10BC600092ED007AB4EEE67AC3E90600F1EE10FA3E
:10BC700001F37D80DFED516AB4EEE67AF1EE10FA61
:10BC800001F11583F0EE476AFEEEC86A16EE902ABF
:10BC9000DFED436A5A62F4EEE67AF1EE10FA01F350
:10BCA0004D809FED467AF4EEC77AF1EE10FA01F17D
:10BCB0007E83B0EE677ABEEEC87A17EE102A4D4B3F
:10BCC00000214FF48030DFED366A9A6159624A4AAA
:10BCD000C3E90701494B116293ED007AB4EEE67AAD
:10BCE000C2E90600F1EE10FA40F3C787444B9FED1E
:10BCF0002C7A5362F4EEC77AF1EE10FA01F3D48293
:10BD00009FED2E7AF4EEC77AF1EE10FA01F14C8332
:10BD1000B0EE677ABEEEC87A17EE103A39490020C5
:10BD20009FED1F7A4FF48034D1ED007A364AF4EE5D
:10BD3000C77A364993615062F1EE10FA8861C2E920
:10BD4000074000F397879FED1D7AF4EEC77AF1EE76
:10BD500010FA01F12583B0EE677ABEEEC87A17EECD
:10BD6000102A02F15780104600239FED0D7AC1E999
:10BD700007234B622649C1E90632C1E90833254948
:10BD8000C1E9063248E000BF8C8C00200CCE0020B8
:10BD9000E06A02200044AC46C637BE47D08E002081
:10BDA00000FEFF46847C00200000FEFFE0CD002066
:10BDB000145602202C5802204C56022000FEFFC6CA
:10BDC000E4CD00208456022000510220C0520220FF
:10BDD00080540220CC8C0020B88C0020F852022025
:10BDE00030530220D08C002068530220A053022040
:10BDF000D48C0020D853022010540220D88C00206C
:10BE00000000FF7FA88C00204854022034550220F7
:10BE10006C550220A4550220D14AC1E90833C2E979
:10BE20000630C2E90833CF4A0120CF4BD2ED007A69
:10BE3000D3ED006ACD4967EEA67AC861F4EEC77A01
:10BE4000F1EE10FA00F3FD879FEDC97AF4EEC77AA0
:10BE5000F1EE10FA01F17E82B0EE677ABEEEC87A9A
:10BE600017EE103AC3480025C349D0ED007A91ED92
:10BE7000007AC24AFDEEE77ABDEEC77AC04C936104
:10BE80004FF48033BF4F2046D36117EE103A97ED41
:10BE9000000A4FF4B042BC49CDED007A0BF0DEFE53
:10BEA000BA4ABB4BD2ED007A4FF4B04293ED007A20
:10BEB000FDEEE77A84F83850BDEEC77AB54C97EDC1
:10BEC000000AB549204617EE103ACDED007A0BF086
:10BED000C5FEB24B84F838501B78012B01F0E38289
:10BEE000022B01F05780AE4BDFEDAE6A93ED007A86
:10BEF000B4EEE67AF1EE10FA01F37481DFED9C7A8C
:10BF0000B4EEE77AF1EE10FA01F16A83F0EE477AC7
:10BF1000FEEEC87A17EE902ADFEDB57ADFEDA16A62
:10BF200067EE277AA04B9A61F4EEE67AF1EE10FA0A
:10BF300041F36981B4EEE67A9C49D961F1EE10FAD9
:10BF400001F3A287DFED8A6AB4EEE67AF1EE10FA29
:10BF500041F1DE86964A0B4696489FEDA56AD0EDE4
:10BF6000007ADFED906A67EE867A9349C1E906238D
:10BF7000F4EEE67AF1EE10FA01F320869FED7C7A7A
:10BF8000F4EEC77AF1EE10FA01F1A886B0EE677A06
:10BF9000BEEEC87A17EE103A88499FED956A91ED8A
:10BFA000007ADFED806A27EE067A854A9361B4EE67
:10BFB000E67AF1EE10FA41F3C985F4EEE67A7B49B0
:10BFC000D161F1EE10FA01F38987DFED696AF4EED1
:10BFD000E67AF1EE10FA41F18E86754B0A46794801
:10BFE000DFED707A90ED007A7749B4EEE77AC1E937
:10BFF0000632F1EE10FA01F35E85DFED5D7AB4EE04
:10C00000E77AF1EE10FA01F17386F0EE477AFEEE70
:10C01000C87A17EE903A6D4AB6EE006A6C48DFEDCA
:10C02000616AD2ED007A836167EE867A67EE877A7D
:10C03000F4EEE67AF1EE10FA01F34284DFED4C6A99
:10C04000F4EEE67AF1EE10FA01F1F085F0EE676AAF
:10C05000FEEEC86A16EE903A01F13D871C46DFED10
:10C06000516AC361B4EEE67AF1EE10FA41F30E8440
:10C070004E4A9FED4C7AF4EEC77AF1EE10FA01F3D6
:10C080001B849FED3B7AF4EEC77AF1EE10FA01F1D2
:10C09000D085B0EE677ABEEEC87A17EE103A01F19D
:10C0A0001787194604624B48C0E906234A4B0162D0
:10C0B00093F81E2142B1002283F81E2172B6D3F8F4
:10C0C0007821C3F8342162B6444AD2ED007AF5EE05
:10C0D000C07AF1EE10FA01F1D583F7EE006AF4EEC2
:10C0E000E67AF1EE10FA01DC67EEA76A1A6B9FEDB3
:10C0F000407A803A07EE902AF8EE677A37EE676A60
:10C10000E6EE267A72B6C3ED557A62B693F821212F
:10C11000FAB9334AF7EE007AD2ED006AF4EEC76A54
:10C12000F1EE10FA09D4F4EEE76AF1EE10FA41F3F9
:10C130008985DFED2C7A9FED2C7AD3ED4A6AC3ED29
:10C140005E7A27EE267A72B683ED497AC3ED4D7A90
:10C1500062B6264A92ED007AB5EEC07A4AE000BF98
:10C16000DC550220B87B0020BC7B0020E84C02207C
:10C1700000FEFFC6F4CC0020E0CC0020C45002201A
:10C18000A44F0220F0CC0020D4E90020F8CC0020FD
:10C19000E4CC0020E04F0220D4990120C88E00207A
:10C1A000307C002000FEFF46385102200000FF7F57
:10C1B00000000180FCCC00207051022000CD002046
:10C1C00018520220347C002050520220ECCC002077
:10C1D000A8510220E051022030E8002010CD0020BC
:10C1E00004CD0020CCCCCC3E8FC2753F08CD0020C2
:10C1F00000000000F1EE10FA01F13E83F7EE007A44
:10C20000B4EEE77AF1EE10FA41F31F861FED087ADB
:10C2100072B6C3ED4B7A83ED4C7A62B6CD4AD2ED5D
:10C22000007AF5EEC07AF1EE10FA01F12183B7EE53
:10C23000007AF4EE477AF1EE10FA77FE277A72B6BA
:10C24000C3ED517A62B693F82111B9B992ED007A33
:10C25000F7EE007AB5EEC07AF1EE10FA08D4B4EE3B
:10C26000E77AF1EE10FAD4BF77EEC77ADFEDBA7A4B
:10C27000C3ED607A72B6C3ED4F7A62B6B748B84B79
:10C2800090ED007A93F82820B5EEC07AD3F80C111F
:10C290006FF30002C3F80811F1EE10FA83F82820BA
:10C2A00001F1E082F7EE007AB4EEE77AF1EE10FAEF
:10C2B00041F3B3859FEDA87A72B6C3ED447A83ED5E
:10C2C000457A62B6A74AD2ED007AF5EEC07AF1EE71
:10C2D00010FA01F1C382F7EE006AF4EEE67AF1EEAD
:10C2E00010FA05DC67EEE76AB0EE007AE7EE876ADF
:10C2F000DFED9D7A4FF07C5293EDDC7AC3F80C2190
:10C3000037EE677AE7EE267AC3EDDE7A72B6C3EDD2
:10C31000DD7AC3F8082162B6944A92ED007AB5EE50
:10C32000C07AF1EE10FA01F19582F7EE007AB4EEE0
:10C33000E77AF1EE10FA41F36E84DFED8D7A72B692
:10C34000C3ED467AC3ED497A62B68A4AF7EE007ABF
:10C3500092ED007AB5EEC07AF1EE10FA08D4B4EEA0
:10C36000E77AF1EE10FAD4BF77EEC77ADFED7A7A8A
:10C37000C3ED5C7A72B6C3ED5B7A62B64FF00042F1
:10C38000C3F8782172B64FF07E51C3F87421C3F818
:10C390007C1362B672B60021C3F80C1262B672B694
:10C3A000C3F8102262B672B673489FED747AD0ED6E
:10C3B0000C7A67EE877AFCEEE77AC3ED9B7AC3EDE1
:10C3C000AB7A62B672B6C3F86412C3F8A412C3F8AB
:10C3D0005C1262B693F82820920707D472B6C3F8AD
:10C3E000E812C3F82813C3F8E01262B672B69FEDE4
:10C3F000637AD0ED0C7A67EE877AFCEEE77AC3EDCC
:10C40000BC7AC3EDCC7A62B65D48002519F0D2FF44
:10C410005B4902465B485C4C13F0A2FD594813F09F
:10C42000D3FDC82014F070F9636D47F61221002285
:10C430001868564F0368DB6998474FF6FF733268F8
:10C44000A4F858506567C4F8002184F85A5084F85D
:10C45000F850C4F8FC50C4E91A33032384F8703050
:10C46000C4E918553C460DF0C7FAF0F7D1FBF0F7D8
:10C4700061FF2846013514F08BFA04F8010B042DF6
:10C48000F7D143493A683E4819F030FB3C4819F06F
:10C4900091FF3B4902463B4813F062FD394813F0D7
:10C4A00093FD3A687F2A01F2D782DFF8FC800C24E2
:10C4B00046462046013414F06BFA06F8010B102CA6
:10C4C000F7D1D8F8002033492D4819F00FFB2C483C
:10C4D00019F070FF2A4902462A4813F041FD294805
:10C4E00013F072FDD8F80020A2F10E03642B01F2C4
:10C4F0009882D2B29FED2E7ADFED276A07EE902A5E
:10C50000264BDFF8A880F8EE677A1A704646244B6F
:10C5100077EEC77A87EEA67A83ED007A204601345B
:10C5200014F036FA06F8010B142CF7D1D8F80020D5
:10C530001C49134819F0DAFA114819F03BFF104969
:10C540000246104813F00CFD0E4813F03DFDD8F8DC
:10C5500000202FE0387C0020000000001CCD0020CF
:10C56000986F022020CD0020CDCC4C3E18CD00206D
:10C570006666263F14CD0020E44D0020000080496F
:10C58000846C0220747D002028CE0020EC4902201B
:10C59000944E0020EC4E00200000C842C98E0020BE
:10C5A0002CCD00203C4F0020DC490220E449022031
:10C5B00000008042A2F13403182B01F21782D2B29C
:10C5C0005FED056AB2EE087ACA4B07EE902ADFF8F3
:10C5D00094831A70F8EE677AC74B464677EEE67A90
:10C5E00067EE877AC3ED007A2046013414F0D0F963
:10C5F00006F8010B182CF7D1D8F80020BF49C04825
:10C6000019F074FABE4819F0D5FEBD490246BD487E
:10C6100013F0A6FCBB4813F0D7FCD8F80020A2F119
:10C620003E03042B01F2C781D2B2DFEDB76AB2EE4E
:10C63000087AB64B07EE902ADFF82C831A70F8EED2
:10C64000677AB34B464677EEE67A67EE877AC3EDB4
:10C65000007A2046013414F09BF906F8010B1C2CDB
:10C66000F7D1D8F80020AB49A54819F03FFAA44803
:10C6700019F0A0FEA2490246A24813F071FCA1489D
:10C6800013F0A2FCD8F80020531E0A2B01F2788187
:10C69000DFF8D8920826A04BC8461A7030460136FB
:10C6A00014F076F908F8010B0C2EF7D1D9F8002018
:10C6B0009A49934819F01AFA914819F07BFE90496B
:10C6C0000246904813F04CFC8E4813F07DFCD9F8DC
:10C6D0000030642B01F24881DBB2DFED916ADFF8B4
:10C6E000909207EE903A8F4A8F4EC846F8EE677ADE
:10C6F000137087EEA67A86ED007A2846013514F08D
:10C7000047F908F8010B082DF7D1D9F8002087491F
:10C710007B4819F0EBF97A4819F04CFE784902464B
:10C72000784813F01DFC774813F04EFCD9F8003020
:10C73000642B01F20D81DBB29FED797ADFF8F8917D
:10C7400007EE903A7A4ADFF82C824D46F8EE676A97
:10C750001370C6EE877A67EEA77A77EEA77AC8EDF0
:10C76000007A2046013414F013F905F8010B202C4F
:10C77000F7D17049D9F80020614819F0B7F960483D
:10C7800019F018FE5E4902465E4813F0E9FB5D4869
:10C7900013F01AFCD9F80030012B09D90123042227
:10C7A0001C216548C9F8003014F09CFAD9F8003013
:10C7B000DFF8C491614A4D4613702046013414F0ED
:10C7C000E7F805F8010B242CF7D15D49D9F80020D2
:10C7D0004B4819F08BF94A4819F0ECFD48490246DC
:10C7E000484813F0BDFB474813F0EEFBD9F8003082
:10C7F0005A1E0F2A01F2A080DFF88091514A4D465F
:10C8000013702046013414F0C3F805F8010B282CEE
:10C81000F7D14D49D9F80020394819F067F938485F
:10C8200019F0C8FD36490246364813F099FB3548E1
:10C8300013F0CAFBD9F800305A1F7A2A01F270802F
:10C84000DFF83C91414A4D4613702046013414F004
:10C850009FF805F8010B2C2CF7D13D49D9F80020A1
:10C86000274819F043F9264819F0A4FD2449024647
:10C87000244813F075FB234813F0A6FBD9F80030C9
:10C880005A1E0F2A01F24080DFF8F890314A4D46D7
:10C8900013702046013414F07BF805F8010B302C9E
:10C8A000F7D1D9F800202C49154819F01FF9144880
:10C8B00019F080FD12490246124813F051FB11484D
:10C8C00013F082FBD9F800305A1F7A2A01F2108047
:10C8D000DFF8B4903824214A4D46137020460134C5
:10C8E00014F056F805F8010B3C2CF7D11C49D9F887
:10C8F00000204BE0CF8E0020A0D40020844F0020E9
:10C90000846C0220747D002000008042CE8E0020C6
:10C910004CCF0020C44F0020D58E00200C500020AA
:10C920000000C84231890220305502202C500020DE
:10C93000DD8E002044500020048A0020D88E002084
:10C9400068500020DB8E002080500020DC8E00200C
:10C9500098500020D98E0020B4500020DA8E00209C
:10C96000D0500020E0490220008A0020E84902203F
:10C97000188A0020C48E0020108A0020148A00200B
:10C98000088A00200C8A0020F4890020C34819F08E
:10C99000ADF8C24819F00EFDC0490246C04813F078
:10C9A000DFFABF4813F010FBD9F80030A3F13C02C6
:10C9B000282A00F29187DFF87C93BA4A4D4613701B
:10C9C0002046013413F0E4FF05F8010B402CF7D1A9
:10C9D000B549D9F80020B14819F088F8AF4819F0E6
:10C9E000E9FCAE490246AE4813F0BAFAAC4813F07F
:10C9F000EBFAD9F80030AD4DA3F13802102A01F25C
:10CA00004E80DFF834932B704D462046013413F0EE
:10CA1000BFFF05F8010B442CF7D1D9F80020A44939
:10CA20009E4819F063F89D4819F0C4FC9B490246E2
:10CA30009B4813F095FA9A4813F0C6FAD9F80030DB
:10CA40009C4CA3F13802102A01F21D802370EAF7F2
:10CA5000BBF81122984999480BF0F0F9F6EE007AEC
:10CA6000974898ED007AF0EE676A90ED006A954B72
:10CA70009549E6EE276A1B68E6EE677A9FED936AB2
:10CA8000CB62B4EEC67A9249924ACB62F1EE10FACA
:10CA9000914BC2ED0E6AC2ED0F7AC3ED0E7AC3ED73
:10CAA0000F6A00F38586DFED8D7AB4EEE77AF1EE5A
:10CAB00010FA01F19580F0EE477AFEEEC87A17EE93
:10CAC000901A874AD6ED007A92ED006ADFED7F6A10
:10CAD00067EE867A834B9961F4EEE67AF1EE10FA0E
:10CAE00040F37D86B4EEE67A00227F495A62F1EE89
:10CAF00010FAC3E9071201F3CF81DFED786AB4EED3
:10CB0000E67AF1EE10FA41F17F80784A0B46002573
:10CB1000774878494026826145623A68764CC0E998
:10CB200007355E4818F0E2FF5C4819F043FC5B49AA
:10CB300002465B4813F014FA594813F045FA386876
:10CB40004FF080472060EEF7B1FEECF777F92268EE
:10CB50006A49524818F0CAFF504819F02BFC4F4957
:10CB600002464F4813F0FCF94D4813F02DFA644C7F
:10CB7000EDF7AEFA634A4FF0E023012162481170ED
:10CB8000C3F808611EF06EFA04F1080002F0FAFC26
:10CB900004F1080001F0AEFC294604F1080002F09F
:10CBA000FBFC04F1080001F03FFC04F1080001F077
:10CBB00047FC04F10800554902F0E8F8544A802384
:10CBC000294604F10800CDE900622A46514E01F0E1
:10CBD00089FB04F1080001F033FC4FF4FA6013F014
:10CBE00093FD04F1080001F01FFC4B4A94F99E10DC
:10CBF0002846F4F795FD04F1080001F021FC4749AF
:10CC000004F108004FF0A61502F0C0F82046E6F740
:10CC1000FBFF3068424CE5F7D7FE42488462C0E92A
:10CC20000C750AF045FF40488462C0E90C750AF0B3
:10CC30003FFF3E4884623E4CC0E90C750AF038FF65
:10CC4000204602F0EFFC204602F030FD0028F7D02D
:10CC50004FF4FA6013F058FD306808B0BDE8F047B3
:10CC6000E6F7EEB9B0EE677ABEEEC87A17EE103A84
:10CC7000FDF7B9BF1C4AFFF776B8DFED186AB4EECE
:10CC8000E67AF1EE10FA00F19583F0EE476AFEEED7
:10CC9000C86A16EE903AFFF72AB800BF846C0220EB
:10CCA000747D0020CD8E0020F0500020D38E002017
:10CCB00014510020D48E002098870020C8880220BC
:10CCC0000CCD0020C44A022094DD002000FEFF4667
:10CCD00064DD00202C5702207457022000FEFFC69E
:10CCE0001C8A0020B85402200000FF7F0000018051
:10CCF000F8540220385100202CE200205851002026
:10CD00003C6D0220468902201C7F002084580020B0
:10CD10001422006024590220C46C0220E86800201C
:10CD20004B01A600084A0220404A0220784A02200D
:10CD300058690220F8890020FC8900208C4B0021D2
:10CD40004FF480308B4C59629C618B4AC3E90701D8
:10CD50008A4B116293ED007AB4EEE67AC2E90600DE
:10CD6000F1EE10FA89DD23465462FEF7D7BF814AFF
:10CD7000FEF78EBF7F4BFEF766BF7E4AFEF74CBFC5
:10CD80007C4BFEF724BF7B4AFEF707BF794BFEF7CB
:10CD9000DEBE784BFEF7BEBE794A1446FEF70CBDE8
:10CDA0006FF00042FEF7DFBC754A1446FEF7BBBCCD
:10CDB0006FF00042FEF78EBC714A1446FEF76ABC63
:10CDC0006FF00042FEF7ECBB6D4A1446FEF7C8BB9D
:10CDD0006FF00042FEF786BB694A1446FEF762BB5D
:10CDE0006FF00042FEF720BB654A1446FEF7FCBA1E
:10CDF0006FF00042FEF7BABA614A1446FEF796BADF
:10CE00005C4BFEF75FBA5B4BFEF73DBA594BFEF742
:10CE100017BA4FF44043FEF726B94FF44042FDF7EE
:10CE2000CEBF4FF44043FEF7AAB84FF44042FEF79E
:10CE300048B84FF44043FDF76EBF4FF44043FDF751
:10CE40000EBF4C4BFFF70EB800236362FDF747BFE0
:10CE500000225A62FDF799BF0023FEF79EB9494BA5
:10CE6000FEF7A6B800236362FEF7E3B800225A6219
:10CE7000FEF70FB800236362FEF767B85346FEF76C
:10CE800045B80023FEF70DBE0023FEF7EFBD0023DB
:10CE9000FEF7D8BD00236362FDF7C5BE2B46FDF744
:10CEA000A2BE9FED390AFEF7BFBC0022FEF7A0BC70
:10CEB0000023FEF75CBD0023FEF745BD0023FEF70F
:10CEC00027BD0023FEF710BD2E4BFEF7E5B800236B
:10CED000FEF72FB90023FEF7F7B80022FEF7B4BB28
:10CEE0000022FEF75BBA0022FEF714BB0022FEF719
:10CEF000B3BA20460AF00CFCFDF717BEE2882421E5
:10CF0000224842F004020AF013FBFDF724BE9FED15
:10CF1000200AFEF789BC47F6FF72FEF769BC47F6A8
:10CF2000FF72FEF73BBA47F6FF72FEF7F3BA47F619
:10CF3000FF72FEF789BB4FF00043FEF7D5BC4FF000
:10CF40000043FEF700BD47F6FF72FEF785BA4FF0CB
:10CF50000043FEF7EEB84FF00043FEF71EB94FF066
:10CF60000043FEF76FBD4FF00043FEF79ABD00BFD0
:10CF7000D85302200000FF7F10540220D88C0020DC
:10CF8000F7D505000180FFFF936515B9686A022097
:10CF9000D17C3FC0D64AD74B92ED007AD3ED007AD0
:10CFA000DFEDD56A67EE277AF4EEE67AF1EE10FA55
:10CFB00040F3D182B4EEE67AD04BD149F1EE10FACB
:10CFC000996140F35986D9610A460B46CD489FEDD9
:10CFD000CA7AD0ED007ACC49F4EEC77AC1E90623CB
:10CFE000F1EE10FA00F345869FEDC87AF4EEC77AA9
:10CFF000F1EE10FA00F1B786B0EE677ABEEEC87AAD
:10D0000017EE101AC24B9FEDC37AD3ED006A9FED65
:10D01000BA6A26EE877AC04A9161B4EEC67AF1EE1A
:10D0200010FA00F323869FEDB96AB4EEC67AF1EEEA
:10D0300010FA00F1B386B0EE476ABEEEC86A16EE8B
:10D04000103A9FEDB46A9FEDAC7A67EE867AD361B1
:10D05000F4EEC77AF1EE10FA00F305869FEDAB7A95
:10D06000F4EEC77AF1EE10FA00F19586B0EE677A29
:10D07000BEEEC87A17EE103ADFED9F7AA74AF4EEBB
:10D08000E76A9361F1EE10FA00F3EA85DFED9F7A2B
:10D09000F4EEE76AF1EE10FA00F15786F0EE667AE8
:10D0A000FEEEC87A17EE903A9D49DFED937A91ED46
:10D0B000007AD361B4EEE77AF1EE10FA00F301865C
:10D0C000DFED927AB4EEE77AF1EE10FA00F15786CE
:10D0D000F0EE477AFEEEC87A17EE902A914B9FED5C
:10D0E000926AD3ED007ADFED846A67EE867A8F4824
:10D0F000826167EE877AF4EEE67AF1EE10FA00F3D9
:10D10000DD85DFED826AF4EEE67AF1EE10FA00F1E9
:10D110004B86F0EE676AFEEEC86A16EE903ADFEDD7
:10D120007D6A9FED756A67EE266AC361F4EEC66A92
:10D13000F1EE10FA00F3C8859FED746AF4EEC66A4A
:10D14000F1EE10FA00F11E86B0EE666ABEEEC86A15
:10D1500016EE103A9FED686A0362B4EEC67AF1EEFD
:10D1600010FA00F312869FED696AB4EEC67AF1EE0A
:10D1700010FA00F13686B0EE476ABEEEC86A16EEC7
:10D18000103A9FED5D7AF4EEC76AF1EE10FA00F303
:10D1900033869FED5E7AF4EEC76AF1EE10FA00F185
:10D1A0000086B0EE667ABEEEC87A17EE102A9FEDC2
:10D1B000527A5F48F4EEC77AC0E90632F1EE10FA0F
:10D1C00000F379859FED517AF4EEC77AF1EE10FA0B
:10D1D00000F1CE85B0EE677ABEEEC87A17EE101A6F
:10D1E000FEF764BFDFED4B7A444B67EE277A444984
:10D1F0009961F4EEE67AF1EE10FA04DDD9610A469F
:10D200000B46FEF7A9BEDFED416AF4EEE67AF1EED9
:10D2100010FA00F1E881F0EE676AFEEEC86A16EED9
:10D22000902ADFED356ADA61B4EEE67AF1EE10FAB3
:10D2300000F36885DFED356AB4EEE67AF1EE10FAB8
:10D2400040F166853B4A9FED2C7AF4EEC77AF1EE09
:10D2500010FA00F3AF859FED2D7AF4EEC77AF1EE68
:10D2600010FA00F15285B0EE677ABEEEC87A17EE7A
:10D27000103AFEF771BE2F4BFEF705B840F2991237
:10D28000FDF79DBD2C4A2D4CFEF76AB92C4AFEF7DE
:10D2900029B9284B1C46FDF7D4BF274A274CFEF777
:10D2A00042BA274AFEF716BA154BFEF737BD214A98
:10D2B000FEF7EEBC1F4BFEF7C6BC1E4AFEF7ACBC29
:10D2C0001C4BFEF744BC1B4BFEF724BC40F29913E9
:10D2D000FDF721BD184A194CFEF786B8184AFEF72B
:10D2E00045B8154A154CFEF7D5B9154AFEF758B999
:10D2F000307C0020E8CC002000FEFF4638510220A0
:10D300000000FF7FFCCC00207051022000FEFFC611
:10D3100000CD0020000000001852022050520220D0
:10D32000347C0020ECCC00203333333FA851022062
:10D33000E051022000000180008C3C4B00BE6C508C
:10D3400028140A0540F29912FDF7BBBD40F299136B
:10D35000FDF715BED74BFEF785BD40F29913FDF7DB
:10D360007EBCD54AD54CFDF7E1BFD24BFDF7AABF35
:10D37000D14AD24CFEF796B8D14AFEF755B8CE4AFC
:10D38000CE4CFEF719BACE4AFEF7EDB9C94BFEF7FF
:10D390001EBCC84AFEF701BC40F29913FDF763BEFC
:10D3A000C44A1046FEF7E0BCC24BFEF7B7BCC14A08
:10D3B000FEF785BCBF4BFEF79ABCB0EE666ABEEEC8
:10D3C000C86A16EE102AFDF7C1BCB0EE677ABEEE51
:10D3D000C87A17EE107AFDF762BCB0EE677ABEEE3F
:10D3E000C87A17EE103AFDF76FBEB0EE677ABEEE60
:10D3F000C87A17EE105AFDF7FDBDB0EE666ABEEEB4
:10D40000C86A16EE102AFDF727BD9FEDB67A67EEC3
:10D41000877AFDEEE77A17EE903A1BB2FDF7C8BDAA
:10D42000B0EE677ABEEEC87A17EE103AFDF766BE28
:10D43000B0EE677ABEEEC87A17EE103AFDF766BD19
:10D44000B0EE677ABEEEC87A17EE103AFEF731BA40
:10D450009FEDA47A67EE877AFDEEE77A17EE903AB1
:10D460001BB2FDF719BEB0EE677ABEEEC87A17EEB2
:10D47000103AFDF777BEB0EE677ABEEEC87A17EEC7
:10D48000103AFEF7F3BAB0EE677ABEEEC87A17EE3E
:10D49000103AFEF73DBAB0EE677ABEEEC87A17EEE4
:10D4A000103AFEF764BA874A874B92ED007AD3EDC3
:10D4B000007ADFED8C6A67EE277AF4EEE67AF1EE19
:10D4C00010FA40F39280B4EEE67A804B8049F1EE98
:10D4D00010FA996140F3B280D9610A460B467D4843
:10D4E000DFED806AD0ED007A7B49F4EEE67AC1E99F
:10D4F0000623F1EE10FA00F318849FED7B7AF4EE28
:10D50000C77AF1EE10FA00F15C84B0EE677ABEEEF5
:10D51000C87A17EE103A7149DFED726A91ED007A20
:10D520006F4AB4EEE67A9361F1EE10FA40F3DE80D2
:10D53000F4EEE67A6649D161F1EE10FA00F3A184C7
:10D54000DFED696AF4EEE67AF1EE10FA40F1ED8073
:10D55000584B0A4605E1DFED646AF4EEE67AF1EE37
:10D5600010FA00F10384F0EE676AFEEEC86A16EE68
:10D57000902ADFED5C6A554BB4EEE67A9A61F1EEE3
:10D5800010FA40F37983F4EEE67A5149D961F1EE6D
:10D5900010FA00F37D84DFED546AF4EEE67AF1EEE2
:10D5A00010FA00F12184F0EE676AFEEEC86A16EE0A
:10D5B000902ADFED4C7AB4EEE77AF1EE10FA00F340
:10D5C0001E84DFED497AB4EEE77AF1EE10FA00F14D
:10D5D000DF83F0EE477AFEEEC87A17EE903AF5E474
:10D5E000344AFEF799BC334A1BE6DFED3F6AF4EE9E
:10D5F000E67AF1EE10FA00F1E083F0EE676AFEEEF3
:10D60000C86A16EE902ADFED376A304BB4EEE67A40
:10D610009A61F1EE10FA11DDF4EEE67A2C49D96147
:10D62000F1EE10FA00F32984DFED2F6AF4EEE67ACA
:10D63000F1EE10FA21D51F4A0B4650E7DFED2A6ABA
:10D64000B4EEE67AF1EE10FA00F1C983F0EE476A23
:10D65000FEEEC86A16EE902ADFED226ADA61F4EE79
:10D66000E67AF1EE10FA00F3B883DFED1F6AF4EE0C
:10D67000E67AF1EE10FA00F1BB83F0EE676AFEEE97
:10D68000C86A16EE902ADFED177AB4EEE77AF1EE6B
:10D6900010FA00F3B983DFED147AB4EEE77AF1EE15
:10D6A00010FA00F19783F0EE477AFEEEC87A17EE93
:10D6B000903A14E700000180008C3C4B00BE6C5097
:10D6C00028140A05307C0020E8CC002038510220C4
:10D6D0000000FF7FFCCC00207051022000CD002014
:10D6E0001852022000FEFF4600FEFFC65FED026AF0
:10D6F000B4EEE67AF1EE10FA00F16883F0EE476AD4
:10D70000FEEEC86A16EE903A5FED0A6AD361F4EE57
:10D71000E67AF1EE10FA00F357835FED0D6AF4EE4E
:10D72000E67AF1EE10FA00F16583F0EE676AFEEE3C
:10D73000C86A16EE903A5FED157AB4EEE77AF1EE2C
:10D7400010FA00F35F835FED187AB4EEE77AF1EE3A
:10D7500010FA00F13483F0EE477AFEEEC87A17EE45
:10D76000902AD648DFEDD67A90ED007AD549B4EE0E
:10D77000E77AC1E90632F1EE10FA00F3D482DFED68
:10D78000D27AB4EEE77AF1EE10FA00F12183F0EEEE
:10D79000477AFEEEC87A17EE902ACC4BCC489FED24
:10D7A000CD6ADFEDC76AD3ED007A8261FEF73CBC3B
:10D7B000C94AD6ED007AD2ED006AC84B67EEA67A68
:10D7C000C7499961F4EEC67AF1EE10FA07DD002040
:10D7D0000A46C3E9071058620B46FFF798B9DFED18
:10D7E000BA6AF4EEE67AF1EE10FA00F10B82F0EE8E
:10D7F000676AFEEEC86A16EE901ADFEDB16A002283
:10D80000B4EEE67A5A62C3E90712F1EE10FA00F3B9
:10D81000ED81DFEDAD6AB4EEE67AF1EE10FA40F19B
:10D82000F381B04A9FEDA67AF4EEC77AF1EE10FAD2
:10D8300000F3E5819FEDA47AF4EEC77AF1EE10FAD9
:10D8400000F1D181B0EE677ABEEEC87A17EE103AD9
:10D85000FFF75DB9DFEDA47AFEF771BDDFEDA36AD6
:10D86000FEF746BDB7EE007ADFEDA07AFEF724BDE5
:10D87000DFED9E7AFEF7E3BCB7EE007ADFED9B7A30
:10D88000FEF7C6BCDFED996AFEF730BCDFED8E6AAD
:10D89000B4EEE67AF1EE10FA00F1C581F0EE476AD7
:10D8A0009FED877AF4EEC77AFEEEC86AF1EE10FAC1
:10D8B00016EE902A7EF7E5AB894B1946FEF7F2BBD0
:10D8C000B4EEE67A864CC461F1EE10FADEDD224653
:10D8D00023462146FEF7E6BB57230422382184481D
:10D8E000C9F8003013F0FEF9D9F80030FFF763B83B
:10D8F000082304222C217F48C9F8003013F0F2F9E4
:10D90000D9F80030FEF7E4BF1023042228217A481A
:10D91000C9F8003013F0E6F9D9F80030FEF7B4BFCB
:10D920000823042224217548C9F8003013F0DAF9DD
:10D93000D9F80030FEF784BF10230422202170485C
:10D94000C9F8003013F0CEF9D9F80030FEF754BF13
:10D95000042200236B481146C9F8003013F0C2F9C5
:10D96000D9F80030FEF7E7BE0023042208216648FC
:10D97000C9F8003013F0B6F9D9F80030FEF7ACBEA4
:10D980006249634818F0B2F8614818F013FD604925
:10D990000246604812F0E4FA5E4812F015FB0223DA
:10D9A000042218215C48C8F8003013F09BF9D8F81D
:10D9B0000020FEF76DBE5949554818F097F85448B5
:10D9C00018F0F8FC52490246524812F0C9FA514880
:10D9D00012F0FAFA4023042214215148C8F800300A
:10D9E00013F080F9D8F80020FEF71EBE4D494848D4
:10D9F00018F07CF8464818F0DDFC454902464548D9
:10DA000012F0AEFA434812F0DFFA4023042210214C
:10DA10004548C8F8003013F065F9D8F80020FEF743
:10DA2000CEBD42493A4818F061F8394818F0C2FCB6
:10DA300037490246374812F093FA364812F0C4FAD2
:10DA4000402304220C213A48C8F8003013F04AF968
:10DA5000D8F80020FEF74DBD36492D4818F046F89D
:10DA60002B4818F0A7FC2A4902462A4812F078FAF7
:10DA7000284812F0A9FA00212A462F48396013F0ED
:10DA800031F9FEF712BD2378042240212B48C9F852
:10DA9000003013F027F9D9F80030FEF7D7BF2B7804
:10DAA00004223C212648C9F8003013F01BF9D9F8AC
:10DAB0000030FEF7A6BF0A4BFEF7ADBA347C00205B
:10DAC00000FEFF465052022000FEFFC6ECCC0020B4
:10DAD000A85102203333333F1C8A0020B85402205F
:10DAE0000000FF7F000001800AD7A33B0000000078
:10DAF000F48900200C8A0020088A0020148A002063
:10DB0000108A0020188A0020E8490220E44F0020F3
:10DB1000846C0220747D0020008A0020A04F002029
:10DB2000E04902205C4F0020E4490220104F002011
:10DB3000DC490220B44E0020EC490220FC89002080
:10DB4000F889002000FEFF4600FEFFC65FED026A76
:10DB5000B4EEE67AF1EE10FA00F1C880F0EE476A12
:10DB6000FEEEC86A16EE903A5FED0A6AD361F4EEF3
:10DB7000E67AF1EE10FA00F3B7805FED0D6AF4EE8D
:10DB8000E67AF1EE10FA40F1B680C54BDFEDC57ACA
:10DB9000B4EEE77AF1EE10FA00F30981DFEDC27A14
:10DBA000B4EEE77AF1EE10FA00F19B80F0EE477ADE
:10DBB000FEEEC87A17EE902AFEF711BABB4BBC4AAC
:10DBC00093ED007ABB4927EE067A9161B4EEE67ACE
:10DBD000F1EE10FABADDD1610B460A46FEF7FFB945
:10DBE000AF49FEF76EBFAE4BFEF791BF9FEDAD7A2A
:10DBF000B04AF4EEC77AF1EE10FA7FF71BAEAD4BE8
:10DC0000FEF785BFA649F8E5F0EE476AFEEEC86A62
:10DC100016EE902A06E6DFEDA86ADFEDA87AE7EEB9
:10DC2000267AFEF78CBB9E4AFEF723BA9C4BFEF782
:10DC300015BA9B4BFEF735BAA149FCF7E7BEA049E0
:10DC4000FCF7ECBE26EEA66A9FED9E5ADFED9E5ACB
:10DC5000A6EE857A66EE266AE6EEA57AFEF76DBA3E
:10DC6000944BFFF721BA934BFFF706BA914BFFF79E
:10DC7000E8B99049FFF7C6B9DFED8B6AB4EEE67AF2
:10DC8000F1EE10FA79D4F0EE476AFEEEC86A16EEAD
:10DC9000902ADFED846ADA61F4EEE67AF1EE10FAAA
:10DCA00069DCDFED816AF4EEE67AF1EE10FA7FF5D9
:10DCB0007AAC7B4A7DE47F49FEF7F8B97D4BFFF7EC
:10DCC0002EBA7C4AFFF70ABAB4EEC67A794A0262E3
:10DCD000F1EE10FA3CDD1346FFF769BA704BFEF720
:10DCE0005BB96F4AFEF77BB9724B4FE76C4B3BE772
:10DCF0006B4BFEF790B9F0EE676AFEEEC86A16EE5F
:10DD0000903A43E76B4AFFF79EBA654BFEF724B99A
:10DD1000F0EE476AFEEEC86A16EE902AFFF793BA55
:10DD20006749FCF7FBBE634A37E5604B604A93EDF9
:10DD3000007A6049B4EEE67A9161F1EE10FA7FF76D
:10DD4000D5ACD1610B460A460BE5554BFFF7ACB994
:10DD50009FED556AB4EEC67AF1EE10FA7FF50BAA84
:10DD60004F4BFFF724BA4E49FFF74CB94C4A00E439
:10DD70004B49FEF79BB94F4A1BE4494A89E7484A99
:10DD8000FFF7ACB9464BFFF7E5B94A4BFFF7F9B9D6
:10DD9000434BFFF71BB9424BFFF76EB9404BFFF700
:10DDA00050B93F4AFFF703BA3D4BFFF7B8B9414AB4
:10DDB000FEF715B93F4BFEF7CFB8394A23E4384A8E
:10DDC000CFE4374BFFF7A7BB3A4BB4E4344B9BE4AB
:10DDD000334AE2E4324BFFF782BB364A53E4304A1F
:10DDE0003AE42F4BFFF7CDB92D4A0B46FFF7EEB8BB
:10DDF0002B4A48E42A4B9EE42E4AFFF7D8B92D4B14
:10DE0000FFF7E4B82B4AACE42A4BFFF768BB244C7D
:10DE1000FDF717BA2248FDF7A7BF77EEC76A9FED57
:10DE20002B5A27EE266AE6EE057AF0EE675AF0EEF8
:10DE3000477AB0EE667AE6EE257AA6EE257A67EEA8
:10DE4000A77A27EE077AFEF737BA77EEC76A9FED13
:10DE50001F5A27EE266AE6EE057AF0EE675AF0EED4
:10DE6000477AB0EE667AE6EE257AA6EE257A67EE78
:10DE7000A77A27EE077AFEF7CBB90A460B46FFF7DB
:10DE80002EBB0B460A466CE40A460B46FEF764B806
:10DE90000A460B46FFF79AB80A460B46FEF737BE0E
:10DEA0000000018000FEFF4600FEFFC600CD0020FE
:10DEB000185202200000FF7FB81E253F0AD7A33B5F
:10DEC000407300208FC2753F9A9919BFAF94B53F38
:10DED0000449FEF7E7B8034CFEF7C1B80B460A4603
:10DEE000FEF77DB80000018030B482B00C4602AB72
:10DEF00003E90600C37C002B30D072B6C37CDA077E
:10DF000008D54FF0E0214569D1F880212A4082628E
:10DF1000C1F880219D0708D54FF0E0218569D1F82F
:10DF200084212A40C262C1F88421590708D54FF0E4
:10DF3000E021C569D1F888212A400263C1F888210F
:10DF40001A0708D54FF0E021056AD1F88C212A4044
:10DF50004263C1F88C21DB062FD462B683689C42F1
:10DF600035D0224B84609B69214AC3F30111C3F36E
:10DF7000826352F821100133B1FBF3F2CCB1944229
:10DF800027D8B2FBF4F3B2FBF3F294422CD3B3F5EF
:10DF9000817F20D3174CC4600368032200200199BD
:10DFA00018615A6201221C6419661A6102B030BC01
:10DFB00070479942EFD3531CE9E74FF0E022416AE2
:10DFC000D2F890310B408363C2F89031C5E7C46842
:10DFD000E2E70024DFE7022BFBD9023B5A081402D8
:10DFE00044EA02441C43D6E71A46E4E700C00F4067
:10DFF00060450020FF7F7F00A1F1280330B5054672
:10E0000083B0252B28D8DFE803F052652424136B56
:10E010002727272727272727272727272727272790
:10E0200027272727272727272727272727273F3F50
:10E030004249003A424B434C18BF012248681B68D2
:10E04000A4FB03439B0C03FB02F24B681B1A9A428E
:10E05000FBD8012003B030BD3F295AD901F03F035E
:10E06000E81890F82C00FF28F3D011F0300F5CD0A6
:10E07000102B5ED012F0F0FB03460120003B18BFCE
:10E08000012385F82730E5E70192002A43D101F00A
:10E090003F0401212C4494F82C0012F0EFFB019A6C
:10E0A00094F82C00114612F0ADFB0120D2E72B357D
:10E0B000012405E00F2A26D812F0E0FB0134E4B277
:10E0C00015F8013F621E0121FF2B1846F2D1162CD4
:10E0D000F4D1BEE7104612F017FB012003B030BDAB
:10E0E000174C032A1549174B4868226834BF05248A
:10E0F0000224A3FB0232920C04FB02F24B681B1AAF
:10E100009A42FBD8A5E7022112F0B8FB162CD5D114
:10E110009FE700209EE701F03F0302212B4493F884
:10E120002C0012F0ABFB012094E7114612F06AFBC1
:10E130008FE7019014F094FF01989BE7001000E036
:10E14000447C002083DE1B4380F8371080F83820A1
:10E1500080F83930704700BFA1F1140C38B504467F
:10E16000BCF10C0F08D8DFE80CF015070709220FE7
:10E170000707070707070D00002038BD1946154897
:10E1800010F098FC012038BD0121124810F054FD18
:10E19000012038BD83692BB903680F4A5B7B02FB02
:10E1A00003F383610B481CF05DFF012038BD094D6E
:10E1B0008169284610F0D8FE94F82420012302F04B
:10E1C000FE02184685F8303185F8A52085F82F31F4
:10E1D00038BD00BF1C7F0020A08601002DE9F04F54
:10E1E0001E46531C85B081469BB292460F46DDF811
:10E1F000388000938B1990F8AAB09BB200F08AFE89
:10E2000098B386B3BBFA8BF301255B09039398F8A7
:10E21000003003EA050100230A465C1C07F1010CEB
:10E2200006F1FF3E680082B961BB10F0FF05A3B2A2
:10E230001FFA8CF71FFA8EF602D108F101080125AA
:10E24000B6B198F800102940E7E70029EDD189F828
:10E25000AAB00022F91A4846009289B2524600F04C
:10E26000DDFD002ED3D189F8AAB005B0BDE8F08F4E
:10E27000002AECD199F8A9100029F4D1039A89F861
:10E28000AA20E6E799F8A920002AC0D1F6E700BF46
:10E290002DE9F04782B01E460B448146BDF828A008
:10E2A00014469BB2884602EB0A070B9DBFB200974B
:10E2B00000F030FE90B1BAF1000F0FD006F1070A5E
:10E2C000CAF3CC0A2246013400953346A4B2414633
:10E2D00048465544FFF782FFA742F3D102B0BDE89C
:10E2E000F08700BF10B4BDF8044001945DF8044B02
:10E2F000FFF7CEBF2DE9F04383B01F46CB18804611
:10E30000BDF8289014469BB20E4602EB0905ADB24B
:10E31000009500F0FFFD80B1B9F1000F0DD04FF076
:10E320000009224601343B463146A4B24046CDF8AE
:10E33000009000F073FDA542F3D103B0BDE8F08377
:10E340002DE9F04385B0CF181E468046BDF83090C9
:10E35000BFB20D46144602EB09039BB200933B4645
:10E3600000F0D8FD10B905B0BDE8F08300232246C7
:10E37000294640460093334600F050FDB9F1010FA5
:10E38000F1D9A9F10209621C1FFA89F492B24CB9C1
:10E3900000243346294640460C9405B0BDE8F043BE
:10E3A00000F03CBD4FF00109234629464046CDF818
:10E3B0000090039200F032FD791E039A23464046F6
:10E3C00089B2CDF8009000F029FD039A224492B260
:10E3D000DEE700BF03682DE9F043064683B090F8FE
:10E3E0005090002490F8515093F8118000E0336869
:10E3F0001B7C2A46F76C002104FB03FC01343046E9
:10E4000001354FEACC0CE4B21FFA8CFCEDB2BC44EF
:10E41000CDF800C001F09AF8A14501D9A845E6D889
:10E4200003B0BDE8F08300BF0268002190F85030CF
:10E43000127CC06C12FB03F2D20017F027BD00BFA4
:10E4400010B50446FFF7C6FF2046BDE8104001F0B6
:10E45000ADB800BF836C10B5044680F851101B683E
:10E460009847A36C20465B68BDE81040184700BF82
:10E4700010B590F8AB3004462BB920460021BDE81A
:10E480001040FFF7E7BF0268002190F85030127C7F
:10E49000C06C12FB03F2D20017F0F8FC20460021FA
:10E4A000BDE81040FFF7D6BF38B50446FFF792FF2E
:10E4B00094F8515094F8503022681D44517CEDB2CC
:10E4C000A94211D994F8AB1029B920462946FFF783
:10E4D000C1FF012038BD127C0021E06C12FB03F269
:10E4E000D20017F0D3FCF0E7204601F05FF80020DF
:10E4F00038BD00BF10B50446FFF7BAFF2046FFF74E
:10E50000D3FF0028FAD101462046BDE81040FFF7AE
:10E51000A1BF00BF0346082201481A70704700BF20
:10E52000E0DD002030B51C4685B0134605460A4A9A
:10E5300000940C46094901F04BF80DF10F00FFF76C
:10E54000E9FF074B01469DF80F202846009400F094
:10E55000E1FD05B030BD00BF75CA01002DCC010042
:10E56000FDC601004218435C507800EB032080B2E6
:10E57000704700BF0020704738B50D460446112192
:10E580002B78284623706B786370AB78A370EB7898
:10E59000E3702B7923716B796371AB79A371EB799C
:10E5A000E3712B7A23726B7A6372AB7AA372EB7A84
:10E5B000E3722B7B23736B7B6373AB7BA373EB7B6C
:10E5C000E3732B7C2374FFF7CDFF0346132128460A
:10E5D0006382FFF7C7FF034615212846A382FFF792
:10E5E000C1FFE08238BD00BF012B05D0022B09D04E
:10E5F0002BB1411A88B27047014488B27047024477
:10E6000090B27047821A90B2704700BF012B05D0BC
:10E61000022B09D02BB1024490B27047821A90B2FB
:10E620007047014488B27047411A88B2704700BFF2
:10E630002DE9F04F87B004460E4690F8807090F8B0
:10E6400081B005920FE094F88510002949D0F319A4
:10E65000AE420BF1010BA3EB0A033AD35FFA8BFB3B
:10E66000002703F0FF0694F882A04FFA87FC31469A
:10E670004FFA8BF9AAEB070594F888304A46B4F8AC
:10E680007C00EDB2B4F87E80CDF80CC0AE4228BF5D
:10E69000294604916146FFF7B9FF024603994046B7
:10E6A00090464A46FFF7A0FF059902460029CAD0C6
:10E6B0000093414694F886C02046049B0BF1010B61
:10E6C00084F8AAC000F0AAFBF319AE42A3EB0A0338
:10E6D000C4D23E4484F8819084F8806007B0BDE8DD
:10E6E000F08F0093414694F88700049B84F8AA00B9
:10E6F000204600F093FBAAE72DE9F04F044690F87E
:10E700009000002385B00728A16784F884300D7835
:10E7100040F24E81A0F108030131DBB2A1674FF056
:10E72000FF3294F8916084F88430824025EA020533
:10E73000F2186DB2D2B284F88250072A087840FAF3
:10E7400003F000F22781C3B24FF0FF3084F8842039
:10E75000B04094F8926023EA000394F8AA0084F889
:10E760008600B0FA80F04FFA83F9400984F883906C
:10E7700084F88700B0180F78C0B21741072800F25C
:10E78000F6805FFA87FE94F893C084F884000CEB5F
:10E7900000020F78D2B20741072A00F2D880F8B2FF
:10E7A00094F894A084F884200AEB020891F800B051
:10E7B0005FFA88F84BFA02FBB8F1070F00F2B88055
:10E7C0005FFA8BF74FF0FF3284F884800121002D2F
:10E7D0000AEB020802FA0AFA5FFA88F827EA0A073F
:10E7E00001FA08F8A7EB08074FFA87FB40F39C8073
:10E7F0000CEB020802FA0CFCB240013E20EA0C0CC1
:10E800005FFA88F02EEA020EF6B201FA00F2B4F8CE
:10E810007C00B140D21A94F88830AEEB0101A2EB33
:10E820000C0249B252B202910392FFF7EFFEA4F834
:10E830007C000646B4F87E00DDE90212FFF7D4FE44
:10E840000246A4F87E00032B00F2EC80DFE803F020
:10E85000B2B8C102C5F10103411C034489B29AB2A6
:10E8600006EB09039BB200912046314600F052FBB3
:10E87000002859D0002294F884304FF0FF38A4F8D3
:10E88000802094F88E50A16FEA180878D2B218410F
:10E89000072A00F2B880C6B294F88F0008FA05F58E
:10E8A00084F88420831891F800C026EA0506DBB2BC
:10E8B0004CFA02FC072B00F299805FFA8CF508FAFB
:10E8C00000F084F8843025EA000531462046002215
:10E8D000FFF7AEFE012229462046FFF7A9FE94F875
:10E8E0008420A76F531CC2F108003978A2F1070EEB
:10E8F000DBB207F1010A1141C0B2072BCAB207D936
:10E90000C4F878A05FFA8EF37A7882400A43D2B2D4
:10E91000D20784F88430D8D494F981204A45B0DBFA
:10E9200094F8863084F8AA30584605B0BDE8F08FD8
:10E930004F1CC2F10802A8F10808D2B2A7674F78AD
:10E940005FFA88F8974047EA0B07FFB23AE701F110
:10E950000108C0F10800083AC0B2C4F878804978CC
:10E96000D2B201FA00F041463843C0B218E701F1D3
:10E97000010CC2F108020838D2B2C4F878C091F88C
:10E9800001E0C0B261460EFA02FE4EEA070E5FFADF
:10E990008EFEF8E64F1CC3F10803083ADBB2A76706
:10E9A0004978D2B201FA03F339460343DBB2CBE62E
:10E9B0000346B4E6731900EB09019BB289B252E732
:10E9C0004119C9F10100731C304489B29BB286B26F
:10E9D00049E7C5F10101C9F10100731C314410443C
:10E9E0009BB28EB2511C82B289B23CE74D1CC2F17F
:10E9F0000802083BD2B2A5674D78DBB2954045EAE4
:10EA00000C05EDB25BE701F1010CC3F10803083A14
:10EA1000DBB2C4F878C04E78D2B261469E4006435D
:10EA2000F6B239E7014633461DE700BF70B5FF294E
:10EA3000046F0D4604F117040ED8602930D9B0F8E0
:10EA4000A0301C44607830B12378AB422ED004440F
:10EA500060780028F8D170BDB0F8A2301C4426467A
:10EA600000213046FFF77EFD0346022130461C445C
:10EA7000FFF778FD854206F10406F1D8208840BAF8
:10EA800080B20028E7D0854208D0A3781C442088B3
:10EA900040BA80B20028DED08542F6D1E01C70BDBD
:10EAA0004029D5D9B0F89E301C44D1E7A01C70BDD8
:10EAB00038B50446FFF7BAFF00287AD094F890C022
:10EAC0000023A067BCF1070F84F88430027871D866
:10EAD00063464FF0FF3184F8843001FA0CF194F86A
:10EAE00091C022EA010284F882200CEB030290F824
:10EAF00000E0D2B24EFA03FE072A6FD85FFA8EF317
:10EB000094F8AA1084F8842084F88610B1FA81F170
:10EB1000490984F887104FF0FF3101FA0CF194F89D
:10EB200092C023EA010384F883300CEB020390F8CF
:10EB300000E0DBB24EFA02FE072B41D85FFA8EF2FC
:10EB40004FF0FF3101FA0CF10CF1FF3C22EA010217
:10EB50005FFA8CFC012101FA0CF1521A94F893101F
:10EB60000B4484F8A820DBB2072B03D9083B013003
:10EB7000DBB2A06794F894C084F884300CEB0301F6
:10EB800090F800E0C9B24EFA03FE072935D85FFAC3
:10EB90008EF34FF0FF3084F8841001220CEB00015B
:10EBA00000FA0CF0C9B223EA000002FA01F3C01A1D
:10EBB00040B238BD0130ACF10803A067DBB288E792
:10EBC000C2F10802451C083BD1B2A5674278DBB20E
:10EBD00028468A4042EA0E02D2B2B1E7451CC3F190
:10EBE0000803083ADBB2A5674178D2B2284601FA99
:10EBF00003F343EA0E03DBB282E7C3F108030839EB
:10EC0000DAB2431CC9B2A3674378934043EA0E03C8
:10EC1000DBB2BEE72DE9F04700256FF03F094FF664
:10EC2000FF774FF6FE782E4680F8825082464C1EC3
:10EC300000F0A0FA14F8011F5046DAF804309847A3
:10EC400003465046BB4219460CD04345F2D0FFF76D
:10EC50002FFF19F1400F85B208BF9AF9A8902E44F2
:10EC6000B6B2E7E79AF9822062B19AF9A830B9F111
:10EC7000000F13443344A3EB05039EB202DDB144FD
:10EC80001FFA89F63046BDE8F08700BF70B50E4622
:10EC9000194690F8883082B004461546032B09D8EF
:10ECA000DFE803F0251E0217436F01919847281AE9
:10ECB000019985B22046A4F87C60A4F87E50FFF745
:10ECC000B5FE20B101462046FFF716FD80B202B026
:10ECD00070BD436F019198473044019986B2E9E7CE
:10ECE000436F01919847301A019986B2E2E7436F6A
:10ECF000019198472844019985B2DBE72DE9F04757
:10ED00004FF000094FF6FF784FF6FE7A04460F46A3
:10ED100016465D1E00F02EFA15F8011F20466368A6
:10ED20009847844632463946C445204663461AD041
:10ED3000D445F1D0FFF7AAFF94F88830032B05D80B
:10ED4000DFE803F00B080E02361AB6B248441FFA89
:10ED500080F9E1E70644B6B2F8E70744BFB2F5E749
:10ED60003F1ABFB2F2E74846BDE8F08710B4034C43
:10ED700044605DF8044BFFF7C1BF00BFF1C801005C
:10ED8000014B4367704700BF01BD0100026F8A421B
:10ED900022D010B504468C302167FFF7EDFB236FBE
:10EDA000CBB194F9991094F99A2094F8A53084F88D
:10EDB000A61084F8A72073B1012B0ED094F9980007
:10EDC00094F9963003449942B8BF84F8A630824241
:10EDD00001DD84F8A70010BD704794F99B3094F9C9
:10EDE0009C008B42B8BF0B46824284F8A630F0DC10
:10EDF00010BD00BF014B4360FFF70CBFF1C801001D
:10EE000010B49DF804400194B0F85640121B446CB5
:10EE100092B2A4465DF8044B604700BF30B590F84D
:10EE2000A4409DF80CC004B103B930BD012B05D03E
:10EE3000BCF1020F2CD0BCF1030F5CD01CF0010F11
:10EE400029D0B0F860408C42EFD8B0F862408C42D4
:10EE5000EBD91344B0F86450B0F866401FFA83FC55
:10EE6000944505D294424AD904F1FF3C1FFA8CFC28
:10EE70009442DAD96545D8D2AA4238BF2A466445B9
:10EE800094BFC2EB0403C2EB0C0301249BB22BE042
:10EE90000131C91A89B2B0F864409442C5D8B0F8BB
:10EEA00066409442C1D90B44B0F86050B0F862E0BB
:10EEB0001FFA83FC8C4505D28E4522D90EF1FF3C0A
:10EEC0001FFA8CFC6545B0D28E458CBF002401240E
:10EED000002CAAD1A94238BF2946E64594BFC1EB10
:10EEE0000E03C1EB0C039BB20394846CA468A4468C
:10EEF000BDE8304060470132D21A92B2A1E72A46FB
:10EF0000B6E72946DEE700BF032928BF012180F8C4
:10EF1000AA10704710B5B0F86640BDF808C094421A
:10EF2000B0F864E016D9E64504D3624594BF0022E8
:10EF300001229AB1B0F86240B0F860208C420FD93B
:10EF4000994294BF002101219A422CBF084641F00A
:10EF5000010010BDE64501D26245EBD8002010BD8E
:10EF6000994294BF002001209A4228BF002010BD82
:10EF700070B54FF0010C02F0070490F8AA500CFA9B
:10EF800004FC9DF81060012D5FFA8CFC46D94FF00F
:10EF9000000E056822F007022D7C02FB05F54FF6F6
:10EFA000F8722A401144C26C11449EB95A1E92B2A2
:10EFB00001320A440B784EEA03038CEA030301F89A
:10EFC000013B9142F6D170BD5FFA86FE5FFA85FC87
:10EFD000002BF8D00A780134013B4FEA4E064EEA86
:10EFE000020214F007049BB28CEA02024FEA4C05BD
:10EFF0000A70E9D190F8AA20B0F85250012A2944A9
:10F0000004D94FF0010C002BE4D1DCE79646DFD0A9
:10F010004FF0010CE646002BDCD1D4E7E646B8D130
:10F020004FF0000CB5E700BF10B49DF80440019408
:10F030005DF8044BFFF7E4BE10B5B0F86E1082B077
:10F04000B0F86A300446B0F86C200091B0F868104F
:10F05000FFF760FF18B984F8A40002B010BDB4F83F
:10F0600068300121B4F8602084F8A4109A42B4F802
:10F07000622038BFA4F86030B4F86A309A42B4F81D
:10F08000642088BFA4F86230B4F86C309A42B4F8B7
:10F09000662038BFA4F86430B4F86E309A4288BF56
:10F0A000A4F8663002B010BD4FF0000CB0F85C1050
:10F0B000826DA0F860C0A0F862104266FFF7BCBF86
:10F0C00090F850C001684FEACC0310B5A0F8543056
:10F0D0000A7CD200A0F8522090F85120D400944429
:10F0E000A0F8564091F811E0F44506DD92B2AEEB7F
:10F0F000020E4FEACE0E1FFA8EF3B1F814C023446D
:10F10000CA8AA0F85840A0F85A30A0F85CC0A0F80D
:10F110005E2010BD38B5436440F20113002504465B
:10F12000A0F8AA30049B80F85020C16480F85150A8
:10F1300080F8855080F8A55080F8A9508364056751
:10F140001B689847A26C064B2046C4E91A335368E3
:10F1500098472046FFF714FE84F8885038BD00BF5A
:10F160000000FFFF19B10A2901D088B270474FF69D
:10F17000FF707047002380F82630704710B40C46AB
:10F180001346172122460469A4465DF8044B6047E4
:10F1900000B583B00B4601210DF107028DF8073051
:10F1A000FFF7ECFF03B05DF804FB00BF10B40023D1
:10F1B00004691821A4461A465DF8044B604700BF55
:10F1C00010B4002304691921A4461A465DF8044BC3
:10F1D000604700BF30B5044683B001920091FFF74D
:10F1E000E5FF40212046FFF7D3FF17212046256980
:10F1F000DDE90023A847204603B0BDE83040FFF713
:10F20000DFBF00BF10B4C4680A4600231521A4461E
:10F210005DF8044B604700BF10B4C4680A46002381
:10F220001621A4465DF8044B604700BF10B40C469D
:10F23000134617212246C468A4465DF8044B604774
:10F2400010B40023C4681821A4461A465DF8044B84
:10F25000604700BF10B40023C4681921A4461A46B1
:10F260005DF8044B604700BF70B5054682B00C46A0
:10F2700094F800C0BCF1190F13D8BCF1170F2BD8AC
:10F280000DF107024FF00101284617D163780234CF
:10F290008DF80730FFF7CAFF94F800C0BCF1190FD2
:10F2A000EBD9BCF1FE0F4FF02901284609D1627855
:10F2B00002348DF8072000F083F9D9E7BCF1140F70
:10F2C00001D802B070BD627861460023EE688DF807
:10F2D00007200234B047CBE7002361462846EE689A
:10F2E0001A460134B047C3E714392DE9F041064608
:10F2F00014461D4605295CD8DFE801F00C1C4C2F94
:10F3000046032D4F3B78002B4AD1002301203B7050
:10F31000BDE8F08190F82430FF2B02D1782380F8EB
:10F32000243037692B4622463046BC461421BDE8BE
:10F33000F0416047204F3B78C3BB3046FFF736FFB4
:10F3400000213046FFF724FF21463046FFF720FF1B
:10F35000012318463B70BDE8F081174F3B783BB165
:10F3600021E0183C18213046E4B20D44FFF732FF8B
:10F37000182C2A46F5D830462146FFF72BFF0023EC
:10F3800001203B70BDE8F0810B4B002201201A7078
:10F39000BDE8F0811146FFF7FBFE0120BDE8F081DA
:10F3A000FFF70EFFB1E7FFF70BFFE1E7FFF708FFFD
:10F3B000C3E70020ACE700BF2F8902200B39F8B566
:10F3C000064615461C46042952D8DFE801F0415193
:10F3D00047320300FFF734FF637996F8227040212B
:10F3E000304607EBC307FFF70DFF304607F0FF0776
:10F3F000390941F01001FFF705FF07F00F01304612
:10F40000FFF70AFFA179304641F0B001FFF704FF92
:10F41000217930462268C90001F0F801FFF706FFA4
:10F420006A1E12F0FF05F3D13046FFF713FF0120EB
:10F43000F8BDFFF705FF81213046FFF7E3FE2946BF
:10F440003046FFF7E9FE3046FFF704FF0120F8BD24
:10F45000CAB90F49FFF708FF0120F8BD52B90D499D
:10F46000FFF702FF336801209B7C86F82230F8BD4D
:10F470000020F8BD0849FFF7F7FE33680120DB7C68
:10F4800086F82230F8BD0549FFF7EEFE0120F8BDF1
:10F490008C720020447200204C7200209472002074
:10F4A00038B505460C46FFF789FF98B9092C0BD0F3
:10F4B0000A2C00D038BD284600F018F82846064926
:10F4C000FFF7D2FE012038BD2846044900F008F8B5
:10F4D000012038BD012038BD547200209C720020EC
:10F4E00001608B7C80F82230704700BF38B5002364
:10F4F0002821456904461A46A847002314212046BE
:10F500001A46E568A847204601224B2100F058F82A
:10F510002368204629211A7900F052F8204600225B
:10F520004B2100F04DF82368204629211A7900F07C
:10F5300047F8204601224B2100F042F8236820467C
:10F5400029215A79BDE8384000F03AB830B583B087
:10F5500084688DF805101946069D6B468DF80620C7
:10F5600001228DF804100F210095A04703B030BD93
:10F5700010B4002384680921A4461A465DF8044BA0
:10F58000604700BF10B4002384680A21A4461A46CD
:10F590005DF8044B604700BF10B484680A4600233E
:10F5A0000B21A4465DF8044B604700BF10B4002354
:10F5B00084681021A4461A465DF8044B604700BFDA
:10F5C00010B444690023A4465DF8044B604700BFB3
:10F5D00003614FF0FF33C362036343638363C36319
:10F5E000A0F840300023C0E902120360FF2280F837
:10F5F000233080F826308361009B80F8242080F837
:10F6000028204361FFF7B4BF08B5007D11F024F94D
:10F61000003818BF012008BDC8B2D1B211F02EB910
:10F620000181704738B5837A0446016823F00403EA
:10F630001C4A83720B68934231D1007D11F00CF9A2
:10F64000003818BF0120A37AC3F34002904208D0CB
:10F65000154A83F002031268C3F38000A37262604C
:10F6600038BD114965680A68B4F808C0521B624584
:10F6700012D303F0010290420ED0086883F0010318
:10F680000A68E56843F004030968521B6060E160A2
:10F6900001202261A37238BDC3F3800038BD9847B2
:10F6A000D1E700BF95CD0100146D0220807A00F0F3
:10F6B00001007047807A00F00500A0F10500B0FA63
:10F6C00080F04009704700BF00224FF00A0C044947
:10F6D0004260A0F808C0827201600275704700BFE6
:10F6E000D84300204FF0000CC9B203680E4A10B591
:10F6F0000175044680F80AC01B6893420BD1084686
:10F7000011F0AAF818B1A37A43F00303A372074BD0
:10F710001B68636010BD98470028F8D0A37A43F0B7
:10F720000303A372F3E700BF95CD0100146D02201F
:10F73000704700BF30B583B005460C4611F00AFD96
:10F740001C4B984204D800232B80238003B030BD8B
:10F75000694610F06DFC9DF805309DF806200133D8
:10F760009DF80410503ADBB292B21F2998BF0C2BBF
:10F7700001D87F2A18D900219DF802209DF8013078
:10F780002980172A98BF3B2B9DF8001001D83B29F0
:10F7900003D90023238003B030BD5B0143EAC223B9
:10F7A00043EA51039BB2F5E741EA431141EA4221A2
:10F7B00089B2E1E7FFA5CE1210B5044640F2D4416C
:10F7C00011F0DCFB204610BD012BF0B5054695B0CD
:10F7D0003DD0022B40F2022001F104010CBF034690
:10F7E0000023684605F0A8F8129B002B38D05C2057
:10F7F000002611F0BDFB214B04AF0446C0E90036E2
:10F80000019B3946183040F80C3C1D4B40F8103C29
:10F81000029B40F8083C9DF80C3000F8043C04F0D2
:10F820002FFF184B4FF47A72A665A360164B6E60DB
:10F830002B6063682E730133AA602C616360134BE5
:10F840003846009304F05EFF284615B0F0BD44F240
:10F8500002230431684605F06FF8129B002BC6D1D5
:10F86000139B002BC3D14FF47A71074A04AF2B735B
:10F870002A602B61C5E90131E1E700BF0C4400209B
:10F8800068440020E84300209443002050410020B9
:10F8900010B5D0F884448EB00A4644B10023214606
:10F8A0006846009302F01EFE80B90EB010BDD0F87D
:10F8B000881441B1234668460C9400F031FF50B9DA
:10F8C00000200EB010BD08460EB010BD684603F013
:10F8D0005DF80EB010BD684600F0E0FF0028EFD0E4
:10F8E000E3E700BF70B5D0F884548EB016465DB122
:10F8F00005F5896500230A4668462946009302F00B
:10F900006FFD90B90EB070BDD0F888040028F9D012
:10F9100000F589640A462B46684621460C9500F09E
:10F9200083FE48B900200EB070BD324629466846B5
:10F9300002F036FF0EB070BD32462146684601F037
:10F9400001F90028EED0DDE710B5D0F884448EB080
:10F950000A464CB10020012321460090684602F07F
:10F96000C1FD80B90EB010BDD0F8881441B101239B
:10F9700068460C9400F0D4FE50B900200EB010BDC3
:10F9800008460EB010BD684603F0B2FE0EB010BDC2
:10F99000684600F029FF0028EFD0E3E730B5D0F843
:10F9A00084448FB00A464CB10025012304F58961D7
:10F9B0006846009502F09EFC0FB030BDD0F8880478
:10F9C0000028F9D000F58961012368460C9401F004
:10F9D0003BF90FB030BD00BF10B5D0F884448EB0F5
:10F9E0000A463CB1002321466846009302F07AFDA6
:10F9F0000EB010BDD0F8881431B1234668460C947F
:10FA000000F08EFE0EB010BD08460EB010BD00BF57
:10FA1000F8B5054690F8D00408B90146F8BDD5F808
:10FA20008434002B4CD0DC69D5F89004013C0028CC
:10FA300054D00368DB6B9847E0B1D5F8900478B3F5
:10FA400003681B6C9847A8B9D5F8900440B30368C5
:10FA500001215B6C9847074610B3D5F8840458BB66
:10FA6000D5F8886433466EB9D5F8900490B9002073
:10FA70000146D3E7D5F88404E8B9D5F88834002BDB
:10FA8000F5D00746184602F0B3F906463FB1D5F85F
:10FA9000900428B1036800215B6C984700B1A41B57
:10FAA000D5F88434FBB19B794FF40071994089B249
:10FAB000A1FB0401F8BD002704F06CFC0646E5E755
:10FAC000D5F88834D5F89004B3B1D3F83044002881
:10FAD000AFD1184602F08CF90646E0E7184604F06C
:10FAE00059FC0646DBE7D5F88864002EBFD0D6F86F
:10FAF0003C14A1FB0401F8BD0028B8D01C4698E7CF
:10FB000090F8D03463B1D0F8843463B19A794FF46B
:10FB10000070D9699040013980B2A0FB01017047A3
:10FB2000184601467047D0F888040028F9D0D0F86C
:10FB30003C14D0F83004A1FB000170472DE9F043DC
:10FB4000D0F890548DB04DB198462B6804462846A5
:10FB5000DB699847B0F5405F064604D8002630467A
:10FB60000DB0BDE8F0834FF4007014F0D3FF0746EA
:10FB70000028F3D00DF10409B6F1806F0246434628
:10FB8000294648462ED901F0FFFB0646384614F0B8
:10FB9000C9FF002EE2D02B682846271D1B6A984714
:10FBA00094F8C034FF2B21D0D4F8C43404F5946504
:10FBB00002932846D4F8C8340393B4F8C034ADF89F
:10FBC000043099E80E0005F07DFD94F8B134C4F8D6
:10FBD0009054002BC3D10123294638461A4604F01D
:10FBE00039FEBCE704F09CF80646CFE704F29445E2
:10FBF00094F8CC14284606F0ADFB2846C4F890547F
:10FC000005F00AFE0028AAD10123D4F89014384642
:10FC10001A4604F01FFEA2E7F0B5D0F8906485B054
:10FC20000446002E42D090F8D05490F8D13485B1DB
:10FC3000FE2B63D094F8D20436283DD93368694648
:10FC400030469B6C98470546284684F8D05405B04A
:10FC5000F0BDFE2B26D090F8D204362849D994F86E
:10FC6000C034271DFF2B2DD0D4F8C43404F594667E
:10FC7000D4F8C82401933046B4F8C0340292ADF8E9
:10FC800000306B460ECB05F01DFD94F8B134C4F87E
:10FC9000906463B90123314638461A4604F0DAFD10
:10FCA000054604E01F4B9B689B03D8D400252846DB
:10FCB00084F8D05405B0F0BD10F0CEFD051E18BF7D
:10FCC0000125F4E704F2944694F8CC14304606F08B
:10FCD00041FB3046C4F8906405F09EFD0028E6D153
:10FCE0000123D4F8901438461A4604F0B3FD0546B3
:10FCF000DDE710F0B1FD0028B1D1D7E73368304619
:10FD00005B6D9847421C034694D00028CFD194F8ED
:10FD1000D124FE2ACAD103212E201D4610F0AEFDAB
:10FD2000C5E700BF00800042F0B50D46044685B02F
:10FD3000304806F0C7FFFE2D84F8D15426D0362D6A
:10FD400002D9002005B0F0BD00262B4B04F59467C6
:10FD50008DF80450C4F8C4348DF80560384684F832
:10FD6000C05484F8C164C4F8C864CDE9023604AB59
:10FD700013E90E0005F0A6FC94F8B134C4F89074B1
:10FD800083B3304684F8D00405B0F0BD04F2944546
:10FD90000023FF221946284684F8CC3484F8C02476
:10FDA00006F0D8FA2846C4F8905405F035FD70B92D
:10FDB0000123D4F89014201D1A4604F04BFD30B1F5
:10FDC00001222E2384F8D02484F8D234BAE72E20DE
:10FDD0000025032184F8D20484F8D05410F04EFD9D
:10FDE0002846AFE701233946201D1A4604F032FDAC
:10FDF000C8E700BFC1CE010040787D0118484FF030
:10FE0000290C184A0023184910B4C0F8942407227A
:10FE100080F8B1C44FF0FF0CC0F8A8144FF47F4134
:10FE2000124CC0F8AC24124AA0F8D014A0F89C34AC
:10FE300080F8B53480F8CC3480F8D2C40460C0F8BF
:10FE4000A0240C490C4A5DF8044BC0F88434C0F877
:10FE50008834C0F8903480F8BC3414F0BFBA00BFC6
:10FE600078CF0020E844002000093D008C440020A9
:10FE7000E4410020BDCE01000882002070B500F1F1
:10FE8000240384B08C46044601AD164693E807006F
:10FE900085E807004FEA4C122946206A01F0C4FEAB
:10FEA000012806D132462946206A01F0A1FE04B09D
:10FEB00070BD002004B070BD10B5044600F0BAFD5E
:10FEC000002384F8313084F8333010BD38B514463F
:10FED0000D46002200F12401006A01F089FE03466C
:10FEE00020B1428901202A801B89238038BD00BFB0
:10FEF00038B514460D46002200F12401006A01F0D5
:10FF000077FE034620B1C28901202A809B89238085
:10FF100038BD00BF38B50D4690F8311009B100204A
:10FF200038BD3822044615F0B1FF01234022256276
:10FF3000184684F8333084F8312038BDF0B40D46CB
:10FF40000978202903D115F8014F202CFBD015602A
:10FF500095602C782F2C11D084B16E1C3C2C1D4F39
:10FF600035462AD8212C12D804F1FF3CBCF11E0FD3
:10FF700016D80020F0BC704715F8014F202CFBD09C
:10FF80002F2CF9D01D601146F0BC01F01FBDA4F16B
:10FF9000220C5FFA8CFC27FA0CFC1CF0010FE8D154
:10FFA0002E2C01D0202C0DD116F8014B002CE5D0C1
:10FFB0002F2CE3D03C2C3546D4D95C2CD9D003D996
:10FFC0007C2CD6D09660EFE73E3C012CFAD800207E
:10FFD000F0BC7047012100052DE9F04F90F8333057
:10FFE00083B00546DC0774D558060F46904640F1AD
:10FFF000B080D5E90023D5E9041018EB020443F1E1
:02000004600298
:100000000003A14270EB0303C0F0A980B8F1000F18
:100010005BD0464605F11809D5E90032D5F820A095
:10002000DAF838441C40C4F3080B002C70D1134399
:1000300070D195F831305A064CBFDAF83424EA69A9
:10004000AA619AF84504023ADAF82C14630A82404D
:1000500001EB54211144BBF1000F45D1B6F5007FEF
:1000600042D3DAF81C2291423ED0B6F5806F58D3C5
:100070004FF0010B0BFA00FBABEB030B730A9B4534
:1000800028BF9B4691424FEA4B240AD801EB0B0351
:100090009A4206D20AF50470019106F0B5FD019965
:1000A000B8B1DAF814025B460268D2F814A03A46F6
:1000B000D04770B123462744D5E900125B1842F1BE
:1000C0000002361BC5E90032A8D1404603B0BDE8A6
:1000D000F08F95F832304FF0FF3043F0020385F88F
:1000E000323003B0BDE8F08FCBF5007400220AF582
:1000F0000470B44228BF344606F0B2FD0028E8D0B0
:1001000000EB0B012246384610F098FE2346D2E75A
:10011000AA6996E795F833305B060ED5AA690132D5
:100120008EE7DAF814023A4603681B6998470028FC
:10013000CFD04FF400731C46BDE74A465046A9692C
:1001400001F0B4FD0028C4DB0CD0D5F820A0AA69CA
:1001500077E795F8313019077FF558AF49E7A1EBFC
:10016000020853E795F8313013F0500FB1D0A8EBE7
:1001700006084046AAE700BFF0B583B00122044656
:1001800085690DF10701D0E90067FFF725FF012818
:10019000A5610CBF9DF807004FF0FF30C4E9006770
:1001A00003B0F0BD2DE9F04F1F4690F8313083B019
:1001B0000446D0F81880002B51D01646D0E9001C18
:1001C000BC4508BF91425CD056EA07024DD01D07DE
:1001D00004D5D0E90402B042BA4140D394F83320A8
:1001E000751ED4F820A0019247F1FF309AF84524FB
:1001F0000932D2B2C2F1200ED540A2F1200900FA94
:100200000EFB20FA09F045EA0B050543019840066C
:1002100033D4481E20FA02F24CF1FF3051EA0C0CA4
:1002200000FA0EFE20FA09F042EA0E0242EA00024B
:1002300001D0954229D25B064CBFDAF83434E36929
:10024000A36104F1180906E0A169013D206A01F0EB
:100250002DFD002803DD4A46002DF5D107E00020E2
:10026000C4F8188003B0BDE8F08F0023836101203B
:10027000C4E9006703B0BDE8F08FE3692B44A361D4
:10028000F5E7012003B0BDE8F08FAD1AD9E700BF54
:100290002DE9F04F174690F831208FB00546002A1F
:1002A00040F0D7808B4691F8311011F0500F00F0DC
:1002B000D08003F003019A46032900F0CA8001317F
:1002C00003F0080041EA00030293002F00F0CB8006
:1002D000396901F10E08B649A1FB0818DBE90010E5
:1002E0004FEAD808014308F102085FFA88F805D000
:1002F00000200021CBF81820CBE900010024029B4C
:10030000264643F040030393202206A95846FFF7F0
:1003100063FE00B3202840F09C809DF918209DF8D2
:100320001830002AC0F2A28034B9DBF80020A2F114
:100330002009DBF818200192444501D20134E4B2CF
:10034000002B00F01381202206A958460026FFF753
:1003500043FE0028DED11AF4007F7AD0029B9B076F
:1003600077D5002F75D0444517D2DDF804A02022A0
:1003700006A95846FFF730FE631C002861D02028EC
:1003800067D12CB9DBF80020DBF818A0A2F1200916
:10039000DCB2A045EBD8CDF804A0382200212846D5
:1003A0009BF8334015F072FDDBF82030C4F3801465
:1003B000019A2B620823002685F82C4085F83130FD
:1003C0003B68C5E909297B60BE81B8F1000F33D0D5
:1003D00008F1FF39B346DFF8DCA15FFA89F90122A1
:1003E00059462846FFF74AFD044690B390F900208D
:1003F000002A2EDB2022002115F048FD002E00F0FF
:10040000BC80BBF1010F00F0D780C123A3461E348E
:1004100004F81E3CBB8938461BB9D7E901239A4230
:1004200005D006F05BFC2BF8020FA345F2D1013694
:100430005FFA86FBD845D2D8284600F0FBFA06467C
:100440000DE05846DBF8186000F024FB002840F06F
:10045000918000231E4685F8313085F833303046D0
:100460000FB0BDE8F08F4FF0030847E756BB444597
:1004700038BF0024852B7FF447AF31463822284609
:10048000012615F003FD9DF81C209DF8193085F814
:10049000303002F03703D20658BF43F0080385F826
:1004A0003130DBF80030DBF82020203B2A62DBF81B
:1004B0001820C5E909239BF83330C3F3801385F86E
:1004C0002C3021E7C02B28D0C12B7FF43CAF3A461B
:1004D00006A9284601F0EEF9E8B1BB89DBB9D7E9F6
:1004E00001329A4217D11AF4006FB2D11AF4884F30
:1004F00070D195F8333098076CD41AF4806FA8D176
:100500001AF4804FABD02846D5E90423FFF74AFE02
:100510000028A4D19DE70646F6E6029B85F8333015
:100520009DF819309B0702D5039B85F833300B9B50
:10053000EB61DDE90823C5E90423DDE90C23C5E906
:100540000223002FCFD04FF000033A69BB813B68F4
:100550007B609DF81B309A427FF4F5AEBE8ABDF8F1
:100560001C30F61AB6FA86F67609CDE6002F7FF42F
:10057000F2AE6EE7CBF818600BE78523237085F8A1
:10058000309084F80190DAF80030002B46D00DF15D
:1005900013020DF1160105A89847BDF814306381C8
:1005A000BDF8163023819DF8133023753FE700BF57
:1005B000898888883CD70020C02384F801B0237044
:1005C000029B63F07F0385F833303B69E370BB8A9D
:1005D000A3802CE795F83130D9063FF53AAF13F0F8
:1005E00001017FF436AF1AF4806F89D095F833207B
:1005F00092077FF52EAF002B3FF42BAFD5E90032E9
:10060000134304D000220023A961C5E90023284632
:1006100000F042FC00283FF41CAF20E745F62143E0
:100620006381E381638202E72DE9F043002597B0FF
:10063000994690F8313001921495ADF81450002B82
:100640003ED191F831300F4613F0500F38D0137867
:10065000044616462F2B37D04FF0000801AB02AAF4
:1006600031462046FFF76AFC50B3019E3378002BD9
:100670003ED0002302AA39462046FFF709FEF8B112
:10068000A44608AD04F13007DCF800000CF1100CB2
:100690005CF80C1CAE465CF8082C10355CF8043C89
:1006A000BC45AEE80F00EFD1DCF8000008AF2860D1
:1006B000204600F0BFF984F8318084F83380CDE71C
:1006C000002017B0BDE8F08316F8011F2F29FBD0DA
:1006D0000196B1B9382220463D6A15F0D7FB0123B7
:1006E00040222562184684F8333084F83120E8E748
:1006F0004B4602AA39462046FFF7CAFD17B0BDE8AF
:10070000F0833822002108A83D6A15F0BFFB0123C1
:1007100008AF10958DF8533040238DF851309BE78A
:1007200019B101F58961FFF77FBF0846704700BF27
:1007300090F8313063B991F8313013F0500F07D091
:100740000B6813F01F0C03D113466246FFF7A0BDE0
:10075000002070478169F8B50446006A01B1013193
:10076000012201F069F90128054632D90123014629
:10077000206A1A4601F0C0F9064650B3A3695BB37C
:1007800094F83320510612D5591CA94218D022F0F2
:100790004002E16984F8332005E0206A01F0A8FAFC
:1007A0003946B0B1A3694F1C99423A46F5D34FF090
:1007B000FF322946206A01F09BFA50B1A16911B9B4
:1007C0003046A561F8BD2A46206A01F091FA00285A
:1007D000F6D100263046F8BD94F8333043F040039C
:1007E00084F83330ECE700BF90F833309A0736D501
:1007F000C16970B50546A1B90024214607E0037818
:1008000003F07F03037095F830308B4229D3013415
:1008100001222846FFF732FBE1B20028EFD1002089
:1008200070BD5B06006A34D590F84534D5E90224E2
:100830000933013ADBB244F1FF34C3F1200CDA4052
:10084000203B04FA0CFC24FA03F342EA0C021A439C
:100850000023013201F050F90028CDD1DFE700205C
:10086000704700232C6A85F83130204685F83330F4
:1008700006F0CAF90028D2D004F5047006F0C4F9D5
:100880000028CCD0D4F840040368BDE870401B6A4F
:10089000184701F04DFA0028AED1C0E790F831308A
:1008A000DB0601D40020704710B5002288B0002379
:1008B0000446FFF777FC08E020281BD19DF90030A3
:1008C0009DF80020002B15DB32B12022694620461E
:1008D000FFF782FB0028EFD194F83330082220463E
:1008E00043F0020384F8312084F83330FFF77CFFB3
:1008F00008B010BD002008B010BD00BF2DE9F041C8
:100900004FF0000882B04A4F064644464146002256
:100910003046FFF7B3FA054630B10178C02969D0F7
:10092000C1292BD0852909D096F83230002043F018
:10093000010386F8323002B0BDE8F08196F831301C
:1009400003F0370383803B6883B10DF103020DF19F
:10095000060101A89847BDF80630AB812B82BDF88F
:100960000430EB816B829DF803306B75326A92F82C
:10097000103243F0010382F810322978A1F185008A
:100980000022B0FA80F0400901E00422A95CE303F0
:10099000012A02F1010243EA540311FA83F39CB2E3
:1009A00001D10028F1D11F2AF0D908F1010896F8E9
:1009B00030305FFA88F18B42A9D2012206F124017E
:1009C000306A01F015F90028AED0356A4480284617
:1009D00006F01AF90028A7D005F5047006F014F9FE
:1009E0000028A1D0D5F8400403681B6A9847002866
:1009F000A1D199E796F8333013F0400F437814BF34
:100A000043F0020303F0FD034370D6E90401D6E985
:100A10000732C5E90201D6E902016B61C5E90601A9
:100A200092F8103243F0010382F810322978A5E7DA
:100A30003CD7002038B590F8313043B390F93320DB
:100A4000044690F83330002A0CDB056A284606F08D
:100A5000DBF878B994F83230002043F0010384F8D1
:100A6000323038BD03F07F0380F83330BDE83840C2
:100A7000FFF744BF05F5047006F0C6F80028E9D07A
:100A8000D5F8400403681B6A98470028E2D001208B
:100A900038BD00BF70B590F8313005465A064CD4C9
:100AA00080682B6AD3F83C341844B0F1806F01D3CE
:100AB000002070BD2846FFF74DFE0028F8D0286AB8
:100AC0000024AE6990F84534023E9E40D0F82C34A4
:100AD0001E443119052200F50470013406F0C0F8F7
:100AE0004FF4007200210028E2D015F0CFF9286AF7
:100AF000012390F8452493409C42EAD395F8313085
:100B00005B0615D495F8332062F07F02D5E90231F7
:100B100085F83320D0F83C249B1841F10000AB60ED
:100B2000D5E90431E8609B1841F10001C5E90431C1
:100B30002846BDE87040FFF77DBF006A01F0FEF96E
:100B4000AFE700BF70B5044690F831009CB00023B9
:100B500010F0180F0C931A9303D0206A0B6A984276
:100B600002D000201CB070BD40F601236846FFF79C
:100B70005BFD0028F5D0A44604F130060EADDCF88C
:100B800000000CF1100C5CF80C1CAE465CF8082C54
:100B900010355CF8043CB445AEE80F00EFD1DCF84A
:100BA000000009AA04F1240328609DF8305007CA08
:100BB00083E8070094F83330204684F8305063F01F
:100BC0007F0384F83330FFF735FF0028C9D00021B8
:100BD000022208230EA815918DF86B208DF869303C
:100BE000FFF702FEBEE700BF38B591F8313013F0D1
:100BF000500F02D10025284638BD40F60223044696
:100C0000FFF746FB0028F5D01023204684F831304A
:100C1000FFF740FF05460028ECD0A1690022002321
:100C20002046E161FFF7BEFAC12294F8313084F822
:100C30003320002BDFD04123204684F83330BDE839
:100C40003840FFF75BBE00BFF0B5002597B01F46E8
:100C500090F831300192ADF814501495002B46D124
:100C600091F831300E4613F0500F40D013780446FF
:100C700011462F2B3ED001AB02AA2046FFF75EF9AA
:100C8000002834D0019B1B78002B41D0002302AAFE
:100C900031462046FFF7FCFA30B947B302AA314685
:100CA0002046FFF7A1FF10B3A44608AD04F13006BB
:100CB000DCF800000CF1100C5CF80C1CAE465CF883
:100CC000082C10355CF8043CB445AEE80F00EFD1B9
:100CD000DCF8000008AE28602046FFF7EDF8019927
:100CE00001AB02AA2046FFF729F90028CAD100204B
:100CF00017B0F0BD013101910B782F2BFAD0316A7A
:100D000008A8FFF707F90028F1D0019908AEB2E76B
:100D100002AA31462046FFF767FF17B0F0BD00BFBB
:100D20002DE9F04F0E4690F8311083B009079DF879
:100D300030B09DF834909DF838809DF83C7040F1BB
:100D40008580A2F2BC7294B27F2C7FD85A1E0B2AE7
:100D50007CD80BF1FF321E2A78D8B8F13B0F98BF30
:100D6000B9F1170F8CBF4FF0010A4FF0000A3B2F6B
:100D700088BF4AF0010ABAF1000F67D10546019316
:100D8000FFF758FE002861D0019B51464BEA431BF8
:100D90007B0817F001074BEA4424D34643EA48187E
:100DA00018BF6427A4B248EAC92806F001091FFA4F
:100DB00088F800222846FFF761F8002846D090F80E
:100DC00000C0BCF1850F45D00CF14003DBB2012B14
:100DD0003CD8ACF185010023B1FA81F1490902E068
:100DE000042310F803C04FEACB32012B03F10103B7
:100DF00042EA5B021CFA82F21FFA82FB01D100294F
:100E0000EED11F2BEDD90AF1010A95F830305FFAC7
:100E10008AF18B42CDD2012205F12401286A00F02B
:100E2000E7FE98B12C6AA0F802B0204605F0ECFE6F
:100E300060B104F5047005F0E7FE38B1D4F8400461
:100E400003681B6A03B0BDE8F04F1847002003B0E9
:100E5000BDE8F08F95F831302A6A03F037038380BC
:100E600092F8103243F0010382F81032B9F1000F0A
:100E700002D0A0F810804482B20703D50775A0F80D
:100E800008804481730703D54775A0F80C80C4819E
:100E900090F800C09DE700BF90F833309A0762D504
:100EA00070B5C56982B00446A5B313F0400634D0CE
:100EB000006AA26890F845C4013AE1680CF1090C97
:100EC00041F1FF315FFA8CFCCCF1200E22FA0CF2DA
:100ED000ACF1200C01FA0EFE21FA0CFCA16942EAE9
:100EE0000E0242EA0C02013219B3013D6D1A0131C2
:100EF0002A44019172BB63F07F03204694ED007B8E
:100F000084F8333084ED027B84ED047BFFF792FD9F
:100F100002B070BD012002B070BD816961B9019558
:100F2000C1612946206A00F003FFC8B194F833304C
:100F3000E1E70195E161DDE701AA006A019600F0B1
:100F4000B5FE00280CDB10D1019D002DE9D194F8ED
:100F50003330D0E70023019900F0CEFD0028E5D121
:100F6000002002B070BD002070474FF0FF32A16931
:100F7000206A00F0BDFE0028E6D1F1E72DE9F0433C
:100F800090F8333083B004469D0740F1A18091462C
:100F90001A070E4600F19580B9F1000F00F0288184
:100FA00023684D46206AA169D0F8382402EA030874
:100FB000C8F30807B8F1000F40F09480002900F052
:100FC000D48094F833305B0640F1EC8090F845C44F
:100FD000D4E902320CF1090C013B5FFA8CFC42F1BE
:100FE000FF32CCF1200E23FA0CF3ACF1200C02FA04
:100FF0000EFE22FA0CFCE26943EA0E0343EA0C03FC
:101000001344994280F0D5800131A16190F84524C4
:101010000239D0F82C3491401944B5F5007FC0F066
:101020008A80B5F5806FC0F0A680012393406A0ADC
:10103000A3EB0803934228BF1346D0F81C228A4230
:101040004FEA432809D35F18BA4206D2002280F83B
:1010500010224FF0FF32C0F81C22D0F814023246A2
:101060000768BF6AB84798B343464644A5EB0805EE
:10107000D4E90072D4E90401DB1942F1000298427C
:101080009141C4E9003207D294F8331061F07F0136
:10109000C4E9043284F83310002D83D1D4E902016D
:1010A00098429141C0F09680534B1B68002B00F092
:1010B0009D8094F83330484663F07F0384F83330E2
:1010C0000DE0D0E90423FFF76DF800287FF464AF4A
:1010D00094F83230002043F0010384F8323003B03A
:1010E000BDE8F08390F8452402394FEA5828D0F83B
:1010F0002C34914041441944002F8ED0C7F500781C
:10110000012200F50470A84528BFA84605F0A8FDF7
:101110000028DDD038444744424631460FF08EFE69
:10112000B7F5007F206A9FD100F5047005F06CFDD3
:10113000002899D1CCE76268636900920193226923
:1011400023689342DDE900239A4112D2012200F57F
:10115000047005F085FD0028BAD02A46314638448F
:10116000A8460FF06BFE2B467FE7E16949B3A1610A
:101170004CE70522EBE7D0F81C328B4206D1002366
:1011800080F810324FF0FF33C0F81C32D0F8140250
:10119000324603685B6A9847002899D04FF4007381
:1011A000984662E704F1180200F080FD00288FDB0A
:1011B00004D12046FFF7CEFA002889D0A169206A21
:1011C00024E72046FFF7C6FA002881D0A169206AEB
:1011D000E1611BE794F833104846C4E9023261F03C
:1011E0007F0384F8333003B0BDE8F083484676E7E8
:1011F000D4E9003252E700BF3CD7002069B170B596
:10120000054608460C4615F0D5F82B6802462146DF
:1012100028465B68BDE87040184770478368C3F391
:10122000080383B1002110B40269D1540133B3F52E
:10123000007FF9D10168D0E903321C681846636A5F
:101240005DF8044B18470120704700BF82680346D1
:10125000006940F2FF1CC2F30802815462455868DD
:1012600001EB7001986800F10100C3E9011001D0A1
:1012700001207047D868196810B404684A1C646A71
:101280001A601A6923465DF8044B184738B583681D
:10129000CAB20D460169C3F3080340F2FF1C0446BD
:1012A000CA546345416802EB71024260826802F1F0
:1012B0000102826005D0290A2046BDE83840FFF7C8
:1012C000C5BF0168C0684A1C03685B6A2260226966
:1012D00098470028EFD138BDF8B5002306460160D5
:1012E0001D46C0E90133A8B205F00CFEA842044631
:1012F00007D0C1B23046FFF7A9FF00283BD100203C
:10130000F8BD6C1CB4F5803F04D12AE00134B4F57B
:10131000803F04D0A0B205F0F5FDA042F6D0671BD7
:10132000B7F5007F1DD34FF6FF713046FFF7AEFFD4
:101330000028E4D0B9B23046FFF7A8FF0028DED07D
:101340002546B5F5803FCED13046BDE8F840FFF7E1
:1013500065BFC5F3072130460135FFF777FF002849
:10136000CDD0A542E9B23046EBD2FFF76FFF00289F
:10137000EFD10020F8BDC4F307213046FFF766FF28
:101380000028BCD00135DCE72DE9F04F1F4689B0BD
:101390000B680D4604901446C16002610846DB6983
:1013A0009847B0F5801F0090C0F0D880002301223C
:1013B000009E01335200DBB201D09642F9D81C2BBB
:1013C000009640F2B780A3F10B08012248FA02F11F
:1013D000C8F347088A4002910792013301225B104B
:1013E0009A40069204229A400392022202FA03F3E0
:1013F0000193009A0021039B2046029E4FF0010AB0
:10140000D31A4FF400724AF6552BF34003FA06F94B
:101410000593019E14F03AFDFF2384F8BFA184F8E0
:10142000C0A1B14484F8C431224684F8C5310723F1
:101430000021284684F8C231FE23C4F8C66184F82E
:10144000C3312B68C4F8CA915B6AA4F8FEB198470F
:10145000002863D04FF400720021204614F016FDDE
:10146000009B84F86D804FF000086366F421059BB3
:1014700004F17800069AE3652023266423726372E0
:10148000A372EB23A665464623707623C4F84890E2
:101490006370902384F86EA0A3704523E3705823F3
:1014A0002371462363714123A3715423E371042301
:1014B00023664FF48073A4F86830092384F86C30F5
:1014C0008023C4E9142284F86F304FF4C37214F0FF
:1014D000DDFCA4F8FEB1A8F16A03012B06D9B8F12E
:1014E000700F03D014F8083003EB760608F10108FA
:1014F000B8F5007FEFD12B682246DDF8049028462E
:101500005B6A4946984748B12B68494622462846B7
:101510005B6A0C31CDF80490984740BB2FB13B6813
:101520000F22B84938465B6898470026304609B014
:10153000BDE8F08F1A2B4FF0080800F2A6814FF497
:101540008043CDF8088001934FF4004303934FF498
:10155000807307934FF4005306934AE7002FE4D0BB
:101560003B681522A84938465B689847D7E742464A
:101570000021204609F1010A14F088FC4AF655239F
:1015800009F1090204F2FF19A4F8FE310023934681
:10159000A04601E018F8013FC14503EB7606F9D1FA
:1015A0002B682246514628465B6A98470028B5D0EA
:1015B0002B6822460AF10C0128465B6A98470028EE
:1015C000ACD00AF101039B4502D09A462378DFE7AD
:1015D0004FF40072002120469B4614F057FC002275
:1015E0000AF1030A1146234601E013F8011F98454A
:1015F00001EB7606F9D12B682246594628465B6AEC
:10160000984700288AD02B6822460BF10C01284607
:101610005B6A9847002881D00BF101018A456AD1A5
:10162000231F04F5FE7243F8046F9A42FBD12B6826
:10163000224628465B6A984700283FF46FAF2B6824
:101640000BF10D01224628465B6A984700283FF4BB
:1016500065AF2FB13B680C226C4938465B689847F0
:10166000069A0021019B2046002613444FF4007285
:101670009946059B4FEA830814F008FC23464FF077
:10168000FF3208F20728F821B7F1000B4FEA582A79
:1016900003F8011B4FEA9838C4F8012018BF4FF037
:1016A000010BDA605A609A60C3F80F2002E001363D
:1016B000B24523D0B6FBF8F308FB136343B9BBF183
:1016C000000F05D03B680122514938465B689847B6
:1016D0002B6809EB0601224628465B6A98470028DA
:1016E0003FF41CAF002EE2D131464FF40072204689
:1016F00014F0CCFBDBE78B46217874E7002F34D065
:101700003B680222434938465B689847059E079A22
:101710000736F60806F2FF13B2EB532F4FEA5329B0
:10172000FFF4FDAE4FF400720021204614F0AEFB32
:1017300007232370B9F1000F00F08A804FF00008F2
:1017400008E0B8F1000F01D184F8008008F1010829
:10175000C1457BD9039A28462B6802EB0801224633
:101760005B6A98470028ECD1D8E6059E079A0736B1
:10177000F60806F2FF13B2EB532F4FEA5329FFF49A
:10178000D4AE4FF400723946204614F07FFB072395
:101790002370B9F1000FD1D1039B079A04989918CF
:1017A000FFF79AFD00283FF4C0AE029A4FF4007391
:1017B0009340049A92689A423FF6B7AE4FF00208FF
:1017C000029B4FF40072002108FA03F9039B2046A4
:1017D000994414F05BFB81220323049909F1FF393A
:1017E00084F820208222237084F84020C4E90D86EA
:1017F0004A684FF00108636562648B68A365002343
:10180000E3650EE094400020344000204C4000206E
:10181000E857002070400020079B98453BD208F114
:1018200001082B6809EB0801224628465B6A9847A5
:10183000064600283FF472AEB8F1010FECD14FF428
:1018400000720021204614F021FBE8E7002FA3D00E
:101850003B681622144938465B689847039B079AF1
:1018600004989918FFF738FD00283FF458AE029A03
:101870004FF400739340049A92689A423FF64FAE39
:101880000A493846FFF7BAFC98E74FF48072CDF862
:1018900008800792A1E5002F3FF448AE044938467E
:1018A000FFF7ACFC42E600BF5C4000207440002023
:1018B000844000202DE9F0410C46154601F11E0838
:1018C000AB89284634F8027F1BB9D5E901239A4237
:1018D0000ED005F003FA05F015FB0646384605F074
:1018E00011FB864209D14445EAD10120BDE8F081CF
:1018F000B7FA87F04009BDE8F0810020BDE8F0812B
:101900002DE9F04F90F8313083B08846002B4FD04E
:1019100090F830300746012B53D9013A0B464FF06F
:10192000020A00248E18DFF8A0B000225146384683
:101930000193FEF7A3FA00283AD00278C12A37D1E2
:10194000054600F11E09019B35F8020F24B300F58E
:10195000105292B2B2F5806F2AD20BEA8424C0F3FF
:101960000900204300F580301946324605F02CFA74
:101970000346E8B100244D45E6D10AF1010A97F883
:1019800030205FFA8AFA5245CFD2A3EB080098467E
:10199000002388F800300FE000F5205292B2B2F533
:1019A000006F02D30028DFD1EFE7B2F5806F06D3D6
:1019B0000023184688F8003003B0BDE8F08F0446D5
:1019C000D9E70020E4E700BF00FC0F0070B50C462B
:1019D00000234FF6FF75226819461E46A381236136
:1019E000626017E005F07AF9A84222D005F08AFA81
:1019F0002369F203A189013342EA5602060A2361F0
:101A000052FA80F083B2C0F34E0040EAC33016FAB7
:101A100080F086B220460029E4D1D4E901239A421D
:101A2000E0D12069A6820138FE288CBF0020012069
:101A300070BD002070BD00BF2DE9F84F07468A46F3
:101A40009146002942D0A1F10208D7F8303443452D
:101A500042D908F007030125C8F3C80B9D40EDB239
:101A600046464446D7F82C140022384601EB143180
:101A700005F0F6F8E8B10BF1FF3B834400F2FF10EC
:101A80001BF8011F0AE04A452BD0A04510D0D7F81B
:101A90003054A54214D913F0FF050CD0013429426B
:101AA0004FEA4503A4EB0602EDD0A0452646EED151
:101AB0000120BDE8F88F58454FF00105E0D101E065
:101AC0000026344601254FF0000BCBE7D0F82084E8
:101AD000D7F830344345BCD84FF000080125C34641
:101AE000BEE7BAF1000F04D1B9F1010F08BFC7F882
:101AF0002064B01CBDE8F88F2DE9F8438046881EAD
:101B000015461E468318D8F83024934237D8CEBBEA
:101B1000D8F82034834288BFC8F8200400F00703B7
:101B20000124D8F82C74C0F3C8099C4007EB10318D
:101B3000E4B2012240468F1805F092F8F8B109F19D
:101B4000FF3E864400F2FF101EF801CF1CEA040F8E
:101B50008CEA040C4FEA440414BF01220022B24272
:101B60000DD0013D8EF800C018D014F0FF04EDD167
:101B70007045A1464FF00104E6D13946D9E700206F
:101B8000BDE8F883D8F820148B42C7D98142C5D369
:101B9000934228BF0023C8F82034BFE70120BDE8E6
:101BA000F88300BFF8B5D0F8303401338B4201D24E
:101BB0000020F8BD07460C4600F50476002505E038
:101BC000D7F8303401350133A342F1D3D7F82414C8
:101BD0000022304601EBD41105F042F8A4000028A1
:101BE000E6D0C4F308040459631CE9D1681CF8BDAD
:101BF00038B50C460B6890F845C400F50470D0F871
:101C00002812023B656803FA0CF3294003EB5123C9
:101C1000D0F81C12194405F023F818B16368C3F317
:101C20000803184438BD00BF2DE9F8430C46D0F82E
:101C3000383449680B4011446160134490F84514EE
:101C400001F10902D2B2D3402BB380465D1E00F5EC
:101C5000047905E02368013D03F1010323601AD3F1
:101C6000267A002EF6D1D8F8303432462768484616
:101C700001339F4212D8D8F8241401EBD71104F095
:101C8000EFFFBF0050B1C7F30807C3595A1C09D072
:101C9000013D2360E4D20120BDE8F8834FF0FF301E
:101CA000BDE8F8833046BDE8F88300BF38B5D0F80A
:101CB000303401338B4202D24FF0FF3038BD0C4636
:101CC000D0F82414154600F50470002201EBD4115D
:101CD00004F0C6FF0028EFD0A400C4F308040359A1
:101CE0005A1C02D001202B6038BD002038BD00BF37
:101CF00001291BD938B5D0F830340C4601338B425A
:101D000001D2002038BDD0F82414154600F5047027
:101D1000012201EBD41104F0A3FF03460028F0D008
:101D2000A4000120C4F308041D5138BD00207047F1
:101D3000D0F830340133994201D9002070472DE9A1
:101D4000F04F054683B00C4600F504790F464FF07E
:101D50000008D5F82414002248464FEAD41B01EBB2
:101D6000D41104F07DFF90B1A300C3F30803C2585F
:101D70000193531C16BF16464FF0000A4FF0010A9C
:101D8000012C04D9D5F830240132944203D9002023
:101D900003B0BDE8F08FD5F8241401224846594419
:101DA00004F05EFF0028F2D0019B40F80380BAF1F6
:101DB000000F12D00134B44208D00023E21B394690
:101DC0002846FFF799FE0028E1D03746D5F8303491
:101DD0000133B342DBD33446BBE7621C534639467A
:101DE0002846D21B03B0BDE8F04FFFF785BE00BF09
:101DF0002DE9F84300250646D0F82C1400F50478A8
:101E00002C46002240464F1C04F02AFFA8B100F1E6
:101E1000FF3E04F58059D6F8300405E079B908345E
:101E2000844209D24C4516D01EF8011FFF29F5D176
:101E3000083408358442F5D3401BBDE8F8830822F6
:101E4000012319424FEA430C18BF0135013A5FFAEA
:101E50008CF3F6D1E3E73946D3E700BFF8B50023AA
:101E60004FF0FF3600F504771546C0F840140446DD
:101E700041601A46C0F81412194680F844340370C1
:101E8000C66080F81032C0F81C62384604F0E8FEE4
:101E9000042D0DD8064658B1BDB16B1E00EB0313DF
:101EA00093F8BE2112F07F0202D193F8C2310BB930
:101EB0000020F8BD00EB05163846D6F8B651294685
:101EC00004F0CEFE06460028F2D005221A49F01C86
:101ED00014F094F80028EBD196F86C30092BE7D178
:101EE000336D01462B44C4F82434736DC4F8283490
:101EF000B36D2B440125C4F82C34F36DC4F8303491
:101F0000336EC4F8343496F86D20C4F820042046AB
:101F100002F1090384F8452405FA03F35A1EC4F8B4
:101F20003C34C4F838242A46FFF786FD402328466F
:101F300084F84434F8BD00BFA440002010B5044626
:101F4000D0F83414FFF72EFE94F845340933DBB291
:101F5000984010BD70B590F9023082B00446002B55
:101F60000DDBA56805F1280004F04EFE00283BD1EA
:101F70006378002043F00103637002B070BD806895
:101F80000122A169283004F06BFE0028F0D0A5885A
:101F900005F00F056B0100EB4515C35CE52BE7D0A1
:101FA00023781B0701D5E369EB61236A15491A0CF5
:101FB0006B830E68AA8266B10DF103020DF1060172
:101FC00001A8B047BDF80430BDF806202B836B8212
:101FD000EA82A378A56803F07F0305F12800A370C7
:101FE00004F012FE0028C3D005F50E7004F00CFEBC
:101FF0000028BDD0286803681B6A98470028B7D01E
:10200000BBE700BF3CD70020024638B552F8105F4E
:1020100004468068294602F021F950B155B1236980
:102020000135AB42A37818BF03F0BF0363F07F0311
:10203000A37038BDA37843F04003F7E7F8B5047800
:1020400014F0200404D11A4B054642699A4202D387
:1020500000273846F8BDFFF7D7FF07460028F7D01E
:10206000A8682E698279023E416996400E44017942
:10207000A9B1214606E013F009FFA868E1B2027990
:102080008A420BD9314405222830013404F0E8FD9E
:102090004FF4007200210028EDD1D9E782794FF486
:1020A000007369693846934011FA83F36B61F8BD98
:1020B00000FE1F0010B5044680680A462830A1695A
:1020C00004F0CEFD20B1A38803F00F0300EB431012
:1020D00010BD00BF10B5037804462BB1FFF73AFFDF
:1020E00000232370A37010BD002301202370A37070
:1020F00010BD00BF38B5037805460C4613B1FFF795
:1021000029FFF0B1A8680022A969283004F0A8FDD1
:10211000B8B1AA8802F00F0200EB421352015D68C9
:1021200080589968DA6820606560A160E26018698B
:102130005D699969DA69206101206561A161E261E7
:1021400038BD002038BD00BF30B589B00D461446FB
:102150006946FFF7CFFF28B1BDF81020BDF80E305B
:102160002A80238009B030BD30B589B00D461446B1
:102170006946FFF7BFFF28B1BDF81820BDF816303B
:102180002A80238009B030BD0B7813F0700F01D185
:1021900000207047F0B540F6022389B00D46044692
:1021A00001F0F0F838B1012210232046A27023700C
:1021B000FFF744FF10B9002009B0F0BD2269237871
:1021C00022626BB1636933B1A378002223F020034C
:1021D000C4E90422A3702046FFF7BCFE0028EAD021
:1021E000A0680122A169283004F03AFD0028E2D05D
:1021F000B4F804C010220CF00F0C4FEA4C1300EBA3
:102200004C1C8CF80B20C058A768236A97F806E08E
:102210009E1EDCF80410DCF80820DCF80C3006FA0E
:102220000EF6EE46AEE80F00DCF81000DCF81410F5
:10223000DCF81820DCF81C30AEE80F007B6907F1F1
:1022400028000122F1184FF02033CDF80130CDF8ED
:102250000530ADF8093004F003FD84460028AAD00B
:102260002E27EE468DF800707646BEE80F00CCF8BB
:102270000000CCF80410CCF80820CCF80C308DF815
:102280000170BEE80F00CCF81000CCF81410CCF8A8
:102290001820CCF81C302B6A1A0CADF81A30ADF8A7
:1022A00014200FCECCF82000CCF82410CCF8282035
:1022B000CCF82C300FCECCF83000CCF83410CCF861
:1022C0003820CCF83C30A46804F1280004F09CFCD1
:1022D00000283FF470AF04F50E7004F095FC002860
:1022E0003FF469AF206803681B6A09B0BDE8F0409D
:1022F000184700BF2DE9F041002694B098460378B6
:102300000192ADF814600B96002B41D10B780D466D
:1023100013F0700F3CD01378044616462F2B3BD099
:10232000002728E0019E3678002E50D001F02AF8D0
:10233000034602AA294620462BB9B8F1000F27D040
:10234000FFF722FF20B3A6460DF12C0CBEE80F00CC
:10235000ACE80F00BEE80F00ACE80F00DEF800505C
:1023600020462378CCF800500BB1FFF7F3FD019E17
:102370000BAD2770A770314601AB02AA204601F0D1
:102380004DF9064602AA294600232046002EC9D14F
:10239000002014B0BDE8F0810136019633782F2B70
:1023A000FAD0AD68242200210BA813F06FFD0D9523
:1023B000EB79102B03D0202B0FD00C2BE8D120234E
:1023C0008DF82C3001230BAD8DF82E30A8E702AA32
:1023D000FFF7DAFE14B0BDE8F0814023F0E700BF5C
:1023E0002DE9F041002594B09846037801920295BA
:1023F000ADF83850002B37D10B780E4613F0700F24
:1024000032D01378044615462F2B31D000271EE01A
:10241000019D2D78002D40D000F0B4FFA6460DF1AF
:10242000080C08B366462578BEE80F00ACE80F003C
:10243000BEE80F00ACE80F00DEF800302046CCF814
:1024400000300DB1FFF786FD019D2770A77029466A
:1024500001AB0BAA204601F0E1F805460BAA314674
:1024600000232046002DD3D1002014B0BDE8F08118
:102470000135019529782F29FAD0A9B9B568242208
:10248000204613F003FDA560EB79102B03D0202B21
:1024900022D00C2BE8D120221FE043460BAA00F0EB
:1024A00071FF14B0BDE8F081B6682422002102A8B3
:1024B00013F0ECFC0496F379102B03D0202B03D0FF
:1024C0000C2BD1D1202300E040238DF808300123CC
:1024D00002AE8DF80A3099E7402201232270184697
:1024E000A370C2E719B101F58961FFF779BF08460A
:1024F000704700BFCB6870B50D46044693B90678A7
:102500000EB1184670BD8D682422314613F0BEFC12
:10251000A560EB79102B18D0202B10D00C2B14D0E9
:10252000304670BD2422002113F0B0FC012010239E
:10253000A0702370D5E90223A260236270BD4022FF
:10254000012322701846A37070BD2022F8E700BF57
:1025500070B505780DB1002070BD0E4604462422EA
:10256000294613F093FCA660F379102B0BD0202B97
:1025700003D00C2B07D0284670BD402201232270C7
:102580001846A37070BD2022F8E700BF2DE9F04F78
:102590002DED028B837883B00546DF0740F18C80F8
:1025A0008846017892460E0700F191808C0608D586
:1025B00083685A894369C3EB42139BB29A4528BF8B
:1025C0009A46BAF1000F00F0AF806A6905F1100376
:1025D000880656464FF0000908EE103AAF68C2F37D
:1025E000080B3DD5396A01EB5221BBF1000F51D1E7
:1025F000B6F5007F4ED37A6B91424BD0B6F5806F23
:10260000C0F082802878730A800605D43879A0EB60
:102610000900834228BF034691424FEA43240CD865
:10262000C818824209D207F12800CDE9001304F04E
:10263000EBFADDE9001300283ED0F86A026857691A
:102640004246B847002837D06A69361BA044224466
:102650006A6169D02978C2F3080BAF688806C1D4D3
:1026600097F8059009EA5229BBF1000F36D1B9F16C
:10267000000F33D1002A33D14A064CBF3A6A2A6A86
:102680002A61023AB8797969824049441144BBF120
:10269000000FADD0CBF50074002207F12800B44242
:1026A00028BF344604F0DCFA30B100EB0B012246BF
:1026B00040460EF0C3FBC7E76B784FF0FF3043F0A6
:1026C00002036B7003B0BDEC028BBDE8F08FC369F1
:1026D00042699B1A9A4528BF9A4672E72A69D0E751
:1026E0000B0705D5AA78540602D52A690132C7E737
:1026F00018EE102A3846296901F0FEFD0028DBDBC0
:102700000CD0AF682A69BCE7F86A424603681B69C7
:1027100098470028D0D04FF4007495E72B7813F039
:10272000700FC9D0AAEB060A504603B0BDEC028B6D
:10273000BDE8F08F70B582B0012204460DF10701AB
:10274000D0E90456FFF722FF01280CBF9DF80700CF
:102750004FF0FF30C4E9045602B070BD436913F472
:10276000F07F30B5044683B0C3F3431509D0012987
:1027700007D120334361A068383000EB451003B027
:1027800030BD01220DF107012046FFF7FFFE40B2E8
:10279000012803D163691F336361ECE70020EEE792
:1027A0002DE9F04103789AB0002613F0180F08962F
:1027B000119606D0174683688A6804460D469A42E9
:1027C00003D000201AB0BDE8F081FFF7C3FBA64696
:1027D0000DF1440CBEE80F00ACE80F00BEE80F009E
:1027E000ACE80F00DEF800303246A169CCF80030CA
:1027F000A36803F1280004F033FA0028E1D0A2888E
:10280000EC4694F8008002F00F0200EB421E5201E9
:10281000DEF804108058DEF80C30DEF80820ACE852
:102820000F00DEF81410DEF81820DEF81C30DEF899
:102830001000ACE80F0018F008033A46294640F0B3
:102840009B8008A8FFF756FD0028BAD0109EBDF85F
:10285000243000250E990122A3809DF82330A06822
:10286000E3700B9B2830A161E3608DF820508DF858
:10287000225004F0F5F90028A3D0A38803F00F0339
:1028800000EB4310DDF80D30C0F80D30DDF81130ED
:10289000C0F81130DDF81530C0F81530DDF819300A
:1028A000C0F81930BDF81D30A0F81D309DF81F305C
:1028B000C3779DF80B30C372002E3BD0A068B31EC7
:1028C0002A46817928308B4050F8141C194404F0B2
:1028D000C7F9054600283FF474AF006A6F46696A7D
:1028E000AA6AEB6A0FC7286B696BAA6BEB6B0FC701
:1028F0003146A06801F022FD00283FF462AFA068D5
:10290000236A82792830023B50F8141C934001223C
:10291000194404F0A5F9064600283FF452AF6D466D
:102920000FCD30627162B262F3620FCD30637163BA
:10293000B263F36300210222082311A819918DF8D4
:1029400046208DF8443000F0D3FE00283FF439AF24
:10295000A46804F1280004F057F900283FF431AFCF
:1029600004F50E7004F050F900283FF42AAF2068F7
:1029700003681B6A984725E740F601236046FFF786
:102980002FFD00287FF463AF1BE700BF0378DA0652
:1029900001D400207047436930B5044683B033B199
:1029A0008378002223F02003C0E9042283700023EF
:1029B0000FE06361A3686A0138339A5C03EB451347
:1029C000EAB1E52A04D02E2A02D0DB7A1B0722D5F1
:1029D000636913F4F07FC3F3431503F12003E8D1D7
:1029E00001220DF107012046FFF7D0FD40B201287A
:1029F00003D163691F336361DCE763785BB9A37854
:102A00000822204643F002032270A37003B0BDE801
:102A1000304000F06DBE002003B030BD2DE9F04124
:102A2000037804460769002B39D00D464169A94255
:102A300042D0002D37D018072AD5E269AA422ED3FA
:102A4000D4F808C06E1EA2789CF8060012F0400F61
:102A500000F10900C0B226FA00F630D14A1EC24089
:102A600009B196422FD25B064CBFDCF82030236AB6
:102A7000236104F1100806E02169013EA06801F01D
:102A80003BFC00280BDD4246002EF5D1A2780CE07D
:102A90009A06D5D5A3685B89B5EB431FF6D900200C
:102AA0002761BDE8F0818278056122F020020120D3
:102AB0006561A270BDE8F0810120BDE8F081236A64
:102AC00033442361F1E7B61AD3E700BF2DE9F041A3
:102AD0000E46154600212422044698469DF818709B
:102AE00013F0D4F9B068336A00F13802A58005F01C
:102AF0000F0502EB4512C4E90203D17A0B0711D48A
:102B000001F017012170D37A13F0180F02D141F0B0
:102B10000801217008F00303E770012B38D0022B65
:102B200006D0F3B1002318462370A370BDE8F081EE
:102B300003232178CD06F5D4CE07F3D408F008019D
:102B400018F4806F43EA0103A370416B958AA16179
:102B5000518B41EA054112D019BB63F07F03A3708A
:102B600010E018F4806FDDD108F0080343F0010392
:102B7000A370416B938AA161518B41EA03412162A9
:102B8000D369E36118F4804F04D10120BDE8F081DE
:102B90000223CEE7E1692046FFF740FF0028F4D189
:102BA000C0E701F0CBFB0028BCD0A378D5E700BF7D
:102BB0000378002B45D12DE9F0470B7884B00C4603
:102BC00013F0700F30D04B6913F01F052CD106465F
:102BD0009046A94601220DF10F012046C3F3431A86
:102BE0005F09FFF7D3FC40B24FEA4A1201281BD11C
:102BF0006369A1681F3301F1380C63611CF802207E
:102C00000CEB4A1C82B12E2A12D0A2F1E500B0FAD8
:102C100080F0400960B99CF80B1011F0080E12D03A
:102C20000F2907D00546D5E7002004B0BDE8F0879E
:102C30000025CFE75106CDD502F01F059CF80D9079
:102C4000C8E70020704785B10CF10A0101E01CF8CB
:102C5000012F4FEACE13614543EA5E0352FA83F334
:102C60005FFA83FEF3D1CE45DED14346BAB22146A8
:102C700030460095FFF72AFFD7E700BF03780BB176
:102C8000FFF768B9012070472DE9F0470E4601783B
:102C900082B009079DF828709DF82C909DF830A00F
:102CA0009DF8348018D5A2F2BC7294B27F2C13D850
:102CB0005A1E01930B2A0FD87A1E1E2A0CD8BAF17D
:102CC0003B0F98BFB9F1170F06D8B8F13B0F03D8E7
:102CD0000546FFF73FF918B9002002B0BDE8F087BC
:102CE000A8680122A969283003F0BAFF0028F3D0B0
:102CF000019B4FEA5802A98847EA4313F70701F0FE
:102D00000F0142EA4A1243EA442300EB41109BB20E
:102D100042EAC92248BF4382B40792B208D518F0EC
:102D200001080382C28118BF4FF0640880F80D804B
:102D3000710701D50383C282AC6804F1280003F057
:102D400063FF0028C8D004F50E7003F05DFF002873
:102D5000C2D0206803681B6A02B0BDE8F04718477C
:102D600083789B0727D5036A10B5044682B0ABB1C0
:102D7000016911BB019301621946A06801F0DEFAF6
:102D8000B0B1A378616963F07F032278E161A37039
:102D900022B12046FFF7DEF802B010BD012002B0DC
:102DA00010BD6FF070422169A06801F0B7FA68B9F0
:102DB000002002B010BD00207047002301AA8068E7
:102DC000019301F099FA0028F2DBEAD1019B002B74
:102DD000D7D0D1E72DE9F047837805469C0777D512
:102DE00088461907914600F1B5806B6913EB09021B
:102DF0006ED2B9F1000F40D04F464FF0000AA868DC
:102E0000C3F308062969447914EA53243FD1002EFC
:102E10003DD100296ED0AA78520676D5EA699A4249
:102E200073D901312961023982794369914019448A
:102E3000B7F5007F53D3B7F5806F70D303797A0A63
:102E40001B1B934228BF1346426B8A424FEA43241E
:102E500007D35E18B24204D24FF0FF3280F828A0A8
:102E60004263C06A42460668B66AB04780B36B697F
:102E70003F1BA04423446B61C1D1EA699A4276D2D8
:102E8000AA784846EB6162F07F03AB7025E0827957
:102E900002394369914019442144002EC8D0C6F537
:102EA00000740122BC4228BF3C46283003F0D8FE03
:102EB00070B130442644224641460DF0BFFFB6F5BE
:102EC000007FA868D3D1283003F09EFE0028CED121
:102ED0006B78002043F001036B70BDE8F087C6F506
:102EE00000746A69EB69BC4228BF3C469A4205D32C
:102EF0000522DAE7296A21B3296194E7AB7813F058
:102F0000200F14BF05220122CFE705F1100201F0C6
:102F1000F3F90028DCDB24D0A868296983E7436B38
:102F20008B4204D14FF0FF3380F828A04363C06A7E
:102F3000424603685B6A98470028C9D04FF4007482
:102F400095E72846FFF760F80028C1D02969A868EE
:102F5000296268E7C169FFF761FD00287FF445AF8A
:102F6000B6E72846FFF750F80028D5D1B0E7054B63
:102F70001B682BB1AB78484663F07F03AB70ACE7BE
:102F80004846AAE73CD700202DE9F04F84468DB093
:102F90001446156898460646894603AF01934FF0DC
:102FA000000EBCE80F000FC7BCE80F000FC7DCF82D
:102FB000003065603B604346A4F80CE0002B3FD036
:102FC0004FF0010AA9EB0A0103A889B24901FFF7F2
:102FD00025FD50B3002103A8FFF7C0FB074620B32F
:102FE00000250DE003F07AFE8046584603F08AFF84
:102FF0008346404603F086FF834516D10D2D18D039
:10300000EAB239463046013500F0E4FEA389834632
:103010002046002BE6D1D4E901329342E2D1BBFA3B
:103020008BF040090DB0BDE8F08F00200DB0BDE879
:10303000F08F0AF1010A019B5FFA8AFA5345C1D267
:103040000120EFE72DE9F04F07468DB016469A466E
:103050000DF10C0C02F1150402F1200501914FF065
:1030600000090FCFACE80F000FCFACE80F003B68B2
:10307000CCF800304FEAC91314F8012F43EA590382
:10308000A54252FA83F35FFA83F9F3D133684FF024
:1030900000087360A6F80C80BAF1000F4ED001272B
:1030A000019B03A8D91B89B24901FFF7B7FC00288F
:1030B00055D0002103A8FFF751FB00284FD0059AF7
:1030C000574500F1010B4FF0010492F828304FF002
:1030D000000543F0010382F828304FF00F030CBFC6
:1030E00047F040023A46C3724FF000030270037388
:1030F0004FF0000380F80D90438306E0ABF800002A
:10310000013401350BF1020BE4B2B08918B9D6E9EC
:1031100001239A4216D0304603F0E0FD042DEBB2B5
:10312000ECD90A2B02D8ABF80300E9E70D2CABF879
:103130000500E5D10137FFB2BA45B1D201200DB08B
:10314000BDE8F08FB8F1000F06D008F101084FF686
:10315000FF705FFA88F8E1E74FF00108DEE7002032
:103160000DB0BDE8F08F00BF02464FF0203152F89D
:10317000163B2DE9F043C0F816108646846851606E
:10318000C2F807101A782E2A14BF0120002003D19C
:1031900013F8012F2E2AFBD0611E99420BD90A4643
:1031A00002E09342114606D01146013A91F800C060
:1031B000BCF12E0FF5D19C424FF0000540F2868005
:1031C00007260827A946A84606E001330A264FF03D
:1031D000080910279C425BD91A782E2A08BF994209
:1031E000F3D0222A0DD07C2A0BD0A2F15B0CBCF1CB
:1031F000020F06D9A2F12A0CBCF1050F21D82D2A05
:103200001FD002F0C002802A5DD04E452FD29942D5
:103210002CBF002001200A2E08BF40F0010000282A
:1032200047D09EF81630202B40D09EF81430012055
:103230007E21312273448EF815009975DA75BDE848
:10324000F083A2F13A0CBCF1050FDAD9A2F1210CFE
:10325000BCF15D0FD5D84E45D9D3A2F1610CBCF1BC
:10326000190F28D8203A3D43D2B2EDB201E0002038
:103270005F2209F1010CF144013389F816205FFA4D
:103280008CF2062A914698BF8EF814209C42A3D84F
:103290009EF81630202B09D00028C6D018EA050F5A
:1032A00018BF02258EF81550BDE8F0830020BDE858
:1032B000F0830B468EE7A2F1410CBCF1190F98BFC9
:1032C00047EA0808D5E70133002083E7A846DFE78F
:1032D0002DE9F84F4FF0620900250F460446DFF84C
:1032E000A0B04FF07E0A91F8148001F11606B8F1F3
:1032F000030FDBF8003028BF4FF003082B449DB2CA
:1033000008F10403DBB205F00F02581E2D09092A4B
:1033100002F1370198BF02F13001FA18C3B291757A
:103320009845F0D107EB08030021204683F816A04A
:10333000FFF774FB01212046FFF710FA03460B222A
:1033400030469BB193F800C01946BCF1000F13D072
:10335000DB7A1B07EED412F0EDFC0028EAD109F16C
:10336000FF3919F0FF09C2D1484603E06078B0FA8E
:1033700080F04009BDE8F88F0120BDE8F88F00BF5C
:10338000146D02202DE9F04F2DED028B8BB0CDE9AD
:1033900002038B6807930B7813F0700F53D0029BD6
:1033A0001B78002B4FD1136990469A4A0E460C3376
:1033B000A2FB0323C3F3870298F815309807049201
:1033C00000F0A780571CFFB20023304619461C4668
:1033D0000693FFF723FB08F11603A346A146A24676
:1033E00008EE103A0594756900213046FFF7B6F9EA
:1033F000C5F34F15034620B30278E52A29D042B31E
:10340000BC4238BF00242E2A2BD090F80BC0BCF150
:103410000F0F54D01CF0080C23D1B9F1000F40F06D
:10342000D5800B2218EE101A12F084FC0028DAD195
:1034300098F8153013F0010300F0E48001230593A0
:10344000D1E7737883B100200BB0BDEC028BBDE8EF
:10345000F08F002C08BFAA46BC4201D20134E4B26E
:1034600012B14FF00009BEE7039B9A05EBD503F0BC
:103470000303013B012BE6D8002C08BFAA46BC423F
:1034800003D348E0DCB2A74245D000213046FFF725
:1034900065F9631C0028F5D17378002BD3D1A742BE
:1034A00039D9079D05E02B7904EB0314E4B2A74258
:1034B00031D93046FEF7C2FD0028F4D1C3E7B9F197
:1034C000000F19D102F01F0B049959458BD112F04E
:1034D000400988D0437B89460693BBF1010F82D116
:1034E000691C4B464246304689B2FFF74DFD002825
:1034F00008BF4FF0000976E70BF1FF3B5FFA8BFB4B
:103500005A45AED1437B069A9342E6D04FF000096C
:1035100069E7012758E7059B2BB141463046FFF785
:10352000D7FE00288FD0013F42463046FBB20AEB5F
:1035300003051F46ADB22946FFF784FD002882D05F
:1035400069013046FFF76AFA00283FF47CAF00219A
:103550003046FFF703F9044600283FF474AF2022F9
:10356000002112F093FCD8F81620D8F81A30226007
:10357000636098F82030B8F81E20A372228198F872
:10358000153003F018032373234B1B68002B3BD02B
:103590000DF123020DF1260109A89847BDF824304A
:1035A0002382BDF82630E3819DF823306373079AA8
:1035B00092F8283043F0010382F82830039B2A4612
:1035C000314602980097FFF781FA3DE7BBF1010F02
:1035D0007FF439AF0A3001E013F8012F4FEACC1124
:1035E000984241EA5C0152FA81F25FFA82FCF3D11F
:1035F000069B63457FF427AF4F46039B19053FF5B4
:1036000022AFDBE71F46F8E745F6214323822383F9
:103610006382CCE74FECC44E3CD700202DE9F0414B
:103620001F460B7882B00C46202B154603D114F8A8
:10363000013F202BFBD02C60237863B32F2B2AD0A3
:103640004FF00008294E211D204601AA03F00EFC70
:10365000044670B1019BB3F5803F40D27F2B08F147
:10366000010831D83C2BD9B229D8212905D81F29E6
:1036700009D8002002B0BDE8F0812239C9B226FA8B
:1036800001F1CA07F5D42E2B01D0202B1CD12378B1
:103690000BB12F2BD7D12B69013BFE2BE9D8237817
:1036A000202B03D114F8013F202BFBD02F2BF9D076
:1036B00028463C6002B0BDE8F041FFF755BD5C29EB
:1036C000D7D005D97C29D4D0C5F81080AC60DEE70E
:1036D0003E390129F8D8002002B0BDE8F08108F198
:1036E0000208AC60C5F81080D1E700BF01210005D9
:1036F000F0B500238BB0019383789A0724D5016A33
:10370000054619B1806800F019FEE8B1012128468C
:10371000FEF7D0FCC0B1421E00F10A0C0024E30108
:1037200012F8011F43EA5403944551FA83F3DCB2C3
:10373000F5D1E52600230670AF682B7007F128004D
:10374000AB7003F061FA10B900200BB0F0BD07F5C3
:103750000E7003F059FA0028F6D0386803681B6A27
:1037600098470028F0D0EB78002BEED0294601A82E
:10377000FEF7C0FE0028E7D0EB78002BE4D001274D
:1037800021E001A8FEF7EAFF7B1CF9B20028DBD09C
:10379000C27A0F2AD8D102785FFA83FC9FB202F076
:1037A0001F038B42D0D1437BA342CDD10670A968C1
:1037B00091F8283043F0010381F8283053060DD4E6
:1037C000EB786345C0D3A98801A8C91B89B2490118
:1037D000FFF724F900210028D3D1B5E7AC6804F144
:1037E000280003F011FA0028AED004F50E7003F0A3
:1037F0000BFA0028A8D0206803681B6A9847A4E742
:103800002DE9F843DDF82090A2B105460C46984614
:10381000571801E0BC420DD02B68204649465E6A2D
:10382000C0472146024628460134B0470028F1D15E
:10383000BDE8F8830120BDE8F88300BF486810B5F3
:103840000C4630B10B894A8901339BB29A420B81F5
:1038500001D9206810BD0368012203495B689847BD
:1038600000232068238110BDE85700202DE9F04F88
:10387000054687B08846924600214FF40072406AA0
:1038800012F004FB286A28B103680C223A495B68ED
:103890009847286A6B6A4FF00009EE690AF1FF3217
:1038A000DFF8E0C0E968ADF814904C1CCDE90330B6
:1038B0004FEA5A13ADF816303368DF6A674526D1F0
:1038C0006AB301EB0A07DFF8C0A00AE02146039AB9
:1038D00030460134D84700283FD0A7421ED0336875
:1038E0000498D3F824B00028F0D0BDF81430BDF807
:1038F000162001339BB29A42ADF81430E6D8036823
:10390000514601225B689847ADF81490DEE703AB9F
:10391000214630460093194BB847F0B1286A20B1D0
:103920000368022216495B689847B8F1100F4FF000
:10393000F8016A6A4FF001030CBF04200C201170DB
:10394000FF216A6AD15401339842FAD1E8696A6A60
:103950000368E9685B6A984718B9002007B0BDE8BA
:10396000F08FD5E90231E86919446A6A03685B6A35
:10397000984707B0BDE8F08F4C400020C90F020007
:10398000704000208D0F0200E857002038B5436AD0
:103990004FF40075044600212A46184612F076FAC4
:1039A0004FF02031EB22A0F80B50C0F80310034673
:1039B000C0F807109021027076209970022258708A
:1039C00094F82B1059734AF65521208D1A74F82259
:1039D000D8815A752269DA61A269A3F8FE111A62C8
:1039E00038BD00BF70B504464FF400720021406A34
:1039F00012F04CFA656A2269216805F2BF1003F0E3
:103A000093F9A369226905F2C31021681A44013AA7
:103A100003F08AF994F82A204AF6552385F8C22142
:103A20002269E069C5F8C621626AA169A5F8FE317C
:103A30000368C5F8CA1100215B6ABDE870401847E9
:103A400070B546694FF4807390F82BE00446A6F5F4
:103A50008072456A4360B2FBFEF202F2011C4FEA3B
:103A60001C214FEA410C81600CF1A10098420ED953
:103A70008033F21AB2FBFEF202F20111090A4FEA98
:103A8000410C0CF1A1008342F2D3C4E901311B1AAD
:103A9000A2F6F57103F18000B1F5704F20614FD2AD
:103AA0000CF1210C8133204602FB0EC2E360B2F51B
:103AB000803FA26134BF0423062384F82A30012307
:103AC0002385FFF78FFF08B9002070BD2046FFF760
:103AD0005DFF2922A1684FF0203385F82620462279
:103AE000C5F82F30802085F836205422C5F82B30B9
:103AF000C5F83230312385F838203622E982412159
:103B000085F8393085F837104FF4007185F82400B6
:103B100085F83A200F4BE069C5F827300368A5F80F
:103B20001110626A21695B6A98470028CCD06268EC
:103B30002046E3681021D21ABDE87040FFF796BE18
:103B4000206A0028C0D00368132203495B689847A5
:103B5000002070BD87D6120020400020F8B54669CD
:103B60004FF4005390F82BC04FF48042A6F58041EB
:103B7000036142F2090E0446456A4260B1FBFCF162
:103B800001F18103DB0983600EEB4300904240F2B8
:103B9000B68002F50052B11AB1FBFCF101F18103CC
:103BA000DB090EEB43005F008242F2D3C4E901233C
:103BB0004FF6F473994240F2978001FB0C2CA2F56A
:103BC00000522046D21B92B202F5005322854D4A84
:103BD000E360ACF50053944594BF4FF00B0C4FF0ED
:103BE0000C0CA36184F82AC0FFF7FCFE08B9002082
:103BF000F8BD2046FFF7CAFEA16829224FF0203306
:103C00008020696285F8422054214622C5F84B3055
:103C100085F840004120C5F84730C5F84E300223F2
:103C200085F85220332285F85410322185F855202A
:103C300085F8530085F85610EB62E069324B334A41
:103C40002B630368C5F843205B6A626A2169984761
:103C50000028CCD0E069216903680631626A5B6A9A
:103C600098470028C3D04FF400720021606A12F018
:103C70000DF9E069264A0368C5F8FC2121695B6AF1
:103C80000231626A98470028B1D0E069216903686F
:103C90000831626A5B6A98470028A8D04FF0FF336A
:103CA000E0691C4AC5E97A331B4B2A60C5F8E43148
:103CB00003682169626A5B6A01319847002896D0DF
:103CC000E06921690368626A07315B6A98470028E6
:103CD0008DD0A268204694F82B30202103EB4202BD
:103CE000BDE8F840FFF7C2BD206A00283FF47FAF6F
:103CF0000368132209495B6898470020F8BD5F00FC
:103D000056E700BF0004FB000100060087D6120042
:103D1000000055AA52526141727241612040002058
:103D200038B504460D68C16108466262EA692362DB
:103D3000904700F2FF736061DB0A062B236024D9F1
:103D4000102B13D80223B0F5800F84F82B302046B7
:103D50002ED2FFF775FE0546206A05B320B1036831
:103D60000D2219495B689847284638BD202B23D976
:103D7000402B23D9802B23D9B3F5806F22D9B3F5FB
:103D8000004F8CBF80234023DDE7206A20B1036809
:103D900014220E495B6898470025284638BD002844
:103DA000FAD003680F220A495B689847284638BD55
:103DB000FFF7D4FE0546CFE70423C4E70823C2E794
:103DC0001023C0E72023BEE700400020E83F00208A
:103DD00010400020042A04D801EB4202B2F801008E
:103DE00070470A2A03D801EB4202908870470C2AD8
:103DF00003D801EB4201C88870470020704700BF1C
:103E0000F8B504780E467CB114F06004174607D06C
:103E1000012A09D92F22002301200A704B70F8BD16
:103E20002146FEF747F918B9002318463370F8BD4C
:103E30000346A446082111E0027B114203D00EF193
:103E4000200E5FFA8EFE651CBD42EDD20CF1010C16
:103E500006F804E0ECB2BCF10C0F10D0BCF1080F76
:103E600011D013F801EBAEF14102192AE4D9BEF1E9
:103E7000200FE8D10CF1010CBCF10C0FEED10023A6
:103E800020463355F8BD1A78202AF8D010214FF07B
:103E90002E0ED8E72DE9F04F00248BB00378894629
:103EA0000194002B55D0C3780646002B58D001460C
:103EB00001A89046FEF71EFB00284AD0F0780028A3
:103EC00043D008F1FF38CB464FF0010AC844B1880F
:103ED00001A8A1EB0A0189B24901FEF79FFDC0B319
:103EE000002101A8FEF73AFC98B3C37A0F2B30D11A
:103EF00003785FFA8AF103F01F038B4229D1471C34
:103F00000025042DEBB23FD83B8874BB03F520514C
:103F100089B2B1F5006F3ED3A3B118465946424667
:103F200002F052FF8346A0B10024013502370D2D67
:103F3000E7D10AF1010AF1785FFA8AF31FFA8AFAE7
:103F40009942C4D2ABEB0900D946002389F800306E
:103F500003E00023184689F800300BB0BDE8F08F6D
:103F6000FFF74EFF0BB0BDE8F08F03F5105189B29B
:103F7000B1F5806FEDD20A4AC3F3090302EA842047
:103F8000184300F58030C9E70A2B94BFB7F8033017
:103F9000B7F80530B9E7B1F5806FDAD21C46C4E74F
:103FA00000FC0F00FFF776BF2DE9F843DDE9088735
:103FB000C3B181460C4615465E1802E0C047B442C4
:103FC00010D0D9F8003021462A4648461B69984748
:103FD00003463A46204629460134002BEED11846C6
:103FE000BDE8F88301231846BDE8F88310B41468CF
:103FF000B4F5807FA44628BF4FF4807C01EB4C00D1
:10400000814207D231F8023B13B953680133536040
:104010008842F7D8A4EB0C0414605DF8044B704799
:1040200010B41468802CA44628BF4FF0800C01EB1C
:104030008C00814207D251F8043B13B95368013315
:1040400053608842F7D8A4EB0C0414605DF8044B6D
:10405000704700BF2DE9F843C37904460D46174663
:10406000202B59D0102B30D00C2B51D1027AC1F318
:104070004E01836900F50E7911FA85F1A2F1020271
:1040800048468EB2B2FA82F2C1F34621520901EBE0
:1040900003085200414602F0E3FD002838D0C6F381
:1040A0000806731C865DB3F5007F23D0184403789F
:1040B000EA07E26946EA03234CBF1B09C3F30B037B
:1040C0009A4240D20020BDE8F883027AC1F307216A
:1040D000836900F50E70A2F102021944B2FA82F26D
:1040E0005209520002F0BCFD90B16D0005F4FF755D
:1040F000435B25E0227A08F101014846A2F1020261
:10410000B2FA82F25209520002F0AAFD0028CED182
:104110004FF0FF30BDE8F883027A816900F50E7038
:10412000A2F1020201EBD511B2FA82F25209520059
:1041300002F096FD0028EBD0AD0005F4FE75435962
:10414000E2699A42BED301203B60BDE8F88300BF1C
:104150002DE9F843C37905460C461646202B48D076
:10416000102B2DD00C2B41D1C1F34E01836900F5EA
:104170000E7911FA84F11FFA81F8C1F34621CF18A4
:10418000037A4846022B394614BF0122032202F06B
:1041900067FD58B314F00104C8F308033FD0C25CB4
:1041A00002F00F0242EA0612C2540133B3F5007F57
:1041B0003AD0C6F30712034401201A70BDE8F88311
:1041C000027AC1F30721836900F50E70022A1944AF
:1041D00014BF0122032202F043FD034630B1640004
:1041E000012004F4FF741E53BDE8F8830020BDE8ED
:1041F000F883037A816900F50E70022B01EBD4116C
:1042000014BF0122032202F02BFD03460028EDD04B
:10421000A400012004F4FE741E51BDE8F883C654C6
:104220000133B3F5007F15D12B7A791C4846022B58
:1042300014BF0122032202F013FD03460028D5D04B
:10424000C6F30712002CB7D1197821F00F0141EA0B
:104250001212B1E7C6F307120344F5E72DE9F04166
:10426000C46882B005460E468C42904640D3012772
:104270000134EB6901AA2846A34205D29FBBEC6832
:1042800001273C44A3422ED3A64218BF012C21464D
:1042900029D9FFF7DFFE002825DBE9D0019B002BA1
:1042A000E6D107B1EC60EB69A3421CD36FF070421A
:1042B00021462846FFF74CFF0746A0B13EB96B6A7E
:1042C000002B01DB013B6B62C8F800400CE0012EC3
:1042D00009D0EB699E4206D8314622462846FFF7B0
:1042E00037FF0028EBD10027384602B0BDE8F08147
:1042F0000C460027BCE700BF01290CD910B4C469E3
:104300008C4203D35DF8044BFFF7A4BE4FF0FF309F
:104310005DF8044B70474FF0FF30704701290BD90F
:1043200010B4C4698C4203D35DF8044BFFF710BF8F
:1043300000205DF8044B70470020704770B50546BB
:1043400082B00C461DE0EB699C421FD8FFF782FE4D
:10435000064621460022002E284617DBEB699C42C8
:1043600014D8FFF7F5FE621E80B16B6A002B03F1D3
:104370000103A8BF6B62EB68A342019C88BFEA609F
:104380002EB1012C214601AA2846DCD8002002B01B
:1043900070BD00BF2DE9F0470646406A84B0002892
:1043A0001BDAF2790C2A1BD1F7697B1C022B40F235
:1043B000CD8002240025214602AA3046FFF74AFE9E
:1043C000002804F1010306DB57D1A7421C465CD04C
:1043D000F2699342EFD94FF0FF3004B0BDE8F087A7
:1043E000F169002096F8383201313469DB07CDE9F4
:1043F000021000F1858000214FF0FF33202A06F5DE
:10440000127786F83812C6F8443242D0D6F80080C7
:104410004F4BD8F80020D6F818A095699D4278D166
:10442000002C00F082800AEB0409136951463A46D9
:10443000404698470028CED00299B1F5807F8E463D
:1044400028BF4FF4807E07EB4E0CBC450BD9039D73
:104450003B46002233F8024B0CB9013502469C451D
:10446000F8D802B103950AF1010AA1EB0E01D1457A
:1044700002915AD0D8F80020D7E7029A002AA4D196
:10448000A74205F101051C46A2D1284604B0BDE8AB
:10449000F087D6F800A02E4BDAF80020D6F8189056
:1044A00095699D4246D1002C3FD009EB0408136961
:1044B00049463A465046984700288CD0DDF808C057
:1044C000BCF1800FE64628BF4FF0800E07EB8E024E
:1044D000BA420BD9039D3B46002153F8044B0CB95B
:1044E000013501469A42F8D801B1039509F1010955
:1044F000ACEB0E03C845029317D0DAF80020D6E7DC
:1045000006F50E7002F080FB00283FF464AFF279EC
:1045100071E7234602AC3A465146019440460D4CA1
:104520000094A84700283FF456AF0398706204B087
:10453000BDE8F087234602AC3A464946019450460E
:10454000054C0094A8470028EFD144E7002044E739
:104550003517020079170200AD17020070B500236D
:104560000446154601204FF0FF3204F12806216071
:10457000E371E060E162C4F83C1284F8283084F80A
:1045800038326263C4F84422CDB1042D01D9002031
:1045900070BD1A461946304602F062FB6FF0704358
:1045A00000F5DF722B441D0102EB03130028EED04F
:1045B00019790029EBD0525D5206E8D19D6800229E
:1045C0002946304602F04CFB0028E0D0B0F80B3012
:1045D000B3F5007FDBD1037C5A1E2372012AD6D8A3
:1045E000417B4B1E0129217163714FF00003A371C0
:1045F00044D0012252000133D2B2DBB2914204D046
:10460000082BF7D10020A37170BD1E46A371C18A8B
:10461000216109B9416A2161C289B0F811302A4487
:1046200063815B01A26190F810C003F2FF1301FBEC
:104630000C2202EB53232262B0F81320636102B90B
:10464000026AED1AAB18F3405A1CE2614FF0FF32D8
:10465000626240F6F47293420CD94FF6F4729342C0
:104660000AD9C26A202322620120E3712163C4F8BF
:10467000401270BD0C23F7E71023F5E71E46C6E78E
:10468000F8B500268F6B0D460446C0E90E669FB153
:104690000146242000F0DCF8068086708446AD6B6D
:1046A000A0630FCDACE80F000FCDACE80F002B6876
:1046B000CCF800302046F8BDCB6B002BFAD0014679
:1046C000382000F0C5F880F8317047860246EB6B61
:1046D000E06303F130071E68103353F80C5C1032AE
:1046E00053F8080C53F8041CBB4242F8106C42F813
:1046F0000C5C42F8080C42F8041CECD11B68204604
:104700001360F8BD10B50446806B10B1FDF7E2FCF4
:1047100030B9E06B10B1FBF7CFFB20B9002010BD22
:104720000023A36310BD0023E36310BD002952D012
:104730002DE9F0410446806B0D4617461E4610B128
:10474000FDF7C8FCA0BBE06B10B1FBF7B5FBB8BB35
:10475000D5F88084B8F1000F11D02146242000F054
:1047600077F8334600263A4606808670A063D5F86F
:104770008014FDF7B7FE58BBA063BDE8F081D5F803
:10478000843493B12146382000F062F8334680F833
:1047900031803A46A0F83280E063D5F88414FBF704
:1047A000BFFFA8B9E063BDE8F0810020BDE8F0815B
:1047B0000023D5F88084A363B8F1000FCDD1DEE7E4
:1047C0000023D5F88084E363B8F1000FC5D1D6E7A4
:1047D0000120BDE8F0810020704700BFF8B5044615
:1047E000806B0D46174610B1FDF774FC38BBE06BCB
:1047F00010B1FBF761FB38BBAE6B76B121462420CC
:1048000000F026F800213A4601808170A063A96B70
:10481000FEF7CEF988B9A063F8BDE86B0028FBD09D
:104820002146382000F014F83A4680F83160468678
:10483000E063E96BFBF77CFF20B10120F8BD0023AA
:10484000A363D9E7E063F8BD0023E363D4E700BFC7
:10485000084670472DE9F041002604469846C0F806
:104860008814C0F8806401464FF490601746FFF743
:10487000EFFF424680F84464054680F87964A0F86A
:104880007A64C4F88404D4F88814FDF7E7FAA0BB6E
:104890000026214640F26C40C4F88464FFF7D8FF3C
:1048A0000223C6714246A0F84864054680F84A646F
:1048B0000372C4F88004D4F88814FFF74FFE38B9A7
:1048C00000231A4A18461360C4F88034BDE8F0810A
:1048D00005F589663046FDF7FDFB29463046FDF7B4
:1048E00037FE0028ECD0124B1A68AAB91D600F4B96
:1048F000AFB101201C60BDE8F08105F58966304646
:10490000FBF7DAFA29463046FBF704FB0028BFD054
:10491000084B1A68002AE9D0044B002FE9D11A6825
:10492000002AE6D00120BDE8F08100BF3CDA00207B
:1049300040DA0020C0D7002070B500254FF47A7609
:104940000446456005738660C0E91255034D40F882
:10495000105BFFF7EBFE204670BD00BFE843002070
:104960004FF0FF30704700BF407C7047007D7047BC
:10497000407D704701207047007F70472DE9F04768
:104980001E46C37C05460C46022B9146089F28D044
:104990002B68214628461B6E984798B1AC61B9F147
:1049A000000F12D004EB090801E0A0450DD03946F4
:1049B0002046B0472B6801462846DB6D01349847F6
:1049C0000028F2D10020BDE8F087AB69287F4B4476
:1049D000AB610028F7D12B6828465B6EBDE8F04735
:1049E000184783698B42D3D1D9E700BF704700BF16
:1049F000043002F0B5B800BF10B5044620210CF019
:104A0000BDFA204610BD00BF2DE9F0411F46C37C12
:104A100005460E46022B144624D02B683146284604
:104A20001B6E984778B1AE6187B1002601E0B742AE
:104A30000CD02A68214628460136D26D04F5007450
:104A400090470028F3D10020BDE8F081AB69287FB2
:104A50003B44AB610028F7D12B6828465B6EBDE86C
:104A6000F041184783698B42D7D1DDE72DE9F0414A
:104A7000204E074600F10408356805F51675ADB2FD
:104A800003E03368EB1A1B0410D4404602F06CF8C4
:104A9000FF280446F5D1FD21404602F083F8BB7C97
:104AA000CBB900230120FB74BDE8F0811E23B87C44
:104AB0007B740028F8D0387C012102F009F8FF212E
:104AC000404602F06FF8404602F022F800231846F4
:104AD000BB74BDE8F0810121387C01F0F9FF21466B
:104AE000404602F05FF8404602F012F80023BB7423
:104AF000D7E700BF146D02202DE9F041C37C012BE4
:104B000035D0867C04464EB1043002F02DF8B0F169
:104B1000FF0518BF01252846BDE8F081071D4FF0AD
:104B20000108384601F0D6FF3146207C01F0D0FF65
:104B3000FF21384602F036F8384684F8128002F039
:104B400013F8A37CB0F1FF0518BF0125002BE2D0BC
:104B50004146207C01F0BCFFFF21384602F022F8DC
:104B6000384601F0D5FF2846A674BDE8F08100253F
:104B70002846BDE8F08100BF2DE9F843204F0446E8
:104B8000884691463D68061D05F59675ADB203E071
:104B90003B68EB1A1B040DD4304601F0E5FFFF28FB
:104BA0002075F5D0FE281AD01823A07C637430B984
:104BB000BDE8F8831D23A07C63740028F8D0207C16
:104BC000012101F085FFFF21304601F0EBFF304667
:104BD00001F09EFF00231846A374BDE8F8834A46FF
:104BE0004146304601F0CCFF207538B9304601F01F
:104BF000BBFF304601F0B8FF0120D9E72523D4E7F9
:104C0000146D0220F0B5002783B00C2104463A460B
:104C1000C77400F05BF8B0B9A67C1EB90126304617
:104C200003B0F0BD05460121207C01F051FF201D9D
:104C3000FF21019001F0B6FF019801F069FF3046B5
:104C4000A57403B0F0BD0923A67C6374002EE6D0E2
:104C5000251D207C01213E4601F03AFFFF21284618
:104C600001F0A0FF284601F053FF3046A77403B0BF
:104C7000F0BD00BFC27C022A03D0012A04D001206B
:104C8000704703685B6E1847FFF7BCBF38B5036811
:104C90000D460D4904461A6A8A420CD1C27C022A8A
:104CA00004D0012A0BD00120257738BD5B6E9847D0
:104CB0000028F8D138BD90470028FBD0F3E7FFF774
:104CC000A1FF0028F6D0EEE7012402002DE9F04113
:104CD000036882B00F463549019206461A6A8A4235
:104CE0005ED1C27C022A41D0012A5BD0B47C002C68
:104CF00047D0351D0C2F11D0DFF8B480D8F8004014
:104D000004F59674A4B204E0D8F80030E31A1A044B
:104D100034D4284601F028FFFF28F5D10DF104080E
:104D200002AC47F04001284601F03CFF14F8011D99
:104D3000284601F037FFA045F8D1002F28464FF054
:104D40000A040CBF9521872101F02CFF284601F0B1
:104D50000BFF2846013C01F007FF0306A4B23075A3
:104D600001D5002CF5D102B0BDE8F0815B6E98470B
:104D70000028BBD1FF2002B0BDE8F081002FCDD0CC
:104D8000F8E7351D284601F0A5FE2146307C01F0EC
:104D90009FFEFF21284601F005FF0123B374A9E718
:104DA0009047E5E7FFF72EFFE2E700BF012402008E
:104DB000146D02202DE9F04788B005464FF0000839
:104DC000174601AC2E1D85F8128085F8118085F8F4
:104DD000158084E80E009DF80400287401F074FE2C
:104DE0000121287C01F074FE6C490723C5E90213F8
:104DF00094E8070005AB83E8070030460ECB01F0CE
:104E000073FEAC7C85F81380002C67D00A24012146
:104E1000287C01F05DFEFF21304601F0C3FE611EDB
:104E200011F0FF04F7D121460A24287C01F050FE3E
:104E3000002228461146FFF749FF012804F1FF33FD
:104E400004460AD013F0FF04F2D10123A87C6B744E
:104E5000002851D108B0BDE8F0874FF4D572082181
:104E60002846FFF733FF420757D56C752B68DFF8EC
:104E700030A19B6D534561D1687DA0F10204DFF83C
:104E80002491B4FA84F4D9F80030640903F5FA687F
:104E9000A4071FFA88F805E0D9F80030A8EB03034F
:104EA0001B0449D4372100222846FFF70FFF224672
:104EB00029212846FFF70AFF0028EDD12B689B6DBA
:104EC000534565D1687D022849D0AB7CCBBB072315
:104ED0000120C5E9027308B0BDE8F087304601F053
:104EE000F9FD2146287C01F0F3FDFF21304601F059
:104EF00059FE0123AB7489E7287C012101F0E8FD0C
:104F0000FF21304601F04EFE304601F001FE002345
:104F10001846AB7408B0BDE8F087022304246B7513
:104F2000304601F021FE631E287513F0FF04F7D10F
:104F3000AA289BD0062389E7172387E728469847A6
:104F40009BE70121287C01F0C3FDFF21304601F0E1
:104F500029FE304601F0DCFD0023AB74B7E70022E8
:104F60003A212846FFF7B2FEA8B9304601F0FCFD11
:104F700000F0C000C02801D103236B75304601F05A
:104F8000F3FD304601F0F0FD304601F0EDFD9CE709
:104F90002846984797E7122358E700BF801A060073
:104FA000FD200200146D0220F8B500220D463A21C2
:104FB0000646FFF78BFEE0B9371D2C1D384601F081
:104FC000D3FD04F8010DA542F8D1B47C14B9012435
:104FD0002046F8BD307C012101F07AFDFF213846E2
:104FE00001F0E0FD384601F093FD00232046B37444
:104FF000F8BD1223B47C7374002CE9D0341D307CCE
:10500000012101F065FDFF21204601F0CBFD204686
:1050100001F07EFD00231C46B3742046F8BD00BF9E
:1050200070B5164682B000220446FFF74FFEB0B1BD
:105030001B236374A07C08B902B070BD251D207CC1
:10504000012101F045FDFF21284601F0ABFD284676
:1050500001F05EFD00231846A37402B070BD054642
:10506000102231462046FFF787FD0028E2D0A67CBB
:10507000002EE1D0207C012101F02AFD201DFF211E
:10508000019001F08FFD019801F042FD3046A574BA
:1050900002B070BD0368254ADB6C934200B585B051
:1050A0000FD16A460921FFF7BBFF38B19DF80030E8
:1050B00013F0C00308D0402B27D0002005B05DF8C6
:1050C00004FB69469847F0E79DF809309DF80A20EF
:1050D00003F003039DF806109DF807005B0001F044
:1050E000030180009DF808C043EAD2139DF8052013
:1050F00040EA812002F00F0240EA9C101344013084
:10510000073B984005B05DF804FB9DF809009DF849
:10511000073001309DF8082003F03F0300EB034007
:1051200000EB0220800205B05DF804FBDD2B0200DD
:1051300003680A4630B59B6D83B0164D0446AB42FA
:1051400024D1407D03284FF01201204618BF52029F
:10515000FFF7BCFD20B901231846E37403B030BD4E
:105160000C23A07C63740028F8D0251D207C01212D
:1051700001F0AEFCFF21284601F014FD284601F0A5
:10518000C7FC00231846A37403B030BD01919847B3
:10519000019AD7E7FD200200F8B51446C27C064606
:1051A0000D46012A1F4602D183698B4205D029464C
:1051B0003046FFF7BDFF80B1B56187B1002501E042
:1051C000AF420CD021464FF400723046013504F551
:1051D0000074FFF7D1FC0028F2D10020F8BDB369BC
:1051E000307F3B44B3610028F8D13046BDE8F84039
:1051F000FFF708BD2DE9F84F9B46C37C06460C46D9
:10520000012B1546DDF82890DDF82C8002D183694A
:105210008B4205D021463046FFF78AFFB0B1B4611A
:10522000BBF1000F15D004EB0B0A02E0C847A24502
:105230000FD04FF4007229463046FFF79DFC074619
:105240004246204629460134002FEFD10020BDE818
:10525000F88FB369307F5B44B3610028F7D13046E3
:10526000BDE8F84FFFF7CEBC03682DE9F0415F6958
:10527000164B9F421FD1C37C04460D461646012B98
:1052800002D18369994205D029462046FFF750FF95
:1052900070B1A5614FF4007231462046FFF76CFCF7
:1052A00030B1A369207F0133A36148B1BDE8F0812B
:1052B0000020BDE8F081BC460123BDE8F041604715
:1052C0002046BDE8F041FFF79DBC00BF2529020044
:1052D00003680A4630B59B6D83B0164D0446AB4259
:1052E00024D1407D03284FF01901204618BF5202F7
:1052F000FFF7ECFC20B902230120E37403B030BDBA
:105300000E23A07C63740028F8D0251D207C012189
:1053100001F0DEFBFF21284601F044FC284601F0A5
:10532000F7FB00231846A37403B030BD01919847E2
:10533000019AD7E7FD20020003682DE9F043DB6CFA
:105340001746414A85B004460E46934245D16A4607
:105350000921FFF765FE0546B5B19DF80A305A06EA
:1053600018D5637D032B01D076027F0232462021BF
:105370002046FFF7ABFC28B93A4621212046FFF72B
:10538000A5FC70B326236374A57C9DB9284605B09F
:10539000BDE8F08303F03F039DF80B205B0043EA78
:1053A000D2137A1C32431342DBD02723A57C6374CB
:1053B000002DEBD0251D207C012101F089FBFF2170
:1053C000284601F0EFFB284601F0A2FB00231D4612
:1053D000A374284605B0BDE8F083694698470546A2
:1053E000BAE7024626212046FFF770FC0028C9D103
:1053F000DFF8588042F2107704F10409D8F8003041
:105400001F44BFB204E0D8F80030FB1A1B0417D4C5
:10541000484601F0A9FBFF280646F4D1A37C002BE7
:10542000B4D00121207C1D4601F052FB3146484694
:1054300001F0B8FB484601F06BFB0023A374A5E71D
:1054400028236374A0E700BFDD2B0200146D022047
:1054500070B5002282B00E4609210446FFF736FCE3
:10546000B0B11B236374A07C08B902B070BD251DC8
:10547000207C012101F02CFBFF21284601F092FB4A
:10548000284601F045FB00231846A37402B070BD06
:105490000546102231462046FFF76EFB0028E2D079
:1054A000A67C002EE1D0207C012101F011FB201D03
:1054B000FF21019001F076FB019801F029FB3046B5
:1054C000A57402B070BD00BF70B5002282B00E4658
:1054D0000A210446FFF7FAFBB0B11B236374A07CDA
:1054E00008B902B070BD251D207C012101F0F0FA41
:1054F000FF21284601F056FB284601F009FB002356
:105500001846A37402B070BD0546102231462046ED
:10551000FFF732FB0028E2D0A67C002EE1D0207CF1
:10552000012101F0D5FA201DFF21019001F03AFB85
:10553000019801F0EDFA3046A57402B070BD00BFCD
:1055400070B5051D16460446284601F02BFB4FF4A6
:1055500000723146284601F02FFBFF21284601F05A
:1055600021FBFF21284601F01DFB284601F0FCFA33
:1055700000F01F032075052B04D02023A07C63744A
:1055800010B970BD012070BD207C012101F0A0FA8E
:10559000FF21284601F006FB284601F0B9FA002356
:1055A0001846A37470BD00BF2DE9F041174D0646A3
:1055B0000F4600F104082C6804F51674A4B203E049
:1055C0002B68E31A1B040CD4404601F0CDFAFF28E7
:1055D000F6D13A46FC213046FFF7B2FF18B1BDE8DC
:1055E000F08124237374B07C0028F8D0307C012132
:1055F00001F06EFAFF21404601F0D4FA404601F076
:1056000087FA00231846B374BDE8F081146D0220B8
:10561000036870B59B6D1646224A82B004460D465B
:1056200093423CD1407D03284FF01801204618BF1B
:105630006D022A46FFF74AFB0546B0B10D2363749D
:10564000A07C08B902B070BD251D207C012101F0AD
:105650003FFAFF21284601F0A5FA284601F058FA42
:1056600000231846A37402B070BD3246FE212046C6
:10567000FFF766FF0028E3D0A67C002EE2D0207C56
:10568000012101F025FA201DFF21019001F08AFA85
:10569000019801F03DFA3046A57402B070BD9847FC
:1056A000C1E700BFFD20020010B4047F34B10468DC
:1056B0000123A46AA4465DF8044B60475DF8044BDF
:1056C000FFF7A6BF10B584B004460DF1040C8CE8BA
:1056D0000E009CE80E00FFF76DFB20B19DF8053031
:1056E00003F00103237704B010BD00BF0020704712
:1056F0000020704700207047704700BF084B002112
:10570000084A094810B499631C6B146012685DF86C
:10571000044B1A639A6C22F081029A6401707047FC
:1057200000002C4038D700201C890220034B586A07
:1057300080F08070C0F30060704700BF00002C4014
:10574000014B1878704700BF1C8902202B4A2C4B54
:10575000526AD3F800312B49C2F3C22203F03F034F
:10576000013270B5284C4FF47A75A4FB034305FB56
:1057700000F09B08B1FBF3FEBEFBF2FEB0EB1E1F78
:1057800035D201231E465B001A01BEFBF2F28242B3
:1057900001D9FF2BF6D9BEFBF3F2360290422AD292
:1057A0004FEA430C012200E0A446154603EB0C042B
:1057B0000132BEFBFCF1814217D9102AF4D1F02549
:1057C0004FF47A731149124A03FB0CFCBEFBFCF345
:1057D0000B60104BD16A0B402B43334343F46023DF
:1057E000D362536A1B07FCD570BD2D01E8E77246F2
:1057F00000260123D2E79C460025E1E700C00F40C8
:1058000000800D4000EC695EABAAAAAAB8D40020C3
:1058100000002C400F00F0FF014B1878704700BFCC
:10582000D18E0020014B1868704700BF38D7002088
:1058300010B4074C8C460FCCCCF800000120CCF8FB
:105840000410CCF80820CCF80C305DF8044B7047FD
:1058500004D7002010B4074C8C460FCCCCF80000C5
:105860000120CCF80410CCF80820CCF80C305DF8FE
:10587000044B704714D70020024B01201B680B60BB
:10588000704700BF24D70020704700BF10B5044602
:105890000C210BF073FB204610BD00BF044B1B789E
:1058A00023B1044B18780230C0B270470120704712
:1058B000188902201A890220184B1A7812F0C002A7
:1058C0000FD0402A01D000207047587ADA79197A2F
:1058D000013002F03F0300EB034000EB01208002A7
:1058E00070475A7A9979D87902F0030293F808C080
:1058F00001F003018000520040EA812000B593F8D6
:105900000AE040EA9C105B7942EADE12013003F0C3
:105910000F031344073B98405DF804FB14D70020A5
:10592000404A0520404938B5D2F800413F4B44F089
:1059300080043F4DC2F80041D2F8004124F03F04FA
:10594000C2F80041D2F8004144F01804C2F8004106
:10595000D2F8004124F08004C2F80041D3F880203E
:1059600042F00C02C3F880205A6A22F460525A6254
:10597000DA6942F48032DA615A6A42F400625A62A9
:10598000C1F8CC01C1F8D001C1F8BC01C1F8C00117
:10599000C1F8C401C1F8C801AA6C264B42F000420C
:1059A000AA64EA6A1343EB62EC6A14F08074FBD1D8
:1059B0004FF4C870FFF7CAFE1B4B47F2B80241F222
:1059C000B801C3F8CC411C48C3F8D041C3F8BC416E
:1059D000C3F8C041C3F8C441C3F8C841C3F8BC23ED
:1059E000C3F8C023C3F8AC23C3F8B013C3F8B4237F
:1059F0001249C3F8B823124B6863C1F8F8314FF06D
:105A0000E0234FF480420F49602081F86E00C3F814
:105A10000C21EB6A064A43F00063EB62D36A1B0178
:105A2000FCD438BD00800D4000801F4000C00F40F6
:105A300000002C40008000010B007F11009000202E
:105A4000892E020000E400E02DE9F0410AF0B0FEEA
:105A5000174E184D0746DFF8748004E00AF0A8FEE0
:105A6000C01B40451BD8346B2C40F7D0124A002194
:105A7000124B1170326B1A601968114A31631B683E
:105A8000134209D00F491F240F4B40F27A22002005
:105A90000C701A60BDE8F0810120BDE8F081064A73
:105AA000064B1470326B1A601B683363EAE700BF61
:105AB00000002C4002007F111B89022038D70020F3
:105AC00000007F11D18E0020A4D5002040420F009D
:105AD0002DE9F843264C0F462378002B38D1254B6F
:105AE0005A6AD2052BD5234DDFF89480AB6A43F474
:105AF0008033AB620AF05CFE064604E00AF058FE12
:105B0000801B40452AD86B6A13F48069F6D007F1F0
:105B10003C0C184807F50F77436A5B05FCD5ACF1E0
:105B2000400353F8042F9C450262FAD10CF1400C5B
:105B3000BC45F1D1012318462370BDE8F8839A6A69
:105B400022F480329A629A6A42F400329A62CAE778
:105B5000FFF77AFF0028C2D1BDE8F8830649212467
:105B6000064B4FF47E7248460C701A60BDE8F8830D
:105B70001B89022000002C40D18E0020A4D50020DB
:105B800040420F002DE9F041074688461F4C0AF0BD
:105B90000FFE1F4E054604E00AF00AFE431BB34207
:105BA00024D8636AD907F7D4BB02C4F8088020D48C
:105BB00027F0FF03154C174EE3600AF0F9FD144F70
:105BC000054604E00AF0F4FD401BB8420ED8236BF2
:105BD0003342F7D0226B104B1A601A6822631A689E
:105BE000D20703D51B6813F4702F0BD00020BDE83B
:105BF000F081A26CFBB222F0FF02A264A26C1343FC
:105C0000A364D5E70120BDE8F08100BF00002C406F
:105C100040420F0001000F0038D70020154B30B56F
:105C20000D4685B01968FFF7ADFF08B3124B05F1BB
:105C30000F041A6900925969019199690291DB690F
:105C40000393002301E05EF8102C03F0030C0133F2
:105C50004FEACC0C23F0030E0F2B22FA0CF20EF1BC
:105C6000100104F8012D0DEB010EECD10023EB73B4
:105C700005B030BD28D7002000002C4010B5037AB5
:105C8000DB0705D5154B1B68B3B1BDE810401847BD
:105C9000134B1B783BB9134B5C6A84F08074C4F3DC
:105CA0000064204610BD0F4B0F4C1B6B1C40B4FA18
:105CB00084F46409204610BD0C4B1C78002CF0D0F5
:105CC0000B4B0C481968FFF75DFF0028E9D0054B26
:105CD0001C6984F48074C4F30024E2E734D7002004
:105CE0001B89022000002C4002007F11178902202E
:105CF00028D7002000001A0D08B5044B0448196885
:105D0000FFF740FF08B1034B186908BD28D70020F2
:105D100000001A0D00002C4008B5074B0748196811
:105D2000FFF730FF30B1064B186980F48070C0F384
:105D3000002008BD012008BD28D7002000001A0D52
:105D400000002C402DE9F047294B8946DFF8C0A020
:105D5000284ECAF800300AF02BFD274D0446DFF824
:105D6000B480264F06E00AF023FD001BB84229D874
:105D70000DF076F931682846FFF704FF0028F2D0CD
:105D8000D8F81030DB05EED500234FF40072CAF8C6
:105D90000030D8F8283023F48033C8F82830184B66
:105DA000C8F804201B78CBB149461648FFF7EAFE35
:105DB00030B915490E24154B40F257420C701A6049
:105DC000BDE8F087104A0A210020104B117040F204
:105DD0004B42CAF800001A60BDE8F0874FEA492933
:105DE00008484946FFF7CEFE0028E9D1E1E700BFA9
:105DF000A534020028D7002000001A0D40420F00F1
:105E00001A89022020003A19D18E0020A4D5002042
:105E100034D7002000002C402DE9F041254C002112
:105E20002548A36A23F48033A362FFF7ABFE05463F
:105E300048B922490920224B40F23D2208701A60DD
:105E40002846BDE8F0811F4BDFF88080C8F800309D
:105E50000AF0AEFC636A0646D80118D41A4F04E073
:105E60000DF0FEF8636AD90111D40AF0A1FC831B7E
:105E7000BB42F5D9114A0A210025114B11704FF48C
:105E800010722846C8F800501A60BDE8F081002260
:105E9000084BC8F800205A6A9207D1D5586B9A6A05
:105EA000D96A22F4803241F08061D96258639A62E3
:105EB000C6E700BF00002C400000DB0CD18E0020A4
:105EC000A4D50020B92E020040420F0034D7002094
:105ED0002DE9F04782468946364E0AF069FC364D78
:105EE0000446DFF80081354F04E00AF061FC031B33
:105EF000BB4227D831682846FFF744FE0028F4D07B
:105F0000D8F81030DA05F0D501232D4D2D4F51462C
:105F10002B7000232C483B602C4BC8F80090C8F82D
:105F200004302B4BC8F83830FFF72CFE0446A0B9DC
:105F300028490420284B40F29F12087020461A601E
:105F4000BDE8F08723490A20234B4FF4CC7200248C
:105F500008701A602046BDE8F087204BDFF8889073
:105F6000C9F800300AF024FC2B780646BBB1DFF8F4
:105F70004C8003E00DF074F82B7883B10AF018FC24
:105F8000831B4345F6D90023C9F800301149252069
:105F9000114B4FF4D172002408701A60DAE73B68A5
:105FA00000229B07C9F80020F0D53A680C4B1A4232
:105FB000D0D0EBE728D7002000001A0D40420F0098
:105FC0001C89022038D7002011003A064000010049
:105FD00002007F11D18E0020A4D50020CD2E02001A
:105FE00000007F1100002C4034D700202DE9F04143
:105FF000324D1446AB7A13F0400012D103F03F0348
:10600000EA7A5B0043EAD213621C0A43134208D0C7
:106010002B4927242B4B40F202320C701A60BDE84A
:10602000F081294B1B780BB9490264022748FFF71E
:10603000A9FD40B922490F24224B40F20A320C70CC
:106040001A60BDE8F08121462148FFF79BFD40B969
:106050001B4910241B4B40F20D320C701A60BDE836
:10606000F08100211B48FFF78DFD38B91449112438
:10607000144B4FF444720C701A60E2E70AF098FB7C
:10608000154E164D0446DFF85C80154F31682846E2
:10609000FFF778FD18B1D8F81030DB05D1D40AF03D
:1060A00087FB001BB842F1D905492824054B40F273
:1060B000133200200C701A60C3E700BF14D7002011
:1060C000D18E0020A4D500201A89022000001A20B9
:1060D00000001A2100001B2628D7002000001A0DFE
:1060E00040420F0000002C402DE9F04F12F0030455
:1060F00083B018BF012401900093002B08BF44F027
:1061000001045CB140492520404B40F2F5120024C7
:1061100008701A60204603B0BDE8F08F3C4B15466E
:106120003C4A0E46DFF80C9113600AF041FBDFF8A1
:1061300008810746DFF804B1DFF8F0A006E00AF0B6
:1061400037FBC01B504544D80CF08AFFD9F800102B
:106150004046FFF717FD0028F1D0DBF81030DA05D4
:10616000EDD5009A2C4B2B4903EA024300222B4F1A
:106170000A6043F400730121DFF8C4803970C8F865
:106180000020CBF80050CBF80430254BCBF838304A
:10619000244B1B7843B331460198FFF7F3FC81464B
:1061A0000028B7D0204B1B4A13600AF001FB3B7854
:1061B0000546DBB11D4E03E00CF052FF3B78ABB15E
:1061C0000AF0F6FA401BB042F6D90023114A1360D8
:1061D000A0E70D4B0A2200210E481A704FF4FC7202
:1061E0000A4B01601A6095E77602D4E70023094A5A
:1061F0001360D8F800309B078CD5D8F800200C4BE2
:106200001A4208BF4C4685E7D18E0020A4D5002055
:10621000A534020034D700200000FF1F1C89022093
:1062200002007F111A890220CD2E020040420F0089
:1062300000007F1128D7002000001A0D00002C401C
:1062400038D70020F8B50646007A0C461546C00738
:106250001F4613D483B10F4401E0BC420CD0336815
:106260002A46214630461B69013405F500759847DA
:106270000028F2D10020F8BD0120F8BD900712D00F
:10628000002BF9D00F4401E0BC42F5D033682A4618
:10629000214630461B69013405F5007598470028F2
:1062A000F2D10020E7E70648FFF71EFF0028E3D100
:1062B00004490C24044B40F2A1320C701A60F8BD62
:1062C00037003A12D18E0020A4D50020F8B506463A
:1062D000007A0C461546C0071F4613D483B10F44FD
:1062E00001E0BC420CD033682A46214630465B6A46
:1062F000013405F5007598470028F2D10020F8BD5B
:106300000120F8BD900712D0002BF9D00F4401E016
:10631000BC42F5D033682A46214630465B6A0134D8
:1063200005F5007598470028F2D10020E7E70648F8
:10633000FFF7DAFE0028E3D104490E24044B40F2B3
:106340003D420C701A60F8BD27003A19D18E00202A
:10635000A4D500202DE9F04F0025DFF8C0929B4C1A
:1063600091B0DFF8BC829A4E0172457289F80050F4
:10637000257088F800503570FFF7D2FA2946284674
:10638000FFF700FC50B90121924B40F28E220546E6
:1063900021701A60284611B0BDE8F08F03258E4F9A
:1063A0004FF4D5713846FFF7EDFB00284ED1013D83
:1063B000F6D13378002B3DD0DFF868B20AF0F8F957
:1063C000864E0546DFF860A2854F00213046FFF774
:1063D000D9FB50B9002517217E4B4FF42A7228466D
:1063E00021701A6011B0BDE8F08F59465046FFF792
:1063F000C9FB0028EED00AF0DBF9401B794BB8420C
:10640000E8D81A69002AE0DA1969774A11601B692D
:106410005A0002D5012388F8003000217348FFF7A5
:10642000B1FB054610BB02216A4B40F2B12221703C
:106430001A60AFE7FFF774FA29462846FFF7A2FB78
:106440003378002BB8D14FF4401BB7E7654B1B697D
:10645000B3F5D57F07D006215E4B4FF4257200259A
:1064600021701A6096E701233370A5E70021604888
:10647000FFF788FB054630B90321564B4FF42D72C8
:1064800021701A6086E7574E5A4B32695A4F1340B3
:106490005A495B483B60FFF7C1FB054630B907210D
:1064A0004C4B40F2B92221701A6073E755495648A7
:1064B000FFF7B4FB054630B90821464B4FF42F7265
:1064C00021701A6066E739685048FFF75BFB0546A4
:1064D00030B905213F4B40F2BF2221701A6059E7C5
:1064E00039683E48FFF74EFB38B91421394B40F26A
:1064F000C322002521701A604CE702214448FFF7AF
:1065000041FB05460028F0D0B36A69466FF07F4032
:1065100023F00603B362B36A43F00203B3624FF0A1
:1065200010137364FFF7D4FC9DF80D309B0743D51F
:10653000002841D0274E6946364894F800803768D5
:10654000FFF7C6FC9DF8103003F00F03012B36D186
:10655000A8B34CF25030304C0523C4F8CC31C4F809
:10656000D031C4F8BC31C4F8C031C4F8C431C4F867
:10657000C831FFF7EBF8002347F2B802C4F8CC317A
:10658000C4F8D031C4F8BC31C4F8C031C4F8C43147
:10659000C4F8C83141F2B803C4F8BC23C4F8C0231E
:1065A000C4F8AC23C4F8B0330123C4F8B423C4F84E
:1065B000B82389F80030EDE646F2A810CBE746F2A2
:1065C000A81084F800803760C5E700BFD18E002096
:1065D00018890220A4D5002000001A0800001A37EC
:1065E00040420F0000002C4024D700200000090288
:1065F00000001A030000FFFF28D7002014D7002056
:106600000000090904D700200000090A00001B0748
:1066100000001A06F1FFFF8000801F40178902204A
:106620001A8902200000304000000229374B5A6AC4
:1066300092052DE9F0410F460DD49A6A22F480327A
:106640009A6272B69A6A42F400329A629A6A42F484
:1066500080329A6262B60AF0ABF82C4EDFF8C48042
:10666000054604E00AF0A4F8431B434537D8746A92
:1066700014F40064F6D007F13C0C244807F50F77BA
:10668000436A1B05FCD5ACF14003026A43F8042FB2
:106690009C45FAD10CF1400C6745F1D10AF088F81D
:1066A0001A4F1B4D0646DFF87C8004E00AF080F8A4
:1066B000831B43451DD83C6B2C40F7D03B6B154AE0
:1066C000136013683B63136813F002031BD0126856
:1066D000114B1A420CBF01200020BDE8F0810F4988
:1066E0001A250F4B40F2563220460D701A60BDE855
:1066F000F0810A491D250A4B40F2613220460D7097
:106700001A60BDE8F0811846BDE8F08100002C4019
:1067100002007F1138D7002000007F11D18E0020A9
:10672000A4D5002040420F002DE9F047294B8946AF
:10673000DFF8C0A0284ECAF800300AF039F8274D1B
:106740000446DFF8B480264F06E00AF031F8001B5B
:10675000B84229D80CF084FC31682846FFF712FAB9
:106760000028F2D0D8F81030DB05EED500234FF426
:106770000072CAF80030D8F8283043F48033C8F8E3
:106780002830184BC8F804201B78CBB1494616486E
:10679000FFF7F8F930B915490C24154B40F2BD321A
:1067A0000C701A60BDE8F087104A0A210020104BD7
:1067B000117040F2B132CAF800001A60BDE8F087EB
:1067C0004FEA492908484946FFF7DCF90028E9D192
:1067D000E1E700BFA534020028D7002000001A0D11
:1067E00040420F001A89022030003A12D18E002058
:1067F000A4D5002034D7002000002C402DE9F04122
:1068000000221D4C0D4642721146A36A1B4823F418
:106810008033A362FFF7B6F940B919490924194B2F
:1068200040F2D3320C701A60BDE8F081002DFBD02D
:10683000154B164E336009F0BBFF636A0746DA0159
:1068400016D4DFF84C8004E00CF00AFC636ADB012C
:106850000ED409F0ADFFC01B4045F5D9084A0A2106
:106860000020084B117040F2D73230601A60DBE72D
:10687000002328463360D7E700002C400000DB0CE3
:10688000D18E0020A4D50020B92E020034D70020DC
:1068900040420F000A4B1B7810B504461BB9637ABF
:1068A00043B9012010BDFFF7CFF80028FAD0637A72
:1068B000002BF6D020460121BDE81040FFF79EBF17
:1068C0001B8902202DE9F0410446007AADF5007DD8
:1068D000164610F0010513D093073CD00123384829
:1068E0006A46FFF701FC00283AD04FF4007269466F
:1068F00030460AF0A3FA28460DF5007DBDE8F08188
:10690000DFF8CC800F4698F80030002B35D1637A41
:10691000012B39D022682B49126A8A424AD198F851
:106920000020002A34D1002B39D139462046FFF708
:10693000FBFEE8B101236760637231462046FFF732
:1069400075FEA8B1636805460133284663600DF5FE
:10695000007DBDE8F08101231948FFF7C5FB38B978
:1069600019490B20194B4FF45D72002508701A600D
:1069700028460DF5007DBDE8F081FFF765F8002899
:10698000F6D0637A012BC5D16268BA42C2D1D4E78E
:10699000FFF75AF80028EBD0637A002BC5D001210D
:1069A0002046FFF72BFF0028BFD128460DF5007DBC
:1069B000BDE8F081204690470028F6D0B5E700BF3B
:1069C00011003A1121400200D18E0020A4D50020F0
:1069D0001B8902202DE9F041047AADF5007D0F46B8
:1069E000904614F001041DD012F0030F06D0684643
:1069F00011464FF4007280460AF020FA0123424605
:106A000039462C48FFF770FB044630B92A490D205F
:106A10002A4B40F2114208701A6020460DF5007DA5
:106A2000BDE8F081264D06462B782BBB737A022BEE
:106A300029D032682349126A8A4236D12A7832BB79
:106A4000002B2BD13368394630461B6E98470028FF
:106A5000E3D0022377607372336841463046DB6DC2
:106A600098470028D9D073680446013320467360E4
:106A70000DF5007DBDE8F081FEF7E6FF0028CCD0E3
:106A8000737A022BD5D17268BA42D2D1E4E7FEF70D
:106A9000DBFF0028C1D0737A002BD3D00121304610
:106AA000FFF7ACFE0028B8D0CCE73046904700286E
:106AB000B3D0C7E701003A18D18E0020A4D500203A
:106AC0001B89022021400200012109F0D7BE00BF2E
:106AD00009F098BE08B5034653F8040B93E8060086
:106AE000F7F702FA08BD00BF84B00DF1100C0CE9F5
:106AF0000E00024623B11846136004B000F008BB34
:106B0000024B1846136004B000F002BBB07C0020BA
:106B10000268D37C13B3D80704D5906A4FF0E02104
:106B2000C1F80001990704D5D06A4FF0E021C1F8FF
:106B30000401580704D5106B4FF0E021C1F808019B
:106B4000190704D5506B4FF0E021C1F80C01DB06AA
:106B500004D5926B4FF0E023C3F81021704700BFBB
:106B6000006800F0F3BB00BF0268FF2312685366A1
:106B7000D36D13F4F81FFBD0506FC0B2704700BF45
:106B800030B50C4683B00546FF21204601920FF038
:106B90007DF92868019B2246214600F0D3FB0020A6
:106BA00003B030BD03681A685166D36D13F4F81F43
:106BB000FBD0536F704700BF531EB3F5007F30B555
:106BC0001446ADF5017D054611D36AB10368481E30
:106BD0001968821810F8013F4B66CB6D13F4F81F4B
:106BE000FBD090424B6FF5D10DF5017D30BD68466D
:106BF0000AF024F96A4623462868114600F0A2FBF1
:106C00000DF5017D30BD00BF30B5037883B0DC07E2
:106C10001DD50446406804F110020368E168019242
:106C20005B6A9847019A0546A8B12378990708D569
:106C30006068D4E90231194403685B6A984750B12F
:106C4000237823F001032846237003B030BD0125CB
:106C5000284603B030BD0025284603B030BD00BF34
:106C6000F8B543680BB3C36804460F4615468B421C
:106C700006D110F8103B05F003052B432370F8BD37
:106C8000FFF7C2FF88B16B0705D504F11006304647
:106C90000023E760EFE7606804F1100639460368F7
:106CA00032461B6998470028F1D10020F8BD00BF8B
:106CB0004FF0000C024B82F800C01B68184700BF61
:106CC00040D70020024A0349034B11601860704707
:106CD0003CD700203D44020040D7002010B50446B8
:106CE000808982B018B10023A38102B010BDD4E91D
:106CF00001318B42F9D201AA184600F0B7F880B1F1
:106D0000019B6060B3F5803F01D298B2EDE7980A2D
:106D1000C3F30903A0F52150A3F5105380B2A3815A
:106D2000E3E74FF6FF70E0E7B1F5807F21D8102947
:106D30002ED840234FF0200CB2FBF3F1B1F5806F59
:106D400020D203FB112300B5B2FBFCFEB3FBFCF326
:106D50000CFB1E224FEA910CDBB201322CF03F0CEF
:106D6000C9B2037042EA0C028170D2B242705DF87F
:106D700004FB3F239C46802910D9B1F5FC7F0FD836
:106D80001B01D9E7FF21FE2341700370817070471A
:106D9000202916D880234FF0200CCDE7DB00CBE76D
:106DA000B1F57C7F04D9B1F5FC6F03D89B01C3E733
:106DB0005B01C1E7B1F57C6F94BFDB01C3EB03233B
:106DC000BAE720239C46D6E77F28A2EB010205D82C
:106DD00012B10A4602F8010B10467047B0F5006F79
:106DE0000FD2012A40D94FEA901C00F03F030A4617
:106DF0006CF03F0063F07F0302F8020B10464B700B
:106E00007047B0F5803F16D2022A2DD9C0F3851CF9
:106E100000F03F03CA1C63F07F0300B54FEA103E49
:106E20006CF07F008B706EF01F0E4870104681F87A
:106E300000E05DF804FB032A16D94FEA904CC0F33A
:106E40000532C0F3851300F03F0062F07F026CF062
:106E50000F0C63F07F0360F07F004A700A1DC8705A
:106E600081F800C08B70B7E70022B5E788423DD2B9
:106E7000034610B490F900001C7800282DDA04F0C5
:106E8000E000C02834D004F0F000E02834D004F052
:106E9000F800F02826D104F00704042018448842A2
:106EA00020D8013313F8011B01F0C00C01F03F01A1
:106EB000BCF1800F41EA841414D18342F2D1A4F1D1
:106EC00080010F4B99420DD8A4F55843B3F5006FDC
:106ED00008D314605DF8044B7047581C14605DF8CB
:106EE000044B704700205DF8044B7047002070474A
:106EF00004F01F040220D1E704F00F040320CDE7C3
:106F00007FFF10007E283ED94FF0350C002330B4AF
:106F1000284C04E034F82120824220D80B46ACEB08
:106F20000302012A03EB5201F4D89BB234F8232068
:106F3000904216D24B2400231F4D04E035F8212047
:106F400082421ED80B46E21A012A03EB5201F5D801
:106F50009BB235F8232082421FD030BC70478C464C
:106F6000DDE704EB8304821AE3789A42E2DA94F9CB
:106F70000230012B16D0D3B19BB2034430BC98B27F
:106F800070470C46DFE7A0F16103192B8CBF00238B
:106F90000123A0EB431398B2704705EB8305688883
:106FA00030BC704702F00102831A98B2D5E74EF266
:106FB000A033E2E7843E0020F83C002090F81CC09B
:106FC0004160BCF1020FC26001D18368184708F02C
:106FD0009BBA00BFF0B4046840F201251E4625614B
:106FE000A3B121B311F8015B013B6566256FAF07C3
:106FF00007D41546013E676F1AB105F8017B2A4692
:1070000004686569ED07F1D5002BEAD16EB103681C
:10701000196F8907FAD41146013E5B6F002AF5D03B
:1070200001F8013B0A46002EF1D1F0BC704790F800
:107030003C50D9E7324B334930B5D3E9115420796C
:10704000C8771A6C95F804C081F81CC0087752B153
:10705000B2F5004F23D32C4911442A4A1964D07643
:1070600082F81BC030BD19680F24D86C8C6540F2C3
:107070000134CA610C614FF47C544C6103210468F3
:10708000246883F83D10214B9C4226D1037F426047
:10709000022BC26026D18368BDE8304018472D68B6
:1070A000E98B090422D492B2EA832168EC8BA4B262
:1070B000EC82CC8B240405D5CC8BC2F3080204F4FB
:1070C0007E442243CA83CA8B92B2CA8200210D4AEF
:1070D0001964D07682F81BC030BD23461146BDE846
:1070E00030401847BDE8304008F00EBAE98BC2F3D3
:1070F000080E92B201F47E4141EA0E01E983D4E721
:10710000B07C002000800E400180FFFF4947020054
:1071100043682DE9F04FD3E90041814D4FF0B80AA3
:1071200022684FF0020822EA01027E492260AA6921
:1071300011407D4A0A43AA6190F810E07B4A03EBB4
:107140000E0603EB8E0E317C02EB01118968C1F84B
:1071500000A090F811C003EB0C050CF10A0C95F897
:10716000241002EB01118968C1F800A0817C03EBB7
:10717000010903EB810199F838B002EB0B1BDBF836
:1071800008B0CBF800A0D4F800A05F684AEA070A6C
:10719000C4F800A0347CDEF814E002EB0414646848
:1071A000C4F800E095F8244053F82CC002EB041416
:1071B0006468C4F800C0C96B99F8384002EB041247
:1071C000526811609A6C99F8441011601A6A317F04
:1071D0005B6B116095F830201A600F220368C3F8CA
:1071E00010809A65C27C002A31D072B6C37CDC075D
:1071F00008D54FF0E0214469D1F880212240826215
:10720000C1F88021990708D54FF0E0218469D1F8B1
:1072100084212240C262C1F884215A0708D54FF068
:10722000E021C469D1F8882122400263C1F8882195
:107230001F0708D54FF0E021046AD1F88C212240C5
:107240004263C1F88C21DE0655D462B60368384C1F
:107250008268A24259D0324A846092693549C2F3A9
:107260000116C2F38262344D51F826100132B1FB8F
:10727000F2F2AA4231D80022C260002403211C612C
:107280000724596201211A641C661961C37C13B377
:10729000DD0704D5816A4FF0E022C2F800119C0797
:1072A00004D5C16A4FF0E022C2F80411590704D591
:1072B000016B4FF0E022C2F808111A0704D5416BA8
:1072C0004FF0E022C2F80C11DB0604D5826B4FF0C0
:1072D000E023C3F81021BDE8F08F1849A1FB02514B
:1072E000090DB2FBF1F2A24288BF0131B1F5817FF5
:1072F0000DD3134AC0E74FF0E022416AD2F8903133
:107300000B408363C2F890319FE7C268B5E702295A
:10731000B1D902394C08220242EA04420A43ABE7DF
:1073200000C00F40CFFFFFE31000000854480020CA
:1073300000093D0060450020FF083D0083DE1B433F
:10734000FF7F7F000BB1FFF745BE70474368D3E96D
:1073500000120968114200D1704710B50268044656
:10736000002005211061227C1344187C09F086FA64
:10737000627C63680521134493F8240009F07EFAC7
:107380006368A27C05211344BDE8104093F83800DF
:1073900009F074BA2DE9F0410021804607F006FF9C
:1073A000F8B100F1140100F58A7CD8E9082351E90D
:1073B000047651E90254C7FBC723C6FBC623C5FBAD
:1073C000C523C4FBC42310316145F0D1D8F828107F
:1073D0000131C8E90823C8F82810BDE8F04107F0DA
:1073E00099BED8F828300133C8F82830BDE8F081BC
:1073F00010B5044608F06EF8204610BD024A034955
:1074000003480CF0EBBF00BF088200207D4B020058
:1074100030D900200020704700207047F8B50127C0
:10742000027A1E4C0D46BA40C1F30721064620469B
:1074300084F8A52084F8307184F82F7107F024FBBC
:10744000E9B2204607F020FB0021204607F0F4FBBC
:1074500008B10020F8BD3B460222317A204607F0F1
:107460006BFC0128F5D994F8A22094F8A30082427D
:1074700010D2531CA118DBB2897E98424FEA012139
:1074800084F8A23006D923440232987E84F8A220E0
:107490000843F8BD4FF0FF30F8BD00BFDC7D002091
:1074A000F8B5224C06460D460127204613F0DAFDBA
:1074B000052009F029F9327AC5F307212046BA40A0
:1074C00084F8307184F82F7184F8A52007F0DCFA75
:1074D000E9B2204607F0D8FA0021204607F0ACFBBD
:1074E00008B10020F8BD3B460222317A204607F061
:1074F00023FC0128F5D994F8A22094F8A300824235
:1075000010D2531CA118DBB2897E98424FEA0121A8
:1075100084F8A23006D923440232987E84F8A2204F
:107520000843F8BD4FF0FF30F8BD00BFDC7D002000
:10753000F8B50127037A144C242903FA07F30D4602
:1075400008BFC2801646C1F30721204684F8A53043
:1075500084F8307184F82F7107F096FAE9B220466A
:1075600007F092FAC6F30721204607F08DFA20466D
:10757000F1B207F089FA3946204607F05DFBB0FA10
:1075800080F04009F8BD00BFDC7D00202DE9F0410E
:107590004FF001080F461546302144F2600280F892
:1075A00004800446FFF7C4FF064610B93046BDE824
:1075B000F0816C2226212046FFF7BAFF4FF4F972C2
:1075C00028212046FFF7B4FF40F622722C212046E6
:1075D000FFF7AEFF44F246423C212046FFF7A8FFEA
:1075E00040F2371224212046FFF7A2FF002F6BD074
:1075F000454B342120469F428CBF42460022FFF774
:1076000097FF07EE905A9FED417A3221B8EE676AF4
:1076100007EE907A2046F8EE676AB5FBF7F2C6EE01
:10762000267A02F01F0206EE902AF8EEE66A77EE5E
:10763000E67A67EE877AFCEEE77A17EE903AC3F3C4
:107640000A0343EAC222FFF773FF44F2FF523021DC
:107650002046FFF76DFF732202212046FFF768FFE7
:107660004FF4C87009F050F841F61D522E21204603
:10767000FFF75EFF072204212046FFF759FFB022E3
:1076800006212046FFF754FF10220A212046FFF76B
:107690004FFF00220E212046FFF74AFF43F63C42EF
:1076A00010212046FFF744FF47F67F722221204633
:1076B000FFF73EFF362224212046FFF739FF012342
:1076C00030466372BDE8F08144F2FB02302120466F
:1076D000FFF72EFF732202212046FFF729FF4FF408
:1076E000C87009F011F841F61D522E212046FFF70F
:1076F0001FFF042220461146FFF71AFF3022062101
:107700002046FFF715FFBFE7406603010000004574
:1077100010B50446084813F0A5FC052008F0F4FF56
:1077200006212046FFF77AFE2046044A0021BDE8E4
:107730001040FFF72BBF00BFDC7D00200040C40AD3
:1077400010B50446D1B1012901D0002010BD40F28E
:1077500073122A21FFF7ECFE0028F6D088222021A0
:107760002046FFF7E5FE0028EFD0E28820462421DE
:1077700022F00402BDE81040FFF7DABE55222021B6
:10778000FFF7D6FE0028E0D0E2882046242142F010
:107790000402BDE81040FFF7CBBE00BF0B4620211E
:1077A0000F2B28BF0F230F2A28BF0F2242EA0312F4
:1077B000FFF7BEBE38B5054611B380290CD8C1F11C
:1077C00080042B7944EA042453B922462846222116
:1077D000BDE83840FFF7ACBE2B790024002BF4D075
:1077E000EA8800232421284622F010022B71FFF79B
:1077F0009FFE224628462221BDE83840FFF798BE6A
:10780000012347F67F7222210371FFF791FEEA8878
:107810002846242142F01002BDE83840FFF788BE18
:107820009FED1F7ADFED1F7AE0EE077A38B5054647
:10783000FCEEE77A17EE904A14B3802C0CD8C4F112
:1078400080042B7944EA042453B922462846222195
:10785000BDE83840FFF76CBE2B790024002BF4D034
:10786000EA8800232421284622F010022B71FFF71A
:107870005FFE224628462221BDE83840FFF758BE69
:10788000012347F67F7222210371FFF751FEEA8838
:107890002846242142F01002BDE83840FFF748BED8
:1078A00000000143EE7CFF3E10B50E210446FFF7B9
:1078B000B5FD02460E21204642F44072BDE810405C
:1078C000FFF736BE38B50C462E2105460D2C38BFC5
:1078D0000D241F2C28BF1F24FFF7A0FD074B2E21CE
:1078E00044EA0424034028461C432246FFF720FEB6
:1078F000002808BF0024A0B238BD00BFE0E0FFFFB1
:107900002DE9F04F002183B0044607F05BFC0146EF
:10791000002800F0BD80237F002B31D0021D00F530
:1079200082704FF0804B4FF6FF7AE68B6EBB237F61
:10793000022B09D0013B062B00F2A580DFE803F003
:1079400092A309867F6D5E00A38DE383002B40F038
:1079500095804FF00403E58D2377236BE58303F1D6
:10796000404393FBF5F363628242DED3002900F0CB
:10797000828020460022019107F0F4FB019908461D
:1079800003B0BDE8F04F07F0C5BB013ED4E9085392
:10799000B6B289B35B14D2E900C903EBA535D2E9CD
:1079A000027835FB0CFE1D4435FB1CFCCEEA0C4E68
:1079B0001D4435FB09FC1D4435FB19F9CCEA094C83
:1079C00003EB050939FB07F5994439FB17F7C5EABD
:1079D0000747994439FB08F54B4433FB18F3C5EAD4
:1079E0000345C2E900ECC2E902751032D4E908533C
:1079F0001D44E6832562B7E71032F9E70023258DA1
:107A00002362E583002D47D04FF00103013D23772A
:107A10000023AEB263621D46BBE70023904223778A
:107A2000A4D91032154619B142E9043342E90233B0
:107A3000854202F11002F5D300299AD11BE0D4E966
:107A400008534FF6FE76A4F81EA0A2E74FF00503F8
:107A5000256B4FF6FE76A4F81EA02377002325623F
:107A6000636296E74FF002032377638DE383BBFBEA
:107A7000F3F3636278E703B0BDE8F08F0323C4E952
:107A800008B6237770E7D4E908534FF6FF7680E70E
:107A900002464FF4807044E7668D4FF0020323776F
:107AA000E683BBFBF6F3013E6362B6B271E700BF4B
:107AB00072B6037F012B01D9C28EA2B90022038DB9
:107AC0000262C38353B9428D4FF080430221C283C7
:107AD0000177B3FBF2F3436262B67047012342625F
:107AE000037762B67047072BF6D0036A0721C2837B
:107AF0005B42017793FBF2F3436262B6704700BFCB
:107B000072B6037F53B1072B08D0036A0621828E19
:107B10005B420177C28393FBF2F3436262B6704724
:107B2000C369002B00F09780C16A2DE9F047064633
:107B3000002962D0002107F045FB8246002860D072
:107B4000871C00F58174D6E9071510E031F91E0095
:107B50004044C3184FD4306B43F34F03121827F837
:107B6000023F48BF22F00042BC4272634BD0B38C4C
:107B7000F08E0133C0F30E001BB2AB42ACBF00234A
:107B800001EB4301B384B7F902300B800BF088FCA2
:107B9000B6F924E0356AF169D6E90A2300FB02F25E
:107BA00003EBE233726BBEEB030348BF5B19AB42DE
:107BB000A8BF5B1B002896F83800B4BF03F1FF395B
:107BC00003F1010931F91380B9F1000FB8BFA944DD
:107BD000A945A8BFA9EB050931F91930C2F34E092F
:107BE000A3EB080309FB03F343F3CF330028ADD124
:107BF00013EB0803AFD50133ADE707F0E3FA804696
:107C000058B9BDE8F08730465146002207F0AAFA7D
:107C10005046BDE8F04707F07DBA021D00F58277B7
:107C2000D6E90751B38C2C4601331BB28B42ACBF53
:107C3000002305EB4304B38432F9023BBA422380AC
:107C4000F0D130464146002207F08CFA4046BDE8AC
:107C5000F04707F05FBA7047000000009FED177B08
:107C6000B7EEC00A002A9FED176B20EE070BB8BFD6
:107C70000132521010B480EE067B019CC1610021DC
:107C800084625C1C4163B8BF0B468184A8BF01219C
:107C900002629A42BDEEC77B80ED0C7A04DDC362BE
:107CA00008465DF8044B7047013A00215DF8044B2B
:107CB000C2620846704700BFAFF3008000000000BA
:107CC0000000E041000000008088E5409FED117B4E
:107CD000B7EEC00A82624A1C034620EE070B9FEDF6
:107CE0000F6B80EE067BBDEEC77B80ED0C7A0BDB65
:107CF00001201A6AD9628A4202DC013A0020DA6263
:107D000000225A639A84704700210846F1E700BFB9
:107D1000AFF30080000000000000E0410000000020
:107D20008088E5402DE9F0410021804607F04AFABD
:107D300004460121404607F039FA05468CB3A0B34A
:107D40000C3004F10C0105F5867C51E9022350E961
:107D5000026712FB36FE2EF3CF3E12FB06F222F331
:107D6000CF32C2EA0E4213FB37FE2EF3CF3E13FB97
:107D700007F323F3CF33C3EA0E430830604541E9EC
:107D8000022301F10801E0D100222146404607F01C
:107D9000E9F9204607F0BEF92846BDE8F04107F0B2
:107DA000B9B90028F9D1BDE8F0812046BDE8F0411D
:107DB00007F0B0B9C3699BB300212DE9F041044637
:107DC00007F000FA054648B3B4F92000A91CE6699B
:107DD00005F5817C31F8022F82F400428C4542FA8D
:107DE00000F306EB430836F913E003FA00F7B8F99D
:107DF0000230A2EB0702A3EB0E0302FB03F343FAEC
:107E000000F373440B80E5D120462946002207F099
:107E1000A9F92846BDE8F04107F07CB9BDE8F0813A
:107E2000704700BF10B5044B0446C069236008B119
:107E300009F0A2F8204610BD344300202DE9F0419E
:107E4000941EB4F5004F29D20E4639B3551E904604
:107E50002C4023D10746C06908B109F08DF84FEADC
:107E6000480009F087F83146F86102389FED0C7A36
:107E7000F1EC017A013467EE877AA045FDEEE77AEE
:107E800017EE903A20F8023FF2DC10236A103B8490
:107E900004D0013B52101BB2FBD13B84BDE8F08102
:107EA00000FEFF4670B50021054607F07FF9E0B1FE
:107EB000EB69B3B1012B044618D007F0D5F806469C
:107EC00070B1021D8023211D05F120000BF062F925
:107ED00028460022314607F045F9304607F01AF9E6
:107EE0002046BDE8704007F015B970BD014600227C
:107EF000284607F037F92046BDE8704007F00AB978
:107F000038B50021054607F05DF900284BD095F8FB
:107F100020200446031D4AB395ED076A00F58272DE
:107F2000D5ED096AB1EE466AB3F9001007EE901A72
:107F3000F8EEE77AE6EE267ABDEEE77A76EEA76A05
:107F400017EE101A0FFA81FC23F802CB9A42EBD1FC
:107F50002846C5ED096A2146A4F802C1002207F0AF
:107F600001F92046BDE8384007F0D4B8D5ED075AEE
:107F700000F58272D5ED096A25EEA66AB3F9001004
:107F800007EE901ABDEEC67AF8EEE77A17EE101AF1
:107F900077EEC67A0FFA81FC23F802CB9A4276EE8E
:107FA000A76AE9D1D4E738BD2DE9F04F83B0C469A1
:107FB00001F580790190002C0198B8BF0134DDF8FB
:107FC0003080D0E90965D0E90BE06410774631F9DB
:107FD00002BBAA464FEA0B3554FB10FC07EB8C079B
:107FE00056FB10FC0AEB4A0EAE44C7EBAE0EAEEBEE
:107FF0008C0E54FB1EFE00EB8E0E54FB1EFC07EB9A
:108000008C0C0AEB050756FB1EFACCEB6700A0EBC5
:108010008A0054FB10F00EEB800E54FB1EF00CEBAC
:10802000800C56FB1EFA07EB4B30CCEBA000A0EB0C
:108030008A0054FB10F00EEB800054FB10F70CEBA1
:10804000870756FB10FEA5EB070CACEB8E0C54FB20
:108050001CFE00EB8E0027F30F3A20F30F3E2CF3AB
:108060000F3C894522F802AB23F802EB28F802CB3B
:10807000ADD1019BBE46C3E90A57186303B0BDE802
:10808000F08F00BF2DE9F04F9146826987B0002A3A
:10809000059001F58070B8BF0132109F0290521018
:1080A000DDF8448001930392059A106A0490D2E9A6
:1080B0000BE0D2E909548346049A4FF0005339F992
:1080C000020B02FB00F03D4A02EAC0063C4A56FBA6
:1080D000123C56FB16F23B4B52FB13CC3A4B56FB71
:1080E00013F652FB16F20CEB4202039BC016520031
:1080F000C0F10600024153FB12F2344B264631F91F
:1081000002AB9A424FEA0A34A8BF1A46120252FB47
:108110001BF00EEB800E55FB1BF006EB460CA44447
:10812000CEEBAC0CACEB800052FB10F00BEB800004
:1081300052FB10FB0EEB8B0B264455FB10FECBEBDA
:10814000660CACEB8E0C52FB1CFC00EB8C0C52FB57
:108150001CFE0BEB8E0E55FB1CF006EB4A36CEEBED
:10816000A606A6EB800052FB10F00CEB800052FB41
:1081700010F60EEB860E55FB10FCA4EB0E06A6EBDC
:108180008C0652FB16F200EB820B2EF30F302BF312
:108190000F3226F30F36019B23F8020B0193029B4B
:1081A00027F8022B8B4228F8026B85D1059BC3E987
:1081B0000A4EC3F830B007B0BDE8F08FF8FFFF3FBC
:1081C00059B90F596F0C48735A1CF2507C3F2D005F
:1081D0002DE9F043002183B0044606F0E7FF054691
:1081E0000121204606F0E2FF0646002D3CD006F0B5
:1081F0003BFF0746002853D006F036FF8046002894
:1082000037D006F031FF8146002850D0031D002EE4
:108210003DD0019308F104032046321D0093291D2F
:108220003B1DFFF72FFF304606F074FF284606F08F
:1082300071FF00223946204606F094FF384606F0CA
:1082400069FF01224146204606F08CFF404606F0B9
:1082500061FF20460222494606F084FF484603B0EB
:10826000BDE8F04306F056BF0028F8D103B0BDE8E2
:10827000F083284606F04EFF384606F04BFF002EEE
:10828000F4D0304603B0BDE8F04306F043BF00939E
:108290003A1D08F10403291D2046FFF785FEC5E7B6
:1082A000284606F037FF002EE0D03046EAE72846A1
:1082B00006F030FF384606F02DFF404606F02AFF54
:1082C000002ED3D03046DDE7024A034903480CF0C4
:1082D00085B800BF088200207D4B020080D80020B6
:1082E000294A2A4B2A4910B5146810792269C8779F
:1082F0009A420BD2274A1278002A41D04FF0E0224E
:10830000402103F5807EC2F8081202E09E46A3F5E4
:1083100080732149214A0968106881B378B3204CE1
:108320002288402A2BD802F1020C403201EB4C018A
:10833000228000EB4C001A46BFF34F8F03F120045C
:1083400003F5807CA44534BF4FF0010C4FF0080CBE
:108350004FF0E02403EB4C1CC4F85C2F2032624544
:10836000FAD1BFF34F8FBFF36F8F33F9042B21F88E
:10837000022B9E4533F9022C20F8022BF5D810BDB4
:1083800003F5807EC5E700BFDCD70020A0B3202026
:1083900000800E401E890220D4D70020D8D70020AC
:1083A000F8880220F8B5064606F05EFEC0B1044625
:1083B00006F05AFE054680B172B61E4B1A887F2A17
:1083C00017D81D490A6872B362B6204606F0A2FEAD
:1083D0002846BDE8F84006F09DBE204606F09AFE0D
:1083E00072B6144B1A887F2A01D862B6F8BD0025F0
:1083F0002C4611480022114907681A8004600C6855
:108400000D6062B63946304606F0ACFE384606F0DE
:1084100081FE30462146012206F0A4FE2046BDE83A
:10842000F84006F077BE0C6004491A80086062B616
:10843000F8BD00BFF8880220D4D70020D8D700208C
:1084400038B5234C01210625204606F0E9FF00201F
:1084500000F0B6FA02221F4903201F4BC1F87C012D
:10846000C3F894211D4923681D4859609A609A8277
:108470004FF480721B49186000201961DA8221795B
:10848000DA839D83A5F20625174AD8609D6142F8DC
:1084900021001648164B42F82100164AC3F88820DE
:1084A00006F09CFF2379144C0121144A207003F13B
:1084B0001000134C02EB5312E37603F01F039200FB
:1084C000104C9940104B43F82040116038BD00BF5C
:1084D000DCD7002000801F4000841F400000010105
:1084E000A2403840A0B2202000C00E4013000080FF
:1084F00000403840010000921E89022040380038B8
:1085000000800E406D5A020000900020024A03498C
:1085100003480BF063BF00BF088200207D4B0200C0
:10852000DCD70020024A034903480BF057BF00BFC5
:10853000088200207D4B0200F4D70020024A034944
:1085400003480BF04BBF00BF088200207D4B0200A8
:1085500088D80020024A034903480BF03FBF00BF00
:10856000088200207D4B020090D80020024A034977
:1085700003480BF033BF00BF088200207D4B020090
:10858000A8D80020024A034903480BF027BF00BFC8
:10859000088200207D4B0200E4D70020024A0349F4
:1085A00003480BF01BBF00BF088200207D4B020078
:1085B000FCD70020024A034903480BF00FBF00BF5D
:1085C000088200207D4B020098D80020024A03490F
:1085D00003480BF003BF00BF088200207D4B020060
:1085E000ECD70020024A034903480BF0F7BE00BF56
:1085F000088200207D4B020004D800202DE9F04FB6
:1086000000F5807EB1E8A00AB2E84015C5EA06434D
:10861000C6EA2544C7EA0845C8EA2746C9EA0A4720
:10862000CAEA2948CBEA0C49CCEA2B4AA0E8F80769
:108630008645E7D1BDE8F04F70474FF000022DE9C5
:10864000F00F00F5807C00BFB1E8A00AC5EA020384
:10865000C2EA2544C7EA0205C2EA2746C9EA020778
:10866000C2EA2948CBEA0209C2EA2B4AA0E8F80785
:108670008445E9D1BDE8F00F70474FF000022DE9C5
:10868000F00F00F5807C00BFB1E8A00AC2EA054304
:10869000C2EA0504C2EA0745C2EA0706C2EA094778
:1086A000C2EA0908C2EA0B49C2EA0B0AA0E8F807C5
:1086B0008445E9D1BDE8F00F70472DE9F00F089C23
:1086C00000F5007B51F8045B53F8046BC5EA0647DC
:1086D000C6EA254952F8045B54F8046BC5EA06481B
:1086E000C6EA254AA0E880078345EBD1BDE8F00F34
:1086F000704700BFF8B5002705463C46B4B339467D
:10870000284606F053FD08B3BB1D04F1040E00F12A
:10871000040C55F82360B6F5803F47D000F5827110
:108720005CF8042B36FB02F336FB12F203F30F0363
:1087300002F30F02C3EA0243DEF8002093FA12F3B9
:108740008C454EF8043BEBD106F0E4FC0137042FD6
:10875000D4D128462146002206F004FD2046BDE87B
:10876000F84006F0D7BC0137042F3AD039462846E6
:1087700006F028FD04460028F5D0BB1D55F823005F
:10878000B0F5803FE2D0211D04F582760B6830FB06
:1087900003F230FB13F302F30F0203F30F03C2EAF9
:1087A000034341F8043BB142F0D1CFE700F10C02A2
:1087B00004F10C0300F5867C53F8081C52F8086C91
:1087C00091FA16F143F8081C53F8041C52F8046C93
:1087D00091FA16F1083243F8041C08339445EBD1A2
:1087E000B2E7F8BD2DE9F84F454B464C18681979AA
:1087F00004F580750368444AAB42D1770BD2434BF2
:108800001B78002B4BD04FF0E02340222C4605F57F
:108810008075C3F808223E4BDFF804A1D3F800802E
:10882000DFF800913B4BBAF80060D3F800B0B9F81C
:108830000070B8F1000F4FD0BBF1000F21D1B8F19B
:10884000000F49D008F10401204601EB46014036F3
:10885000FFF7F3FEBFF34F8F4FF0E022C2F8704FE7
:108860002034AC42FAD3BFF34F8FBFF36F8F7F2E0C
:1088700026D8AAF800607F2F15D8A9F80070BDE8A7
:10888000F88F0BF1040208F10401204602EB4702C5
:10889000403701EB46014036FFF7B0FEDAE72C46E1
:1088A00005F58075B7E700245846A9F8004006F0A2
:1088B00031FC194B1A681C60164B1A60BDE8F88F22
:1088C00000244046AAF8004006F024FC134A104B4E
:1088D000116814601960CEE7BBF1000F08D00BF1EE
:1088E0000401204601EB47014037FFF7C6FEB1E720
:1088F0004FF48072594620460DF0C8FAAAE700BF2F
:108900001CD80020A0B4202000800E401F89022027
:108910000CD8002014D8002018D8002010D800202F
:10892000FA880220FC88022038B50021044606F0AF
:108930003DFC88B172B61C4A1368002B2BD01B4932
:108940000D68002D2CD0156008600021184A118098
:1089500062B6184606F0DEFB0121204606F026FC32
:1089600098B172B6134A136883B113490C6854B1B5
:1089700014600024114A0860148062B61846BDE8ED
:10898000384006F0C7BB086062B638BD0B491060BE
:108990000B8062B638BD064910600B8062B6DBE71B
:1089A000086062B6D8E700BF0CD8002010D80020BD
:1089B000FA88022014D8002018D80020FC88022051
:1089C000F8B52D4C05462D4AE36F43F44023E36789
:1089D0009368002B46DBD2F88830002B42DB002363
:1089E00042F210724FF40C611C2012F037FBE36965
:1089F000234A23F44063234943F40063E361A36AF9
:108A00001A40214B42F0CE02A2624A68134043F45E
:108A100000234B602DB91D4B0322C3F82021C3F85E
:108A200024211A4E0327154B0124C6F8287100256E
:108A30004FF480301649174A174E1D66DC601E61E0
:108A400058619961DA61C3F8E050C3F88C4004F1D1
:108A5000E064C3F89040C3F89400C3F89810C3F8DA
:108A60009C20F8BD002DFCD1084B0322C3F8202127
:108A7000C3F82421F8BD00BF00C00F4000403840BB
:108A800000FEFFFF00C00A40F8FFF7FF00801F4014
:108A90001B1F0100001F1F1F0100004770B5264D5E
:108AA00000240121254E284606F0BAFC244A254B15
:108AB000204614601C60FFF783FF234B0321234AE9
:108AC0000220C3F880112B6821491A604FF480728C
:108AD0009C61DA82DA8306229C829A831D4ADE60D8
:108AE0001A61C3E9011029791B480FFA81FC1B4B5D
:108AF00040F82C4040F82C30194B1A48D976D2F85F
:108B00006630194C43F01043C2F8663042F81A0C34
:108B100006F064FC2A79154B0121207002F1100047
:108B200003EB521302F01F02114C91409B00114ABB
:108B300042F82040196070BD1CD8002000FEFFFFE5
:108B40000CD8002014D8002000801F40A0B42020A2
:108B5000020001012240384000C00E401400008095
:108B600000800E40010000901F890220403800382C
:108B7000715F020000900020024A034903480BF095
:108B80002DBC00BF088200207D4B02001CD80020B5
:108B9000024A034903480BF021BC00BF08820020B1
:108BA0007D4B020054D80020024A034903480BF0D1
:108BB00015BC00BF088200207D4B0200B8D8002001
:108BC000024A034903480BF009BC00BF0882002099
:108BD0007D4B0200C0D80020024A034903480BF035
:108BE000FDBB00BF088200207D4B0200E8D80020BA
:108BF000024A034903480BF0F1BB00BF0882002082
:108C00007D4B020024D80020024A034903480BF0A0
:108C1000E5BB00BF088200207D4B0200C8D80020C1
:108C2000024A034903480BF0D9BB00BF0882002069
:108C30007D4B020000D9002010B5054C04F108005E
:108C400006F048FC2046BDE8104006F043BC00BFDB
:108C50002CD8002010B5084C0021204606F0E0FB7F
:108C600004F10800002106F0DBFB044A044900205F
:108C7000BDE810400BF0B2BB2CD8002008820020C9
:108C8000C5630200024A034903480BF0A7BB00BFBB
:108C9000088200207D4B0200A0D80020024A034930
:108CA00003480BF09BBB00BF088200207D4B0200F5
:108CB000D0D80020024A034903480BF08FBB00BF05
:108CC000088200207D4B0200D8D80020024A0349C8
:108CD00003480BF083BB00BF088200207D4B0200DD
:108CE0003CD80020024A034903480BF077BB00BF81
:108CF000088200207D4B02005CD800202DE9F04165
:108D0000044606F0B1F9002800F096800546237E5F
:108D1000043005F5827CDBB9E269C2EA224205F142
:108D2000240305F5927143E9082243E9062243E949
:108D3000042243E9022220338B42F4D12046294603
:108D4000002206F00FFA2846BDE8F04106F0E2B92D
:108D5000D4E90731626A83FAA1F6EFF300873F0195
:108D60006CD5002A58D0571C022F04D991FBF2F67B
:108D700093FBF2F7F61B7F2E24DD05F1140105F5B8
:108D80008A7C01E0E369626A9F1803EB4203C3EA4D
:108D9000274703EB020E03EB4203C3EA2E4E9E1855
:108DA00003EB4203C3EA264603EB42001344E061AF
:108DB000C0EA234041E9047E41E902601031614587
:108DC000E0D1BBE7012E3CDDB71E06464FEA57084F
:108DD00008F1020E05EB8E0E01E0E369626A03EB17
:108DE00042011344E161C1EA234146F8041B764580
:108DF000F3D1C8EBC87308F10108216A07EB4306F9
:108E000000EB8808FEB1E369626A1344C1EA2343B8
:108E1000404640F8043B216A0023E1612376C1EA21
:108E2000214160458AD240F8041B844586D940F828
:108E3000041B8445F7D881E7BDE8F08196FBF2F684
:108E400099E78046DEE74046E6E700BF036A2DE982
:108E5000F047054633B9D5E9063203EBC213AB61DF
:108E6000BDE8F08706F000F906460028F3D000F1CF
:108E7000020C2F6A00F58170134CD5E90681424639
:108E80004FEA1269C2F30F2E09F1010ACEF58033C1
:108E900034F9199009FB03F334F91A900EFB0933E6
:108EA00053FB07F32CF8023F60450A44E8D108EB76
:108EB000C113284631460022AB6106F053F9304613
:108EC000BDE8F04706F026B9FC230020B1F5803F4D
:108ED0004FEA21235FFA81FC11DA0F495A1C023351
:108EE00031F9122031F91300CCF580730CFB00F03E
:108EF00002FB03008030001200F5C040704740F2D2
:108F0000FF110548C3F50072C91A30F9122030F973
:108F1000110052424042E7E778550020B1F5704F0A
:108F20002DE9F0410F460646904627DC1D460C46CB
:108F300005E004F580540135B4F5704F17DC002CC2
:108F4000F7DB21463046B8F1000F25D0FFF7BEFF12
:108F500005F00F0304F58054013506EB8303B4F5E7
:108F6000704FD3F810211044C3F81001E7DDC7F5A6
:108F700070420B4B07F5805713401F44D6F8083159
:108F800006EBC302013303F01F03976082F80C80E5
:108F9000C6F80831BDE8F081FFF798FF4042D7E7F7
:108FA00000F0FFFF2DE9F04FD0F8084183B0D0F872
:108FB0000C81D0F804A0A4EB08020194D3063DD0A4
:108FC0000646DFF88090013C304604F01F0406EBB3
:108FD000C407BD6897F80CB0294605F58055FFF722
:108FE00075FFB5F5003FBD6008DBBBF1000F72688F
:108FF00014BF4FF4404149460A447260BBF1000F70
:1090000000D14042A0458244DDD108F1010856F864
:109010003820B2F5003F11DB08F01F02019B93429C
:10902000C6F80C210AD002F1010856F83820B2F532
:10903000003F03DB08F01F02C6F80C21504603B0C6
:10904000BDE8F08F0040FFFF002938B50446154603
:1090500003DB0268002A20DB38BD0368002BFBDB42
:10906000D0F85401CA1AC11A00230803090D0BF0E5
:109070008BFB40F6FF7194F85031B0F5805F18BF5C
:109080000146002BE8D02B46002249422046FFF73C
:1090900045FF002384F8503138BDC2F1000C002395
:1090A0008A1A4FEA0C304FEA1C510BF06DFB40F668
:1090B000FF7194F85031B0F5805F18BF0146002B66
:1090C000CAD12B46012249422046FFF727FF012340
:1090D00084F8503138BD00BF2DE9F8430D4690F8B3
:1090E0005011044617461E46E9B10268D0F85411E3
:1090F0008A4251D2AA4201D8A9424DD8891A0023E6
:10910000AA1A0803090D0BF03FFBB0F5805F334648
:109110004FF0000214BF414220492046FFF7FEFEF7
:10912000002384F85031D4F80080B8F1000F33DA0E
:10913000002D31DBC8F10001A5EB08090023C4F8BC
:10914000547108034A46090D0BF01EFBB0F5805F11
:1091500033464FF0010214BF414210492046FFF749
:10916000DDFE0123BD4284F8503115D3A7EB080181
:109170004A4600230803090D0BF006FBB0F5805F9B
:1091800033464FF0000214BF414204492046FFF726
:10919000C5FE002384F85031BDE8F88301F0FFFFDD
:1091A00070B50E1E054614461BDBFFF7FBFE2A6852
:1091B0004FF44043002AA2FB0313A3F5C04300FA77
:1091C00083F309DB04F00F0405EB8404B4F9100108
:1091D000C4F810312E6070BD6A6802F540426A60C2
:1091E000F0E70268002A12DBC2F100410023B21A44
:1091F0000803090D0BF0C8FAB0F5805F23464FF065
:10920000000214BF414209492846FFF787FE314654
:109210002846FFF7C7FE2A684FF44043A2FB03230A
:10922000A3F5C04300FA83F3CCE700BF01F0FFFFD2
:109230002DE9F04F064687B00021456A05F0B6FFDC
:1092400001218046304605F0B1FFB76A346AD6F88E
:1092500034323C4401900493B8F1000F00F01781C0
:1092600096F83F32002B41D106F1340308F1040295
:10927000D6F82CA008F582799C46C348C34F47F620
:10928000FD7EDFF810B3029332F9021B0AFB01F1F5
:1092900021F0784303F10063DB0053FB13F353FB2E
:1092A00010F3C91607EBC303C1F10E010B41A3FB79
:1092B00005311B0C714543EA01438CBF5C44E41843
:1092C0004A454CF8044FDFD1404605F023FFB76A0A
:1092D000336BE71B376243BB019B002B00F0E5803B
:1092E000184607B0BDE8F04F05F014BF06F134038F
:1092F00008F10401D6F82CC008F5827718462246FA
:10930000029331F9023B0CFB03238F422A4440F8BD
:10931000043FF6D1404604EBC51405F0FBFEB76AE6
:10932000E71B336B3762002BD6D005F09DFE039010
:109330000028D1D096F83E32039A0093171D1A46A2
:109340000D2A36D8DFE812F0A501C501E9000001B9
:109350002801500179018901D401C900C9000E001A
:109360004B004B00DDF808A006F51079B846002543
:10937000A3465AF8044F2A4648462146FFF764FEA2
:1093800021464846FFF70EFE05F00F02013506EBB9
:109390008202802DB2F95033C2F85003326BC6F806
:1093A000404202FB03F34FEA234328F8023BE0D19B
:1093B0005C46B36AE31A3362B6F93A32002B77D1CE
:1093C000019B002B5FD1039C30460022214605F013
:1093D000C9FE204607B0BDE8F04F05F09BBE019BDB
:1093E000002BBFD003F1020A06F5107B06F50D73C2
:1093F000B8464FF00009029D0293CDE90474B6F916
:109400003C3258463AF9024F55F8047F1C444B460B
:10941000394604F5004424042246FFF75DFE394630
:109420005846FFF7BFFD5A4BA3FB042309F00F0278
:1094300009F10109E41A06EB820203EB54031B0C49
:10944000C3F540530344D2F85003C2F850334311DC
:10945000326BC3EB6003C6F840721BB202FB03F32E
:10946000009A1B140D2A08BF5B421BB228F8023B6E
:10947000029BAB42C3D1DDE90474B36AE41AB6F9C6
:109480003A323462A3B9019805F044FE9BE706F135
:10949000340306F50D712246029343F8042F8B42E4
:1094A0002A44FAD104EBC5143AE707B0BDE8F08FBF
:1094B000039A02F582711A4601E0B6F93A22B7F929
:1094C0000030134403F30F0327F8023B8F42F4D11B
:1094D000019B002B3FF477AFD5E7DDF8089006F548
:1094E00010783D464FF0000A524659F8041F404696
:1094F0000AF1010AFFF754FE336B96F83E2203FB94
:1095000000F00A2A4FEA204008BF4042BAF1800F1B
:1095100000B225F8020BE7D14BE7306B20F34F0088
:109520004542039B029A00B22DB2063306F50D7C2C
:1095300052F8041F02330029ACBF01462946944566
:1095400023F8041CF4D134E7DDE9025306F50D7E5F
:10955000316B981D4FF6FF7C55F8044F0230A20F77
:10956000E313ACEBD438013A01FB03F3012A01FB0E
:1095700008F84FEA234398BF4FEA2843AE4520F846
:10958000043CE9D115E700BFABAAAA2AAAAAAA2AD5
:10959000016000800000FE7F706B002800F0FA8000
:1095A000039B3A460299D6F830C003F5827551F80C
:1095B000044F230EC4F30F2E03F10108FF2B30F9E3
:1095C000139014BF00EB48088046B8F90030CEF580
:1095D00080380EFB03F308FB093353FB0CF322F82E
:1095E000023B9542E3D1E4E6019A002A95D0336B21
:1095F00023F34F0ACAF10008039B951C0FFA8AFA5D
:109600000FFA88F806F138019A1D06F50E79A4467E
:1096100035F9023F4046B6F93CE2023251F8044BBC
:10962000734403F50043B4EB034F38BF50468945FC
:1096300022F8040CECD164461FE7306B3A46039BDA
:109640000299C04303F5827551F8043F30FB13F3D0
:1096500022F8023B9542F7D1ABE6029D06F50D7963
:10966000049CB84606E0B6F93832A94528F8023B12
:109670003FF49FAE234655F8044F9C42F3D2306B23
:1096800006F082FD336BA0EB630003B2A6F838321C
:10969000EBE7039B3A460298D6F830C003F5827593
:1096A0003E4950F8044F230EC4F30F2E31F91390A6
:1096B00003F10108CEF5803331F9188009FB03F37B
:1096C0000EFB083353FB0CF322F8023B9542E8D122
:1096D0006FE6039B3A460299356B03F5827051F8A9
:1096E000043F35FB13F322F8023B8242F7D160E6D8
:1096F000019B002B3FF428AF03F10209039B06F105
:10970000380E316B03F1060C06F50E734FF0FF3B7C
:1097100000979A461DE00319C2F57F42201AA04522
:109720004FEA134302F1FF024FEA104007FB03F335
:1097300026D96FF00043BBFBF2F202FB10331B147F
:1097400001FB03F31B14F2450CF1020C2CF8043C52
:109750001DD039F9022F5EF8044B02F50042230CAC
:10976000D003B4EBC23F6FEA0008BBFBF2F707FB84
:1097700003F34FEA1343CED201FB03F31B14E2E7DA
:1097800003F100431B1401FB03F31B14DBE7009FF1
:109790002C4472E6039805F0BDFC9DE5FC230020F7
:1097A0002DE9F047C1EBC16800262D4A0F464FEA6C
:1097B000481305464FF44049DFF8A8A0B34201EB37
:1097C0000304C3F100480360A8BF4FF4C042C0E9DE
:1097D000426642601DE021462846FFF7E3FB2A6807
:1097E000A2FB0913002AA3F5C04300FA83F003DAB1
:1097F0006B6803F540436B6006F00F03013600B25F
:10980000A8EB07084433202E45F823002C603C4485
:1098100023D0002CDFDAE31B002B12DB3A460023B7
:109820004FEA08304FEA18510AF0AEFFB0F5805FFA
:1098300033464FF0000214BF414251462846FFF71D
:109840006DFB21462846FFF7ADFB2B68A3FB0923E0
:10985000A3F5C04300FA83F0CEE7BDE8F08700BF70
:1098600000A0FFFF01F0FFFF2DE9E847C1EBC16554
:1098700092461D4B00266D01C0F8542189460746CB
:10988000AA42A3FB0A23194A88BF4FF4C0420560CD
:109890000D44C0F808614260AAEB0302C0F80C61F5
:1098A00003EB52088CBF012333464FEA184880F877
:1098B0005031C8F540583346294652463846FFF7DE
:1098C0000BFC29463846FFF76DFB06F00F034044BA
:1098D0000136443300B2202E47F823003D604D444A
:1098E000E9D1BDE8E88700BF0160008000A0FFFF6C
:1098F00000224FF4C041C0E94222C0E90021704774
:109900002DE9F84386690EB9BDE8F883044605F0F1
:10991000ABFB05460028F7D000F10C0100F5867C72
:10992000E36944F2A712294812FB13FE9BB200EA36
:109930000E4702FB03F303EBDE331F4427F0004323
:1099400003EBD77336FB03F712FB13F800EA084E5C
:109950009BB20EEBD83E02FB03EE2EF0004303EB6E
:10996000DE7336FB03FEC7EA0E4712FB13F800EA6C
:10997000084E9BB20EEBD83E02FB03EE2EF00043E6
:1099800003EBDE7336FB03F812FB13F900EA094E12
:109990009BB20EEBD93E02FB03EE2EF0004303EB2D
:1099A000DE7336FB03FEC8EA0E4841E9027808314F
:1099B0006145B9D120462946E361002205F0D2FB7A
:1099C0002846BDE8F84305F0A5BB00BF0000FF7FB7
:1099D000704700BF08B506F0B7FF044B044918688C
:1099E000044A1B680860136008BD00BF146D0220A4
:1099F000F4490220F0490220F8B5504A4FF0400CDB
:109A00004FF480314FF480574FF400554FF44044E9
:109A100043F24200136A9E0700F182809E0440F1E7
:109A20008380DE0440F18280002BF3DA13F4803669
:109A30007ED15B067ED5424C424AD4F88010424B20
:109A400041F003014148C4F880104FF04041916358
:109A50004FF440415163052116600822C0F8B4104C
:109A60004FF08061C0F8A4220A205A680A435A6065
:109A7000C3F8841006F048FE354AD2F8403143F06E
:109A80000203C2F84031D2F840319B07FBD4314D7C
:109A900001F066FA01242B1F05F17C0243F8044F04
:109AA0009A42FBD14FF4807200212B480CF0EEF962
:109AB00000222A49264B0A700321C3F89040C3F8BC
:109AC000A8112749C3F84821C3F85451C3F84C21C1
:109AD000C3F85821C3F84011D3F884212149224802
:109AE00042F48052C3F88421D3F85821D3F854218A
:109AF000C1F800021D4A4FF0E0214FF48030C1F858
:109B00000C01C3F84821D3F8482142F01202C3F8EF
:109B10004821D3F8482142F44022C3F84821F8BD37
:109B200094625162906275E7556273E7576271E71C
:109B300091626FE7C2F824C06CE700BF00800D405F
:109B400000C00F4000A00D400080004200801F4078
:109B500000022E4000A00020E8D500201989022034
:109B6000158B010000900020DD7802000400000346
:109B7000C36853B3632970B58CBF002601260C4619
:109B800016BB054606F014FE2649A8600868264B59
:109B900000283AD0D3F88C2022F07F42944215D38B
:109BA0004369A11A23B929E05C69891A3CB32346A9
:109BB0001A698A42F8D99869521A1A61A861C5E9E6
:109BC00004139D61AB695D6170BD704772B64FF063
:109BD0000070C3F88C60121BC3F8440108682C6144
:109BE000013CAE61686102614FF040420D608561E9
:109BF000C3F88840C3F88C2062B670BD03460022CB
:109C00002961C5E905235D6170BD661E4FF04042C4
:109C1000A8610D60C5E90440C3F88860C3F88C20D2
:109C200070BD00BFA8D5002000022E4072B6194AB0
:109C30001368FBB183421AD117485B6930B4002422
:109C4000C0F88C4023B3D0F88C101D6921F07F41FF
:109C500029441961C0F888104FF04041C0F88C10B9
:109C60009C61136062B630BC7047984204D05B6957
:109C7000002BFAD162B67047D3E905214A61002A68
:109C8000F8D01869136991610344136162B6704793
:109C90001360E7E7A8D5002000022E400369844640
:109CA0009A68F0B50D46510603D41B689A685206AF
:109CB000FBD54022D5F808E005F13401EE6BAA602F
:109CC0002A681A606A685A60EA68DA602A691A6162
:109CD0006A695A61AA699A61EA69C3F828C0DA61B7
:109CE000EA6A1C68DA622A6B012C03C91A6303F161
:109CF000340282E803001A46DE6303D0126811685A
:109D00000129FBD1156001222A601A6895421A4682
:109D10002ED00026116814460F680A466662264651
:109D2000BD422162F6D10021546211629CF83410C8
:109D300011F0FD0F09D10F480168596289B10B621A
:109D400002600120C3F808E0F0BD0B4801685962C9
:109D50000029F4D109490B6002600120C3F808E032
:109D6000F0BD07490B6002600120C3F808E0F0BDB8
:109D70000024D8E7F0D60020F8D60020FCD600203A
:109D8000F4D600202DE9F0479846CB88B3F5804FF4
:109D900002D90020BDE8F0870D468146174601F044
:109DA00027F906460028F4D001F022F904460028DD
:109DB0006CD0E98800293BD1DFF8F0C03060394B26
:109DC0000122DFF8ECA02B40D9F80000D5F804E020
:109DD000D5F800907260C6F808A0F56003F58055CC
:109DE000356103F50055756103F5405503F5804372
:109DF000B561F36100236260C4F808C0E3604FF40A
:109E00008053C4F83C8023614FF40053A062636127
:109E10004FF44053A3614FF48043C4E90B71E361F5
:109E200031462260C4E90D9EBDE8F047FFF736BF1A
:109E300001F0DEF870B32A78E988D209194BDFF80F
:109E400074C04FEA022E3B4082F001024EEA014EFE
:109E50004EEA0C0C4FF0010EC0F804E0C0F808C048
:109E600003F5805CC760C0F810C003F5005CC0F863
:109E700014C003F5405C03F58043C0F818C0C3610B
:109E8000094B306043EA022C046098E7304601F049
:109E9000B7F87EE7304601F0B3F8204601F0B0F89D
:109EA00077E700BF00F0FFFF8080008080810080A6
:109EB00080020800800000802DE9F84F4FF0E02478
:109EC0004FF4803A99460746D4F80C318B46C4F8D3
:109ED0008CA1164603EA0A0801F08AF80546002814
:109EE0007DD0731E9C0B08D0824601F081F80028BB
:109EF00060D0013CCAF80000F6D100230121B6F57C
:109F0000804FC0F83C9006632A460160374CC0E998
:109F10000A7BC0E90D33364820D997F83530A6F5CD
:109F20008046516044EA0323B6F5804F93600BEA04
:109F30000003C2F80CB00BF5804B03F5805CC2F84F
:109F400010C003F5005CC2F814C003F5405C03F5D3
:109F50008043C2F818C0D3611268DED8360497F87F
:109F60003500234C294646F4004301250BEA04043E
:109F700043EA00235560384643F08003936004F5BC
:109F80008053C2F80CB0136104F50053536104F51B
:109F9000405304F580449361D461FFF77FFEB8F12C
:109FA000000F05D04FF0E0234FF48032C3F80C21AE
:109FB000BDE8F88F2C462D68204601F021F8544565
:109FC000F8D1B8F1000F07D04FF0E0234FF4803202
:109FD0000020C3F80C21EBE70020BDE8F88FB8F1B2
:109FE000000FF9D0C4F80CA1E2E700BF80000040E8
:109FF00000F0FFFF2DE9F04F534D83B02F6837B1CC
:10A000000026BB681A0605D53F6A002FF9D103B0B8
:10A01000BDE8F08FBB681B0404D5BB6ADB6B0BB1DA
:10A0200038469847D7E9082363B11A626AB1B9681C
:10A0300053624C0645D43846174600F0E1FF002F26
:10A04000DFD1E4E72A60002AF1D140490B60BB6808
:10A050005806F0D5BC6A3846019200F0D1FF23695A
:10A06000019A33F01F03D2D01746934605E09A6851
:10A070001A681B6833F01F0305D09A685106F6D59D
:10A080002361E660A661BBF1000FBED0DBF80830AB
:10A090001A040AD5E26B43F0400358462AB1DBF8B4
:10A0A0002820CBF80830D36B9847DBF820A058461F
:10A0B00000F0A6FFD346BAF1000FE7D1002FA0D1E0
:10A0C000A5E73846BC6A019200F09AFF0020019A89
:10A0D0008446174683461146126A8B6AA3420AD009
:10A0E000002AF8D1C0B9BCF1000F25D1236933F0A3
:10A0F0001F03C2D1C7E74B6AD3B11A62AAB1536238
:10A10000BBF1000F0FD0CBF820108F4208BF1746CD
:10A110000E62002ADFD1E5E70C4BC3F80080BCF1EA
:10A12000000FE3D008E08B46EFE798460120E7E711
:10A1300091464FF0010CE1E72369C5F8009033F038
:10A140001F039AD19FE700BFF4D60020F0D600206D
:10A15000884B2DE9F041D3F844617703C3F844619B
:10A160000AD5854F3C683CB1DFF82C82A3681806FD
:10A170007AD5246A002CF9D134030BD57F4F3C6883
:10A1800044B1DFF81882A3681B0640F18380246A7B
:10A19000002CF8D1B20700F19E8071070FD5754BE6
:10A1A000D3F8844144F02A02C3F88421A20744D49E
:10A1B000270704D4724B1A78022A00F08F8006F029
:10A1C00080733BB16E4B1A78012A00F0B980032AE4
:10A1D00000F09B80B1012ED56A4F3C68002C2AD03C
:10A1E00063690026214630463B6006E02E6916442E
:10A1F0002E614B61012619462B464861002B00F069
:10A20000B4801A699861042A00F2A4805D69002A6A
:10A21000EFD0002DEAD14B615D613D605A4E0025C3
:10A2200021466469C86803689B68B342C1E9055563
:10A2300016D1002CF4D1BDE8F08114F00107504A8A
:10A2400071D011780129B3D80120504926F08076C9
:10A2500010704FF04042C3F88010C3F88420B9E773
:10A260009847002CDCD1E6E7A368190404D5A36A5B
:10A27000DB6B0BB120469847D4E908324AB313622E
:10A2800023B35A6220461C4600F0BAFE002C7FF42D
:10A290006DAF71E7A368180404D5A36ADB6B0BB13B
:10A2A00020469847D4E9083252B113625BB15A6232
:10A2B00020461C4600F0A4FE002C7FF464AF69E742
:10A2C0003B60002BF3D1C8F80020F1E7C8F800206C
:10A2D000D8E73B60D4E7FFF78DFE5EE764077FF5C4
:10A2E00079AF03202349187042F21070C1F8800042
:10A2F0004FF04040C1F88400D1F88411880501D5A1
:10A3000023494A63F2017FF565AF04201949002211
:10A310001870D1F884011146C0F3816000F062FB2F
:10A320001C4B186056E717700222194BDFF8648047
:10A330009A63D8F8000000F0BFFDC8F8007037E756
:10A340000C4A02211970D2F8843143F48073C2F8A8
:10A3500084313FE706B13D60064B013A4FF0404182
:10A36000C3F88820C3F88C1058E7002E3FF456AF8E
:10A3700053E700BF00022E40F4D60020FCD6002098
:10A3800019890220A8D500205D710200A086010075
:10A3900000A00D4030D70020F0D60020F8D60020D5
:10A3A0008D4B012A03FB01F1036B2DE9F04F85B0C2
:10A3B0001B7D4FEA11410290104638BF0120022B4D
:10A3C00000F0948005234FF0010A4AEA5A028242C3
:10A3D00080F0E480013B4FEA4A0AF6D14FF0200AB0
:10A3E000CDF80CA0029A039892F83530A2F84000FC
:10A3F000002B40F0CF80843102244F0900234FF01E
:10A40000FF36DFF8D8B1B04699460193DDF804E095
:10A410000BEBCE02002512F8010B5178384492F86C
:10A4200002C02144D378A4448842234454D96045CF
:10A430004ED9834238BF0346B34202D2A946F04602
:10A440001E460135042DE6D1D644BEF11F0FDFD9DB
:10A45000019B01339A450193D8D1BB2E42D8FFB25C
:10A46000B8F11F0FE4B21FFA88F5DDE90232A3F854
:10A470004420A3F8489083F84A7083F84B40A3F82F
:10A48000465015D809EBC803019E5B44F0001978CB
:10A49000B0449A783944B8F11F0F224419709A7069
:10A4A000D9781A7921442244D9701A710344EED91B
:10A4B00001201C23029900FA09F203FA09F3A1F81A
:10A4C000425081F8362081F8373005B0BDE8F08F72
:10A4D000634538BF6346AFE76145F9D98B4238BF62
:10A4E0000B46A9E7002005B0BDE8F08F0F28034612
:10A4F0004FF0010C01F1570128BF0F234FF0FF3E31
:10A500004C090026013B0299DFF8D0B077460CFADF
:10A5100003FCBCF5807F654628BF4FF48075EB08CF
:10A52000012B38BF0123A1F84030334600201BF82F
:10A5300003102B442144884238BF0846FF2BF6D92C
:10A54000704501D2864637460136B542EDD1BEF19F
:10A55000BB0FC7D8029BE4B2FF2FA3F84450A3F867
:10A56000467083F84A4008D83B461BF80310214444
:10A570000BF803102B44FF2BF7D9012A12D9022A1A
:10A580001ED0BCF1040F21DC07F00302112393401D
:10A59000DBB208E0663102274C092FE71FFA8AF385
:10A5A00003931FE7FF230299FF080022012081F88F
:10A5B0003630A1F8427081F8372005B0BDE8F08F41
:10A5C00007F0010255239340DBB2ECE707F00702E6
:10A5D00001239340DBB2E6E7AB2A0100E8D5002077
:10A5E000B0F84210B0F840C01F2934D830B51A4C2A
:10A5F00040F0020509E0B3F840E0E64511D2026000
:10A6000044F8215061441F2924D854F82120D3074D
:10A61000F5D402F0060E22F01F03BEF1020FEAD0BD
:10A6200007E09842EED01A68D20706D41B6823F0E0
:10A630001F03B3F840206245F3D21A468242E1D0AC
:10A64000126832F01F02F9D161441A681F290260B2
:10A650001D60DAD930BD704700A000202DE9F84315
:10A6600005460E461446994600F0B2FC07460028FF
:10A6700065D000F0BDFC8046002800F08680602296
:10A68000002138460BF002FC3C22002108F10400B6
:10A690000BF0FCFB01224023032EC8F80020C8F871
:10A6A0000830C7F8108087F835907A613D6387F8E5
:10A6B000346058D03CB16B68002B61D01A469B6B5C
:10A6C000002BFBD19763297D002E3BD101294FF44C
:10A6D00080408CBF00220122D206230243EA0133CC
:10A6E000089943EA0143697D0B43134397F83720E8
:10A6F000034343F070437B60AB7DE97D1B0443EA79
:10A70000C15343EA022397F83620134343F08043B2
:10A71000BB6036F0020318D1224BD3F85821D2B9CE
:10A72000796847F0020241F4004179603A60C3F869
:10A730005871D3F8402142F02002C3F84021384636
:10A74000BDE8F88300200246C7E7032EF7D138465C
:10A75000FFF746FFF3E7116847F002033846396018
:10A760001360BDE8F883DDE908123846FFF718FEEC
:10A77000814678B1002C9ED1297D20462246ACE747
:10A78000297D6F60002EA1D0DCE73846474600F0F7
:10A7900027FCD4E7404600F033FC384600F020FCAC
:10A7A0004F46CCE700022E40F8B590F8343004460E
:10A7B00013F0FD0F3BD1036823F01F03984200F014
:10A7C000CB801A68194622F01F039C42F9D16368B6
:10A7D0001D0400F1AC802368734A0B60D2F840314D
:10A7E00043F04003C2F84031D2F844319806FBD51B
:10A7F0002023C2F844316D4E35683DB16C4F284678
:10A800002D6A836AA3427FD0002DF8D1256935F0E7
:10A810001F0307D02B6828461D4600F0F1FB35F0DA
:10A820001F03F7D12046BDE8F84000F0D9BB6148CE
:10A8300000F1800550F8042FD1070CD422F01F023C
:10A84000944203D156E08C4259D00A46136823F053
:10A850001F01DB07F7D5A842ECD1236B1B7D022B30
:10A860006AD0B4F84650B4F844E01F2DB4F848302C
:10A8700094F84A6094F84BC018D803EBC5034E4ACD
:10A880004FEACE0713449A7875441878A2EB0C026D
:10A89000D978801B1F2D9A70A1EB0C011A791870C2
:10A8A000A2EB0C02D9701A713B44ECD9434E3568C7
:10A8B000002DABD02846424F2D6A836AA34206D0B2
:10A8C000002DA3D028462D6A836AA342F8D1436A9B
:10A8D000002B66D01D62002D61D06B62236933F0BE
:10A8E0001F0204D150E01B6833F01F024CD083429A
:10A8F000F9D1E5E72368A84203609BD1ADE723685F
:10A90000A842136096D1A8E7436A002B45D01D6288
:10A91000002D40D06B62236933F01F0204D12AE07E
:10A920001B6833F01F0226D08342F9D16CE74B68D5
:10A9300043F400434B604EE7B4F84630B4F844505B
:10A94000FF2B94F84A00B1D81B49CA5C121ACA54AA
:10A950002B44FF2BF9D9A9E7134AD2F8403123F051
:10A960002003C2F84031D2F8443113F40043FAD145
:10A97000C2F858313FE783423FF446AF00F040FB56
:10A98000002D7FF43CAF41E7834299D000F038FBC3
:10A99000002D97D13AE73B60BDE73560B8E73B60F3
:10A9A0009CE7356097E700BF00022E40F4D60020F8
:10A9B000F0D60020FC9F0020E8D50020FCD6002027
:10A9C000F8D60020064900220B68C0E901222BB10D
:10A9D0001A465B68002BFBD15060704708607047D7
:10A9E000E8D60020F0B583B007460E46154600F0C5
:10A9F000DFFA044680B3242200210BF047FA00233B
:10AA0000082127751A46A675E5752046CDE900137D
:10AA10001946FFF723FE0246206020B300F0F8FA43
:10AA20002168134A00232061CA630122114881F87A
:10AA3000352002704FF400220F491048C1E900028E
:10AA40000F4A2046FFF79EF90E4A13683BB11A469B
:10AA50009B68002BFBD19460204603B0F0BD2046DC
:10AA6000146003B0F0BD2046144600F0A9FAF3E7E5
:10AA7000A58302002489022040B400208006000142
:10AA800040AC00202CD7002070B50D699DB3D66A6C
:10AA900090B3295C0131C9B26EB37378032B2AD10C
:10AAA0002954347801EB5403312B27DC022C13D9C1
:10AAB000302911D84FF0020C0CF102020B4616F8A7
:10AAC0000CE001315FFA82FC2B44C9B2644583F883
:10AAD00003E001D93029EFD96B180022DA70431C4A
:10AAE000DBB2022B07D8C0F10202E818D2B2BDE8EF
:10AAF00070400BF0CBB970BD0146CDE7C1F1320417
:10AB00006400E4B2D2E700BF3F4B2DE9F04F1C6870
:10AB100083B00646002C73D04FF00009DFF8F480B4
:10AB20003A4F01E06468A4B1A26820463B46314632
:10AB3000002AF7D1B8F80050D4F800C0093D0095BC
:10AB4000DCF80050A847002847D1A1466468002CD3
:10AB5000EAD12F4BB8F8002003F1090503EB0209F5
:10AB6000A94503D843E04544A94540D96B7895F8F9
:10AB70000080042BF7D1B8F1090FF4D1224B1C68E7
:10AB8000002CF0D0A7684FF0000AA9EB050B204677
:10AB90002B46012231464FB16468002CE3D0A768F0
:10ABA00020462B4601223146002FF5D12768CDF8EB
:10ABB00000B03F68B84708B9A246EDE76368BAF14C
:10ABC000000F17D0CAF80430F368A2466360F4603F
:10ABD000A6601C46002CE2D1C5E76368B9F1000FFE
:10ABE0000BD0C9F804300023C4E90136F46003B087
:10ABF000BDE8F08F044A1360E6E7034A1360F2E70A
:10AC0000DFF81080A5E700BFE8D6002049AC00209F
:10AC100040AC0020EC88022070B50446C06B28B11F
:10AC20000368984A5B68934217D170BDA36A964E39
:10AC30001D6B2B7E0E2BF8D8DFE813F01C004400B0
:10AC40005A0071007E0088009B00A600F5000101FB
:10AC5000B900BF00CD00E10013002146BDE87040FF
:10AC600018472846FFF750FF0F21884B002229760E
:10AC70001A7070BD2A6884495068854BC9790340B1
:10AC8000844C43EA014384492078096853600130C9
:10AC9000802828BF012031B10B465A7D8242F6D070
:10ACA0009B68002BF9D103047C492070284643F4AB
:10ACB000A0630B6000231A464B60FFF763F8012383
:10ACC0002B7670BD75494FF490142A684888744BF0
:10ACD00068750B60536823F07F0303432846536075
:10ACE0000023694A4C60FFF74DF802232B7670BDB4
:10ACF000F27BB37B727033701343327C3179134330
:10AD0000B270727914BF03230B23AA76B2796976E5
:10AD1000EA7632892B76EA8372892A8489E75F4949
:10AD200000236048604AC1E90002604A2846FFF7F4
:10AD300029F804232B7670BD3379032B03D973795B
:10AD4000032B00F096800B232B7672E74E4A554B6F
:10AD500012F8040B6C8C43EA004353484F492043DC
:10AD60000B60002348602846FFF70CF806232B767B
:10AD700070BD224629460020FFF786FE7378002B1F
:10AD800056D007232B7654E73F4A464B507804327F
:10AD90006C8C43EA00434448404920430B60002345
:10ADA00048602846FEF7EEFF08232B7670BD22464A
:10ADB00029460220FFF768FEC5E738494FF4102204
:10ADC0003B480023C1E900022F4A2846FEF7DAFF7C
:10ADD0000C232B7670BD2C4B5B88B3F5006F41D8EC
:10ADE000344A180413802D490023314AC1E9002058
:10ADF000254A2846FEF7C6FF0D232B7670BD224854
:10AE0000002326494279C4791204007A2C7742F44F
:10AE10001062687728464B600A601A46FEF7B2FF58
:10AE20000E232B7670BD224629460120FFF72CFE0B
:10AE3000B378002B0CBF0B2309232B76F9E6124ABB
:10AE4000184B907804326C8C43EA0043164813493F
:10AE500020430B60002348602846FEF793FF0A2337
:10AE60002B7670BD134B4FF400624FF000601A80D8
:10AE7000B9E7F28833786A84002B3FF47FAF05236B
:10AE80002B76D6E691BD000040AC0020248902203C
:10AE9000FFFF00F8288902202CD7002040B40020B2
:10AEA00080060001800600030000FC0744AC00207F
:10AEB00080060002EC880220002837D0F8B5C4686C
:10AEC00006466CB11A4D0027236820461B69984737
:10AED00023462A68A76064682B605A60002CF3D16F
:10AEE00074682CB12046A46BFFF75EFC002CF9D1EE
:10AEF0003068FFF759FC0F4B1C6844B1A64202D1E1
:10AF000011E0A64204D02346A468002CF9D1F8BD74
:10AF1000A2689A60206908B100F088F82046BDE870
:10AF2000F84000F04DB8A2681A60F3E7704700BF20
:10AF3000E8D600202CD70020074A084B506EB2F804
:10AF400068C0B2F87010C3F80600D06EA3F80AC04B
:10AF5000D982C3F812007047841F00204CD400200F
:10AF600030B40D4C0D4925680D4A0E4B15600E4846
:10AF70000D6822600D4A04680A60194615601A4679
:10AF800003F140051C601B6442F8805F41F8C02F4C
:10AF9000016030BC704700BFE0D50020DCD5002048
:10AFA000ACD5002040A10020ECD60020E0A000207D
:10AFB000024B186808B102681A607047E0D500209B
:10AFC000024B1A6818600260704700BFE0D500208D
:10AFD000024B186808B102681A607047DCD500207F
:10AFE000024B1A6818600260704700BFDCD5002071
:10AFF000024B186808B102681A607047ECD600204E
:10B00000024B1A6818600260704700BFECD600203F
:10B01000054A106830B10168002311600370437065
:10B020008370C370704700BFE4D50020024B1A68DC
:10B0300018600260704700BFE4D5002001EB4101B9
:10B0400000EB411188420ED210B4074C226800E098
:10B050001846034643F8602B99420246F8D8206010
:10B060005DF8044B70477047DCD5002000EB811C75
:10B07000604511D2024610B5084C4FEA811E216886
:10B08000134643F8401B9C4511461A46F8D8AEF1CA
:10B09000400E7044206010BD704700BFECD6002009
:10B0A000352303FB010188420ED210B4074C2268FD
:10B0B00000E01846034643F8352B99420246F8D87B
:10B0C00020605DF8044B7047704700BFE4D5002056
:10B0D000C36B33B1C26A596B8A4203D0996B8A42FF
:10B0E00004D07047002283F84E207047002283F876
:10B0F0004F2070470023C0E90333704770B5C38FFA
:10B10000044690F84E109D0829B994F84F3003F08A
:10B11000FF028BB970BD01F0FF02E9B2034680F86F
:10B120004E109200416B0069FEF7C6FE94F84F3056
:10B1300003F0FF02002BEDD0EDB22346A16B92008D
:10B14000206984F84F50BDE87040FEF7B5BE00BFDF
:10B15000012A01D0002070471A78092AFAD15A78BA
:10B16000042AF7D170B582B05A790D460446069983
:10B17000012A194459D0023A102A25D9093300224C
:10B180008B42A4F850201FD293F800C01646BCF1A1
:10B19000030F19D903EB0C0E714515D35A780B2AFE
:10B1A00018BF042A0CBF0120002071D0242A0ED021
:10B1B000052A1BD0252A07D1714569D9734693F812
:10B1C00000C0BCF1030FE5D8002002B070BD9A7832
:10B1D000012A06D0042A06D9F12AF6D1DB78022BFF
:10B1E000F2D10126E8E7012AEFD9FAE7BCF1060F10
:10B1F000EAD993F803C0ACF1020CBCF1010FE3D81B
:10B2000093F802C01CF0F00236D0802ADDD194F809
:10B210005020002AD0D10CF00F0C84F850C0DA78FE
:10B2200084F852209B88A387C6E798790328A5D184
:10B23000093300209942A4F85000A5D80023E36008
:10B2400094F8512022B1E18FB4F846308B4246D2B7
:10B25000002323610023E268A4F84A30A4F84C30AC
:10B2600084F85530A4F8563084F85830A4F87C316E
:10B27000002A2FD00120A8E794F85120002A9BD162
:10B2800084F851C0DA7884F853209B88E38793E7E9
:10B29000002E99D094F85020002ACFD0A38FB4F874
:10B2A00046109942CAD300210093284601230191F8
:10B2B00094F85210FFF7D2F9E0600028C0D0114A8C
:10B2C0002346216BC263A28FFEF7F6FD012384F8AB
:10B2D0004430B5E72069C01A18BF012075E7002681
:10B2E000009128460196334694F85310FFF7B6F9BB
:10B2F00020610028AED0044BC36384F84E6084F80C
:10B300004F60A7E78D8B02005D88020010B50446F0
:10B31000032100F5F070FFF791FE04F5407007215E
:10B32000FFF7A4FE04F598600121FFF7B9FE0023A2
:10B330002046A4F84A30A4F84C30C4E96033C4E98C
:10B340006233C4E96433C4E96633C4E96833C4E9E9
:10B350006A33C4E96C33C4E96E33C4E97033C4E9B9
:10B360007233C4E90333BDE81040FFF72BBB00BFC5
:10B370008A680B6BC2F30E42B0F84A10B0F84CC0AA
:10B380009B1A9B0870B5054638D0026B043A02EB55
:10B39000830352F8044F54B10131B5F84800884294
:10B3A0004FEA810001D8002108462E6C34509A42A1
:10B3B000EFD188B28C45A5F84A00A5F84CC00BD94E
:10B3C0000CF1FF3CAA8FACEB0101B1EB920F0CD258
:10B3D000002385F8443070BDB5F84830AA8F634427
:10B3E000013B591AB1EB920FF2D32B46296BE86857
:10B3F000FEF762FD012385F8443070BD0846D9E7A9
:10B400000146C06B08B1FFF7B3BF70470369002B5B
:10B410004CD070B5C58F82B00646AD0872B696F8AE
:10B420004E4096F84F20A542E3B2D2B21BD9F2B1FA
:10B4300095421CD9B36B541C06F1140043F822103A
:10B44000E3B2019086F84F30FEF7F0FBA542019879
:10B4500023D97F2D40F2DC5188BFC821FEF788FB3D
:10B4600062B602B070BD9542E4D862B6D6E7726BA0
:10B470005C1C06F1140042F82310E3B2019086F838
:10B480004E30FEF7D3FBA5420198E2D83346AA001E
:10B49000716B3069FEF710FDE2E73346AA00B16B2D
:10B4A0003069FEF709FD62B602B070BD704700BF9B
:10B4B0002DE9F84F72B690F84420B0F84A60B0F821
:10B4C0004C3062B69E4234D00F460133B0F848107B
:10B4D0000446D2B2994230D94FEA830C98B2256C17
:10B4E00055F80C50A4F84C008AB9E06878B1B34222
:10B4F00040F2AE809B1B591EA28FB1EB920F06D378
:10B500000123216B84F844302346FEF7D5FCC5F3B4
:10B51000031305F00F08C5F303264FEA152984F835
:10B520005430A8F108030136062B2BD84FB1B7428F
:10B5300007D000273846BDE8F88F00208446034630
:10B54000CDE7B8F1080FC5F3033340F08580082B31
:10B5500040F082808022D4F88031C5F30748F6B2EB
:10B560002D0E84F856201BB1414630462A46984796
:10B57000012784F8556084F85780384684F858507D
:10B58000BDE8F88FA8F102025FFA89F3012A3BD9DE
:10B59000B3F1F70BA8F1050A18BF4FF0010BBAFA87
:10B5A0008AFAF02B94BF00270BF001074FEA5A1AD2
:10B5B0001AEA070728D1B8F1040F00F07381A8F147
:10B5C0000502022A40F21181B8F10F0FB1D1F72B19
:10B5D0001AD8F02BB4F87C1101D00029A9D0D4F8E6
:10B5E0009C31002B00F01A82B1F5917FC0F01A82D5
:10B5F000002204F159009847002101232144A4F8B6
:10B600007C3181F8599095E7F13B0E2B91D801A23E
:10B6100052F823F0258F0200378F0200578F020067
:10B62000BF8C0200BF8C02007F8E0200BF8C020024
:10B63000958E0200BF8C0200A78E0200C18E020010
:10B64000DB8E0200BF8C0200F58E02000B8F020021
:10B650000139891B19444FE7B8F1090F13D1092BA0
:10B6600011D12A0E38D18023F6B2C5F3074884F8E9
:10B670005630D4F88031002B00F0698141463046C5
:10B680001546984774E7B8F10A0F05D10A2B03D184
:10B69000A022D4F8883160E7B8F10B0F05D10B2B4D
:10B6A00003D1B022D4F88C3157E7B8F10C0F40F039
:10B6B00093800C2B40F09080C022D4F89031C5F3D9
:10B6C0000748F6B22D0E84F85620002B3FF450AFF9
:10B6D0004146304698474BE79023C5F30748F6B2FA
:10B6E00084F85630D5B2D4F88431002B7FF43CAFC7
:10B6F0003EE7D4F8B0316BB1C5F307489847F6B2CE
:10B7000084F856902D0E33E7D4F8B431002B00F0B6
:10B710004E819847C5F30748F1E7D4F8B831002BBC
:10B72000F7D1D4F8CC31002BF4D0FA20C5F3074878
:10B730009847E4E7D4F8BC31002BDDD1D4F8CC3104
:10B74000002BE7D0FB20C5F307489847D7E7D4F88C
:10B75000C031002BD0D1D4F8CC31002BDAD0FC2072
:10B76000C5F307489847CAE7D4F8C431002BC3D1C2
:10B77000D4F8CC31002BCDD0FE209847CAE7D4F8BE
:10B78000C831002BB8D1D4F8CC31C5F30748002B11
:10B79000B5D0FF209847B2E7D4F8A431C5F30748E5
:10B7A000002BACD040469847A9E7D4F8A821002A3E
:10B7B000B0D06B0CC5F306404FEA154803F47E5336
:10B7C0005FFA88F81843904799E7D4F8AC31C5F38D
:10B7D0000748002BE6D192E7B8F10D0F3CD10D2BB5
:10B7E0003AD1D022D4F8943169E7D4F89C31B4F836
:10B7F0007C11002B50D0B1F5917F50D33A4604F123
:10B8000059009847394601232144A4F87C3181F836
:10B810005990BAF1000F03D0BBF1000F7FF489AE4D
:10B82000B8F1050F6DD1B4F87C11D4F89C31C8B2D1
:10B830000A0A84F85700002084F85820F022A4F85F
:10B840007C0184F85620002B00F0A880012204F12E
:10B850005900174698476DE6B8F10E0F7FF469AEB0
:10B860000E2B7FF466AEE022D4F8983184F856208F
:10B87000002B00F0F580690CC5F30642F6B201F426
:10B880007E514FEA154830462D0E11435FFA88F875
:10B89000A1F5005198476BE6B1F5917FB9D24B1CE9
:10B8A0009BB2B1E7D4F89C61002E52D0B4F87C3141
:10B8B000B3F5917FC0F0888019463A4604F15900EB
:10B8C000B0470123D4F89C21C5F3074084F8599070
:10B8D000A4F87C31002A40F0E280591C23442D0E4C
:10B8E00089B2B1F5917FA4F87C1183F85900BFF4B7
:10B8F00020AE4B1C9BB22144A4F87C3181F85950F6
:10B9000018E6D4F89C31B4F87C11B3B3B1F5917F4B
:10B91000C0F08B80002204F15900984701212A0CC5
:10B92000B8F1070FD4F89C3184F85920A4F87C11A1
:10B9300047D1002B00F0AB804F1C0E46F8B2C7F386
:10B940000722B9B226442D0E86F8595071E71D46DC
:10B950000EE6B4F87C21B2F5917FBFF4EAAD531C3A
:10B960002244C5F307409BB2B3F5917FA4F87C3124
:10B9700082F859903FF4DDADAFE7B1F5917F76D312
:10B98000B8F1070F1DD10B0A0020F02284F85710E0
:10B9900084F85830A4F87C0184F85620D4F8A031FB
:10B9A000002B62D004F1590001279847C2E5D4F872
:10B9B000CC31002B3FF4AEAEF820C5F307489847D2
:10B9C0009DE6C8B20A0A34E7591CE218C5F30748D5
:10B9D00089B2B1F5917FA4F87C1182F8599012D008
:10B9E000023362182D0E99B2B1F5917FA4F87C1143
:10B9F00082F859807FF47DAF3A4604F15900B04790
:10BA00003946012377E73A4604F15900B04701214E
:10BA10002D0E84F85980A4F87C116AE7B1F5917F66
:10BA2000BFF487AD4B1C9BB2E8E5481C6218B8F127
:10BA3000070F81B24FEA1540A4F87C1182F8590033
:10BA4000BFD1B1F5917F7FF477AF002204F15900A7
:10BA5000984700220120D4F89C311646014671E730
:10BA6000C5F30748F6B22D0E82E5012762E54A1CB0
:10BA7000280C2144B8F1070F92B2A4F87C2181F878
:10BA8000590011469DD1B2F5917F3FF47CAF4F1C18
:10BA90000E460023F8B2C7F30722B9B252E72D0EC3
:10BAA000022184F85A0024E72DE9F047002482B0EF
:10BAB00007462146384600F067F9054628B90134A3
:10BAC000042CF6D102B0BDE8F08700F1040907EBC1
:10BAD0008403D5F8082204F1010893ED0E0A4846C4
:10BAE000494607F0FBFC032C29D00F3407EB8404F4
:10BAF0004146384600F03CF908F101080646C8B155
:10BB000000F098F8824694ED000A301D0AF1040115
:10BB1000DAF80822019107F0E1FC01994A46DAF8C7
:10BB20000832484607F010FD504600F0D9F830467C
:10BB300000F0D6F8B8F1040F04F10404D8D1384667
:10BB40000022294600F0F0F8284602B0BDE8F04790
:10BB500000F0C6B8134B1A7812B9134B1868704727
:10BB6000124A0021904210B50446197015D94FF0C1
:10BB7000FF3005F0FFF9621E0CD4034680210C4C07
:10BB8000013AC3F80C42B2F1FF3FC3E9811103F55A
:10BB90000573F5D1044B186010BD4FF4057004FB1C
:10BBA00000F0E6E7D28E002044DA00200F983D0036
:10BBB00000442C47C02930B58E4628BF4FF0C00E38
:10BBC00072B6144C0023144AC4E900331060C4E96F
:10BBD0000233C4E90433D1B119461A469C46012503
:10BBE00001E054F82C1002F01F03013205FA03F3B0
:10BBF000964543EA010344F82C304FEA521CF0D832
:10BC000000234370013300F505709E45F9D862B6F4
:10BC100030BD00BF68D8002064D8002010B50446AD
:10BC2000FFF798FF20B12146BDE81040FFF7C2BFE3
:10BC300010BD00BF10B472B6234A13682BB9536805
:10BC400043B34FF48544043200E00024B3FA83FC8C
:10BC50004FF0004121FA0CF123EA01031B49136064
:10BC60000B780133DBB20B7062B6194A19491068C0
:10BC700044F26C02224401FB0C2217494FF0010CE4
:10BC800000F802C010440A789A4238BF0B705DF881
:10BC9000044B7047936843B9D36853B9136963B9C8
:10BCA000536973B10D4C1432D0E74FF40544083298
:10BCB000CCE74CF280740C32C8E74FF48534103274
:10BCC000C4E762B61846E2E768D80020218902205E
:10BCD00064D80020ECFDFFFF22890220804C010087
:10BCE000427872B60378012B03D9013B037062B628
:10BCF0007047D1434FF000435209094801F01F013A
:10BD000010B4084CCB4054F822100B430178013991
:10BD100044F82230017062B65DF8044B704700BFF2
:10BD20002189022068D80020C36913B91DE0DB68AF
:10BD3000E3B1187A9042FAD110B4586893F809C068
:10BD4000006A50F82C4054B1DB682BB1187A90424D
:10BD5000F3D0DB68002BF9D15DF8044B704740F855
:10BD60002C10087801300870EEE77047704700BF6C
:10BD7000037E8B4206D9036A002253F8210043F860
:10BD8000212070470020704738B5037E8B421BD9B5
:10BD9000036A002253F8214043F82120A4B12378FC
:10BDA000012B01D8204638BDFFF744FF054628B1D6
:10BDB0004FF40072211D043005F040F82378013B58
:10BDC00023702C46204638BD0024204638BD00BFD5
:10BDD0004368427A1B7E9A420DD872B60168CB69DD
:10BDE00053B11A46DB68002BFBD1D06001234268B7
:10BDF0000B72137262B67047C861F7E7024A0349D3
:10BE0000034808F0EBBA00BF088200207D4B020017
:10BE100058D90020024A0349034808F0DFBA00BF9E
:10BE2000088200207D4B0200B0D80020024A03495E
:10BE3000034808F0D3BA00BF088200207D4B0200FF
:10BE400028D90020024A0349034808F0C7BA00BFB6
:10BE5000088200207D4B0200F0D80020024A0349EE
:10BE6000034808F0BBBA00BF088200207D4B0200E7
:10BE700048D90020084A0949094808B508F0AEFA2F
:10BE8000084B8022084803F50061C3F8042AC3F870
:10BE9000082AC1F80C0208BD088200207D4B020070
:10BEA00040D90020A0B6202000442C47F8B5044615
:10BEB0000D46DBB1D2B1013A012A20D8006808B1A1
:10BEC000FFF70EFF286808B1FFF70AFF0023236081
:10BED0002B60FFF7AFFE0646206070B1D0F8082255
:10BEE00000210430920009F0D1FF02E02368002B0A
:10BEF000EFD02F682FB10120F8BD286890B900203D
:10BF0000F8BDFFF797FE0646286040B1D0F808223A
:10BF100039460430920009F0B9FF0120F8BD2068CD
:10BF20000028ECD0FFF7DCFE3046F8BD90F8A230D8
:10BF300090F8A3209A4205D95A1C034480F8A22005
:10BF4000987E70474FF0FF30704700BFF8B5002370
:10BF5000044680F81C2180F87031002A00F04581E9
:10BF6000C04B1B78002B00F03B8107EE901A9FED31
:10BF7000BE6ADFEDBE6AF8EE677A806B87EE867A7E
:10BF800067EE267AFCEEE77AC4ED0C7A17EE905A4B
:10BF900008F0C8FD0123A800656384F8403004F070
:10BFA000B1FEA063002800F040810021626BE163D4
:10BFB000920009F06BFF94F84050002D00F04F8183
:10BFC000D4E90D1222F01F0302EB8102BFF34F8F61
:10BFD0004FF0E021C1F8703F20339A42FAD8BFF306
:10BFE0004F8FBFF36F8F266B94F81C71A06C08F015
:10BFF00099FD84F85070B0006664002F00F027812E
:10C0000004F080FEA064002800F027810021626C0B
:10C01000E164920009F03AFF94F8503093B1D4E90A
:10C02000111222F01F0302EB8102BFF34F8F4FF07A
:10C03000E021C1F8703F20339A42FAD8BFF34F8F06
:10C04000BFF36F8F266B94F81C71A06D08F06AFD2A
:10C0500084F86070B0006665002F00F0F08004F096
:10C0600051FEA065002800F0F0800021626DE165BE
:10C07000920009F00BFF94F8603093B1D4E91512E7
:10C0800022F01F0302EB8102BFF34F8F4FF0E0213C
:10C09000C1F8703F20339A42FAD8BFF34F8FBFF3F5
:10C0A0006F8F266B94F81C71A06E08F03BFD84F82E
:10C0B0007070B0006666002F00F0B98004F022FEB8
:10C0C000A066002800F0B9800021626EE16692004F
:10C0D00009F0DCFE94F8703093B1D4E9191222F023
:10C0E0001F0302EB8102BFF34F8F4FF0E021C1F835
:10C0F000703F20339A42FAD8BFF34F8FBFF36F8F50
:10C10000D4F8401104F5A072594BC4F88810C4F853
:10C11000D01004F5A271E267C4F8A410C4F8EC10C2
:10C12000D4F84411C4F8C42004F5A472C4F8A810CB
:10C13000C4F8F01004F59E71D4F83C01C4F88C30BA
:10C14000C4F8B030C4F8D430C4F8F8300023C4F8D0
:10C15000A020C4F8E820C4F88010464AC4F8C810EB
:10C16000D4F84811C4F88400C4F8CC006367A3670E
:10C17000C4F89830C4F89C30C4F8BC30C4F8C0305F
:10C18000C4F89020C4F8B420C4F8D820C4F8AC1087
:10C19000C4F8F410C4F8FC20C4F8E030C4F8E4306B
:10C1A00072B6354BC4F82C31C4F8303162B694F80D
:10C1B000213173B9D4ED4A7A9FED307A304B67EE76
:10C1C000877AC4F8783172B6C4ED497AC4F834314C
:10C1D00062B6012384F820310DB184F87031F8BDC6
:10C1E000C82980F81C3128BFC82107EE901A9FED9E
:10C1F0001E6ADFED1E6AF8EE677AA06B87EE867A1C
:10C2000067EE267AFCEEE77AC4ED0C7A17EE905AC8
:10C2100008F088FC0023A800656384F8403008F02B
:10C2200079FCA06300287FF4C0AE0546DBE608F089
:10C2300071FCA06600287FF447AF054660E708F070
:10C2400069FCA06500287FF410AF054629E708F0D7
:10C2500061FCA06400287FF4D9AE0546F2E6012512
:10C26000C1E600BF2D89022000007A4400442C471B
:10C27000CDCC4C3DCDCC4C3E0F0F343F8FC2F53E64
:10C28000CDCC6C3FF8B50346474E044600F1280577
:10C2900043F8246B03614FF4807303810023C36070
:10C2A000436242480368002B7CD018465B69002B30
:10C2B000FBD1446102203E4FF2EE047A0023207647
:10C2C0004FF07E5CC4F818714FF4004739480126DE
:10C2D000DFF8E4E025624FF4006520600020C4F838
:10C2E000147140F2012763616360A372E36184F813
:10C2F0004030A36384F85030A36484F86030A365B1
:10C3000084F87030A36684F8943084F8B83084F8E8
:10C31000DC3084F80031C4F8040184F81D31A4F83D
:10C32000203184F82231C4F8240184F80861A4F88B
:10C330001E71C4E90A33C4E94333C4F828C1C4F800
:10C340004001C4F84801C4F87401C4F87C01C4F881
:10C350008401204684F86861C4ED5B7AC4F834C176
:10C36000C4F838C1C4F83CC1C4F844C1C4F858E1A9
:10C37000C4F85CE1C4F860E1C4F864E184F87031A9
:10C38000C4F878C1C4F880C184F88831C4F89C31FD
:10C39000C4F8A051C4E96333C4E96535FFF7D6FD9D
:10C3A0002046F8BD046085E78041002048D7002082
:10C3B0006F7C0100584300209A99193FF8B5924EBE
:10C3C000044633784BBB0022D0F898110125426710
:10C3D0008267C0F8BC20C0F8C020C0F89820C0F820
:10C3E0009C20C0F8E020C0F8E420026B3570914238
:10C3F000C0E967312AD9C0F8A021D4E967318B425E
:10C4000025D9D4F89831C4F89C111944C4F8A01166
:10C41000002D7CD100252846F8BD026BD0F8A01174
:10C4200091420FD80025013B032B00F2E98001A2C5
:10C4300052F823F0879B0200739C02004B9C020081
:10C44000279C02000125C0F8A021ECE71D46606B87
:10C45000814294BFC3EB0102C3EB0002A06B002139
:10C4600000EB8303970018463A4609F00FFD94F855
:10C4700040207AB13A1820F01F00BFF34F8F4FF0E1
:10C48000E023C3F8700F20308242FAD8BFF34F8FF9
:10C49000BFF36F8FD4F8A011B3E7D4E967139942C3
:10C4A00040F28880D4F89821C4F89C311A44C4F82A
:10C4B000A021002DAED0002328463370F8BDD4E96A
:10C4C0006713994250D9D4F89821C4F89C31134489
:10C4D000C4F8A031002D9DD00025042328463370D8
:10C4E000C4E96752F8BDD4E96713994216D9D4F864
:10C4F0009821C4F89C311344C4F8A031002D89D090
:10C500000025032328463370C4E96752F8BD00258F
:10C51000022228463270C4E96753F8BD606C83423A
:10C5200094BFC1EB0302C1EB0002A06C970000EBCB
:10C53000810300213A46184609F0A8FC94F85020DF
:10C540007AB13A1820F01F00BFF34F8F4FF0E0236D
:10C55000C3F8700F20308242FAD8BFF34F8FBFF379
:10C560006F8FD4F8A031C2E7606D834294BFC1EBF6
:10C570000302C1EB0002A06D970000EB81030021D4
:10C580003A46184609F082FC94F860207AB13A18CD
:10C5900020F01F00BFF34F8F4FF0E023C3F8700F60
:10C5A00020308242FAD8BFF34F8FBFF36F8FD4F899
:10C5B000A03188E7606E834294BFC1EB0302C1EBF8
:10C5C0000002A06E970000EB810300213A46184656
:10C5D00009F05CFC94F870207AB13A1820F01F0042
:10C5E000BFF34F8F4FF0E023C3F8700F203082422B
:10C5F000FAD8BFF34F8FBFF36F8FD4F8A03151E754
:10C6000000231D46337006E72689022090F870311A
:10C61000002B00F0C98590F81D312DE9F04F8046C0
:10C620002DED0A8B8BB0002B00F0FB830021FFF770
:10C63000ABFB0346012140460793FFF7A5FB98F8A3
:10C640001E3108A9089007A898F81F21FFF72EFCB3
:10C65000002800F0EA8398F81E31002B40F0BA85DC
:10C66000079B1A4605930023D2F8082288F8203148
:10C670009A4240F39A85F6EE009A9FED049A9FED58
:10C68000048ADFED048A049394E300BFCDCCCC3D53
:10C69000000000009A99193FD8ED5B6A37EE267AC0
:10C6A000F4EEC77AF1EE10FA01D4F0EE477AA34A1D
:10C6B00098F8683192ED007A77EEC77AA7EE897A1A
:10C6C00082ED007A88ED537A002B00F03385F0EE8E
:10C6D000687A88ED547A98F80831C8ED567AC8ED32
:10C6E000577AC8ED597AD8E943421444C8F80C4146
:10C6F000002B40F09F83D8ED0C7AB7EE007AD8ED8E
:10C7000053CAF8EE676A7CEE887A76EEC76A76EEF0
:10C71000E77AF5EEC07AF1EE10FA00F12F85F5EE2A
:10C72000C07A9FED877AB0EE47BAF1EE10FA00F1C9
:10C7300033859FED83AA77EE2CAA9FED817AF5EEE3
:10C74000C07A98ED546AD8F84C303BEE066A98ED02
:10C75000574AF1EE10FA029398F8DC4048BF37EEE2
:10C76000277AFDEEC67AD8E9110117EE902AF8EE85
:10C77000E77AD31836EE676A034493FBF0F600FBC2
:10C7800016365D1C5A1E023301EB8606D6ED006A92
:10C7900095FBF0F600FB165501EB850595ED005A6B
:10C7A00092FBF0F500FB152276EEC55A01EB8202F2
:10C7B000D2ED007A93FBF0F235EE675A00FB1233AC
:10C7C000F0EE657A01EB8303E5EE297AD3ED004ABA
:10C7D00074EEE64A75EEA75AE4EEA95A77EEA57A0A
:10C7E000D6EE257A66EE277AE5EE297AE6EE276A16
:10C7F00026EE846A002C55D1D8F8C83098ED335A0B
:10C80000D3ED007AB4EEE75AF1EE10FA40F18084ED
:10C81000DFED4C7A35EE275A88ED335AD3ED007AA6
:10C82000B4EEE75AF1EE10FA03DDB0EE675AC8ED48
:10C83000337AD8F8C430D8ED345AD3ED007AF4EE18
:10C84000E75AF1EE10FA40F15184DFED3E7A75EED1
:10C85000A75AC8ED345AD3ED007AF4EEE75AF1EE58
:10C8600010FA03DDF0EE675AC8ED347AD8ED2F7A6E
:10C87000D8ED363A36EEE73AD8ED304A98ED354AFB
:10C88000E3EE237A76EEE76AC8ED2F7A77EEE43AA4
:10C89000E6EE857AE3EE844AE4EEA57AC8ED304A06
:10C8A000F0EE676A049C089AD8ED4E5A4FEA840A63
:10C8B00002EB8409D8ED497A98F8003199ED014AE4
:10C8C00024EE254AA7EEA64A002B5DD1D8F8EC301D
:10C8D000D8ED3C5AD3ED007AF4EEE75AF1EE10FAB7
:10C8E00040F1D183DFED177A75EEA75AC8ED3C5AB7
:10C8F000D3ED007AF4EEE75AF1EE10FA03DDF0EE34
:10C90000675AC8ED3C7AD8F8E830D8ED3D6AD3EDE7
:10C91000007AF4EEE76AF1EE10FA40F1A383DFED5E
:10C92000097A76EEA76AC8ED3D6AD3ED007AF4EE97
:10C93000E76AF1EE10FA0BDD06E000BF50DA0020E6
:10C94000000000000AD7A33CF0EE676AC8ED3D7A0C
:10C95000D8ED387AD8ED3F3A34EE673A98ED395A47
:10C96000D8ED3E4AE3EE237A34EE674AC8ED387AD2
:10C9700077EEC53AE4EE257AA3EEA45AE5EE267AE0
:10C9800088ED395AB0EE674AFDEEEA7AD8F83C50A5
:10C9900098F894C0019517EE903AB8EEE75AD8E9A6
:10C9A0000D422B443AEEC55A234493FBF4F704FBA3
:10C9B00017375E1C5D1E023302EB8707D7ED006A56
:10C9C00096FBF4F704FB176602EB8606D6ED004AE9
:10C9D00095FBF4F604FB165576EEE45A02EB85055A
:10C9E000D5ED007A93FBF4F574EEE74A04FB1533BA
:10C9F000F0EE657A02EB8303E4EEA97AD3ED003A18
:10CA0000029B73EEE63A002BB4BF1B18029B75EE37
:10CA1000A75A01EB8301019BE3EEA95A002BB4BF97
:10CA20001B19019B02EB830277EEA57AD5EE257ADE
:10CA300065EE277AE4EEA97AE5EE276AC1ED006A91
:10CA400098ED565A82ED004A98ED540A78EEC57A70
:10CA5000D8F86C1025EE265A3AEE000AD8ED593A6D
:10CA6000A7EEA66A0391FDEEC07AD8E9192717EE62
:10CA7000903AF8EEE76A0B4430EE660A134493FBF3
:10CA8000F2F602FB16365D1C591E023307EB8606D2
:10CA9000D6ED006A95FBF2F602FB165507EB85050D
:10CAA000D5ED004A91FBF2F502FB151176EEE45A42
:10CAB00007EB8101D1ED007A93FBF2F174EEE74AC6
:10CAC00002FB1133F0EE657A07EB8303E4EEA97AFB
:10CAD00093ED004A34EE664A75EEA75AE4EE295A01
:10CAE00077EEA57AD0EE257A60EE277AE4EEA97A81
:10CAF000E0EE276AA3EEA66ABCF1000F55D1D8F884
:10CB00008030D8ED214AD3ED007AF4EEE74AF1EE19
:10CB100010FA40F196825FED757A74EEA74AC8ED7F
:10CB2000214AD3ED007AF4EEE74AF1EE10FA03DD84
:10CB3000F0EE674AC8ED217AD8F87C30D8ED225A59
:10CB4000D3ED007AF4EEE75AF1EE10FA40F1688284
:10CB50005FED847A75EEA75AC8ED225AD3ED007ABC
:10CB6000F4EEE75AF1EE10FA03DDF0EE675AC8ED85
:10CB7000227AD8ED1D7A98ED243A76EEE72A98EDE0
:10CB80001E4AD8ED233AE2EE837A76EEE76AC8EDE4
:10CB90001D7A37EEC43AE6EEA47AA3EE234AE4EE19
:10CBA000257A88ED1E4AF0EE676A079BD8ED4E4A5B
:10CBB0009A44D8ED495A0593DAED017A98F8B830DD
:10CBC00067EEA47AE5EEA67AB0EE674A002B55D15F
:10CBD000D8F8A430D8ED2A5AD3ED007AF4EEE75A0B
:10CBE000F1EE10FA40F171825FEDAA7A75EEA75A64
:10CBF000C8ED2A5AD3ED007AF4EEE75AF1EE10FAB6
:10CC000003DDF0EE675AC8ED2A7AD8F8A030D8EDE7
:10CC10002B6AD3ED007AF4EEE76AF1EE10FA40F1F8
:10CC200043825FEDB87A76EEA76AC8ED2B6AD3ED42
:10CC3000007AF4EEE76AF1EE10FA03DDF0EE676ACF
:10CC4000C8ED2B7AD8ED267A98ED2D3A74EE672A46
:10CC5000D8ED274AD8ED2C3AE2EE837A34EE674AD3
:10CC6000C8ED267A37EEE43AE4EE257AE3EE234A7D
:10CC7000E4EEA67AC8ED274AB0EE674AD8ED537ABB
:10CC8000D8F85C5037EE270AD8E91516FDEEC07AC1
:10CC900017EE903AB8EEE77A2B4430EE470A0B4491
:10CCA00093FBF1FB01FB1B3B03F1010E03F1FF3C86
:10CCB000023306EB8B0BDBED006A9EFBF1FB01FB05
:10CCC0001BEE06EB8E0EDEED005A9CFBF1FE01FB27
:10CCD0001ECC36EEE57A06EB8C0CDCED007A93FB8D
:10CCE000F1FC75EEE75A01FB1C33F0EE477A06EBD8
:10CCF0008303E5EEA97AD3ED004A039B74EEE64A7E
:10CD0000002BB4BF9B18039B37EE277A002D07EB4F
:10CD10008307B4BF6B182B46A4EEA97A013506EB46
:10CD20008306019B8D42A8BF00250133A342A8BF03
:10CD3000002377EE877AD0EE077A60EE277AE5EE69
:10CD4000A97AE0EE276AC7ED006AD8ED587A86ED39
:10CD5000004AC8F83C30A7EEA65A029BC8F85C50BF
:10CD60000133D8ED4C7AD8ED4B6A8342A8BF00233B
:10CD7000C8F84C30039B01339342A8BF0023049AA8
:10CD8000C8F86C3001329AED017A059B27EE877A5C
:10CD90000492A6EE857A8AED017A99ED017A67EE22
:10CDA000877AE6EE867AC9ED017AD3F808329342A3
:10CDB00040F3FB81D8ED4E7AF5EE006A98ED4D7A9E
:10CDC00098F8883137EE677AE7EE267AC8ED4E7A22
:10CDD00063B1D8F88C31E64A01339342C8F88C31FC
:10CDE00004D9002388F88831C8F88C3198ED537A3B
:10CDF000D8ED557AB4EEE77AF1EE10FA3FF54CAC87
:10CE0000F4EEC77AF1EE10FA7FF54FACD8ED5B6A1D
:10CE100037EE667AF4EEC77AF1EE10FA77FE877A8B
:10CE200045E4FFF7CBFA88F81D010BB0BDEC0A8B87
:10CE3000BDE8F08F4FEA1469DFF83CA347F6FF71B5
:10CE400024F07F4409F101033AF919206FF07F4B78
:10CE500009A83AF913300A44ABEB040B00260B4443
:10CE60005D463746A3FB0431E2FB0B311B0E43EA60
:10CE7000012307EE903AB8EE670AD8ED457AF8EE4E
:10CE8000E7BA80EE2B0A06F087FE9DED09BAD8EDD1
:10CE90000C6AD8ED53CABCEECBBAB7EE007AB8EE46
:10CEA00066CAB8EE4BBA3CEE47CA3BEE00BA7BEE20
:10CEB0002C7A7CEE677AF5EEC07AF1EE10FA01D5A5
:10CEC0003BEE27BA09F12B0347F6FF7109A8DBB245
:10CED00003F1010C3AF913203AF91C300A440B44CF
:10CEE000A3FB0431EBFB02311B0E43EA012307EEE7
:10CEF000903AB8EE670A80EE2B0A06F04DFE9DEDE3
:10CF0000097ABCEEC77AB8EE477A37EE007A77EE48
:10CF10002CAA7CEE6A7AF5EEC07AF1EE10FA0CD506
:10CF200037EE277AD8ED457A6FF07F450026F8EE88
:10CF3000E7BA77EE2CAA2D1B374609F1550347F6C1
:10CF4000FF7209A8DBB2591C3AF913303AF91110F3
:10CF500013441144A3FB05E203FB0622A1FB043C9E
:10CF600013EB0E0301FB07C14FEA136342EB01020F
:10CF700043EA022307EE903AB8EE670A80EE2B0AE6
:10CF800006F00AFE9DED09AABCEECAAAB8EE4AAAAE
:10CF90003AEE00AA7AEE2C7A7CEE677AF5EEC07A49
:10CFA000F1EE10FA0AD53AEE27AAD8ED457A6FF0DD
:10CFB0007F450026F8EEE7BA2D1B374689F0800939
:10CFC00047F6FF7309A83AF9191009F1010219444B
:10CFD0003AF912201A44A1FB055301FB0633A2FBC8
:10CFE0000441641902FB07124FEA146443EB020385
:10CFF00044EA032407EE904AB8EE670A80EE2B0A53
:10D0000006F0CAFD9DED097ABCEEC77AB8EE477A04
:10D0100037EE007A7CEE877A7CEE677AFFF78FBB7B
:10D020007FF7A7ADDFED537A75EEE75AC8ED225AC8
:10D03000D3ED007AF4EEE75AF1EE10FA7FF599ADF0
:10D0400093E57FF779ADDFED4B7A74EEE74AC8EDF3
:10D05000214AD3ED007AF4EEE74AF1EE10FA7FF5BB
:10D060006BAD65E57FF774ACDFED427A76EEE76A8B
:10D07000C8ED3D6AD3ED007AF4EEE76AF1EE10FAFE
:10D080007FF566AC60E47FF73EACDFED3A7A75EE93
:10D09000E75AC8ED3C5AD3ED007AF4EEE75AF1EEC8
:10D0A00010FA7FF530AC2AE47FF7CCADDFED317AB2
:10D0B00076EEE76AC8ED2B6AD3ED007AF4EEE76A04
:10D0C000F1EE10FA7FF5BEADB8E57FF79EADDFED6E
:10D0D000297A75EEE75AC8ED2A5AD3ED007AF4EEB4
:10D0E000E75AF1EE10FA7FF590AD8AE57FF7BEAB17
:10D0F000DFED207A75EEE75AC8ED345AD3ED007AA9
:10D10000F4EEE75AF1EE10FA7FF5B0ABFFF7AABBE9
:10D110007FF78FABDFED177A35EE675A88ED335A1C
:10D12000D3ED007AB4EEE75AF1EE10FA7FF581AB59
:10D13000FFF77BBBD8F83020803A07EE902AF8EE54
:10D14000677AC8ED547A72B6D8ED467AF8EE677A07
:10D1500067EE887AFCEEE77AC8ED447A62B672B67A
:10D1600088F8083162B6F0EE487AFFF7B4BA00BF2B
:10D17000E0BCE2070AD7A33CFC2300203CEE886A0F
:10D1800037EE88BA76EEC67AB0EE4B7AF5EEC07A14
:10D19000F1EE10FA7FF5CDAA3CEE886A37EE88AA48
:10D1A00076EEC67AFFF7C7BA704705994046002267
:10D1B000FEF7BAFD012208994046FEF7B5FD079833
:10D1C000FEF78EFD0898FEF78BFD0BB0BDEC0A8BC9
:10D1D000BDE8F08F98F82041B4BB98F81F31022BBE
:10D1E00029D198F82131BBB3002288F8212172B6E9
:10D1F0000023D8F88401D8F8781188F8DC20C8F822
:10D200002401C8F8BC30C8F83411C8F8C03088F818
:10D210000021C8F8E030C8F8E43088F89420C8F855
:10D220007430C8F8783088F8B820C8F89830C8F852
:10D230009C3062B60CE04046FFF7C0F888F88841A1
:10D24000C8F88C4188F8200198F82131002BCBD107
:10D2500098F81F31022B09D10023002288F8883169
:10D26000C8F83421C8F88C31FFF7FAB907999DE75F
:10D2700070B504460D461646406807F053FC25601D
:10D28000A80026730EB303F03DFD6060D0B100210D
:10D290002268A160920008F0F9FD207B98B1D4E9E2
:10D2A000001222F01F0302EB8102BFF34F8F4FF0F9
:10D2B000E021C1F8703F20339A42FAD8BFF34F8F74
:10D2C000BFF36F8F70BD012070BD07F023FCDCE75A
:10D2D00038B50546044655F83C0B07F023FC104AC8
:10D2E000E16B0023E26204F13802A06BE2610D4AB7
:10D2F000A0624FF480406162012125622263636174
:10D30000A36107F0BFFB206048B100234FF07E52BD
:10D310004FF480110120A3602382E160626038BD78
:10D32000A69B443BB81E853E0168028A10B5D0E931
:10D33000023401EB820C2344B4F5801F8CED000A0B
:10D34000836090ED015A00F0C680B5EE405AF1EED0
:10D3500010FA00F0C080C3F3130CA3EB0254DFED0E
:10D360006F6A4FEA135E07EE10CAC4F3160C9FED06
:10D370006C6A03F10043B8EEC77A002C4FEA1353EE
:10D38000F7EE005A02F10102C7EE267A06EE90CAC5
:10D390000EF1010C01EB8E0EC2F30B02CCF30B0C61
:10D3A000F8EEE66A01EB8C0C86EE867A9CED006A5C
:10D3B00003F1010C01EB8303DEED006AD3ED003ACB
:10D3C000CCF30B03C4F3C75C01EB8301554B75EE43
:10D3D000E74A27EE866AA6EEA46AD1ED006A03EB5F
:10D3E0008C0190F8343067EEA66AD1ED017A35EE03
:10D3F000C74A27EE277AD1ED007AE4EEA36A0282CB
:10D40000A4EE277AF7EE007AB8BF35EEC77A77EE4A
:10D41000C77A67EEA67AE7EE067A002B52D1036A46
:10D4200090ED096A93ED007AB4EEC76AF1EE10FA56
:10D4300056D410DD9FED3C7A36EE476A80ED096ADE
:10D4400093ED007AB4EEC76AF1EE10FA03D5B0EEB0
:10D45000476A80ED097AC369D0ED0A6A93ED007AD4
:10D46000F4EEC76AF1EE10FA48D59FED2F7A76EE0A
:10D47000876AC0ED0A6A93ED007AF4EEC76AF1EEAE
:10D4800010FA03DDF0EE476A80ED0A7A90ED057A36
:10D4900090ED0C4A77EEC73AD0ED065AD0ED0B4A24
:10D4A000A3EE847A77EEC77A80ED057A37EE654A87
:10D4B000A7EE867AE4EE245AF0EE477AC0ED065ADB
:10D4C000E5EEA67AB7EE007A37EE457A27EE000A47
:10D4D000A5EE270A10BD0132C2F30B02028210BD75
:10D4E0009FED117A36EE076A80ED096A93ED007AB6
:10D4F000B4EEC76AF1EE10FAADDDA8E7C6DD9FED28
:10D500000A7A76EEC76AC0ED0A6A93ED007AF4EE05
:10D51000C76AF1EE10FAB9D5B4E700BFF0FF7F4952
:10D52000FEFFFF4AF81F00200AD7A33C90F8903373
:10D5300003B970472DE9F04F002182462DED0A8B8B
:10D540009FB0FEF721FC0346012150461B93FEF7D6
:10D550001BFC9AF828301CA91C901BA89AF82C20B8
:10D5600003F00103FEF7A2FC002800F046879AF8BA
:10D570002840E30700F146871B9A9AF82830039267
:10D58000D2F808226FF3C3039AEDDD8A002A8AF8E5
:10D59000283041F34D800AF51873DAF8F820DAF8EC
:10D5A000E410B6EE00AA0BEE903A1C9B0F920E937D
:10D5B0000AF5497310910CEE103ADAF8F4309FED49
:10D5C0001EBAD3180AF53972DFED1C9A0CEE902AB8
:10D5D000DAF8702002931192DAF87420DAF8E03069
:10D5E0000492DAF86C20CB189FED159A1292DAF8B3
:10D5F0006420019300231392DAF86820994605937A
:10D600000892DAF86020DFED0F8A1492DAF85820D9
:10D61000DFED0DAA1592DAF85C200792DAF85420B3
:10D620001692DAF84C201792DAF850200692DAF8BF
:10D63000482018928AE000BF0AD7A33CCDCC4C3FCB
:10D640003333333F9A99193F00000000002FC0F296
:10D65000D185DAF82CC10D9991ED000ABAF8D8B04D
:10D660000099B7EB4B0007F101074FEA4B0848BFA1
:10D6700060446745A8BF002701EB8000099980ED51
:10D68000000ACAF83471002940F06085002EC0F20B
:10D69000C985DAF83C110C9890ED000AB6EB080049
:10D6A00006F1010648BF40188E42A8BF002602EBD3
:10D6B000800282ED000ACAF844619AF8F060002EF8
:10D6C00040F0F484002DC0F2A585DAF84C210B99C6
:10D6D00091ED000AB5EB080105F1010548BF891875
:10D6E0009542A8BF002503EB810383ED000ACAF829
:10D6F0005451002E40F08B84002CC0F28385DAF860
:10D700005C310A9A92ED000A029AB4EB08080F996C
:10D7100004F1010448BF98440A449C42A8BF002475
:10D72000109909EB8809059B0292019A013389ED52
:10D73000000A0A44CAF8644101921AB2039B914656
:10D740000592D3F808329A4280F22E86DAED417AB9
:10D75000F5EE006A9AED427A4FEA8908019B1BEECA
:10D76000900A37EE677A069ACAF8E030029BE7EE35
:10D77000267ACAF8F430189BCAED417A93ED007A04
:10D78000039B03EB890B0E9B9844179BDBED016A0F
:10D7900003EB8203013267EEA67AD3ED006AE02A3A
:10D7A000E7EE876A28BF00220692E7EE667AC3EDAD
:10D7B000007A169BCAF85020079AD3ED007A159B81
:10D7C00003EB8203013293ED007AB2F5D27FA7EE2C
:10D7D000A67A28BF00220792E7EEC76AC3ED006A67
:10D7E000149BCAF85C20089AD3ED006A139B03EBE4
:10D7F00082030132D3ED007AB2F5567FE6EE877AE6
:10D8000028BF00220892A6EEE77A83ED007A129BE9
:10D81000CAF86820049A93ED007A119B03EB820307
:10D82000013293ED000AB2F5886FA7EE270A88BF90
:10D8300000220492E7EE407AC3ED007ACAF8742021
:10D840008AED470AFFF770FD98ED017ADAED417A2B
:10D850001CEE100ADAF8783027EE277A8AED470AAC
:10D86000D3ED006ADAF88430DAE91F1201EB8201A5
:10D870000132D1ED007A9C2AE7EE267A28BF0022F9
:10D88000A6EEE77A81ED007ACAF88020D3ED006A2F
:10D89000DAF89030DAE9221201EB8201013291EDDF
:10D8A000007AB2F5027FA6EEA77A28BF0022E6EE44
:10D8B000C77AC1ED007ACAF88C20D3ED006ADAF895
:10D8C0009C30DAE9251201EB82010132D1ED007AB8
:10D8D000B2F56F7FE6EE877A28BF0022A6EEE77AE0
:10D8E00081ED007ACAF8982093ED007ADAE92812DF
:10D8F00001EB8201013291ED000AB2F5A16FA7EEB2
:10D90000270A88BF0022E7EE407AC1ED007ACAF804
:10D91000A4208AED480ADAED4A7A30EE270AFFF7AA
:10D9200003FDDAF83031DAF834711A4600939AF8C8
:10D930009C3102EB8702D2ED007A0D9282ED000A53
:10D94000002B51D1DAF888319AED636A93ED007AB1
:10D95000B4EEC76AF1EE10FA40F1168536EE0B6AA6
:10D960008AED636A93ED007AB4EEC76AF1EE10FABD
:10D9700003DDB0EE476A8AED637ADAF88431DAEDD6
:10D98000646A93ED007AF4EEC76AF1EE10FA40F1A2
:10D99000E98476EE8B6ACAED646A93ED007AF4EE60
:10D9A000C76AF1EE10FA03DDF0EE476A8AED647A99
:10D9B0009AED5F7ADAED664A37EEC74ADAED605AD9
:10D9C0009AED655AA4EE247A77EEC77A8AED5F7AEB
:10D9D00077EE654AA7EE867AE4EE855AF0EE477A4E
:10D9E000CAED605AE5EEA67A68EE277ADAEDDF6ACC
:10D9F0009AED477ADAF8B430A7EEA67AD3ED007A3A
:10DA000040F65833DAE92E2102EB81020131D2EDE2
:10DA1000006A994288BF0021E7EE276AA7EEE67AFE
:10DA200082ED007ACAF8BC10DAE9502602EB8603D0
:10DA3000D3ED007A0C93C3ED006A9AF8C031002B45
:10DA400051D1DAF8AC319AED6C6A93ED007AB4EE0C
:10DA5000C76AF1EE10FA40F1758436EE0B6A8AED72
:10DA60006C6A93ED007AB4EEC76AF1EE10FA03DD4A
:10DA7000B0EE476A8AED6C7ADAF8A831DAED6D6AB1
:10DA800093ED007AF4EEC76AF1EE10FA40F14A84A1
:10DA900076EE8B6ACAED6D6A93ED007AF4EEC76A92
:10DAA000F1EE10FA03DDF0EE476A8AED6D7A9AED39
:10DAB000687ADAED6F4A37EEC74ADAED695A9AEDBD
:10DAC0006E5AA4EE247A77EEC77A8AED687A77EEFA
:10DAD000654AA7EE867AE4EE855AF0EE477ACAEDFB
:10DAE000695AE5EEA67A68EE277A9AEDDF7A9AED22
:10DAF000480A1CEE900A0992A7EE870AFFF714FC69
:10DB0000DAF8C030DAE93101D3ED007A00EB8100B8
:10DB1000013190ED007AA0EE277ADAE9543503EB73
:10DB20008502A7EEC70A0B9280ED000A40F6664018
:10DB3000814288BF0021CAF8C8109AF8E411D2EDDA
:10DB4000007A82ED007A099A002951D1DAF8D011D1
:10DB50009AED756A91ED007AB4EEC76AF1EE10FAAB
:10DB600040F1D18336EE0B6A8AED756A91ED007A49
:10DB7000B4EEC76AF1EE10FA03DDB0EE476A8AED43
:10DB8000757ADAF8CC11DAED766A91ED007AF4EE76
:10DB9000C76AF1EE10FA40F1A78376EE8B6ACAED00
:10DBA000766A91ED007AF4EEC76AF1EE10FA03DDC1
:10DBB000F0EE476A8AED767A9AED717ADAED784A74
:10DBC00037EEC74ADAED725A9AED775AA4EE247A04
:10DBD00077EEC77A8AED717A77EE654AA7EE867A94
:10DBE000E4EE855AF0EE477ACAED725AE5EEA67A6F
:10DBF00068EE277ADAEDDF6A9AED477ADAF8CC1028
:10DC0000A7EEA67AD1ED007A40F65D11DAE934404C
:10DC100004EB80040130D4ED006A884288BF002004
:10DC2000E7EE276AA7EEE67A84ED007ACAF8D40018
:10DC3000DAE9589409EB8401D1ED007A0A91C1ED3B
:10DC4000006A9AF80812002951D1DAF8F4119AED15
:10DC50007E6A91ED007AB4EEC76AF1EE10FA40F1F7
:10DC6000348336EE0B6A8AED7E6A91ED007AB4EE6B
:10DC7000C76AF1EE10FA03DDB0EE476A8AED7E7AEC
:10DC8000DAF8F011DAED7F6A91ED007AF4EEC76A06
:10DC9000F1EE10FA40F10A8376EE8B6ACAED7F6AE4
:10DCA00091ED007AF4EEC76AF1EE10FA03DDF0EEC2
:10DCB000476A8AED7F7A9AED7A7ADAED814A37EE11
:10DCC000C74ADAED7B5A9AED805AA4EE247A77EEB1
:10DCD000C77A8AED7A7A77EE654AA7EE867AE4EE1D
:10DCE000855AF0EE477ACAED7B5AE5EEA67A68EEE1
:10DCF000277A9AEDDF7ABAF8381067EE877A791AC0
:10DD0000CAED4A7A02D5DAF82C010144009800EBFA
:10DD10008101D1ED007ABAF83A1067EEA97A711A4A
:10DD200002D5DAF83C01014402EB810191ED007A61
:10DD3000BAF83C10E7EE097A691A02D5DAF84C0114
:10DD4000014403EB810191ED007ABAF83E10E7EE51
:10DD5000287A611A02D5DAF85C01014409EB8101E5
:10DD600091ED007A9AF83412E7EE0A7A002951D13F
:10DD7000DAF820129AED896A91ED007AB4EEC76A5A
:10DD8000F1EE10FA40F1838236EE0B6A8AED896A71
:10DD900091ED007AB4EEC76AF1EE10FA03DDB0EE51
:10DDA000476A8AED897ADAF81C12DAED8A6A91ED0F
:10DDB000007AF4EEC76AF1EE10FA40F1598276EE7D
:10DDC0008B6ACAED8A6A91ED007AF4EEC76AF1EEC9
:10DDD00010FA03DDF0EE476A8AED8A7A9AED857AC9
:10DDE000DAED8C4A37EEC74ADAED865A9AED8B5A4D
:10DDF000A4EE247A77EEC77A8AED857A77EE654AC3
:10DE0000A7EE867AE4EE855AF0EE477ACAED865A96
:10DE1000E5EEA67A9AED457ADBED016ADAED444A41
:10DE200067EE266ABAF84010791AE4EEA76ACBEDDD
:10DE3000016A02D5DAF82C010144009800EB810157
:10DE4000D1ED007ABAF8421067EEA97A711A02D5BC
:10DE5000DAF83C01014402EB8101D1ED006ABAF825
:10DE60004410E6EE897A691A02D5DAF84C010144C9
:10DE700003EB8101D1ED006ABAF84610E6EEA87A0C
:10DE8000611A02D5DAF85C01014409EB8101D1ED98
:10DE9000006A9AF85812E6EE8A7A002951D1DAF827
:10DEA0004412DAED925AD1ED006AF4EEE65AF1EE40
:10DEB00010FA40F1CE8175EE8B5ACAED925AD1ED2F
:10DEC000006AF4EEE65AF1EE10FA03DDF0EE665A5F
:10DED000CAED926ADAF840129AED936AD1ED006ABF
:10DEE000B4EEE66AF1EE10FA40F1A48136EE0B6A68
:10DEF0008AED936AD1ED006AB4EEE66AF1EE10FAAB
:10DF000003DDB0EE666ACAED936ADAED8E6ADAED89
:10DF1000953A37EEE63A9AED8F5A9AED944AE3EE47
:10DF2000236A77EEE67ACAED8E6A76EEC53AE7EEB8
:10DF3000A56AA3EE845AF0EE667A8AED8F5AE5EE72
:10DF4000067AD8ED016A9AF8DC1027EE267A099154
:10DF5000A4EEA77A88ED017A00293FF477AB0D9300
:10DF600047F6FF7E019BDFF81C844FEA136C23F019
:10DF70007F409AED3A7A0CF1010B38F91CC0B8EEEB
:10DF8000C70A199238F91B80F444F0446FF07F4EB1
:10DF9000AEEB000EA8FB0008ECFB0E08000E40EAFA
:10DFA000082007EE900A1DA8F8EE677A87EE800A2F
:10DFB00005F0F2FDDDED1D7A0D9B199AFCEEE77A76
:10DFC00017EE90EAA7EB0E0EBEF1000F7046C0F2FE
:10DFD0001481DAF82CC1B5EE400AF1EE10FA00F027
:10DFE0001C8301380099F7EE007A48BF604401EBCA
:10DFF0008E0E01EB800077EEC07A9EED007AD0EDB8
:10E00000006A20EE260AA7EE270AFFF727BB029B2D
:10E0100047F6FF71DB481A0E23F07F439AED3F7AF3
:10E020004032B8EEC70AD2B2551C30F9122030F98E
:10E0300015000A4408446FF07F41C91AA0FB033061
:10E04000E2FB01301B0E43EA00231DA807EE903AC5
:10E05000F8EE677A87EE800A05F09EFDDDED1D7A09
:10E06000FCEEE77A17EE901A611A00290A46C0F210
:10E07000CC80DAF85C31B5EE400AF1EE10FA00F02F
:10E08000C782013AF7EE007A09EB810148BFD21846
:10E0900077EEC07A91ED007A09EB8202D2ED006A48
:10E0A00020EE260AA7EE270AFFF72EBB009347F6BD
:10E0B000FF70029BB34F190E23F07F429AED3F7A17
:10E0C00001F1010C37F91110B8EEC70A37F91C70CD
:10E0D000014407446FF07F40801AA7FB0227E1FB51
:10E0E0000027120E1DA842EA072207EE902AF8EE3A
:10E0F000677A87EE800A05F04FFDDDED1D7A009B03
:10E10000FCEEE77A17EE900A281A00280146C0F2C2
:10E110008480DAF84C21B5EE400AF1EE10FA00F0F6
:10E1200072820139F7EE007A03EB800048BF89184C
:10E1300077EEC07A90ED007A03EB8101D1ED006AB1
:10E1400020EE260AA7EE270AFFF7C4BA009347F687
:10E15000FF77019BDFF82CC2180E23F07F419AED68
:10E160003A7A40300992B8EEC70AC0B200F1010E07
:10E170003CF910003CF91EC03844BC446FF07F47A6
:10E180007F1AACFB011CE0FB071C090E1DA841EA2D
:10E190000C2107EE901AF8EE677A87EE800A05F0F8
:10E1A000FBFCDDED1D7A009B099AFCEEE77A17EE89
:10E1B000907AF71B002F384637DBDAF83C11B5EEC2
:10E1C000400AF1EE10FA00F019820138F7EE007AF9
:10E1D00002EB870748BF401877EEC07A97ED007AC8
:10E1E00002EB8000D0ED006A20EE260AA7EE270A97
:10E1F000FFF754BAB0EE6A0A3846DAF82CC1604428
:10E200008646E8E6B0EE6A0A2246DAF85C311A443D
:10E21000114630E7B0EE6A0A2946DAF84C2111447B
:10E22000084678E7B0EE6A0A3046DAF83C1108444E
:10E230000746C4E77FF769AE36EE4B6A8AED936A0C
:10E24000D1ED006AB4EEE66AF1EE10FA7FF55DAE4C
:10E2500057E67FF73FAE75EECB5ACAED925AD1ED35
:10E26000006AF4EEE65AF1EE10FA7FF533AE2DE6D1
:10E270007FF7B4AD76EECB6ACAED8A6A91ED007A8B
:10E28000F4EEC76AF1EE10FA7FF5A8ADA2E57FF7CC
:10E290008AAD36EE4B6A8AED896A91ED007AB4EE6A
:10E2A000C76AF1EE10FA7FF57EAD78E57FF703AD32
:10E2B00076EECB6ACAED7F6A91ED007AF4EEC76A1A
:10E2C000F1EE10FA7FF5F7ACF1E47FF7D9AC36EE5A
:10E2D0004B6A8AED7E6A91ED007AB4EEC76AF1EE80
:10E2E00010FA7FF5CDACC7E47FF766AC76EECB6A6B
:10E2F000CAED766A91ED007AF4EEC76AF1EE10FA93
:10E300007FF55AAC54E47FF73CAC36EE4B6A8AEDAD
:10E31000756A91ED007AB4EEC76AF1EE10FA7FF5F6
:10E3200030AC2AE47FF7C3AB76EECB6ACAED6D6AF8
:10E3300093ED007AF4EEC76AF1EE10FA7FF5B7AB11
:10E34000FFF7B1BB7FF798AB36EE4B6A8AED6C6A8C
:10E3500093ED007AB4EEC76AF1EE10FA7FF58CAB5C
:10E36000FFF786BB7FF724AB76EECB6ACAED646A13
:10E3700093ED007AF4EEC76AF1EE10FA7FF518AB70
:10E38000FFF712BBFC2300207FF7F7AA36EE4B6A9B
:10E390008AED636A93ED007AB4EEC76AF1EE10FA83
:10E3A0007FF5EBAAFFF7E5BA5946BAF8DA208A42B8
:10E3B00013D0002900F0378101238AF8DC308AF875
:10E3C000F03047F6FF7303EB5103B3FBF1F3CAF8E8
:10E3D000E830CAF8FC30AAF8D82000220399504649
:10E3E000FDF7A2FC01221C995046FDF79DFC1B98ED
:10E3F000FDF776FC1C98FDF773FC1FB0BDEC0A8B93
:10E40000BDE8F08F14F0080440F0EF809AF82C304B
:10E41000022B3FF4B1A84FF460722146DAF84C00A9
:10E4200007F034FD4FF4D2622146DAF85800CAF8FA
:10E43000504007F02BFD4FF456622146DAF8640095
:10E44000CAF85C4007F022FD41F204122146DAF8D6
:10E450007000CAF8684007F019FD4FF41C7221469D
:10E46000DAF87C00CAF8744007F010FD4FF402623D
:10E470002146DAF88800CAF8804007F007FD4FF41B
:10E480006F622146DAF89400CAF88C4007F0FEFC6F
:10E4900041F224422146DAF8A000CAF8984007F079
:10E4A000F5FC42F2FC322146DAF8AC00CAF8A4408E
:10E4B00007F0ECFC42F664522146DAF8B800CAF8DC
:10E4C000B04007F0E3FC43F29C122146DAF8C400A6
:10E4D000CAF8BC4007F0DAFC42F278522146DAF87A
:10E4E000D000CAF8C84007F0D1FCDAF82C21214648
:10E4F000DAF830019200CAF8D44007F0C7FC9AF865
:10E50000383193B1DAE94B1222F01F0302EB81029A
:10E51000BFF34F8F4FF0E021C1F8703F20339A4294
:10E52000FAD8BFF34F8FBFF36F8FDAF83C21002189
:10E53000DAF84001920007F0A9FC9AF8483193B14B
:10E54000DAE94F1222F01F0302EB8102BFF34F8F73
:10E550004FF0E021C1F8703F20339A42FAD8BFF360
:10E560004F8FBFF36F8FDAF84C210021DAF850019A
:10E57000920007F08BFC9AF8583193B1DAE9531204
:10E5800022F01F0302EB8102BFF34F8F4FF0E02117
:10E59000C1F8703F20339A42FAD8BFF34F8FBFF3D0
:10E5A0006F8FDAF85C210021DAF86001920007F041
:10E5B0006DFC9AF8683193B1DAE9571222F01F0323
:10E5C00002EB8102BFF34F8F4FF0E021C1F8703FA3
:10E5D00020339A42FAD8BFF34F8FBFF36F8F9AF868
:10E5E000283043F008038AF828309AF82C30022BA0
:10E5F0003EF4C2AF1B9950460022F1E602EB8700C1
:10E600000C90FFF748B803EB80010B91FFF75FB860
:10E6100009EB81020A92FFF774B8009901EB8E01B1
:10E620000D91FFF718B88AF8DC108AF8F010D2E6DE
:10E63000BAF8D8301946B8E6F8B54FF07C534FF029
:10E640007E52E3490446C0F808310025C0F8043181
:10E650000027C0F80C3100F58C76DE4BC0F8102195
:10E66000C0F81811C0F82411C0F87C23C0F8743326
:10E67000C0F81471C06C84F86D5384F86E5306F0C2
:10E6800051FA01214FF4607006F0FCF9E0640028B3
:10E6900000F0B381A06DA664256506F043FA012160
:10E6A0004FF4D26006F0EEF9A065002800F0A581D5
:10E6B000606E6665E56506F035FA01214FF4566037
:10E6C00006F0E0F96066002800F09781206F26666A
:10E6D000A56606F027FA012141F2041006F0D2F9EE
:10E6E0002067002800F08981E06FE666656706F024
:10E6F00019FA01214FF41C7006F0C4F9E0670028F4
:10E7000000F07B81D4F88800A667C4F8805006F03A
:10E7100009FA01214FF4026006F0B4F9C4F8880048
:10E72000002800F06A81D4F89400C4F88460C4F82A
:10E730008C5006F0F7F901214FF46F6006F0A2F952
:10E74000C4F89400002800F05881D4F8A000C4F860
:10E750009060C4F8985006F0E5F9012141F2244098
:10E7600006F090F9C4F8A000002800F04681D4F823
:10E77000AC00C4F89C60C4F8A450C4F81C71C4F880
:10E78000207106F0CFF9012142F2FC3006F07AF94F
:10E79000C4F8AC00002800F0308104F59276D4F87B
:10E7A000B800C4F8B050C4F8A86006F0BBF9012165
:10E7B00042F6645006F066F9C4F8B800002800F08C
:10E7C0001C810027D4F8C400C4F8B460C4F8BC703D
:10E7D00006F0A8F9012143F29C1006F053F9C4F8A1
:10E7E000C400002800F00981D4F8D000C4F8C0604B
:10E7F000C4F8C87006F096F9012142F2785006F08C
:10E8000041F9C4F8D000002800F0F78000253A460E
:10E8100040F65F5104F59670C4F8CC60C4F8D4702B
:10E82000C4F82851FEF724FD002800F0E6803A469F
:10E8300041F2ED1104F59E70FEF71AFD002800F07C
:10E84000DC803A4641F20D1104F5A670FEF710FD8A
:10E85000002800F0D2803A4640F6726104F5AE70AE
:10E86000FEF706FD002800F0C88004F5BA724FF0EC
:10E870007E5304F5B67104F50370C4F88421C4F81E
:10E88000A821C4F8CC21C4F8F021534AC4F86C3153
:10E89000C4F89421C4F8B821C4F8DC21C4F80022DB
:10E8A0004E4AC4F88811C4F88C31C4F8AC11C4F8CD
:10E8B000B031C4F8D011C4F8F41104F50471C4F8EF
:10E8C000D431C4F8F831C4F89821C4F8BC21C4F894
:10E8D000E021C4F80422C4F87451414AC4F89051AC
:10E8E000C4F87C51C4F88051C4F8B451C4F8A051A4
:10E8F000C4F8A451C4F8D851C4F8C451C4F8C851DC
:10E90000C4F8FC51C4F8E851C4F80C32C4F82432FD
:10E91000C4F84832334BC4F82002C4F8440204F56A
:10E920001870C4F8EC51C4F81052C4F81C12C4F8A2
:10E930002852C4F81452C4F81852C4F84012C4F84B
:10E940004C52C4F83852C4F83C52C4F82C22C4F8D3
:10E950005022C4F83032C4F85432FEF7B9FC002813
:10E960004BD004F52870FEF7B3FC002845D04FF4D7
:10E9700080121D4B04F53970C4F86452C4F86C223F
:10E98000C4F8AC22C4F89C32C4F8DC32C4F8A452F7
:10E99000C4F8E052FEF79CFC78B304F54970FEF72A
:10E9A00097FC50B3114B4FF40011C4F8E852C4F86F
:10E9B0002033C4F8603394F82830C4F8F012C4F857
:10E9C000301323F003030121C4F828530B430FE055
:10E9D0006666263FCDCC4C3E8FC2753D9A99993ED6
:10E9E0000AD7A33DCDCCCC3DEC51B83EB81E853EF8
:10E9F00084F8901384F82830F8BD0020F8BD00BFDB
:10EA0000024A0349034805F0E9BC00BF0882002020
:10EA10007D4B0200E0D80020024A0349034805F07C
:10EA2000DDBC00BF088200207D4B020038D90020E9
:10EA3000024A0349034805F0D1BC00BF0882002008
:10EA40007D4B0200F8D80020024A0349034805F034
:10EA5000C5BC00BF088200207D4B020050D90020B9
:10EA600090F8A32090F8A200101A704790F8A230F6
:10EA700090F8A3209A4202D91844807E70474FF044
:10EA8000FF307047704700BF0346B0F8300178B1DF
:10EA900093F82F21882A03D9012200205A60704759
:10EAA00002F1010C01201A4483F82FC182F8A5104D
:10EAB000704700BF38B5B0F830410CB9204638BDBA
:10EAC00090F82F310546C3F18904A2420DD81446AF
:10EAD00005F1A5002246184402F0B0F995F82F314F
:10EAE0002046234485F82F3138BD01224260EFE7EC
:10EAF0002DE9F04FD0F814A01524017E8146437E05
:10EB000083B00AEB0111384A0AEB0313374F097A35
:10EB100093F8283002EB01150901E86852F80180EA
:10EB200002EB0311D5F804B01B01CE68D558CBF821
:10EB30000040C8F88400D8F804304A6803432C49E0
:10EB40000192C8F804301460C5F884606B683343E0
:10EB50006B60284B4C683A68A3FB0232920C02EBC4
:10EB6000820252004B681B1B9A42FBD84FF0090CE3
:10EB70001F4ADFF880E0D8F80830034202D0AB68C3
:10EB800033422FD1C5F8886054683968AEFB013133
:10EB9000890C01EB810153681B1B9942FBD8C5F816
:10EBA000846054683968AEFB0131890C01EB810146
:10EBB00053681B1B9942FBD8BCF1010CDBD16046AA
:10EBC00099F81830019A0AEB0313DB68CBF8003090
:10EBD00099F819300AEB031ADAF82C30136003B0F5
:10EBE000BDE8F08F0120EBE754480020447C002072
:10EBF000001000E083DE1B430E4A10B51168046963
:10EC000005E0DB0107D413685B1A102B08D8636991
:10EC100013F0007FF5D14FF4FE430120636110BD76
:10EC2000FFF766FF0028FAD04FF4FE43012063612E
:10EC3000F5E700BF146D02202DE9F04790F82FA1F1
:10EC40000569BAF1000F4FD081468846FFF7D4FF1F
:10EC5000002849D0374E0024376818E06B69190541
:10EC600051D4DA0455D4580559D4990441D43268A2
:10EC7000D21B322A3DD8544507D9EA6D520704D138
:10EC80009B0555D4B8F1000F52D004F0E9F9544572
:10EC9000E4D8EA6D500702F00703DFD413E099F8D7
:10ECA000A5200133022442F48062042B2A661ED080
:10ECB0008A4503F1010309EB01020ED992F8A52060
:10ECC000042B2A66CAD00121002CE8D0214601334A
:10ECD00001348A4509EB0102F0D8B8F1000FBDD02C
:10ECE0004FF400732B66B9E70420BDE8F0870124D8
:10ECF000B4E72B694FF40072042043F440732B6196
:10ED00002A66BDE8F0872B69042043F440732B6129
:10ED1000EBE72B69052043F440732B61E5E72B6992
:10ED20004FF40072022043F440732B612A66DCE743
:10ED30000020DAE7146D02202DE9F84F83460C46D7
:10ED400015461F46D0F810A0FFF756FF002800F028
:10ED50009E806100012DDFF83C8140F20146CBB27C
:10ED60004FF0000138BF0125D8F800900C461E4333
:10ED7000ABF8A21020E09BF8A330872B3FD9DAF83C
:10ED8000142010055AD412F4105F70D1D8F8003056
:10ED9000A3EB0903322B6AD89BF8A330AB4209D30B
:10EDA000022C07D9DAF85C30590703D193054BD40C
:10EDB000002F49D004F054F9022CDCD8DAF85C308A
:10EDC00003F007025B07D6D4681E224440F480702B
:10EDD0004CB9CAF860600134131B032BCBD8022C4A
:10EDE000C9D8002CF5D0012C37D01FB14FF40073D7
:10EDF000CAF860309BF8A3300324872BBFD8DAF819
:10EE00005C2012F4E02FC2F3024CB8D0591C9C4491
:10EE10001933C9B25FFA8CFC5BFA83F3DAF870003D
:10EE20004A1C61458BF8A310D1B203F8010FA6D09C
:10EE30008929F3D1DAF814201005A4D5DAF81030B6
:10EE400043F44073CAF81030DAF85C3013F4E02F62
:10EE500006D19BF8A300BDE8F88FCAF86000BAE7B6
:10EE6000DAF8103043F40073CAF81030F1E7DAF83A
:10EE700010304FF4007243F44073CAF81030CAF8EF
:10EE80006020DAF85C3013F4E02FE2D0E8E70420E9
:10EE9000BDE8F88F146D0220F8B506690446D6F86F
:10EEA000145115F4706301D0C6F81431A8070BD5BE
:10EEB000D6F8702111043DD50023012184F8A23039
:10EEC000234484F8A3109A76EA0710D594F8307199
:10EED000F7B194F82E7194F82F31BB4226D97B1CE0
:10EEE000274484F82E3197F8A530C6F86031AB0579
:10EEF0000DD594F8A30018B1D4F83C3103B198476C
:10EF00000023A4F8A230A4F82E3184F83031F8BDE3
:10EF1000D4F8383103B19847002384F82E31012307
:10EF200084F8303194F82F31BB42D8D80023C6F88A
:10EF30006031DCE794F8A330872BC5D8591CC9B2DF
:10EF4000BEE700BF0148FFF7A7BF00BFDC7D002080
:10EF50000148FFF7A1BF00BF1C7F00200148FFF759
:10EF60009BBF00BF5C80002010B4144C00220369DA
:10EF7000A1421A6114D8124C012012494FF43032C8
:10EF80009C6458629962DA629C6C00204FF0011117
:10EF900001221C6518625DF8044B99651A6170477F
:10EFA0000948814207D9094C09480A499C645A62B8
:10EFB0009862D962E8E7084C0848F6E77F1A06002D
:10EFC0003B372819B80B05053F420F000A09070413
:10EFD00060090101007F05001C1A120C100E0202CC
:10EFE0004FF0E0234022C3F808227047F8B5144BD5
:10EFF000144D1C686E689CB1237A20466BB123685F
:10F000006F681B6898476B68E188DB1BC3F38F123E
:10F01000B1EB931FA28038BFE2806469002CEBD172
:10F02000084B094A5B6810889B1B084CC3F38F117F
:10F03000B0EB931F218038BF1180BFF34F8FF8BD15
:10F0400048D70020001000E0F4880220F288022057
:10F05000036818470B680360704700BF0B680360C4
:10F06000704700BF704700BF30B472B6244D254CC6
:10F070002A8804F1700104EB82038B423CD204F134
:10F080006F01501CC91A00EB910002E0013282426C
:10F0900032D09C4653F8041B0029F7D0B1FA81F016
:10F0A0004FF00043C34021EA0301CCF8001001B93E
:10F0B0000132154B2A801A88013291B2198062B64A
:10F0C000ACEB040C41F67C73C0EB00644FEAAC0C73
:10F0D000C0EB841001240CEB8C1C03EBCC1303EB72
:10F0E00080030A480068C4541844094B1C889442A1
:10F0F00030BC38BF1980704762B6002030BC704702
:10F10000F68802204CD70020EE88022044D7002049
:10F11000F0880220428872B60378012B03D9013BA4
:10F12000037062B67047D14353090B484FF0004259
:10F1300001F01F01CA4050F823100A430749B1F8F3
:10F1400000C040F823209C45054A88BF0B801388E7
:10F15000013B138062B670474CD70020F68802202E
:10F16000EE880220C36813B91DE0DB68E3B1187AAA
:10F170009042FAD110B4586893F809C0006950F869
:10F180002C4054B1DB682BB1187A9042F3D0DB6885
:10F19000002BF9D15DF8044B704740F82C1008782B
:10F1A00001300870EEE77047704700BF437A8B422A
:10F1B00006D90369002253F8210043F82120704743
:10F1C0000020704738B5437A8B421BD9036900226F
:10F1D00053F8214043F82120A4B12378012B01D812
:10F1E000204638BDFFF740FF054628B14FF4807236
:10F1F000211D043001F022FE2378013B23702C46B0
:10F20000204638BD0024204638BD00BF00220449F6
:10F21000C0E90022028102740A680860C260704777
:10F22000BCD70020037CFBB903680146FBB14368EF
:10F23000EBB1427A5B7A9A421CD230B472B62B4B55
:10F240001C68ECB1E368C3B1486801E0DB68A3B1B6
:10F250005A688242FAD193F809C04A7A9445F5D1A6
:10F2600062B6042030BC7047012062B670470320AC
:10F2700062B67047022062B670476469002CE1D123
:10F280001B4C236843B1994202D10BE0994207D04D
:10F290001A46DB68002BF9D1052062B630BC7047F6
:10F2A00002F10C040D68E868E8B1C3681BB908E016
:10F2B000DA683AB1134681421846F9D162B606209F
:10F2C000D0E70346D960CB68002023600123C860E3
:10F2D000AA7A2B721A44AA724A68947A13721C444E
:10F2E00094720B74D9E7E960EDE700BF48D70020BE
:10F2F000BCD7002010B5047C9DF808E00CB10120BB
:10F3000010BD027280F809E0C0E90013BDE81040AA
:10F31000FFF788BF38B5037C002B36D0436804461E
:10F32000427A5B7A9A4238D272B60168CB68002B77
:10F330002DD0984233D01A46DB689C422AD0002B4D
:10F34000F9D16268607A136953F8200048B1FFF779
:10F35000E1FE72B662680025607A1369216843F89D
:10F3600020508B7A013BDBB28B7203B90B72937A1C
:10F37000013BDBB2937203B913720A4B00201A6887
:10F3800020741C60E26062B638BD012038BD62B6F0
:10F39000032038BDE368D360D3E7022038BDC368DB
:10F3A000CB60CEE7BCD7002010B50446FFF7B2FF14
:10F3B000094A136843B19C4202D108E09C4205D03F
:10F3C0001A46DB68002BF9D1204610BD0C32E368E9
:10F3D0002046136010BD00BFBCD700200C4B1A782C
:10F3E0009AB90C4A0C4910B4C2F858110B48D024F1
:10F3F00001224FF0E02180F8464040241046C1F839
:10F4000008415DF8044B1A7070470020704700BF38
:10F410001D8902200090002079C7020000E400E06E
:10F4200030B472B621B9036813B102790F2A3BD9FF
:10F43000244C2188002341FA03F212F0010208D083
:10F440000133102BF7D162B600220371026030BC89
:10F4500070474FF0010C0CFA03FC41EA0C012180CB
:10F4600062B619495FFA83FC184C194480F804C04D
:10F470004B01E16F41F0C001E16740F28244144961
:10F480000C6081F81AC081F81EC081F818C081F89C
:10F490001FC0036030BCC3E90022C3E90222C3E9F4
:10F4A0000422C3E906227047064C218841FA02F57E
:10F4B000ED07BFD5044D1544B3EB451FBAD162B675
:10F4C000C5E700BF008902208074000200C00F4021
:10F4D00000800E4003790F2B11D8094A937672B63B
:10F4E0000849012290F804C00B8802FA0CF223EAC2
:10F4F00002030B8062B61022002302710360704782
:10F5000000800E4000890220EFF3108272B6437F24
:10F510005BB9017F012930B40BD0032913D001233B
:10F52000437702B962B630BC70470AB962B6704719
:10F530007047124C2168B1B1114943610B680860F2
:10F5400083615861EBE70F4D0F492C688CB1436123
:10F550000B68836158614FF0E0234FF080540860DE
:10F56000C3F8044DDBE7064B20601860C0E90511C5
:10F57000D5E7C0E905442860EDE700BF44D8002086
:10F5800050D800204CD8002048D8002070B5EFF3A8
:10F59000108272B60C4C206880B10C4E0025436975
:10F5A000236073B19D6102B962B68368457798475D
:10F5B000EFF3108272B620680028F0D102B962B66B
:10F5C00070BD3360EFE700BF4CD8002048D8002062
:10F5D000FFF7DCBF0449054A4968054B1960136809
:10F5E00001331360704700BF001000E0146D02206B
:10F5F000106D022001207047B0F84630B0F8482066
:10F600009BB292B2934202D2013AD01A7047416B38
:10F6100001390A44D01A7047016972B6B0F84A201D
:10F62000B0F84C3092B29BB29A423CBF806B121839
:10F63000C86AD31A62B6C0F302601844704700BFAC
:10F64000B0F84A100246B0F84C3089B29BB29942E9
:10F6500010B4046914D00133906B116B984298BFB9
:10F660000023994206D85B1A526AD05CC0B25DF89A
:10F67000044B7047126A5DF8044BD05CC0B270470F
:10F6800072B6B0F84A0080B2814201D062B6E2E7B9
:10F69000E36A13F0E06F03D14FF0FF3062B6E6E7A4
:10F6A000E36901200024116AA2F84A00C3F30900AB
:10F6B000DBB2A2F84C404B70F0E700BFB0F84A1044
:10F6C0000246B0F84C3089B29BB2994230B404691A
:10F6D00025D00133946B9C4216D9106B1FFA83FC22
:10F6E000984217D9106AC05CC0B2956DA2F84CC0A0
:10F6F00045B199421CD3CB1AD16B994202D3D36D39
:10F70000C5F8883030BC70474FF0000C106B634672
:10F710009842E7D8181A556A285CC0B2E5E708464F
:10F7200072B6B2F84A1089B2884204D062B6D0E705
:10F730000C44E31AE0E7E36A13F0E06F03D14FF003
:10F74000FF3062B6DEE7E069C0F30900F9E700BF09
:10F7500090F8443043B110B5044603F081FC94F8AE
:10F760004430002BF9D110BD704700BF38B5D0E947
:10F770000453D3E903120968114228D090F84420B9
:10F78000044632B103F06CFC94F84430002BF9D1FC
:10F79000636900210E4AA961207E03EB0010007D01
:10F7A00002EB0010456805202860657E03EB051319
:10F7B00093F8343002EB0312A36D52681060A4F882
:10F7C0004A10A4F84C1013B1E26DC3F8842038BD80
:10F7D0005448002007EE901A9FED9A7A0421B6EE65
:10F7E000005AF8EE677A9FED986A41F6FF7CC7EE03
:10F7F000275A2DE9F0478E460569012407EE901A35
:10F80000F8EEE77A85EEA77A77EE057AFDEEE77AED
:10F8100017EE903A6345A8BF6346012BB8BF01239A
:10F8200007EE903AF8EEE76A76EEC76AC6EE877A98
:10F83000F5EEC07AF1EE10FA48BFF1EE677AF4EE19
:10F84000C67AF1EE10FA03D8B0EE676A8E461C460F
:10F8500001312129D2D10021436902F40076A0F8B8
:10F860004A10B3F85AC08E42A0F84C10B3F8586052
:10F87000A0F84610A0F8481080F84410816BDF68AB
:10F88000A1EB0606A1EB0C01C0E90F6139681E6906
:10F8900041EA0601396014BF01210021817640F060
:10F8A000AC80017E694E03EB0118DFF8C09198F837
:10F8B0001470D8F81CA006EB0717B968C1F80090BF
:10F8C0007968D8F818700F60BAF1000F03D0D8F833
:10F8D0002010CAF80010477ED92103EB071898F8CA
:10F8E00034C006EB0C1CDCF808703960DCF804103E
:10F8F000D8F838700F60417E03EB0111CF6B0FB168
:10F90000096C39600EF1FF31BEF1080F4FEA016159
:10F91000CCBF4FF0000E4FF0010E01F0F85144EA59
:10F920004E4421435C682961597801F1100300219C
:10F93000E960474941F8234041694FF0010E454CC9
:10F9400002F0030C4F7891F85610434B39554FF0A5
:10F9500002174469617803EB511301F01F019B000A
:10F960000EFA01F11960EF62AB6A43F08803AB62F3
:10F9700053073ED44CF4701302F00F01042908BF62
:10F9800043F0804397062ED5817E43F080530029B3
:10F990003AD11607AB6103D52B6943F000532B61B5
:10F9A0006B69D10623F0805348BF43F080536B61ED
:10F9B000D30503D52B6943F400532B61A36883B1AE
:10F9C000264E3478002C3AD0611E254DC9B22B1F2B
:10F9D00005EB810101E0994225D053F8042F9042B4
:10F9E000F9D1BDE8F087817E0029D2D043F0A00391
:10F9F000CFE71C4B4CEA0303BEE7477E4FF2D90129
:10FA0000124E03EB07186AE7417E43F0A00304EBB4
:10FA1000011191F8341006EB0116B668316821F433
:10FA200040413160B5E7631CDBB20F4A3370137895
:10FA300045F8240043F002031370BDE8F08701236A
:10FA4000074DF2E7001BB74BEC78AD60544800203F
:10FA50000090002000E400E04038003823890220B4
:10FA600008D9002010003C005389022038F0010022
:10FA7000EFF31380B8B9EFF310834BB9EFF30582BE
:10FA80003AB94FF48073EFF3118050B1984208D225
:10FA900070470F2AF7D9054B9B5CEFF311800028C4
:10FAA000F4D1184670474FF0FF30F1E7F0E300E083
:10FAB000036D2DE9F04104460F46066913B1426D0E
:10FAC000C3F88420A37E2BB172B6B36943F0005310
:10FAD000B36162B6B4F84650636BADB20135AB4268
:10FAE0004CD84FF000084546B4F848309BB29D42D0
:10FAF00019D028E073691B0210D5B4F84830626B46
:10FB00009BB201339A4236D99AB2E16A99422DD911
:10FB1000E169CB5CDBB2F361A4F84820B4F848306B
:10FB20009BB2AB420FD1FFF7A3FF6369B3F8563026
:10FB30008342DFDAFF28F1DD03F092FAB4F84830AF
:10FB40009BB2AB42EFD0E36AAB421AD9FFB2E36992
:10FB50005F5572B6012084F84400A4F84680B3696A
:10FB600043F40003B36162B6BDE8F0815B1AA16A99
:10FB7000CB5CDBB2CFE700221346C6E71FFA85F85D
:10FB8000B2E7ED1AFFB2A36A5F55E2E7FFF790BF55
:10FB90000269536913F4401F70B543D0D36A13F060
:10FBA000E06FC3F3026E3AD0B0F84A50B0F84C6040
:10FBB000ADB2B6B207E0016A01F803C00EF1FF333F
:10FBC00013F0FF0E1DD0D1696B1C846BB0F84CC0D4
:10FBD000C1F309019C4298BF00231FFA8CFC9C458D
:10FBE000ECD0046B5FFA81FC1D469C42A3EB04043D
:10FBF000E1D8436A03F804C00EF1FF3313F0FF0E9F
:10FC0000E1D1ABB2A0F84A30836D43B1B54254D3D1
:10FC1000AD1B016CA94202D8C16DC3F884105369B1
:10FC2000D90245D49669330228D553691D0225D5DA
:10FC3000B0F84650B0F84830ADB29BB206E0C169AA
:10FC4000C95CC9B2D161D16A4C0512D4AB4238D07B
:10FC5000446B0133C16A9C4298BF00239942A3EBD5
:10FC60000104ECD8816A095DC9B2D161D16A4C0541
:10FC7000ECD599B2AB42A0F8481025D0710216D548
:10FC800053695B0213D50021036D80F8441013B152
:10FC9000416DC3F88810837E2BB172B6936923F04F
:10FCA0000053936162B6936923F48003936170BD3E
:10FCB000536943F480135361B4E7816B891B0D448E
:10FCC000A7E79BB2A0F84830936923F4000393613F
:10FCD000936943F480039361D0E700BF0148FFF7C5
:10FCE00057BF00BF147D00200148FFF751BF00BF80
:10FCF000747D0020704700BF704700BF704700BF91
:10FD0000704700BF70B51A4C1A4D2368AB4202D041
:10FD1000194AD16829BBA369AB4202D0164AD169FE
:10FD2000C9B9236BAB4202D0134AD16A69B9A36C3B
:10FD3000AB4209D0104AD16B31B101211B680F4889
:10FD4000D163BDE87040184770BD01211B680C48A5
:10FD5000D1629847EBE701211B680A48D1619847B7
:10FD6000DFE701211B6804F10800D1609847D2E762
:10FD700080A00020AC40002000410840D0A000201E
:10FD8000B8A00020A0A0002038B5064CA4F1600562
:10FD900054F8083C2046183CDB689847AC42F7D141
:10FDA00038BD00BFD0A0002003682DE9F041044613
:10FDB00088B01746002B4BD000229A600122DA60EF
:10FDC000304D04A8DFF8E0801D4451F8083B2D11A8
:10FDD00002935B6805EB45069847F60006F10800BC
:10FDE00058F806304044DB6801909847264A04A939
:10FDF000DDE90103029248F806309B689847029BB0
:10FE000004A8DB6898472368032220481F609A6093
:10FE10001F4A23791F4C535513785178C0F8284254
:10FE20008B4228BF0B469178D2788B4228BF0B4675
:10FE3000934228BF1346184C4FF0E0224FF08061E8
:10FE4000012084F87A30C2F80C1108B0BDE8F081C6
:10FE5000124AD36E43F44053D3660122104B1A600A
:10FE6000104A13460260403298680028A8D0103328
:10FE700093422360F8D100231846236008B0BDE800
:10FE8000F08100BF00BFF7BFAC4000200090002011
:10FE9000FC81002091D4020000E400E000C00F408B
:10FEA000004008400041084080A0002010B4064BEC
:10FEB0000020064C064A1C609C611C639C6405493A
:10FEC0005DF8044B04F08ABA80A00020AC4000200A
:10FED0000882002015D50200084603F02DB800BFA7
:10FEE000012A70B508BF0A228AB091B34FF0210EE3
:10FEF00001E05FFA86FE0EF1FF36B1FBF2F502FB80
:10FF000015145FFA84FC092C0CF137040CF1300C49
:10FF100098BF5FFA8CF40EF1280C88BFE4B29142CE
:10FF2000EC4429460CF8244CE3D24BB10EF1FF3ED1
:10FF30002D225FFA8EFE0EF128036B4403F8242C69
:10FF4000036801A9CEF122025B68714498470AB0A8
:10FF500070BD30224FF0210E8DF82520E5E700BF5F
:10FF60002DE9F0410C46D1B1EAB180468E1800254A
:10FF70000E4F04E002F0E0FFB44205440CD0D8F884
:10FF8000003014F8010B1B68BB42F3D00146404619
:10FF90009847B4420544F2D12846BDE8F0810D46A9
:10FFA0002846BDE8F0811546F6E700BF65D6020099
:10FFB000002903DB00230A22FFF792BF49422D23C9
:10FFC0000A22FFF78DBF00BF00B5036883B040F67B
:10FFD0000D2C022201A95B68ADF804C0984703B05C
:10FFE0005DF804FB054B022888BF034610B41C686B
:10FFF000184663685DF8044B184700BF047D002075
:02000004600397
:100000005AB90368C9B2074A1B68934200B506D1C2
:1000100008465DF804EB02F08FBFFFF761BF5DF8A3
:1000200004EB184765D6020002F076BF02F00EBF5F
:100030004D4A2DE9F047A2FB004340F26D1A4B4FA9
:100040005B09DFF83881DFF83891A2FB0342C3EB8C
:1000500003145209A0EB8400454CC2EB0215087052
:10006000A3EB8503A4FB025424094B70414B251DCF
:1000700004EB4400A2EBC002A3FB050300208A703E
:10008000EA1A03EB520302469B08C3EBC303ED1AC3
:10009000CD705FFA80FE40F26D1C0EF2B27313F069
:1000A000030507FB03F608D1B8EBB60F4FF4B77C96
:1000B00003D3B9EB361F38BFD446624401309442B3
:1000C000E7D20EF1460E2C4E81F806E0A6FB0306A1
:1000D00085B377094FF0640C4FF4C870F6090CFB38
:1000E000173700FB163640F26D10A41A00230122C8
:1000F000DFF890E020440AE013F80E4084420ED866
:100100000C2AA0EB04000BD001320133D2B2012B38
:100110005FFA83FCF0D145B9CFB11D2406E06246F9
:1001200001304A710871BDE8F0871C24A04218D341
:10013000001BE9E764207709F60900FB17374FF445
:10014000C87000FB16363FB14FF4B770CDE7002EF4
:1001500014BF1C241D24E9E7002EC4D14FF4B7704E
:10016000C3E70122DCE700BF89888888295C8FC249
:10017000ABAAAAAA254992241F85EB51285C8F02BD
:100180000AD7A300583F002000B9704714490A68F5
:10019000EAB1D31730B4134C134D84FB024C134C0B
:1001A0009444C3EB2C4304FB132244F2A71405FB35
:1001B00003F304FB0233002B10DA6FF000421A4401
:1001C0000A60B2FBF0F330BC00FB13207047084A12
:1001D000B2FBF0F30A6000FB132070471A46EFE70A
:1001E00000D700205F0B4E83ECF4FFFF1DF30100EE
:1001F00042CE0C1FF8B500260446C0E900668660B2
:1002000029B108460D4606F0D5F8074608B920463C
:10021000F8BD013004F07EFC0028F8D029460670B5
:100220002060C4E9017706F003F82046F8BD00BF5E
:10023000F8B5002704460E4607600846C4E9017772
:1002400006F0B8F808B92046F8BD0546013004F0BC
:1002500061FC0028F7D0314607702060C4E90155E1
:1002600005F0E6FF2046F8BDF8B588424FF00005DE
:1002700004468560C0E9005502D08E680F680EB94B
:100280002046F8BD701C04F045FC0028F8D0394623
:1002900005702060C4E9016605F0CAFF2046F8BD7C
:1002A00010B50446006804F03DFC204610BD00BFB8
:1002B000F8B50446154632B9036803B11A70002335
:1002C0002046A360F8BD43680E469A421CD9511CD3
:1002D000006804F0EBFE074660B1A368C4E90005BE
:1002E0000BB90370276831463846A56005F0A0FFBA
:1002F0002046F8BD206810B104F014FC27600023EC
:100300002046C4E90133F8BD07683146A560384688
:1003100005F08EFFECE700BF2DE9F84304460068C6
:100320000D4616468842A36809D8C218914206D2E3
:100330000F1A4FF0010936B92046BDE8F8834FF097
:100340000009002EF8D003EB0608626890450CD92E
:1003500008F1010104F0AAFE0028EDD0A368C4E969
:10036000000813B903702068A368B9F1000F08D121
:100370002946184405F05CFF2046C4F80880BDE813
:10038000F8833246C119184400F058FD2368002252
:1003900003F80820F0E700BF10B504468A68096832
:1003A000FFF7BAFF204610BD38B5054641B10C46EF
:1003B000084605F0FFFF024621462846FFF7ACFF3E
:1003C000284638BD9A422DE9F04105460E4602D92D
:1003D00011461A460B460021A960B7689742C5E945
:1003E000001114D39F4228BF1F46336813F80780BB
:1003F000D95533689C180DD0204605F0DBFF214607
:1004000002462846FFF754FF336803F80780284662
:10041000BDE8F081AC60F8E7A249A34B88422DE922
:10042000F047A24C5E699A69D4F80C801BD9A04BA6
:10043000984240F20281C31A9E491B0AA1FB031392
:1004400040F22761DB0903EB830303EB830303F231
:10045000E2438B4228BF0B46A3F54877964BA3FB9C
:100460000737FF0804E0954FB8428CBF0E270627D8
:100470008D4908F01F09D1F88030B94543F0C00319
:10048000C1F880300CD228F01F08A1F5F82148EA05
:100490000708C1F80C800B68002BFCDA08F01F0974
:1004A00016F0007324D186490C698649A14300F0F7
:1004B000EA8082F4805134464FF4805514F0605F36
:1004C00004D026F060561E43774B5E6111F4405F06
:1004D00007D022F4405274492A438A618B6C1A0770
:1004E000FCD446F00076704A5661936C9B06FCD4AF
:1004F000754CA04200F2CE804FF0010C01466346DD
:1005000003FB011203F1010E0CF10105A24218D800
:10051000BEF1080F4FF0010340F08D80BCF1040FD5
:1005200000F291800A18A24200F2A48005FB00F1BB
:10053000AC4603F1010E03FB01120CF10105A242CE
:10054000E6D90CF1FF318C0286EA81215F48104424
:100550005F4A90427FD9DFF8A4A16C225D48584DD4
:10056000B0FBFEF0D5F800E0B0FBFCF0DFF890C186
:100570000EEA0C0CD44509D042F400524FF4805CD2
:10058000C5F800C02A602A68002AFCDA464A1569C4
:1005900005F007059D4203D01361936CDD03FCD485
:1005A00011F4E05F09D026F4E05604F4E0543E4A2A
:1005B00026435661936C9907FCD44749474A014446
:1005C00091423CD8464BC909A3FB0131090B4B1E94
:1005D0001B0286EA030212F4407F06D026F440761E
:1005E00003F44073304A334353612F4A536923F075
:1005F00000735361936C9B06FCD43A4B4F45A3FBAD
:1006000000234FF0FF324FEA9343B0FBF1F1B2FB0E
:10061000F3F3354A1060354A1160354A136008D249
:1006200028F01F08214A48EA0707D7601368002B03
:10063000FCDABDE8F087734662E7122718E74FF44B
:1006400040730421C5E70CF1FF31204807238C02D9
:10065000104486EA8121274ADFF8A8A0A2FB0020E7
:10066000020D2548362A38BF362202FB00F042EA46
:100670000A0A74E74FEA8C24002386EA8C214FF0A3
:10068000010EAC4662E71D4686F0C05411464FF09D
:10069000C05313E700244FF0010C024631462346B5
:1006A000E64653E700A4781F00C00F400000084052
:1006B0000046C32323B24C001F85EB5100366E0168
:1006C00000800D4040300080FFB19F26808D5B0090
:1006D000FF7EF64D00643F4D7FD1F0087F17B42CAC
:1006E0009F10E50083DE1B43447C0020407C0020FB
:1006F000E0690220819F5E16001BB7006C2000801D
:100700007F3001800020008000B970472DE9F84F4C
:1007100001218146214C224D224E54E8003F2A6897
:10072000306844E80013002BF7D11F494B684FF4A1
:100730007A7BDFF878A01B1A01270BFB02F8DAF8A6
:100740000020A3FB02325A4594BF9044D84454E899
:10075000003F2A68306844E80073002BF7D14B68EB
:10076000DAF800C01B1A0BFB02F2A3FB0C3CBCF531
:100770007A7F94BF624402F57A72A2EB0802B2F566
:100780007A7F06D3B9F1010908F57A78DFD1BDE89F
:10079000F88F02F065FC0449D9E700BF186D02200C
:1007A000146D0220106D0220001000E0E0690220AC
:1007B00030B40F4B4FF0010C0E4D0F4C53E8002F8F
:1007C0002868216843E800C2002AF7D10B4B5B6818
:1007D0000B4A5B1A4FF47A71126801FB00F0A3FB1D
:1007E000023230BC8A4294BF80184018704700BF64
:1007F000186D0220146D0220106D0220001000E020
:10080000E0690220362816D80201104B03EB0010D5
:100810009B5810B4C2685C68144205D061B95DF899
:10082000044BC3F888207047836851B1084A5DF8CB
:10083000044B1A60704770475DF8044BC3F884207E
:100840007047044A5DF8044B1A6070475448002012
:1008500038F001003830010036280BD8064B020171
:1008600003EB00109A58C36892681A4214BF012023
:10087000002070470020704754480020362829D8AF
:10088000164B0201012903EB00109A5810B453686B
:10089000C4680ED004290CD023EA04035360836893
:1008A000A9B1022917D003290CBF0D4A0D4A1A60BD
:1008B00007E0234301295360836808D040F63802DB
:1008C0001A60436815225DF8044B1A60704738229D
:1008D0001A60F6E77047044A1A60F2E754480020AD
:1008E000383001003800010038F0010030B4124AFD
:1008F0000020124B0121124D124CC2F8F032C2F806
:10090000F402C2F8B810C2F8A000C2F8A450C2F8AD
:10091000B0105369DB07FCD551612378DB07F0D4B5
:100920001368054943F0010313600B68DB07FCD42F
:1009300062B630BC704700BF00802A400504012425
:1009400001000F0000812A4070B50E4C4FF6FF7E6B
:100950000D4E04F17E05A6F58053002102E0B3425E
:1009600081B204D21A88481C02337245F7D124F8A8
:10097000021FAC4206F58056EDD1044B01221A70DD
:1009800070BD00BFE269022000107C603089022047
:1009900041F2BB0398422FD8184B10B51B78044680
:1009A0003BB3A008164B04F00301164CA3FB002335
:1009B000C21A03EB5203144A5B09C3EB831E9C4625
:1009C000A0EB0E0341EA8C01FF2034F813C01A4457
:1009D0004FEA4C0C13030CEB023CBCEB023F07D973
:1009E0001A880233D4B28C4208BF100A9C45F7D84B
:1009F00010BDFFF7A9FFD4E7FF2070473089022020
:100A000005411004E4690220C0070600F8B50F464E
:100A1000164672B6344B40F20641344A9A610222BD
:100A2000DA610022C3F8A020C3F8F012C3F8F42260
:100A3000C3F8F822C3F8FC224FF47022C3F8A420B4
:100A40000122C3F8B02020F01F038219BFF34F8F9B
:100A50004FF0E024C4F85C3F20339A42FAD8BFF349
:100A60004F8FBFF36F8F204D6B69DA07FCD50123E1
:100A70001F49B2B220F07F406B6142F47022C5F88A
:100A8000F01242F20121184CC5F8F412C5F8BC303E
:100A9000C5F8A000C5F8A420C5F8B030154D01E098
:100AA0005B0609D4636913F00100F9D04123636147
:100AB000BDE8F840FFF71ABF082E0AD836B1324613
:100AC000394637440646284600F0B8F940236361AA
:100AD000E8E7A6F1080008263946324637440646BC
:100AE000284600F0ABF9F1E700802A40F05AF05AAE
:100AF0003204180880812A4010B472B6284B0221B3
:100B0000284C00229C614FF47024D96140F20641C8
:100B1000C3F8F0120121C3F8F422C3F8F822C3F895
:100B2000FC22C3F8A020A2F58052C3F8A4400240E2
:100B3000C3F8B010BFF34F8F02F5805102F12003CC
:100B40004FF0E02C994234BF0121802102EB41118A
:100B50008B42CCF85C2F1A4603F12003F8D1BFF387
:100B60004F8FBFF36F8F0E4A5369D907FCD501240D
:100B70000D490E4B54610340C2F8F0124FF470203F
:100B80000749C2F8A030C2F8A400C2F8B0404B69CF
:100B9000DB07FCD501235DF8044B4B61FFF7A6BED4
:100BA00000802A40F05AF05A2004180800F0FF0094
:100BB00041F2BB03984200F28980464B2DE9F04791
:100BC0001B78C2B005468946002B7CD0AB08424E4C
:100BD00005F00305414FA6FB03269A1B06EB5206C0
:100BE000760945EA8605C6EB86169E1B3C4B37F810
:100BF0001640334460004FEA033800EB0330B0EB9B
:100C0000033F64D943464FF0FF0C1A880233D1B238
:100C1000A94208BF4FEA122C9842F6D8E14541D0CC
:100C2000B4F5006F41D302AC4FF48072FF2120462F
:100C300005F02CF908F5805008F10203424698426D
:100C400034BF01204FF4006008EB4000134602322D
:100C50001B888242D9B24FEA13236354F6D104F8B9
:100C600005900DF107090DF2071A00254C46404684
:100C7000FFF742FF14F801CF08EB450002220DF107
:100C80000601631EBCF1FF0FA3EB090306D043EA84
:100C90000C230135ADF80630FFF7B8FEA245E9D1C7
:100CA00027F8165042B0BDE8F08745EA092502A9A9
:100CB00002220134ADF80850FFF7A8FE27F81640CD
:100CC00042B0BDE8F087FFF73FFE7FE770474FF087
:100CD000FF0CA3E73089022005411004E4690220DB
:100CE000C007060062B170B505460C468E18204656
:100CF000013415F8011BFFF75BFFB442F7D170BD5B
:100D0000704700BF10B504460548214600F034FA8C
:100D100000B110BD2046BDE8104003F0FBBE00BF8F
:100D2000B44A0220704700BF362858D80001F0B4FA
:100D3000344C354D2358AB4256D049D8B3F1844F8B
:100D40004BD0A5F58045AB4240D1304D2044304ECC
:100D5000304CC4F8B462D0E901C4C0684FF0E0265A
:100D60004FF00057042AC6F810712FD85E6926EAA2
:100D700000065E614FF00506CCF80060266846F478
:100D8000803626605C6824EA00045C60224C54F8DB
:100D9000224090FAA0F2B2FA82F245F822106FEAED
:100DA00000011DD0DD690F2A01EA0501D9611DDCB2
:100DB00052000325D968944005FA02F221EA0202A2
:100DC0002243DA6098615A6902435A61F0BC704765
:100DD000124DAB42FAD1124DB8E7124DB6E770474B
:100DE000DA690243DA61EDE70F4DAFE7103A032508
:100DF00019695200944005FA02F221EA02022243E4
:100E00001A61DFE75448002000800042E48A002095
:100E100021000000009000200026002000C00042B9
:100E2000E48B0020648A0020648B002008B5E9F779
:100E3000E1FDE4F7BBF802F013F9FAE7844641EA72
:100E4000000313F003036DD1403A41D351F8043B42
:100E500040F8043B51F8043B40F8043B51F8043B94
:100E600040F8043B51F8043B40F8043B51F8043B84
:100E700040F8043B51F8043B40F8043B51F8043B74
:100E800040F8043B51F8043B40F8043B51F8043B64
:100E900040F8043B51F8043B40F8043B51F8043B54
:100EA00040F8043B51F8043B40F8043B51F8043B44
:100EB00040F8043B51F8043B40F8043B51F8043B34
:100EC00040F8043B51F8043B40F8043B403ABDD2A3
:100ED000303211D351F8043B40F8043B51F8043B45
:100EE00040F8043B51F8043B40F8043B51F8043B04
:100EF00040F8043B103AEDD20C3205D351F8043BD4
:100F000040F8043B043AF9D2043208D0D2071CBF9F
:100F100011F8013B00F8013B01D30B8803806046C8
:100F2000704700BF082A13D38B078DD010F003033E
:100F30008AD0C3F10403D21ADB071CBF11F8013BAE
:100F400000F8013B80D331F8023B20F8023B7BE7FD
:100F5000043AD9D3013A11F8013B00F8013BF9D228
:100F60000B7803704B7843708B78837060467047C2
:100F700003F0D0BD03F0CEBD03F0D4BD03F0D2BD6D
:100F800001F1FF3C70B56646002400E00134B0FB7F
:100F9000F2F502FB1503092B03F1370E03F13003C1
:100FA0005FFA8EFE98BF5FFA83FE9042284606F8ED
:100FB00001EFEBD2631C0022C818CA547CB1624610
:100FC0001CF8015F10F8016DA1EB0C0302328CF8E4
:100FD0000060013B521A057023449A42EFDB084639
:100FE00070BD00BF00230F2248F2B82C194610B57F
:100FF0004FF470444FF4806EA0F88C414FF460447D
:10100000A0F88E210A46A0F89031B0F888319BB242
:1010100043F0F003A0F8883101EB4103013100EB0C
:10102000431304299C80A3F806E05A841A865A8048
:101030005A81A3F80EC05A82DA825A83DA83EBD13E
:10104000B0F888319BB243F00F03A0F88831B0F8B4
:1010500088319BB243F47063A0F8883110BD00BFA3
:10106000374B384A996F384841F47F0170B599671A
:1010700041F20106D3F8801045F6C05543F226042C
:101080000A43C3F88020FFF7ADFF00F58040FFF76B
:10109000A9FF00F58040FFF7A5FF00F58040FFF7AE
:1010A000A1FF0022A0F503104FF00F0E114600EB38
:1010B00042134FEA421C01329981042A5981A3F854
:1010C0000EE09E82DD8020F80C1019829C81EED10A
:1010D00000221E484FF00F0E41F20106114645F660
:1010E000C05543F2260400EB42134FEA421C013282
:1010F0009981042A5981A3F80EE09E82DD8020F8B0
:101100000C1019829C81EED1002211480F2641F269
:101110000105114645F6C05443F2260E00EB42137A
:101120004FEA421C01329981042A5981DE819D8255
:10113000DC8020F80C101982A3F80CE0EED170BD11
:1011400000C00F40000003FC00C03D4000001E40F6
:1011500000401E40074A506A936A19468446506A06
:10116000936A9942F9D18445F7D1DB0B43EA4040B9
:10117000704700BF00400D402DE9F04705460F467F
:101180000FE0EB68002B75D03946284698476A680F
:10119000034682426ED228466B6000F097F8002822
:1011A00068D0284600F07EF8044600286AD0012F57
:1011B0006B6838BF0127A3F10C02BA42E1D32E6855
:1011C000002BDED0344607F10C0806E023686A687D
:1011D00018331C44A31B9342D3D22146284600F067
:1011E000DDF80028F2D1A31B6A689A42C9D9A1464A
:1011F0002846494600F0D2F8A9EB0403824688B994
:1012000009F10C099845A9EB060210D96B689A42BE
:10121000B7D24946284600F0C1F8A9EB040382463C
:101220000028EDD0A9EB06036A684C46D3E70C3BD7
:1012300020466760236001F09FFFAB680646A06010
:1012400043BB04F10C0563680C33E71807F10C0885
:10125000304601F071FF47F8040B47450646F7D1C9
:101260003846FF21D4E90023D21A04F00FFE2846A5
:10127000BDE8F08704F0AAFF00250C230360284690
:10128000BDE8F08704F0A2FF254616230360284638
:10129000BDE8F0872546514655F80C2B284604F04A
:1012A000F5FDD0E703685BB1406850B1054A064BD5
:1012B00002FB00F0B3EBB00F2CBF01200020704701
:1012C00018467047ABAAAAAA5555551508B5D0E9D6
:1012D00000325BB1BAB10F4BA3FB0213DB0803EB87
:1012E0004303B2EB83030AD1012008BD094BA3FBE2
:1012F0000213DB0803EB4303B2EB830301D0D21AE2
:101300004260F02AF0D804F061FF1C22034600205E
:101310001A6008BDABAAAAAA70B5044638B319B1C1
:10132000B2FA82F67609A2B9206800B36268F2B117
:10133000184B194902FB03F3B1EBB30F17D3A368A2
:10134000E3B90022012322606260A260E2601846D5
:1013500070BD1D46049BC0E90012C360FFF7B6FFD5
:1013600003460028F3D06DB90123184670BD04F080
:101370002DFF162200230260184670BD002104F0E4
:1013800085FDDEE7626831462068A56004F07EFDD9
:101390000123DCE7ABAAAAAA5555551540B103684D
:1013A000994203D342681344994202D900207047FE
:1013B000704708680028FBD04B689842F6D3254A4E
:1013C000254B02FB00F0B3EBB00FEFD3084670B52E
:1013D00084B0019101F0D0FE019903908B6898428E
:1013E00002D0002004B070BD4B680C33CC1804F15F
:1013F0000C062546019101F09FFE2A78C3B201999F
:101400009A420390EDD16A7805F1010C9DF80D30F8
:101410009A42E6D11CF8012F9DF80E309A42E0D195
:101420009CF801209DF80F309A42DAD10435B5427C
:10143000E0D1D1E900329B1A0AD003F10B0204F18A
:101440000B03A11813F8012FFF2ACAD18B42F9D13F
:101450000120C7E7ABAAAAAA5555551572B6EFF3F6
:101460000583524CC4F884301EF0040F0CBFEFF318
:101470000882EFF309824FF0E0234D4E4D4DD3F833
:10148000280DD3F82C1DC4E92201D3F8341DD3F85C
:10149000383DC4E924139369C4F89830D369C4F87B
:1014A0009C3000F0D3F884ED280AFFF753FE0B219F
:1014B0004FF0FF32C4F8A4000B46C4F880103E4938
:1014C000301D5A40202402F00103013C01FB03F3CC
:1014D00083EA5202F7D1A84202D073680646EFE7CA
:1014E000324BC3F8A820BFF34F8F4FF0E0233049B1
:1014F000324AC3F8701FC3F8702FBFF34F8FBFF38A
:101500006F8F2F4A02252F48D36E2F4943F4405343
:10151000D3660560D3692D4823F07F0343F0400371
:10152000D3610B6883423DD8264D00214FF0E02364
:101530004FF0FF3229600126C5F808112449C5F88B
:101540000011C5F80861C3F88021C3F88421C3F8ED
:101550008821C3F88C21C3F8902101E000F084F9C0
:10156000D5F80C31002BF9D00134C5F80C614F2CA3
:10157000F4D9184B022018494FF00042C1F840013D
:101580005A63D5F80C313BB9144815490D4A01632B
:10159000D2F80C31002BFAD04FF0E023114AC3F8F7
:1015A0000C2DFEE7FEF738FFBEE700BF00FF272047
:1015B00080FF2720A8FF27202083B8EDA0FF272049
:1015C00000C00F4000400840447C0020803DCD0B0F
:1015D000009F240000900D4000002E4000800F402E
:1015E000F100AD0B0400FA050A490A6838B108B5E4
:1015F00013180948834204D810460B6008BD1046F2
:10160000704704F0E3FD0C234FF0FF3203601046F7
:1016100008BD00BF04820020000028200020704781
:101620004FF0FF30704700BF4FF4005300204B6075
:10163000704700BF012070474FF0FF30704700BF78
:1016400030BFFDE730BFFDE7FFF708BF124AD2F811
:1016500080305B07FBD5D2F880301048C3F30B23F2
:101660000F4990ED007A07EE903A91ED006AB8EEDE
:10167000477A0C4AF8EEE77A0B4BD2ED006A77EE28
:10168000C77A93ED007AB8EE477A67EE867A87EEEE
:10169000A60A37EE400A704700810D40CC6902204F
:1016A000D4690220D8690220D0690220836BF0B48B
:1016B0001BB1536843F40043536072B6446B3CB3B0
:1016C0001A4B2260D3F8B0410C421DD1184E7768F6
:1016D00004E07468E41BB4F5166F0BD2D3F84041F4
:1016E00044F48044C3F84041D3F8B851D3F84041A2
:1016F0006404EED50D4007D10C4CC0E90225D4F8A6
:10170000B0310B43C4F8B031426362B6F0BC7047ED
:10171000064DC0E90224D5F8B0310B43C5F8B0310D
:101720000263426362B6F0BC704700BF00002E4007
:10173000001000E070B5056B9DB106462A460024F6
:1017400003E012680134012A0CD0536813F08003BF
:10175000F7D032632CB12846B36B2D689847013C13
:10176000F9D170BDC6E90C33F4E700BF30B4D9B984
:101770001F4C204B0021204A01254FF00110996099
:101780001D60C4E9023180245C60C2F8BC01D2F85B
:10179000B0311A482B43C2F8B0310160D2F8B031F1
:1017A000002BFBD130BC70470904154B104C0125B0
:1017B00041F080019860104A596000F580511D6029
:1017C000D96000F50051A364196100F5405100F59E
:1017D0008040596100219861E164D2F8B03143F44E
:1017E0008033C2F8B031D2F8B031002BFBD1C0E762
:1017F0000000002040A2002000002E40004A0220ED
:1018000060A2002010B472B60A4C01220A49237863
:1018100002FA00F018432070D1F848311A0605D4B6
:1018200080221343C1F84421C1F8483162B65DF803
:10183000044B70473C89022000002E4008490122D9
:101840000B7802FA00F023EA0000087030B9054A6C
:10185000D2F8483123F08003C2F84831704700BF06
:101860003C89022000002E402DE9F04F9C4C83B0B3
:10187000D4F84461F107C4F844616AD5D4F8AC31B6
:10188000002B61D0DFF88482964DDFF878B208F53E
:10189000805ADFF87C92944FC4F8AC31D5E90A2025
:1018A000D4F8403143F40053C4F84031D4F8403107
:1018B0009B04F5D5D4F8403123F40053C4F84031EB
:1018C0004FF00113C4F8B431D4F8B43113F001135C
:1018D000FAD191B240F2816CCBF80030614500F250
:1018E000D980B1F5D06F80F06181B1F5817F00F0D2
:1018F0008F8140F2AB8040F2023C614500F0B28142
:10190000B1F5A06F40F0C1807849EB648B60012392
:10191000A9640B6080234B604FF00113C4F8BC3105
:10192000D4F8B03143F48033C4F8B031D4F8B031D6
:10193000002BFBD1130C5B0643F08073C4F85431C9
:10194000D4F8AC31002BA7D1654AD2F8BC31002BBA
:101950004AD1720616D5624BD3F8AC21C3F8AC213C
:10196000D3F8BC21C3F8BC21D3F8B041002CFBD183
:101970004FF0FF32C3F8B421D3F8843101F074F989
:101980005B4B1C60F40103D55A4B1B6803B19847AD
:10199000B00103D5584B1B6803B19847710708D5B0
:1019A0004F4BD3F8843113F400731AD0534B0122F8
:1019B0001A704B4BD3F848311A060FD533060DD5A4
:1019C0004F4A13782BB1013BDBB21370002B00F0B0
:1019D000428203B0BDE8F04F00F0A6BC03B0BDE802
:1019E000F08F464A1370E4E74649C2F8BC310868F4
:1019F000034240F061813E4A14681C40A9D05FEA6E
:101A0000144810D0374D4FF0010998FAA8F7B7FAEB
:101A100087F705EBC71009FA07F74030FFF78AFE92
:101A200038EA0708F1D1A4B2002C92D02D4D4FF026
:101A3000010894FAA4F7B7FA87F705EBC71008FA7C
:101A400007F7FFF777FEBC43F3D182E7802900F068
:101A5000A780822919D183B210F0780015D103F044
:101A60007F0257F82210284A1080180600F1C08122
:101A7000CB0701D50123137002212348FFF776FE1F
:101A80005EE7010C072900F045814FF00113C4F80F
:101A9000C03155E742F2210C6145F2D03AD942F209
:101AA0002123994268D042F221339942EDD10F4B64
:101AB00000229A60EA640122AB641A6080225A60B4
:101AC0004FF00113C4F8BC31D4F8B03143F4803383
:101AD000C4F8B031D4F8B031002BFBD130E700BFEF
:101AE00000002E4000000020C0012E4040A2002037
:101AF000044A0220786F02207C6F02204C89022069
:101B000052890220004A022070690220F84902200E
:101B100060A20020B1F5086F3AD0B1F5106FB4D1D2
:101B2000B548C2F307424FF0C81100930270B34AA0
:101B3000C4F8C821C4F8CC11C4F8D01101F096F84B
:101B400000F088FBAE4A0121009BAA64116080214D
:101B5000936051604FF00112EB64C4F8BC21D4F8DB
:101B6000B02142F48032C4F8B021CBF80030D4F870
:101B7000B031002BFBD1E3E680B2002897D1A14B16
:101B8000C2F307421968A04B1960A04B1A708EE788
:101B9000994B01219E481B780370FFF7E7FDCFE6C4
:101BA0009B4802210380FFF7E1FDC9E6994B596884
:101BB00000293FF46AAF4FEA124E82B204E019697D
:101BC0000C3300293FF461AFB3F800C0F445F6D1FF
:101BD000B3F802C09445F2D14FEA1E22032A00F066
:101BE000D8801A89000C824228BF0246BEF5007FC9
:101BF00040F0D480884B89491878894B009200289E
:101C000018BF19468748FFF719F9864B009ADAE0A2
:101C100010F0780F83B27FF438AF03F07F0213F037
:101C2000800F57F8223014BF23F4803323F00103D0
:101C300047F822300022724BEA649A600122AB64BA
:101C40001A6080225A604FF00113C4F8BC31D4F8F6
:101C5000B03143F48033C4F8B031D4F8B031002B44
:101C6000FBD16DE610F0780F83B27FF40EAF03F076
:101C70007F0213F0800F57F8223014BF43F48033F3
:101C800043F0010347F8223000225D4BEA649A607A
:101C90000122AB641A6080225A604FF00113C4F82D
:101CA000BC31D4F8B03143F48033C4F8B031D4F847
:101CB000B031002BFBD143E6002008605A490C8864
:101CC000486842F221018C427FF495AE80B2002830
:101CD0007FF491AE5549564C03C9A18086284FEA3E
:101CE00011412060A1717FF486AE72B6514801782F
:101CF00041F008010170D2F848110D0605D480208A
:101D00000143C2F84401C2F8481162B64A4A502160
:101D1000117070E6EB6001234349C9F80030474B6E
:101D20000A60C9F80430464B4860C9F81030C5F85D
:101D30000890C9E9028AD4F8B02142F00102C4F83F
:101D4000B02103F5805203F50053C9F81420C9F8F7
:101D50001830D4F8B031002BFBD1294AEB649360E2
:101D60000123AA64136048F2800353604FF001130B
:101D7000C4F8BC31D4F8B03143F48033C4F8B03186
:101D80004FF48033CBF80030D4F8B031002BFBD1C6
:101D9000D6E5000C0A78824228BF0246BEF5E06F05
:101DA00050D11D4B1D4893F800C01D491D4BBCF17F
:101DB000000F18BF014600921846FFF73FF80721B1
:101DC00003464170009A23F01F011344BFF34F8F65
:101DD0004FF0E020C0F8701F20318B42FAD8BFF3DB
:101DE0004F8FBFF36F8F0F481146FFF7BFFCA7E57A
:101DF000C9033FF53FAE3FE64B8902200200CC000D
:101E000040A20020146D0220006E02204A890220A8
:101E100070690220B47200204C89022038270060CB
:101E2000D0270060C0C02020C8B50020F84902209B
:101E3000F86D02203C8902205289022080000700B0
:101E4000F8690220064B1846CDE90023FEF7F6FF9D
:101E5000DDE90023B7E70320FFF7F0FC09F00AF9FA
:101E6000C0C020202DE9F0471F46831E022B01D958
:101E7000BDE8F087DFF84C9015460C463C2209EB94
:101E8000C01806464FEAC01A002108F104002404D5
:101E900003F0FCFFB5FA85F20123520944EA4274CB
:101EA00049F80A40C8F83870C8F80830002FDFD069
:101EB000034AB34011680B431360BDE8F08700BFCD
:101EC000044A0220000000202DE9F0470D46811E43
:101ED000022901D9BDE8F087C701DFF84C9092468E
:101EE000044640373C2200211E4609EB07082D041A
:101EF00008F1040003F0CAFFBAFA8AF2520945EA6F
:101F0000427249F807200122C8F83860C8F8082052
:101F1000002EDFD0034B10341968A2400A431A6028
:101F2000BDE8F087044A022000000020120481600E
:101F3000C36101F5405342F0800210B401244260B5
:101F400001F50052046001F5805401F58041C46040
:101F500081615DF8044BC0E904237047831E0A4683
:101F6000022B00D97047064B00F110014FF0010C15
:101F700003EBC0100CFA01F14030FFF797BB00BF34
:101F800000000020831E0A46022B00D97047012161
:101F9000024B814003EBC010FFF788BB000000201C
:101FA00040687047124A134BD2F8200220F07F405D
:101FB000984210B584B002D200EB800040000E4C75
:101FC00001A90A22FEF7DCFF01A90023204611F82F
:101FD000012B01333AB10A2B20F8022FF7D1162337
:101FE000237004B010BD5B00DBB2237004B010BDE1
:101FF00000441F4080969800AC8E002000F054BF33
:1020000000F046BF00F0E2BF00F0B8BF084611463E
:1020100000F0A8BF38B50C4B04460C4D1B6829884E
:1020200043B1B1F5917F09D24B1C9BB2084A2B807A
:10203000545438BDB1F5917FF6D338BD0022044821
:10204000984700210123F1E7406E02200E8902200B
:10205000546E0220F8B5144C4FF0E025134E4FF4A7
:10206000003204EB4024124F06EB40160346C5F83D
:102070008C2121463A883046FFF758FF3B8823449D
:10208000BFF34F8FC5F85C4F2034A342FAD8BFF39B
:102090004F8FBFF36F8F04203146FFF773FF4FF46C
:1020A0000033C5F80C31F8BD60C1202080A90020A4
:1020B0000289022042684FF6FC71114BC2F30E42B6
:1020C000C0691B889B1A0B4017D00E4930B40E4CC8
:1020D0000E4D227821F810300021013225F8101021
:1020E000062A94BFD1B20A46217009490C682344DC
:1020F0000B60084B985430BC7047FFF7ABBF00BF74
:102100000289022080690220388902209C6902200D
:1021100078690220B86902202DE9F04F0123DFF829
:1021200028A1DFF828B183B0414E9AF80020414D34
:10213000414F8BF8003005EB42153388D7F800800B
:10214000CDE90002002B6DD13C4CDFF8049128460C
:10215000FFF726FF10F080005DD03B68A3EB08037B
:10216000282B04D90123237003B0BDE8F08F237816
:10217000002BF9D199F80030002BF5D000F070FF5A
:102180003388002BE3D02E4A9AF800101288D01A18
:10219000043B2C4C9BB22044338000EB4120009E3A
:1021A0004902C0F8006C93BB04F5406428460C4417
:1021B0002146FFF7BBFEBFF34F8F04F1200204F569
:1021C0000073934234BF012310234FF0E02204EB4D
:1021D0004313C2F8704F20349C42FAD1BFF34F8FA3
:1021E000BFF36F8F04202946FFF7B8FE019B022042
:1021F0000133032B94BFDBB200238AF80030FFF7D2
:102200001DFB00238BF8003003B0BDE8F08F0220E7
:10221000FFF7F8FAF5E70A4B9AF800101A882070D1
:102220001346B5E7064A01991288D01AB0E700BFF5
:102230000689022040AB0020146D02203D89022057
:102240000A89022060C120203F89022041890220A2
:102250004B890220214B70B51B78002B3BD04FF4EB
:1022600000731E461E4980221E4D00240B80002153
:102270001D482B8003F00AFE1C4A21461C4B14709B
:10228000C0221C481C8003F001FE1B4A31461B4B38
:10229000042094609C60C2E90044194AC3E90044E8
:1022A0001470184B184A1C70184B14602246FFF724
:1022B000D9FD2346224629880420FFF705FE204643
:1022C0000134FFF7C7FE062CF9D100231049114A4B
:1022D0000B70137070BD40231E46C3E74C8902206B
:1022E000028902200A89022040AB00203F89022097
:1022F0000689022080A90020806902209C690220B2
:10230000388902203A8902207869022041F80200C7
:102310003D89022041890220024B1B780BB1FFF757
:10232000FBBE70474B8902202DE9F843214B1D78F5
:1023300015B9214E33880BB9BDE8F883DFF88880E2
:102340001E4A98F800701E4C02EB47191D4A04EB18
:102350004724128848462146D21A2B46FFF7E6FD4D
:10236000BFF34F8F04F1200204F50073934234BF92
:10237000012310234FF0E02204EB4313C2F8704F07
:1023800020349C42FAD1BFF34F8FBFF36F8F0137D8
:1023900049460420FFF7E2FD032F4FF000034FF002
:1023A000020098BFFDB2338088F80050BDE8F843C2
:1023B000FFF744BA418902200689022040AB002081
:1023C00060CD20200A8902203F89022012010329C2
:1023D0002DE9F0418846D6B21BD946F00407C41C4B
:1023E000294D2B78A8F103086BB114F8013C14F8BF
:1023F000022C1B0614F8030C43EA02433B4343EA56
:102400000020FFF789FEB8F1030F204604F1030412
:10241000E7D8B8F1030F17D0B8F1020F04D0B8F124
:10242000010F24D0BDE8F081174B1B78002BF9D0A9
:102430004378027846F006001B0443EA0223BDE815
:10244000F0411843FFF768BE0F4B1B78002BE9D013
:10245000837846F0070642781B06007843EA024379
:102460003343BDE8F04143EA0020FFF755BE064B79
:102470001B78002BD6D046F00506007846EA0020EF
:10248000BDE8F041FFF748BE4B890220F8B54FF494
:1024900000324FF0E023204CC3F88C211F4B2278F0
:1024A00019788A422ED0D3B21D4A1E4F01331E49DD
:1024B0001E4E072B28BF0023D05C37F8102001EBFD
:1024C00040218D580432316892B2043927F8102027
:1024D0003160174931F81010914207D94FF0E023CD
:1024E0004FF400322846C3F80C21F8BDDBB223704C
:1024F000FFF7B0FD4FF0E0234FF400322846C3F859
:102500000C21F8BD00254FF0E0234FF4003228469F
:10251000C3F80C21F8BD00BF3A8902203889022097
:10252000B86902209C69022060C1202078690220DD
:10253000806902202DE9F0410746FFF7A7FF98B117
:10254000C0F3032300F00F059F4A04465E1CC0F34E
:1025500003134FEA10281370A5F10803062B06D8C1
:10256000002F47D0BE4245D00020BDE8F081AB1E11
:102570005FFA88F0012B19D9F72818BFF02801D984
:10258000052D13D0042D00F089816B1F022B40F222
:1025900049810F2DE8D1F72808D8F02803D08B4BBC
:1025A0001B88002BE0D0FFF735FDDDE7F1380E2862
:1025B000DAD801A353F820F0C5FE0200D7FE0200CE
:1025C000F3FE0200F5FC0200F5FC020001FF020030
:1025D000F5FC02000FFF0200F5FC020049FE0200BC
:1025E0007DFE020065FE0200F5FC020095FE020081
:1025F000ADFE0200082DC4F3033318D1082B16D109
:1026000073498022734BC4F307450F68F6B2240E5A
:102610001A701FB1294630462246B8476E4901203C
:102620006E4A6F4B0E7015701C70BDE8F081092D5D
:1026300014D1092B12D1220E664B00F0B7809021E5
:10264000C4F30745F6B21970D4B2664B1B68002B71
:10265000E4D02246294630469847DFE70A2D05D1C7
:102660000A2B03D1604BA0215A4A06E00B2D11D151
:102670000B2B0FD15D4BB021564A1B68C4F30745A5
:10268000F6B21170240E002BC8D0294630462246DF
:102690009847C3E70C2D40F081800C2B7ED1544B22
:1026A000C0214C4A1B68C4F30745F6B21170240ED2
:1026B000002BB3D0294630469847AFE74D4B1B68F7
:1026C000002B00F0FF80C4F307459847414AF6B25B
:1026D000240E82F80080A1E7474B1B68002BF2D143
:1026E000464B1B682BB3FC20C4F307459847EDE726
:1026F000434B1B68002BE6D1404B1B68CBB1FB2042
:10270000C4F307459847E1E73E4B1B68002BDAD13D
:102710003A4B1B686BB1FE20C4F307459847D5E7D9
:10272000394B1B68002BCED1344B1B680BB1FF20FB
:102730009847C4F30745C9E7344BC4F307451B6802
:10274000002BC3D028469847C0E7314B1A68002AAF
:10275000EFD0630CC4F30640250C03F47E53EDB2B6
:1027600018439047B2E72B4BC4F307451B68002B77
:10277000E8D1ABE7284BC4F307451B68002BA4D175
:10278000A4E7264B1B68002B9DD11C4B1B68002B1C
:10279000CFD0F820C4F30745984797E70D2D62D1B5
:1027A0000D2B60D11E4BD0210A4A7BE78021F6B267
:1027B000C4F307451970064B1B68002B79D02946D6
:1027C00030461446984729E74D8902200E89022099
:1027D000186E0220518902204E8902204F89022062
:1027E000508902201C6E0220506E0220146E0220BE
:1027F000246E0220346E0220386E0220286E0220E1
:10280000106E0220046E0220446E0220486E0220E8
:102810002C6E0220306E02204C6E02200C6E0220C4
:10282000086E0220FFF7F6FB052D08D0C4F3074021
:10283000FFF7F0FB072D02D1200EFFF7EBFB2A4B31
:102840002A4819882A4A0170080A2A4C1070002068
:10285000294A1880F0232468137064B327480122A2
:10286000A047012081E60E2D7FF47EAE0E2B7FF473
:102870007BAE234BE021204A1B68117063B3610CCF
:10288000C4F30642F6B201F47E51250C3046240E04
:102890001143EDB2A1F500519847BFE6FFF7BAFB2F
:1028A000C4F30740FFF7B6FB200EFFF7B3FB002091
:1028B0005BE61C46B2E6134B1B6893B10F48984782
:1028C000012052E6104B1B68002B3FF432AFFA2078
:1028D000C4F307459847F9E6C4F30745F6B2240E5A
:1028E0009CE6012041E600BF0E8902204F890220AC
:1028F00050890220406E022051890220546E02202D
:10290000206E02203C6E0220286E0220F8B5144C86
:102910004FF0E025134E4FF4003204EB4024124FE9
:1029200006EB40160346C5F88C2121463A8830460E
:10293000FFF7FCFA3B882344BFF34F8FC5F85C4F89
:102940002034A342FAD8BFF34F8FBFF36F8F032019
:102950003146FFF717FB4FF40033C5F80C31F8BDD3
:1029600060D5202040AA002004890220244B2DE9B4
:10297000F0411C884368C569C3F30E43E41A002C78
:1029800024DD204920480A780078D3B21F4E8242C5
:102990001F4807D010F8038036F81870C7F500728A
:1029A000944218D90133002226F81540082B194EFD
:1029B00088BF134626F8152098BFDAB2C554164BC7
:1029C0000A701A6814441C60BDE8F0812846BDE80E
:1029D000F041FFF79BBF07EB4820104922462744F0
:1029E000084401EB4521FEF729FA0B4A284626F850
:1029F000187013682344BDE8F0411360FFF786BFE9
:102A000004890220398902203B8902208C69022036
:102A1000C0690220A86902207C69022060D52020BC
:102A20001D4B1A78002A36D102F0FF031B4A127898
:102A30008AB32DE9F0411A4D2A8852B3194EC2F5D6
:102A40000068194F3278194C07EB421704EBC22487
:102A5000424638462146FFF769FA04EB0802BFF305
:102A60004F8F4FF0E023C3F8704F2034A242FAD8C2
:102A7000BFF34F8FBFF36F8F03203946FFF76EFA16
:102A800033780133DBB2032B88BF0023337000237C
:102A90002B80BDE8F0817047428902204B890220DB
:102AA0000889022040890220C0AB002060E5202078
:102AB0002DE9F04F85B0CDE90110002900F0BF806D
:102AC0000023604CDFF89881DFF898A15E4F0093F7
:102AD00001235E4A23705E4B1978B8F8003002EB90
:102AE0004119002B40F0A7801E461D469B464846D4
:102AF000FFF756FA10F0800000F08C80BFF34F8F84
:102B00009AF8003084F800B005B93E68002B7DD1FA
:102B10003B689B1B782B00F287804E4B1B78002B69
:102B200074D000F09DFA0122B8F8003015462270EA
:102B3000002BDCD0464AC3F5006011781A4600EB42
:102B4000C120454DC9022844019D954217D20393E7
:102B5000DDE901512A46FEF771F9039B4FF040422F
:102B60005B1BA8F800303D4BC3F88420BFF34F8FA8
:102B7000009800232844237005B0BDE8F08F364B41
:102B8000CD180299FEF75AF900234FF40062294646
:102B90004846FFF7CBF9BFF34F8F05F1200205F54B
:102BA0000063934234BF012340234FF0E02205EB42
:102BB0004313C2F8705F2035AB42FAD1BFF34F8F99
:102BC000BFF36F8F03204946FFF7C8F9204A1378F7
:102BD0000133DBB2032B84BF00231D4A1370B8F806
:102BE0000030019AD11A009A1A4401910092029A77
:102BF0001A4400230292194AA8F80030C2F884301F
:102C0000BFF34F8F237000297FF462AF009805B0A7
:102C1000BDE8F08F4FF400620D4B8AF80000197880
:102C20001346A8F800208AE7012300988AF80030AC
:102C300005B0BDE8F08F1A46C3F500607FE7019844
:102C4000E5E700BF42890220146D0220C0AB0020DE
:102C5000408902204B89022060E5202000002E40A0
:102C6000088902203E890220704700BF2D4B0021B9
:102C700080222D4870B51B7800242C4D8B422C4EA1
:102C80000CBF40234FF400732B80338003F0FEF819
:102C9000284A2146284B14704FF4807227481C8024
:102CA00003F0F4F8264A1021264B0220C2E9004422
:102CB000C2E90244244AC3E900441470234AC3E928
:102CC0000244234B1C70234614602246FFF7FCF895
:102CD0002246318803201F4BFFF7C4F82346012208
:102CE00029880320FFF7F0F820460134FFF70EFE95
:102CF000082CF9D1184B00214A221848184C0460BE
:102D0000C3F88410C3F88020D3F84821154942F055
:102D10008072C3F8482121B1134A137843F00103AC
:102D2000137070BD4C890220C0AB00200C890220BA
:102D300004890220408902200889022040AA00203C
:102D40008C690220A8690220398902207C6902204E
:102D50003B890220F900030000002E40786F02201A
:102D6000AD01030000000000538902202DE9F04F5F
:102D70004FF0E0234FF40032DFF8C8A083B0C3F86F
:102D80008C218B469AF8004000294FD08046E4B24F
:102D90000027DFF8B490264BABEB070225491B78E0
:102DA000A34204F101043FD0092C234B404628BF25
:102DB00000241E5D39F816C00CEB462319441F4B46
:102DC00033F81650A5EB0C05AA421CD20CEB462C8E
:102DD00018491B4C61440192FEF730F8216839F81C
:102DE00016505846019AA1EB0B012A44394429F8A0
:102DF000162021604FF0E0234FF40032C3F80C217D
:102E000003B0BDE8F08F2A462F44FEF717F80C49AF
:102E1000E3B230460A68A844521B0A608AF80030C0
:102E2000FFF774FDBB45B6D83846E3E70846E1E74F
:102E30003989022060D52020C06902208C690220D7
:102E40007C6902203B890220A86902200B4B0C4AB6
:102E500012781978D3B28A420DD0013309480A4A50
:102E6000092B0A4928BF0023C35C31F8131002EB79
:102E70004323585C70474FF0FF3070473989022078
:102E80003B890220C069022060D52020A869022069
:102E9000044B10B51C680CB1204610BD00F0E0F8E2
:102EA000204610BD7C6902202DE9F84F144E154DC7
:102EB00033782A78934221D0DCB2DFF85090DFF8E3
:102EC00050B0DFF85080104F0134082C5FFA84FABC
:102ED00001D90024A24619F80400DBF8003038F8C4
:102EE000102037F81010521A9B1ACBF80030FFF759
:102EF0000DFD86F800A02B78A342E5D1BDE8F88F40
:102F00003B89022039890220A8690220C069022079
:102F10007C6902208C69022000B583B001210DF18B
:102F20000700FFF723FF20B19DF8070003B05DF80D
:102F300004FB4FF0FF30F9E7094B00B583B01B7875
:102F40008DF807003BB101210DF10700FFF7B0FD3F
:102F500003B05DF804FB03F0FF0003B05DF804FB71
:102F60004B890220044B1B7803F0FF020BB1FFF7E3
:102F70009FBD1046704700BF4B8902202DE9F041EC
:102F80000024DFF8448001230D4D27460D4E88F8BC
:102F90000030337828462035A34204F1010405D0DF
:102FA000FEF7FEFF030658BF07F50067042CF0D1BB
:102FB000BFF34F8F0023384688F80030BDE8F0811A
:102FC000C0AB002040890220428902202DE9F8434D
:102FD0001D4B1B7813B11D4D2A880AB9BDE8F88333
:102FE0001B4EC2F500691B4933784A461A4C01EB67
:102FF00043181A4F04EBC324012340463B7021467B
:103000000023FEF793FF04EB0902BFF34F8F4FF04D
:10301000E023C3F8704F2034A242FAD8BFF34F8F99
:10302000BFF36F8F03204146FEF798FF33780133DB
:10303000DBB2032B88BF0023337000232B80BFF348
:103040004F8F3B70BDE8F8834B890220088902202E
:1030500040890220C0AB002060E520204289022088
:103060002DE9F8432D4B1E7866B12D4F3B784BB9B7
:103070000123F1073B7043D4B20726D400233B70F1
:10308000730701D4BDE8F883264B1A68002AF9D0EB
:10309000EFF30582002AF5D1EFF3108572B61868B8
:1030A000002834D0204C2178002930D10122227010
:1030B00042691A60002A2ED0916105B962B60025D6
:1030C0008368457798472570DCE7DFF8648098F8D7
:1030D0000030002BD2D00025DFF858902B4659F84D
:1030E00023400135236820461B69984710B1636966
:1030F0009B68984798F80020EBB29A42EFD8BDE75A
:10310000FFF7C6FE0028B7D0AFF30080B4E7002D6C
:10311000B8D162B6B6E7054B1A60CEE753890220F4
:103120002589022044D800202089022050D8002080
:103130002389022008D90020C1B2C0F30722C0F3BE
:10314000074301EB812181EA91110A4402EB8222BB
:1031500082EA9212134403EB832383EA931303EB73
:10316000106000EB802080EA901000EBC00080EA45
:10317000D02000EBC030704710B50446FFF7DCFFED
:1031800023681844FFF7D8FF6368BDE8104018446F
:10319000FFF7D2BF2DE9F04F054693B06FF0004C1A
:1031A0006C681090008826460A948444AC68119399
:1031B0009B082746069406EB4C040C910E900D924A
:1031C0000B940F9300F0C280254604468008083215
:1031D00004F0030401F1080AC100039207942C468D
:1031E00006F10802029308347B18059000940991B7
:1031F000019208933AF9083C0099019C21F8083C97
:103200003AF9063CA64621F8063C3AF9043C21F876
:10321000043C3AF9023C21F8023C059954F8085C58
:1032200054F8044C002900F013810EF108030698AD
:103230008846A1B21A460493002300F1080C964672
:103240000A461E4618461F46A9465CF8081C25FB80
:10325000017724FB0166DFF844B25EF8085C09EAF6
:103260000B0B42EA0B0222FB11008C4A1FFA85F974
:10327000224049EA020222FB11315CF8043C24FBA3
:1032800003775EF8044C25FB036622FB1300DFF88E
:103290000C92A2B205EA090942EA090929FB1313B3
:1032A000B8F101080CF1080C0EF1080ECCD1019A0E
:1032B00009990A449646089A079999B1116825FB1D
:1032C000017724FB0166754A1FFA84FC2A404CEA08
:1032D000020222FB1100714ABEF8005022402A432C
:1032E00022FB1133009AF61306F30F060832B6B22A
:1032F000DB130AF1080A0092FF13049AC01303F3C8
:103300000F03019246EA0346039A07F30F0702F1FF
:103310000803BFB200F30F00039347EA0040029B8B
:1033200042F8080C013B42F8046C02937FF462AF50
:103330000F9B0B9ADB001A440B920C9A1A440C92C6
:103340000D9A1A440D920A9A1A440A92119B13F08C
:10335000030A3CD00B9B5746CDF800A0A3F1020C0A
:10336000069BDDF830A003F104080E9BDDF834B0B5
:103370004FEA53090A9B03F1040E3AF9022B444623
:1033800070464D4600232CF8022F34F9042C013DE1
:1033900030F9046C04F1040430F9021C00F104005B
:1033A00006FB023334F9062C01FB0233EDD1013F59
:1033B0004FEAE3330EF1020E03F30F032BF8023B47
:1033C000DBD10A9BDDF800A003EB4A030A930E9BB6
:1033D0005F1E109BBD085E682CD00A9806F1100392
:1033E00002461032964238BF98422CBF0123002378
:1033F000022D94BF002303F0010393B3034633432C
:103400009B072ED100F1080206F1080300210131CB
:1034100052F8084C52F8040C08338D4243F8104C13
:1034200043F80C0C02F10802F1D1ED000A9B2E4486
:103430002B440A9317F0030307D0023E0A9A32F98D
:10344000021B013B26F8021FF9D113B0BDE8F08F33
:103450000F460B460E4608460EF10801069A0491E7
:103460002AE70A9B06F108022946083333F9080CBB
:10347000013903F1080302F1080222F8100C33F9B4
:103480000E0C22F80E0C33F90C0C22F80C0C33F94C
:103490000A0C22F80A0CE9D1C7E700BF0000FFFFC1
:1034A00000F03F020B4B8009520233F9101030B488
:1034B000C2F50044451C084801FB04F133F91530FE
:1034C000084002FB030040F3CF3030BC20F0010085
:1034D000704700BF745100200000FFFF70B49608D1
:1034E00025D000F1100401F11003354614ED046AF3
:1034F000013D54ED036A03F1100314ED027A26EE48
:10350000006A54ED017A66EE806A20EE077A04F1D3
:10351000100460EE277A03ED086A43ED076A03EDB5
:10352000067A43ED057AE1D136013044314412F098
:10353000030207D0F0EC017A013A67EE807AE1EC01
:10354000017AF7D170BC7047F0B55FEA930E33D0C3
:1035500000F1100601F1100502F11004774616ED96
:10356000037A013F56ED027A05F1100515ED076A61
:1035700006F1100655ED066A04F1100415ED055A22
:1035800037EE066A55ED085A77EEA66A16ED057A0B
:1035900056ED087A37EE057A04ED076A77EEA57ADC
:1035A00044ED066A04ED057A44ED087AD7D14FEA76
:1035B0000E1420442144224413F0030309D0F0ECFC
:1035C000017A013BB1EC017A77EE877AE2EC017A7D
:1035D000F5D1F0BD08B52DED028BB0EE408A00F0BC
:1035E00083FEB4EE488AF1EE10FA06D6DFED098AC2
:1035F000B4EEE88AF1EE10FA02D4BDEC028B08BDFD
:1036000002F0E4FD88EEA80ABDEC028B21230360E2
:1036100008BD00BF00000000000000002DE9F04FD1
:103620005BEC10AB2DED0A8B4FEA1B5C11EE90EAC0
:103630000CF1FF3640F2FD70864210EE101A11EECA
:10364000103A89B05A4665464FEA1E5400F2C680C9
:10365000C4F30A06A6F2BE367F2E98BF002000F201
:10366000BD80BFEE000BE14CE14B1444C4F3463582
:1036700003EB451693ED006B93ED027B96ED128BF9
:1036800096ED189B96ED162B260D241505EE904A07
:10369000360593ED0C4BB8EEE55B951BA5EE062BBE
:1036A000A5EE079B93ED04AB93ED105B93ED08BB88
:1036B00093ED067B93ED0A6B93ED0E3B0C1E45ECF0
:1036C0001C4BACEE080BA0EE053BA0EE046B20EE0D
:1036D0000A5B30EE024B20EE058BA0EE0B7BA8EED2
:1036E000036B32EE442BA8EE067B32EE002BB0EEDD
:1036F000483B39EE022B95EE003B34EE085B20EEA2
:10370000080B34EE454B32EE036B34EE084B36EECD
:10371000046BA0EE076B35EE064B21EE048B18EE22
:10372000902AB0EE487BC2F30A556FF47273EB181F
:103730003E2B91EE047B35EE445B35EE065BA1EE4D
:10374000057B00F29380AB4B93ED024B93ED005B56
:10375000B0EE441B93ED042BA8EE051B93ED066B16
:1037600011EE101A31EE441B01F07F0293ED0E4B67
:10377000A1EE028BA1EE068B93ED0C6B37EE087B6E
:1037800027EE072B921802F10F0403EBC202A7EEFB
:10379000046B92ED1C4B03EBC40293ED0A3B93EDDB
:1037A000085B53F834605768A7EE035B40180024A9
:1037B00022EE023B37EE047BA219A2EE057B07EB5B
:1037C0004033A3EE067B002D5FD043EC102BA7EE19
:1037D000000B09B0BDEC0A8BBDE8F08FD8184EEB9A
:1037E0000E09461E37466FF0010849F1FF36B8450D
:1037F0006FF4001777EB0606C0F02081481842EB03
:103800000209461E374669F10006B8456FF40017F5
:1038100077EB0606C0F03981002A6ADB0020C4F38A
:103820000A06A6F2BE337F2B40F2FF774FD9724BC8
:1038300000209A4208BF814200F0FD8040F2BD3571
:10384000AE4240F29180012972EB030334BF0123A1
:103850000023BC428CBF00240124A3420ED109B036
:10386000BDEC0A8BBDE8F04F00F060BD002BC0F24C
:10387000CE80B5F5816F75D9002AF0DB09B0BDECBB
:103880000A8BBDE8F04F00F059BDA14280F21381D0
:10389000B7EE003B03F17F5101F50011104641ECFA
:1038A000150B27EE057B35EE076BB0EEC64BB4EE7D
:1038B000C34BF1EE10FA61D49FED480B26EE000BDE
:1038C00009B0BDEC0A8BBDE8F04F00F067BD002DDC
:1038D0007FF4C7AE9FED437B4BEC16AB26EE077B28
:1038E00053EC172B23F0004217EE101AA2F150727E
:1038F000B7E6C4F30A0640F2FE3086427EDD40F2AF
:103900003340864200F3FA80801BA0F120054FF07F
:10391000FF374FF0FF39874009FA05F9C0F1200859
:10392000019547EA09054FF0FF3727FA08F945EAFC
:103930000905874023EA07072EEA05053D435DD1C7
:10394000019DC3400EFA08F843EA08032EFA05FE6B
:1039500043EA0E0303F00103980422F00042CCF383
:103960000A055EE70025EEE688429341B7EE000BBC
:1039700034BF31EE000B30EE410B2AE7B5EEC06BE1
:10398000F1EE10FA35EE465BBFEE004B35EE075B0D
:1039900058BFB0EE434B36EE043B34EE437B37EE7C
:1039A000067B37EE057B37EE037B37EE446BB5EED7
:1039B000406BF1EE10FA04D12A4601F0004343ECCB
:1039C000162B9FED065B8DED045B9DED047B27EED2
:1039D000057B8DED067B6FE7AFF3008000000000F4
:1039E000000010000000000000003043AB6A19C066
:1039F000280D0020C80300200000F03F4BEC10AB66
:103A000009B0BDEC0A8BBDE8F04F00F0B7BCB7EED3
:103A1000000B38EE000B00283FF4DBAEB1EE400B9C
:103A2000D7E64918594B82F400224FF0000052416A
:103A3000884293415DD3B7EE000BCAE650EA090411
:103A4000EFD0534C0025A24208BFA94247D04918E5
:103A5000504B52418D4273EB02044AD3994508BF43
:103A6000A84246D103F100439A4208BFA942E2D0DE
:103A70009A426FEA0E0E34BF002201224FEADE7E28
:103A8000724577D09FED3D0BA3E64BEC17AB002AB8
:103A900027EE070B34DB002250EA09095DD1BEF1A5
:103AA000000FBFF696AE104609B0BDEC0A8BBDE81C
:103AB000F04F00F04BBC03F140419FED326B01F53C
:103AC0007001104641EC100BA7EE000B20EE060B28
:103AD00009B0BDEC0A8BBDE8F04F00F06BBCDB1801
:103AE0002A4A8EF4002E4EEB0E0E9D4272EB0E0211
:103AF000A1D24BEC17AB37EE010B6AE600202CE7A6
:103B0000C4F30A02A2F2FF313429C4D8C2F5866296
:103B10004FF0FF31A2F11D05033201FA05F701FA5A
:103B200002F4C2F120063C4321FA06F73C439140DF
:103B300023EA01012EEA04042143ACD123FA02F264
:103B40000EFA06F632432EFA05F52A4312F0010268
:103B5000A2D0B1EE400B01229EE7BEF1000FBFF6EE
:103B600038AEB7EE006B86EE007B8DED027B9DEDEF
:103B7000020B2EE621EE010B2BE600BF0000000039
:103B800000000000000000000000007F0000F0FFC7
:103B90000000F03F0000E0FF70B510EE104AC4F3E3
:103BA000C7537F3B162B06460DDC002B1FDB144A48
:103BB00042FA03F31C4212D104F0004386ED000ADE
:103BC00000EE103A70BD86ED000A00F01BF890B9C7
:103BD00007EE904A37EEA70A86ED000A70BD24EA88
:103BE000030507EE105A056030EE470A70BD04F079
:103BF0000045056070BD04F0004300EE103A70BD52
:103C0000FFFF7F0010EE103A33F000400ED0A0F519
:103C10000003B3F1FE4F0DD3074B421E9A4207D962
:103C2000A0F1FF40B0FA80F04009704702207047D1
:103C30000320704704207047FEFF7F0010EE103A0B
:103C400040F22A41C3F30A528A42B7EEC03A32D850
:103C5000B7EE000B2D4B93ED4A2B93ED481BB0EEC6
:103C6000417BA2EE037B17EE100A37EE417B00F09A
:103C70001F0203EBC20130B492EE037B93ED4C4B79
:103C800053F832404D6893ED4E6B93ED505BA4EECC
:103C9000076B27EE074B00210A1905EBC033A5EE91
:103CA000070B43EC172BA6EE040B30BC20EE070BE2
:103CB000B7EEC00B704713F5000F20D0B2F5FF6FC1
:103CC0001AD2DFED137AB4EEE70AF1EE10FA10DC47
:103CD000DFED107AB4EEE70AF1EE10FA12D4DFED60
:103CE0000E7AB4EEE70AF1EE10FAB1D5002000F03A
:103CF000CDBA002000F0D0BA30EE000A70479FED38
:103D0000070A7047002000F0BBBA00BF8002002005
:103D10001772B142B4F1CFC2CF8ECEC20000000004
:103D20000000000030B410EE103A2DED028BA3F528
:103D3000000110EE902AB1F1FE4F10EE104A82B051
:103D40004FEA42017CD201F1FF3C6FF08070844564
:103D500080F0F780002004F1404303F54D03C3F3E6
:103D6000C342DB0DDB05E11ADB1507EE903AB14BE0
:103D700003EB021292ED003B04EE101AB7EEE06A7C
:103D8000B7EEC44ABFEE000BA3EE040B93ED443B29
:103D900020EE001B93ED464B93ED402BA0EE034B22
:103DA00093ED425B93ED483BA0EE025B21EE012BCD
:103DB00092ED028BB8EEE77B37EE087BA0EE037B3B
:103DC000A1EE047BA5EE027B26EE077B17EE903A70
:103DD00048F2BF01C3F3CF338B4250D2B7EE000B92
:103DE000954B93ED402B37EE023B13EE102A33EE4A
:103DF000423B02F01F01821803EBC10093ED424BDE
:103E000037EE437B53F83140456893ED446B93EDB7
:103E1000465BA7EE046B27EE074B0023181905EB52
:103E2000C231A7EE050B41EC170BA6EE040B20EEFA
:103E3000070BB7EEC00B02B0BDEC028B30BC704775
:103E40004D1E6FF08070854280F0CE8059004D1E6F
:103E5000854280F09280002B55DB0020B4F5000FE6
:103E6000BFF479AFDFED757A07EE103A67EE277A87
:103E700017EE904A24F00044A4F138646BE79FEDFC
:103E8000656BB4EEC67BF1EE10FA15DC9FED636B4B
:103E9000B4EEC67BF1EE10FA20DD4FF04C5388B142
:103EA0000193DDED016ABFEE006A76EE666AF4EE1C
:103EB000466AF1EE10FA11D002B0BDEC028B30BCB4
:103EC00000F0EAB90093DDED006AB7EE006A76EE25
:103ED000866AF4EE466AF1EE10FAEDD19FED516B71
:103EE000B4EEC67BF1EE10FA57D99FED506BB4EEED
:103EF000C67BF1EE10FA7FF571AF02B0BDEC028B1C
:103F000030BC00F0C3B9C2F3C7517E2911DD962938
:103F100054DC0120C1F1960100FA01F1481E104263
:103F200007D1114214BF01200020000424F00044F6
:103F300094E700EE103A02B0BDEC028B30BC00F00A
:103F4000C3B9002952D0B3F17E5F2CD06400B4F124
:103F50007F4F2ED8B1F17F4F2BD1B4F1FE4F4BD014
:103F6000B4F1FE4F6FEA020234BF00240124D20FE5
:103F700094424CD09FED320A5DE7002B20EE000A00
:103F80001EDB002000293AD1002ABFF654AF02B050
:103F9000BDEC028B30BC00F085B902B0BDEC028BE9
:103FA00030BC00F06DB982F48002520012F5000FAF
:103FB00022D907EE903A37EEA00A3CE70020B5E799
:103FC000C2F3C753A3F17F001728DAD8C3F19600D4
:103FD000012303FA00F0441E1442D2D11040D1D084
:103FE000B1EE400A1846CDE70029AFD184F4800233
:103FF000520012F5000FDCD8B7EE000A1BE7002ACA
:10400000BFF619AFF7EE007A87EE800A13E720EECD
:10401000A00A10E771D5D1FFFFFF5F40E2AAA3FF1E
:10402000FFFF5F400000000000C062C00000000011
:1040300000A062C0701D0020800200200000004B24
:104040000000000030B510EE104AC4F30A53B3F577
:104050007D7FB7EEC06A83B01BD226EE065BB3F558
:10406000667F6ED326EE052B25EE021B734B93ED78
:104070001A3B93ED187B93ED164BA5EE037BA2EE56
:10408000046BB0EE460BA7EE010BB7EEC00B03B00E
:1040900030BD40F22E4293425ED8684991ED087BD4
:1040A00026EE077BFDEEC77B91ED0A5B17EE903A9B
:1040B00003F500031B1613F0020F07EE903A01F10F
:1040C000700208BF0A46D807B8EEE77BA7EE456B3B
:1040D00026EE067B1BD403F0030301EBC30192ED34
:1040E0001A4B91ED002B92ED185B26EE026B92EDD0
:1040F000163BA7EE045B26EE074B27EE047BA4EEEF
:10410000036BA5EE076BB7EEC60B03B030BD92EDA7
:10411000142B27EE075B92ED126B92ED0E3BA7EE90
:10412000026B92ED0C0B92ED104BA7EE030B27EEFA
:10413000057BA5EE040BA6EE070BB7EEC00B03B094
:1041400030BD220D12F4FF6FDFD1B7EEC55B00EE7C
:10415000104A8DED015AD8E7B3F5FF6F4BD2384BBB
:10416000C4F3836203EB820053F822200569C4F391
:104170001603C4F3C25143F400038B40016A03FBEE
:1041800002F2A3FB0110E3FB050202F100518D0FC7
:1041900001F04041511A00F0C9FA2A4B9FED257BEE
:1041A00005EBD47441EC160B14F0020FA3F170026E
:1041B00008BF1346E90726EE077B27EE076B1FD4DF
:1041C00004F0030402EBC40293ED1A4B92ED002BB2
:1041D00093ED185B27EE027B93ED163BA6EE045B96
:1041E00027EE064B26EE046BA4EE037BA5EE067BC2
:1041F000B7EEC70B89E703B0BDE8304000F064B804
:1042000093ED142B26EE065B93ED127B93ED0E3BA4
:10421000A6EE027B93ED0C0B93ED104BA6EE030B79
:1042200026EE056BA5EE040BA7EE060BB7EEC00B52
:104230006BE700BF182D4454FB21193C981E002049
:10424000B0450020081F002010B582B08DED010A96
:10425000044601F0BBFF9DED010A046002B010BDF1
:1042600030B1F1EE407A27EE800A2220FFF7ECBF52
:10427000F0EE407A27EE800A2220FFF7E5BF00BF6C
:104280009FED010AFFF7ECBF000000109FED010A4F
:10429000FFF7E6BF0000201A9FED010AFFF7E0BF1D
:1042A000000000709FED070AFFEE007AB7EE007A7B
:1042B00000284FF0220047FE277A87EE800AFFF79A
:1042C000C3BF00BF0000000070EE407AB4EE400AA9
:1042D00087EEA77AF1EE10FAB0EE470A02D6212057
:1042E000FFF7B2BF704700BFB1EEC00A704700BF12
:1042F00010B582B08DED000B044601F067FF9DED17
:10430000000B046002B010BD82B058B1B1EE407B2A
:104310008DED007B9DED007B222020EE070B02B08F
:10432000FFF7E6BFB0EE407BF2E700BF9FED010B69
:10433000FFF7EABF00000000000000109FED010B36
:10434000FFF7E2BF000000000000007082B000280C
:10435000B7EE006BBFEE007B06FE077B8DED007BAA
:104360009DED000B9FED037B222080EE070B02B03A
:10437000FFF7BEBF0000000000000000B4EE400BDD
:10438000F1EE10FA30EE407B87EE076BB0EE460B95
:1043900002D62120FFF7ACBF704700BFB5EE400B3F
:1043A000F1EE10FA00D070472220FFF7A1BF00BF46
:1043B000000000009FED076BB0EEC07BB4EE467BC3
:1043C000F1EE10FA00DC70472220FFF791BF00BF2A
:1043D000AFF30080FFFFFFFFFFFFEF7F03460846BC
:1043E000194601F05BB800BF38B5084C4FF41E65A4
:1043F0002846E56000F08EFBA06020B10023C0E9F4
:104400000053606038BDE060606038BDC4D70020F4
:1044100081F0004102E000BF83F0004330B54FEA75
:1044200041044FEA430594EA050F08BF90EA020FE2
:104430001FBF54EA000C55EA020C7FEA645C7FEA75
:10444000655C00F0E2804FEA5454D4EB5555B8BF98
:104450006D420CDD2C4480EA020281EA030382EA09
:10446000000083EA010180EA020281EA0303362D9B
:1044700088BF30BD11F0004F4FEA01314FF4801C6E
:104480004CEA113102D0404261EB410113F0004F80
:104490004FEA03334CEA133302D0524263EB430337
:1044A00094EA050F00F0A780A4F10104D5F1200ED5
:1044B0000DDB02FA0EFC22FA05F2801841F1000130
:1044C00003FA0EF2801843FA05F359410EE0A5F104
:1044D00020050EF1200E012A03FA0EFC28BF4CF035
:1044E000020C43FA05F3C01851EBE37101F00045EB
:1044F00007D54FF0000EDCF1000C7EEB00006EEBF8
:104500000101B1F5801F1BD3B1F5001F0CD3490881
:104510005FEA30004FEA3C0C04F101044FEA4452D8
:1045200012F5800F80F09A80BCF1004F08BF5FEA5F
:10453000500C50F1000041EB045141EA050130BD3F
:104540005FEA4C0C404141EB0101013C28BFB1F551
:10455000801FE9D291F0000F04BF01460020B1FA9C
:1045600081F308BF2033A3F10B03B3F120020CDA6F
:104570000C3208DD02F1140CC2F10C0201FA0CF04D
:1045800021FA02F10CE002F11402D8BFC2F1200CB2
:1045900001FA02F120FA0CFCDCBF41EA0C01904068
:1045A000E41AA2BF01EB0451294330BD6FEA0404B1
:1045B0001F3C1CDA0C340EDC04F11404C4F120029C
:1045C00020FA04F001FA02F340EA030021FA04F3AE
:1045D00045EA030130BDC4F10C04C4F1200220FA05
:1045E00002F001FA04F340EA0300294630BD21FA43
:1045F00004F0294630BD94F0000F83F4801306BF09
:1046000081F480110134013D4EE77FEA645C18BFFC
:104610007FEA655C29D094EA050F08BF90EA020F93
:1046200005D054EA000C04BF1946104630BD91EA8B
:10463000030F1EBF0021002030BD5FEA545C05D18E
:104640004000494128BF41F0004130BD14F58004CD
:104650003CBF01F5801130BD01F0004545F0FE4141
:1046600041F470014FF0000030BD7FEA645C1ABF76
:10467000194610467FEA655C1CBF0B46024650EAAD
:10468000013406BF52EA033591EA030F41F40021D9
:1046900030BD00BF90F0000F04BF0021704730B55F
:1046A0004FF4806404F132044FF000054FF0000134
:1046B00050E700BF90F0000F04BF0021704730B5F5
:1046C0004FF4806404F1320410F0004548BF4042CA
:1046D0004FF000013EE700BF42004FEAE2014FEA1F
:1046E00031014FEA02701FBF12F07F4393F07F4FFA
:1046F00081F06051704732F07F4208BF704793F0FD
:104700007F4F04BF41F40021704730B54FF460740F
:1047100001F0004521F000411CE700BF50EA010212
:1047200008BF704730B54FF000050AE050EA0102BB
:1047300008BF704730B511F0004502D5404261EB2B
:1047400041014FF4806404F132045FEA915C3FF46C
:10475000D8AE4FF003025FEADC0C18BF03325FEA09
:10476000DC0C18BF033202EBDC02C2F1200300FABA
:1047700003FC20FA02F001FA03FE40EA0E0021FADF
:1047800002F11444BDE600BF53B94AB9002908BF7D
:1047900000281CBF4FF0FF314FF0FF3000F070B920
:1047A000ADF1080C6DE904CE00F006F8DDF804E088
:1047B000DDE9022304B070472DE9F047089E0D465D
:1047C00004460F46002B4AD18A42944665D9B2FA74
:1047D00082F343B102FA03FCC3F120029F4020FAA6
:1047E00002F217439C404FEA1C4E1FFA8CF5B7FBB0
:1047F000FEF1220C0EFB117742EA074201FB05F0A5
:1048000090420AD91CEB020201F1FF3780F01C81B3
:10481000904240F2198102396244121AA4B2B2FBEA
:10482000FEF00EFB102244EA024400FB05F5A5420F
:104830000AD91CEB040400F1FF3280F00781A54285
:1048400040F204816444023840EA0140641B0021C4
:104850001EB1DC400023C6E90043BDE8F0878B426F
:1048600008D9002E00F0ED800021C6E900050846B9
:10487000BDE8F087B3FA83F1002949D1AB4202D3F6
:10488000824200F2F880841A65EB03020120174689
:10489000002EE2D0C6E90047DFE702B9FFDEB2FA38
:1048A00082F3002B40F090808A1A4FEA1C471FFACF
:1048B0008CFE0121B2FBF7F507FB1520220C42EA22
:1048C00000420EFB05F0904208D91CEB020205F1F4
:1048D000FF3802D2904200F2CB804546121AA4B2B1
:1048E000B2FBF7F007FB102244EA02440EFB00FE85
:1048F000A64508D91CEB040400F1FF3202D2A645FC
:1049000000F2BB801046A4EB0E0440EA05409FE78E
:10491000C1F120078B4022FA07FC4CEA030C05FA90
:1049200001F420FA07F3FD404FEA1C492343B5FB8D
:10493000F9F81FFA8CFE09FB18551C0C44EA0544D3
:1049400008FB0EF5A54202FA01F200FA01F00BD9BC
:104950001CEB040408F1FF3A80F08880A54240F285
:104960008580A8F102086444641B9DB2B4FBF9F38E
:1049700009FB134445EA044403FB0EFEA64508D98F
:104980001CEB040403F1FF356CD2A6456AD9023B47
:10499000644443EA0843A3FB0295A4EB0E04AC4233
:1049A000C846AE4656D353D056B1B0EB080264EBBE
:1049B0000E0404FA07F7CA40CC401743C6E9007456
:1049C00018460021BDE8F087C3F1200102FA03FC7C
:1049D00020FA01F225FA01F19D402A434FEA1C47D3
:1049E0001FFA8CFEB1FBF7F007FB1015110C41EA22
:1049F000054100FB0EF58D4204FA03F408D91CEBC7
:104A0000010100F1FF382FD28D422DD902386144C7
:104A1000491B92B2B1FBF7F507FB151142EA0142BF
:104A200005FB0EF1914208D91CEB020205F1FF389B
:104A300016D2914214D9023D6244521A45EA00410D
:104A400038E73146304608E73946E6E61046FBE6E9
:104A50004845A9D2B9EB020865EB0C0E013BA3E770
:104A60004546EAE72B4694E74046D1E7D0467BE748
:104A7000023D624432E708460AE76444023842E7EE
:104A8000704700BF10B4044C03460A4620685DF826
:104A9000044B194600F002B89487002038B5A1FBFA
:104AA00002148CBB00F046F80546E0B150F8042C27
:104AB00022F00302043A242A17D8132A1AD91B2AEF
:104AC000C0E900441DD9242A14BF00F1100200F1EE
:104AD00018024FF00003C0E9024404BF04614461BE
:104AE000C2E900339360284638BD214601F0CEF973
:104AF000284638BD02460023C2E9003393602846A9
:104B000038BD00F10802F6E701F060FB0C23002538
:104B10000360E8E7024B0146186800F00BB800BFDD
:104B200094870020024B0146186801F045BD00BF84
:104B3000948700202DE9F04F01F10B06162E83B06B
:104B4000044624D8102900F2BA8000F0A3FA1026F7
:104B500018220220B54F3A44A2F1080153688B4253
:104B600000F0BA805A68D96822F003021A449D689E
:104B7000E9608D60516841F001012046516003F108
:104B8000080500F08DFA284603B0BDE8F08F36F036
:104B9000070600F19480B14200F2918000F07AFAA9
:104BA000B6F5FC7FC0F09A81730A00F08F80042B69
:104BB00000F26F81B30903F1390003F1380CC3002F
:104BC0009A4F3B44A3F108055B689D4206D10CE077
:104BD000002980F22781DB689D4206D05A6822F0C6
:104BE0000302911B0F29F3DD60463D69DFF850C2D7
:104BF00065457CD06A6822F00302931B0F2B00F3FB
:104C00007B81002BC7E904CC80F26C81B2F5007F78
:104C100080F01A81D308796801334FEA521E0122CD
:104C200002FA0EF20A4357F833E0C5F808E007EB42
:104C3000C3010839E9607A6047F83350CEF80C5068
:104C4000831001219940914257D8114206D120F09A
:104C500003004900114200F10400FAD007EBC0093B
:104C60004D468646D5F80C80454508D11DE1002B00
:104C700080F22481D8F80C80454500F01681D8F8E0
:104C8000042022F00302931B0F2BF0DD2046D8E90D
:104C9000025408EB060146F00106C8F80460EC6017
:104CA000A56043F00104C7E90411C1E902CC4C60DE
:104CB00048F8023000F0F4F908F1080502E00C238E
:104CC00023600025284603B0BDE8F08F4FF4007341
:104CD00040204FF03F0C73E7D3689A4208BF023080
:104CE0007FF440AF3D69DFF858C1654582D17A68ED
:104CF0008310012199409142A7D9BD686B6823F0C8
:104D000003094E4503D8A9EB06030F2B7ADCDFF825
:104D100034B1474BDBF800201B680132334405EB0C
:104D2000090A00F0338103F580530F3323F47F68C1
:104D300028F00F084146204601F020FA411C0246A7
:104D400000F0F380824500F2EE803A4B196841444E
:104D50001960084600F04E81DBF800100193013124
:104D60001BBFA2EB0A010918CBF80020196012F052
:104D7000070B00F01781CBF108010A44CBF58051F5
:104D800090440831A1EB0801C1F30B0A51462046BB
:104D9000009201F0F3F9421CDDE9002300F04F819D
:104DA000801A00EB0A081968BA6048F00100514403
:104DB000BD425060196000F02981B9F10F0F40F237
:104DC00027816868A9F10C0C2CF0070C00F0010099
:104DD00040EA0C0068604FF0050E05EB0C00BCF1DA
:104DE0000F0FC0E901EE00F2328150681546124BF8
:104DF0001A688A4238BF1960104B1A688A4238BF55
:104E0000196094E0AA1943F0010346F001066E60B0
:104E10002046BA60536000F043F90835284603B0D5
:104E2000BDE8F08FD9681A44A1E600BF788300205E
:104E300024DC0020F4DB00201CDC002020DC00202F
:104E40008083002080870020B2F5206F4FEA522334
:104E500063D3142B00F2B78003F15C01C9005B330C
:104E600007EB010E7958AEF1080E8E4500F09180E7
:104E70004B6823F00303934202D989688E45F7D12A
:104E8000D1F80CE07A68C5E9021ECEF80850CD6072
:104E9000D6E6142B59D9542B00F29D80330B03F125
:104EA0006F0003F16E0CC3008AE60EF1010E1EF0D6
:104EB000030F05F108057FF4D5AE51E042444546A5
:104EC0005368D8F80C1043F00103536055F8083FBD
:104ED0002046D9608B6000F0E3F8F3E6F00806F1B5
:104EE000080237E62A442046536843F00103536022
:104EF000083500F0D5F8E5E6A919204646F0010688
:104F000043F001046E60C7E90411C1E902CC4C60B2
:104F1000AB5000F0C5F80835D4E6930903F1390128
:104F2000C90038339CE7BD425FD0BD68686820F097
:104F300003084645A8EB060302D80F2B3FF762AFE4
:104F4000204600F0ADF80025BCE603F15C0003F15B
:104F50005B0CC30034E659F808394B4540F09680A5
:104F600010F0030F00F1FF30F5D17B6823EA010355
:104F70007B60490099423FF6C0AE19B9BDE64900D1
:104F80000EF1040E1942FAD0704667E603F11008DC
:104F9000D0E69A104FF001087B6808FA02F21A4333
:104FA0007A6070E702EB08014942C1F30B0A5146EF
:104FB0002046009201F0E2F8431CDDE900237FF473
:104FC000EFAEDA46EFE6542B25D8130B03F16F0151
:104FD000C9006E3344E7B3F5AA7F25D8F30B03F17C
:104FE000780003F1770CC300EAE5294B18684044C8
:104FF0001860B1E6CAF30B0CBCF1000F7FF4ACAE45
:10500000BD68C84448F001006860F0E61546EEE669
:105010000123536094E7B3F5AA7F23D8D30B03F1A0
:105020007801C90077331BE740F25452934223D8EA
:10503000B30C03F17D0003F17C0CC300C0E5ABF1C0
:10504000080BD844A8EB02084FF0000AABE605F1C4
:1050500008012046009301F0AFFABD68009B686824
:105060001968C4E640F254518B420BD8930C03F1FB
:105070007D01C9007C33F3E64FF47E737F204FF04F
:105080007E0C9DE54FF47E717E23E9E67B6870E738
:10509000F4DB0020014801F0C7B800BFECDB0020C2
:1050A000014801F0C3B800BFECDB002010B4044C91
:1050B00003460A4620685DF8044B194600F002B822
:1050C000948700202DE9F84F1746002900F09880BA
:1050D0000C4607F10B058046FFF7DCFF162D54F850
:1050E000041C5BD810252A46AF425CD821F0030689
:1050F0009642A4F1080962DABC4BD3F808C009EB68
:105100000600844500F09780D0F804C02CF001031D
:1051100003445B68DB0768D42CF0030C06EB0C033C
:10512000934247DACB0710D454F8083CA9EB030AA2
:10513000DAF8043023F003018C44B444944580F23F
:1051400011817318934280F2E88039464046FFF798
:10515000F1FC0746E0B154F8043C23F001034B4452
:10516000A0F10802934200F0D280321F242A00F2FC
:10517000F580132A00F2AC800346224611681960BC
:105180005168596092689A602146404601F014FACD
:105190004046FFF785FF3846BDE8F88F25F0070544
:1051A000002D2A46A0DA0C23C8F800300027384624
:1051B000BDE8F88F1E46D0E90223D3609A60731BC6
:1051C0000F2B22D8D9F8043003F0010333434E44A7
:1051D000C9F80430736843F0010373604046274602
:1051E000FFF75EFF3846BDE8F88FC907ADD454F825
:1051F000083CA9EB030ADAF8041021F00301A0E748
:10520000BDE8F84F1146FFF795BCD9F8042009EB2B
:10521000050102F001024E4443F001032A43C9F89C
:1052200004204B60736843F001030831736040460B
:1052300001F0C2F9D2E7DCF8040020F0030B06EB22
:105240000B0C05F1100084454DDAC9073FF57DAF21
:1052500054F8081CA9EB010ADAF8041021F0030144
:105260008B44B34458453FF76CAF5746DAF80C10FF
:1052700057F8080F321F242AC160886000F2DB80D3
:10528000132A40F2D6802168CAF808106168CAF86B
:105290000C101B2A00F2DF8008340AF1100221688A
:1052A000116061685160A16891600AEB0501ABEB88
:1052B000050242F0010299604A60DAF8043003F016
:1052C00001032B434046CAF80430FFF7E9FE6EE7BE
:1052D00023680360636843601B2A68D804F10802EE
:1052E00000F108034AE709EB05029A60ACEB0503FD
:1052F00043F00103536054F8043C03F001032B43D3
:10530000404644F8043CFFF7CBFE27464FE750F8F1
:10531000043C23F003031E4451E75746DAF80C100F
:1053200057F8080F321F242AC16088604CD8132A0E
:1053300048D92168CAF808106168CAF80C101B2AFD
:1053400056D808340AF110021E46236813606368B9
:105350005360A3689360D1463C4630E7214600F095
:1053600019FD11E7D0E902135746CB60996057F851
:10537000081FDAF80C30CB60321F242A99602DD830
:10538000132A29D92368CAF808306368CAF80C3090
:105390001B2A42D808340AF1100322681A60626896
:1053A0005A60A2689A606646D1463C4607E7A36801
:1053B0008360E368C360242A26D004F1100200F160
:1053C0001003DBE63A46BFE7214638461E46D14683
:1053D00000F0E0FC3C46F2E63B46DEE7214638467C
:1053E0006646D14600F0D6FC3C46E8E678830020CD
:1053F000A168CAF81010E168CAF81410242A20D055
:1054000010340AF118029FE7236903616169416161
:1054100004F1180200F11803B0E6A368CAF81030CE
:10542000E368CAF81430242A21D010340AF1180392
:10543000B3E73A4633E72146384600F0ABFC164B5B
:1054400033E72269CAF818206269CAF81C201834A8
:105450000AF1200278E7A168CAF81010E168CAF8DA
:105460001410242A0DD010340AF1180217E723690A
:10547000CAF818306369CAF81C3018340AF12003DE
:105480008BE72269CAF818206269CAF81C20183410
:105490000AF1200203E700BF7883002013460A4682
:1054A0000146022000F0F4BF2DE9F04F9368176821
:1054B00083B09246002B70D081468A6808680C46FB
:1054C000083743E0A38913F4906F2ED0D4E9041673
:1054D000A0EB010806EB460606EBD67608F10100C4
:1054E00076102844B042324684BF064632465B05F9
:1054F00037D511464846FFF71DFB019000283AD0EA
:1055000042462169FBF79AFCA289019B22F4906232
:1055100042F08002A281A6EB080203EB080066615C
:10552000A260236120602E46A8464246594600F0FC
:1055300031FCDAF80830A2682068921B40445B1BFB
:10554000A2602060CAF808303BB3083757E902B5BB
:10555000002DFAD0AA4216469046B3D92E46A84648
:10556000E3E74846FFF7AEFD03460028D3D12169A3
:10557000484601F021F8A3890C2243F04003C9F802
:1055800000204FF0FF30A38100220023CAF808203A
:10559000CAF8043003B0BDE8F08F00200023CAF839
:1055A000043003B0BDE8F08F024A0349034800F01D
:1055B00035BA00BF88870020BD6203004873002011
:1055C0000C4B4168994210B5044601D003F0B0FA83
:1055D000A168094B994202D0204603F0A9FAE1687C
:1055E000064B994204D02046BDE8104003F0A0BA13
:1055F00010BD00BF28DC002090DC0020F8DC00207B
:105600002DE9F8432A4C2B4B2B48DFF8C090DFF8EC
:10561000C0802A4F1860002504230822294604F17F
:105620005C00274E6566C4E90253C4E90055C4E92D
:105630000455A56100F02AFC224B63670822294625
:1056400004F1C400C4E90749C4E90987C4E91A554B
:10565000C4E91E55C4F8CC502567C4F88050E662F2
:1056600000F014FC184BC4F8DC30294604F1680340
:10567000082204F59670C4F88430C4E92298C4E97D
:105680002476C4E93455C4E93855C4F83451C4F813
:10569000D850C4F8E85000F0F9FB04F1D003C4E995
:1056A0003C98C4E93E76C4F8EC30BDE8F88300BF0E
:1056B00028DC002060DD0020352D03001D330300B1
:1056C0003D3303000900010012000200B93203005B
:1056D000DD32030010B504460A4800F0A5FD636BF7
:1056E00023B9094B094A1B68626323B1BDE8104026
:1056F000044800F09BBDFFF783FFBDE81040014860
:1057000000F094BDF0DB002060DD00204D2D030093
:10571000014800F089BD00BFF0DB0020014800F027
:1057200085BD00BFF0DB00209368002B00F0858072
:105730002DE9F04FB1F90C300C461907804683B0C3
:10574000174698B225D523691BB310F002033D68B4
:105750002DD04FF0000ADFF8C0B25646B9465E457C
:105760003346524628BF5B464046002E52D0E16980
:10577000676AB847002856DDD9F808301B1A8244FA
:10578000361AC9F80830002BE9D1002003B0BDE873
:10579000F08F2146404600F067FA002840F038813B
:1057A000B4F90C303D6898B210F00203D1D110F07A
:1057B000010944D14E46009746B38205D4F808B09B
:1057C00040F18580B3455A4600F2B48010F4906FE2
:1057D00040F0C18020680192494600F0DBFAA368DE
:1057E000019AA3EB0B012368A1601344B246236026
:1057F0000026009A9368A3EB0A03D1449360002B20
:10580000C3D0B4F90C0080B2002ED6D1D5E90096F1
:105810000835D1E7D5E900A60835A0E7214640467E
:1058200003F082FA88B3B4F90C3043F040034FF030
:10583000FF30A38103B0BDE8F08F002070471E4603
:10584000BA469946184600951F4666B3002832D0DE
:105850004A46D4E904132068A568B24228BF3246FC
:10586000884204D905EB030B5A4500F3A780934205
:1058700064DCE169656A3A464046A847B0F1000B2E
:10588000D1DDB9EB0B09C9D00120DAF80830A3EB60
:105890000B035F44A6EB0B06CAF80830002B3FF45D
:1058A00074AF002ED2D1009A566813460832009287
:1058B000002EF8D01F6832460A21384600F01AFD43
:1058C000002800F09C800130A0EB0709C0E72068A9
:1058D0002369984216D86269B24213D86FF0004328
:1058E000B34228BF3346E16993FBF2F3676A02FBD8
:1058F00003F340464A46B847B0F1000A93DDA6EBF1
:105900000A0676E7B345DA4628BFB246524649460C
:1059100000F040FAA3682268A3EB0A035244A36094
:105920002260002BEBD12146404603F0FDF9002810
:10593000E5D078E72068B34632464CE73946019215
:1059400000F028FA019AA3689B1AA3602368134405
:105950002360934695E723682169A3EB010B6369F4
:1059600003EB430A0AEBDA7A0BF101034FEA6A0A06
:1059700033445345524684BF9A46524643052CD57C
:1059800011464046FFF7D6F800283BD05A46216919
:105990000190FBF753FAA289019B22F4906242F036
:1059A0008002A28103EB0B002361AAEB0B03C4F876
:1059B00014A0A3602060B34632460CE739465A462D
:1059C00000F0E8F923685B4423602146404603F079
:1059D000ABF900283FF455AF25E74046FFF772FBCF
:1059E00003460028DED12169404600F0E5FDB4F908
:1059F0000C300C2223F08003C8F8002015E7721C3D
:105A0000914626E70C22B4F90C30C8F800200CE7C8
:105A10004FF0FF30BAE600BF00FCFF7F2DE9F843EE
:105A200080460F4616464FF00009D6E90154013D65
:105A300011D4A389012B05F1FF3508D9B4F90E3033
:105A40000133214603D04046B84749EA00096B1CA0
:105A500004F16804EDD13668002EE6D14846BDE871
:105A6000F88300BF0CB410B51F4B00291C689CB014
:105A700035DB4FF40273ADF81430029006901FAB83
:105A800018D001394FF6FF7204910791ADF8162036
:105A900002A91E9A0193204601F0A8FA421C01DADD
:105AA0008B232360029B00221A701CB0BDE81040BB
:105AB00002B070474FF6FF7204910791ADF81620BF
:105AC00002A91E9A0193204601F090FA431C01DAC4
:105AD0008B2323601CB0BDE8104002B070478B23BD
:105AE00023604FF0FF30F5E7948700200EB410B527
:105AF0009DB06FF000411FABCDE90601049109494B
:105B000053F8042B0290084C0868019302A90594ED
:105B100001F06CFA029B00221A701DB0BDE8104023
:105B200003B07047948700200802FFFF10B50C46B1
:105B3000B1F90E1000F00CFB002803DB236D0344C9
:105B4000236510BDA38923F48053A38110BD00BF3A
:105B50002DE9F0410C46B1F90C101F46CB05054666
:105B600016460BD421F48051A1813B46B4F90E10A6
:105B700032462846BDE8F04100F012BBB4F90E10E1
:105B80000223002200F0CEFAB4F90C10EAE700BFBD
:105B900010B50C46B1F90E1000F0C4FAA389421CEE
:105BA0000EBF23F4805343F480532065A38110BDBE
:105BB000B1F90E1000F0A4BAF8B50D461446064629
:105BC00010B1436B002B4CD0B4F90C20A369A36037
:105BD000170790B21BD52369CBB1EDB281042F46D4
:105BE00022D522686169D31A994229DD0133A1685F
:105BF0000139A160511C2160157062699A4227D059
:105C0000A389DB0701D50A2D22D03846F8BD2146ED
:105C1000304600F029F808BBB4F90C20236990B293
:105C2000EDB281042F46DCD442F40052A281626EB0
:105C3000616922F4005262662268D31A9942D5DC67
:105C40002146304603F070F840B922680123CEE7C0
:105C50002146304603F068F80028D6D04FF0FF37D1
:105C6000D3E7FFF737FDAFE738B5314B1B68054683
:105C70000C4613B15A6B002A4ED0B4F90C301807F9
:105C80009AB21CD5216929B312F0010007D0002077
:105C9000A06060694042A06139B1002038BD95071D
:105CA00058BF6069A0600029F7D1120658BF0846A6
:105CB000F4D543F04003A3814FF0FF3038BDD10647
:105CC0002ED5520714D4216943F00803A3819AB258
:105CD0000029D9D102F42070B0F5007FD4D021463C
:105CE000284603F04BF8B4F90C3021699AB2CBE79F
:105CF000216B51B104F14002914204D0284600F0DA
:105D00005BFCB4F90C300022226321690022C4E953
:105D1000001223F02403D7E71846FFF7DBFCACE7BB
:105D2000092243F040032A604FF0FF30A38138BDC1
:105D300094870020032A70B514D940EA01039B0719
:105D400022D104460B46194620460E680568B54226
:105D500004F1040403F1040316D1043A032A204693
:105D60001946F0D8541E9AB1421E013901E0C318F9
:105D70000CD012F801EF11F801CFE645A4EB0203B5
:105D8000F5D0AEEB0C0070BD541EEDE7184670BDAB
:105D9000104670BD88420DD98B1883420AD900EB9A
:105DA000020CBAB1624613F801CD02F801CD994256
:105DB000F9D170470F2A0ED8034602F1FF3C4AB1D1
:105DC0000CF1010C013B8C4411F8012B03F8012F5D
:105DD0006145F9D1704740EA01039B0750D1A2F118
:105DE000100370B501F1200C23F00F0501F1100E26
:105DF00000F11004AC441B095EF8105C44F8105C20
:105E00005EF80C5C44F80C5C5EF8085C44F8085CD6
:105E10005EF8045C44F8045C0EF1100EE64504F1F3
:105E20001004E9D1013312F00C0F01EB031102F061
:105E30000F0400EB031327D0043C24F003064FEAC1
:105E4000940C1E441C1F8E465EF8045B44F8045FED
:105E5000B442F9D10CF1010402F0030203EB840314
:105E600001EB840102F1FF3C4AB10CF1010C013B52
:105E70008C4411F8012B03F8012F6145F9D170BD55
:105E800002F1FF3C03469BE72246EBE7830730B570
:105E900048D0541E002A3FD0CAB2034601E0013C5C
:105EA0003AD303F8012B9D07F9D1032C2DD9CDB29C
:105EB00045EA05250F2C45EA054536D9A4F110021F
:105EC00022F00F0C03F1200EE6444FEA121C03F1FE
:105ED000100242E9045542E9025510327245F8D1E8
:105EE0000CF1010214F00C0F03EB021204F00F0C82
:105EF00013D0ACF1040323F003030433134442F83A
:105F0000045B9342FBD10CF003042CB1C9B21C44D6
:105F100003F8011B9C42FBD130BD64461346002CA4
:105F2000F4D1F9E703461446BFE71A46A446E0E772
:105F300011F0FF01034644D0820732D110B5046846
:105F400041EA012E4EEA0E4E8EEA0402A2F101331E
:105F500023EA0203A4F1013222EA0402134313F0FC
:105F6000803F0FD150F8044F84EA0E0CA4F10133A6
:105F7000ACF1013223EA040322EA0C02134313F0CA
:105F8000803FEFD0037823B936E010F8013F002BB3
:105F900032D09942F9D110BD8A4211D09A071846E1
:105FA000CCD0184613F8012B002AF5D110467047C3
:105FB0009907184607D0184601330278002AF7D10E
:105FC00070478207F7D10268A2F1013323EA020386
:105FD00013F0803F08D150F8042FA2F1013323EAD7
:105FE000020313F0803FF6D00378002BE8D010F8BE
:105FF000013F002BFBD17047184610BD002A3ED050
:1060000040EA01039B0730B584462FD1032A2DD9DE
:106010000B4608E0043A8446194625D01EF0803F1E
:1060200022D1032A22D90468194653F8045BA4F14B
:10603000013EAC4284462EEA040E00F10400E9D091
:106040009CF800000C78A0421BD1E64668B11EF80F
:10605000010F11F8014FA2EB0E03A04203F1FF3331
:106060000FD11CEB0303F1D1002030BD9CF80000E0
:106070000C78844205D1012AF6D0E646E6E71046C0
:106080007047001B30BD00BF40EA01039B0730B5DD
:1060900001D1032A0FD8844601F1FF3E07E01EF824
:1060A000011F03F8011B541EC1B19C4622466346E2
:1060B000002AF4D130BD0B468446194653F8045BE0
:1060C000A5F1013424EA050414F0803FE4D1043A38
:1060D000032A4CF8045B1946EFD8DDE79444002C02
:1060E000E8D003F8011B6345FBD130BD014B93F8A9
:1060F000280170470C82002000487047FC82002075
:1061000038B5074D0022044608462A60FBF788FA96
:10611000431C00D038BD2B68002BFBD0236038BD5A
:10612000B04A022038B50C46084D84461146204638
:106130001A4600232B606446FBF77EFA431C00D00E
:1061400038BD2B68002BFBD0236038BDB04A02203D
:1061500038B50C46084D8446114620461A460023A1
:106160002B606446FBF75AFA431C00D038BD2B68FD
:10617000002BFBD0236038BDB04A022038B5074D54
:106180000022044608462A60FBF72EFA431C00D082
:1061900038BD2B68002BFBD0236038BDB04A0220ED
:1061A00038B50C46084D8446114620461A46002351
:1061B0002B606446F9F716FF431C00D038BD2B68EE
:1061C000002BFBD0236038BDB04A0220014B186879
:1061D000704700BF9487002070B50D4E0D4D761BA3
:1061E000B61006D0002455F8043B01349847A64267
:1061F000F9D1094E094D761B04F038FFB61006D0D0
:10620000002455F8043B01349847A642F9D170BDEB
:106210006021006060210060142200606021006045
:10622000704700BF704700BF704700BF704700BF96
:1062300080EA0102844612F0030F4FD111F0030FE0
:1062400032D14DF8044D11F0040F51F8043B0BD03E
:10625000A3F101329A4312F0803F04BF4CF8043B93
:1062600051F8043B16D100BF51F8044BA3F10132A1
:106270009A4312F0803FA4F101320BD14CF8043B59
:10628000A24312F0803F04BF51F8043B4CF8044B8A
:10629000EAD023460CF8013B13F0FF0F4FEA3323FB
:1062A000F8D15DF8044B704711F0010F06D011F8DA
:1062B000012B0CF8012B002A08BF704711F0020FC8
:1062C000BFD031F8022B12F0FF0F16BF2CF8022BB3
:1062D0008CF8002012F47F4FB3D1704711F8012BD6
:1062E0000CF8012B002AF9D1704700BF0000000014
:1062F0000000000001F0FF01102A2BDB10F0070F57
:1063000008D010F8013B013A8B422DD010F0070F56
:1063100042B3F6D1F0B441EA012141EA014122F051
:1063200007047FF000070023F0E80256083C85EAE6
:10633000010586EA010685FA47F5A3FA87F586FA8C
:1063400047F6A5FA87F68EB9EED1F0BC01F0FF0151
:1063500002F0070232B110F8013B013A83EA01036F
:1063600013B1F8D10020704701387047002D06BFE7
:1063700035460338073815F0010F07D1013015F401
:10638000807F02BF013015F4C03F0130F0BC0138FE
:10639000704700BF00000000000000000000000087
:1063A00000000000000000000000000000000000ED
:1063B0000000000090F800F06DE9024520F00701B0
:1063C0006FF0000C10F0070491F820F040F04980C5
:1063D0004FF000046FF00700D1E9002391F840F07E
:1063E00000F1080082FA4CF2A4FA8CF283FA4CF322
:1063F000A2FA8CF34BBBD1E9022382FA4CF200F1F2
:106400000800A4FA8CF283FA4CF3A2FA8CF3E3B9F5
:10641000D1E9042382FA4CF200F10800A4FA8CF2CC
:1064200083FA4CF3A2FA8CF37BB9D1E9062301F18C
:10643000200182FA4CF200F10800A4FA8CF283FAEF
:106440004CF3A2FA8CF3002BC6D0002A04BF043010
:106450001A4612BAB2FA82F2FDE8024500EBD20007
:106460007047D1E9002304F00305C4F100004FEAAE
:10647000C50514F0040F91F840F00CFA05F562EA36
:1064800005021CBF63EA050362464FF00004A9E75A
:106490002DE9F047DFF87CA00646DAF800009846C0
:1064A0000F469146FFF7C0FE184B1C6824B3656881
:1064B0001F2D24DC5EB96B1C0235DAF80000636026
:1064C00044F82570FFF7B2FE0020BDE8F08704EB2A
:1064D00085010123C1F88890D4F88821AB401A4384
:1064E000022EC4F88821C1F80881E4D1D4F88C21A7
:1064F0001A43C4F88C21DEE7054C1C60D7E7DAF8B4
:106500000000FFF793FE4FF0FF30DEE754DA002083
:1065100058DA002000820020F8B5244F0C460646C9
:10652000FEF7B8FDBB685D68C4F57E610F3125F0EC
:1065300003054B1923F47F6323F00F03A3F5805465
:10654000B4F5805F07DB00213046FFF717FEBB681C
:106550002B44984204D03046FEF7A2FD0020F8BD3F
:1065600061423046FFF70AFE01300DD0104ABB6889
:106570002D1B45F001055D60136830461B1B136041
:10658000FEF78EFD0120F8BD00213046FFF7F6FD35
:10659000BA68831A0F2BDEDD43F001035360054B0D
:1065A00003491B68C01A0860D5E700BF7883002044
:1065B000F4DB002080870020002961D0F8B50C466C
:1065C0000646FEF767FD54F8042C7B4FA4F108053E
:1065D00022F0010105EB010CB868DCF804306045DD
:1065E00023F0030300F08B80D207CCF8043032D4C0
:1065F00054F8082CAD1A1144AA6807F10800824229
:106600006AD00CEB0304D4F804E0EC68D4601EF00C
:10661000010FA26000F0978041F001036B60CCF89D
:106620000010B1F5007F35D27868CB080122490906
:1066300001338A40024357F833107A6007EBC302F4
:10664000083AC5E9021247F83350CD603046BDE83C
:10665000F840FEF725BD0CEB03025268D00710D4BA
:10666000194407F10800DCF80830834273D0DCF8E5
:106670000C20DA60936041F001036B606950D0E751
:10668000704741F00103B1F5007F44F8043CCCF8B9
:106690000010C9D3B1F5206F4FEA512348D28B09BE
:1066A00003F1390003F13802C300F818FB58083829
:1066B000984259D05A6822F003028A4202D99B6854
:1066C0009842F7D1D868C5E902308560DD60304670
:1066D000BDE8F840FEF7E4BC0CEB03025268D207B9
:1066E00063D40B44DCE90212CA60916043F00102FA
:1066F0006A603046EB50BDE8F840FEF7D1BC0B4471
:10670000D10707D454F8082CAD1A1344D5E9021266
:10671000CA60916043F001026A60284ABD60126855
:106720009A4293D8264B30461968FFF7F5FE8DE75D
:10673000142B0AD9542B1FD80B0B03F16F0003F154
:106740006E02C300B1E719448DE703F15C0003F169
:106750005B02C300A9E741F00103C7E90455C5E99D
:1067600002006B60695071E779689210012404FAA5
:1067700002F20A437A60A6E7B3F5AA7F06D8CB0BEC
:1067800003F1780003F17702C3008EE740F2545220
:10679000934206D88B0C03F17D0003F17C02C30009
:1067A00083E74FF47E737E227FE741F001036B6045
:1067B000CCF800104AE700BF7883002084870020CF
:1067C00024DC002082B049B15AB16BB113780B6060
:1067D0001278101E18BF012002B0704701A9002ACC
:1067E000F3D1104602B070476FF00100F4E700BF2C
:1067F000436C70B505460C464BB153F8240080B18C
:10680000026843F824200023C0E9033370BD21222D
:106810000421FEF743F9034668640028EDD1002007
:1068200070BD012101FA04F6721D92002846FEF7A0
:1068300035F90028F3D0C0E90146E4E731B1436CF3
:106840004A6853F82200086043F82210704700BFDE
:106850002DE9F0410E6980460F461D4601F1140EE8
:106860000020DEF800108CB202FB0453090C4FEA42
:10687000134C02FB01CC01309CB204EB0C44864269
:106880004EF8044B4FEA1C45EBDC3DB1BB68B3420C
:1068900007DD07EB860301365D613E613846BDE8E2
:1068A000F081796840460131FFF7A2FF0446B0B19C
:1068B0003A69023207F10C0192000C30FAF7BEFA85
:1068C000D8F844307A6853F82210396043F82270BF
:1068D000274607EB860301365D613E61DEE7034B29
:1068E00003482246BA2102F019FB00BF10460020DF
:1068F00024460020030C1B04D3B90004102310F01D
:106900007F4F04BF0002083310F0704F04BF000136
:10691000043310F0404F04BF80000233002805DB31
:1069200010F0804F03F1010308BF20231846704781
:106930000023E4E7036813F0070208D0D9071FD447
:106940009A0722D55B08036001221046704799B26E
:1069500009B91B0C1022D9B209B908321B0A190750
:1069600004BF1B090432990704BF9B080232D907F0
:1069700003D45B0802F1010205D0036010467047A2
:106980000022104670472022DFE79B0802220360A6
:106990001046704738B5436C04460D464BB15868F5
:1069A000B0B102685A6000220123C0E90435C26018
:1069B00038BD21220421FEF771F8034660640028E7
:1069C000EDD1094B0948002240F2451102F0A6FA28
:1069D0001C2201212046FEF761F80028F1D0012297
:1069E0000223C0E90123DEE71046002024460020F0
:1069F0002DE9F04F0E691569AE4285B08846144600
:106A000005DB2A46234635460C4616469846A368BB
:106A10006168AF19BB42B8BF0131FFF7E9FE0190D1
:106A2000002800F08780019B03F1140909EB870A15
:106A3000D14505D24B46002243F8042B9A45FBD89A
:106A400008F1140808EB860B04F11403D8451A4624
:106A500003EB85055FD22B1B153B23F003030433A7
:106A60001534A54238BF0423CDE902A7AC461F4622
:106A7000924605E0090C29D1C34509F1040948D91A
:106A800058F8041B8DB2002DF4D056464C46002316
:106A900056F8041B22681FFA81FE90B2090C05FB10
:106AA0000E00120C034405FB012202EB13429BB2C1
:106AB00043EA0243B44544F8043B4FEA1243E7D8A3
:106AC00049F8073058F8041C090CD5D0D9F8003023
:106AD00050461A464C4600260588120C01FB05223A
:106AE00016449BB243EA064344F8043B50F8045B67
:106AF00022682D0C93B201FB053303EB164384454A
:106B00004FEA1346E8D8C34549F8073009F10409AC
:106B1000B6D8DDE902A7002F02DC05E0013F03D073
:106B20005AF8043D002BF9D0019B18461F6105B0AF
:106B3000BDE8F08F034B0448019A4FF4B17102F0A5
:106B4000EDF900BF104600202446002012F0030398
:106B50002DE9F0411446064632D10D46A41020D04E
:106B6000D6F84080B8F1000F33D0E3074FF00007AC
:106B700007D4641015D0D8F80000A8B18046E30708
:106B8000F7D5424629463046FFF732FFB5B169686E
:106B9000736C641053F821202A6043F82150054695
:106BA000E9D12846BDE8F081424641463046FFF72C
:106BB0001FFFC8F8000007608046E0E70546D8E7F9
:106BC000013B0F4A52F823200023FFF741FE054600
:106BD000C4E701213046FFF70BFE804640B1012398
:106BE00040F27122C0E90432002330640360BCE744
:106BF000044B0548424640F2451102F08FF900BFB0
:106C0000784E002010460020244600202DE9F04751
:106C10000D4614462F69AB68496807EB62177E1C66
:106C20009E4280464FEA621904DD5B009E4201F1FC
:106C30000101FADC4046FFF7DBFD8446002852D014
:106C4000B9F1000F00F114020EDD09F105014FEA60
:106C5000810E134600EB8101002043F8040B8B42A8
:106C6000FBD1AEF114031A44296905F1140314F0A1
:106C70001F0E03EB81012ED0CEF1200910464FF0FC
:106C8000000A1C6804FA0EF444EA0A0440F8044BB3
:106C900053F8044B994224FA09FAF2D84B1B153BDE
:106CA00023F00303043305F11500814238BF0423A8
:106CB000BAF1000F18BF374642F803A0D8F84430A5
:106CC0006A68CCF8107053F822102960604643F8C7
:106CD0002250BDE8F087043A53F8040B42F8040F41
:106CE0009942F9D8EAE7034B034862464FF4EF7143
:106CF00002F014F910460020244600200B69844657
:106D00000069C01A16D10CF1140C14310CEB83027B
:106D100010B401EB830301E0944508D252F8044D0E
:106D200053F8041D8C42F7D005D24FF0FF305DF8C8
:106D3000044B7047704701205DF8044B704700BF5B
:106D40002DE9F84F0F691369FF1A002F0E46904680
:106D50007FD101F11405143202EB830205EB8303AA
:106D600001E09D4278D253F8041D52F8044DA1422F
:106D7000F7D069D37168FFF73BFD8146002877D0D3
:106D80003569D8F81020C76008F1140E06F1140018
:106D900009F1140A06F110010EEB820200EB8507DF
:106DA00056464FF0000C5EF8044B51F804BFA3B2F6
:106DB0001CFA8BFCACEB03034FEA144CCCEB1B4CE2
:106DC0000CEB234C9BB243EA0C43724546F8043B60
:106DD0004FEA2C4CE7D8A2EB0801153908F1150849
:106DE000424521F0030404F1040438BF0424204484
:106DF00021F0030238BF002287425244544418D97C
:106E00002646014651F8043B1CFA83FC4FEA2C420B
:106E100002EB13421FFA8CFC4CEA02438F4246F805
:106E2000043B4FEA224CEDD8013F3F1A27F00307FD
:106E3000E21923B952F8043D013D002BFAD0C9F8FC
:106E400010504846BDE8F88F33460127464698461D
:106E500090E7F9DB00278DE70021FFF7C9FC8146A9
:106E600068B101220023C9E904234846BDE8F88F30
:106E7000064B07484A4640F2452102F04FF8034BC3
:106E800003484A4640F2372102F048F810460020F5
:106E9000244600202DE9F043884683B0012157ECB9
:106EA000106B1546FFF7A4FC0446002851D0C7F329
:106EB0000A59C7F31303B9F1000F01D043F480134B
:106EC000002E019318D101A8FFF734FD019A6261E9
:106ED000012200F120032261B9F1000F25D0A9F2AF
:106EE000334909EB03022046C3F13503C8F80020FB
:106EF0002B6003B0BDE8F08368460096FFF71AFDEB
:106F0000034610B3DDE90002C3F1200102FA01F1EA
:106F10000143DA4061610192002AA26114BF02229A
:106F200001222261B9F1000FD9D1A3F23243C8F88E
:106F3000003004EB82031869FFF7DCFCC0EB42135E
:106F400020462B6003B0BDE8F083009A6261019A8D
:106F5000E2E7034B0348224640F20F3101F0DEFF27
:106F6000104600202446002049B1FF2A02D80A70AA
:106F7000012070478A2303604FF0FF3070470846B6
:106F8000704700BF70B5054684B05BB11C4669B15F
:106F90000E4B2846D3F8E0602346B047431C0FD081
:106FA00004B070BD00F582740029F1D1074A234670
:106FB000D2F8E06028460A4601A9B047431CEFD149
:106FC00000228A2322602B6004B070BD0C82002056
:106FD00010B582B0049CCDE900344FF0FF3302F0CD
:106FE0004BFF02B010BD00BF000000002DE9F04FC4
:106FF0002DED088BD1B00C460BEE101A904608937D
:107000008346FFF779F8036812931846FFF7D2F921
:1070100020AF1090082200213846FEF737FFA389E1
:107020001B0603D52369002B00F0558700239FED35
:10703000838B9FED849BCDE92533CDE91333CDE9D7
:10704000153327AA0E932492924611930493444633
:10705000A1467E4BD3F8E450FFF748F84A46034672
:107060001CA900975846A847002800F0B080C0F23D
:10707000A6801C9A252A034601D09944E9E7B9EB7A
:107080000405064640F0A78000234FF0FF328DF83C
:1070900067309846069309F1010999F80030039288
:1070A0002B25202609F10109A3F120025A2A00F21A
:1070B000CF80DFE812F0E802CD00CD00E302CD0082
:1070C000CD00CD006A00CD00CD0005028402CD00C8
:1070D0001002C902CD00BD025B005B005B005B00DB
:1070E0005B005B005B005B005B00CD00CD00CD0072
:1070F000CD00CD00CD00CD005301CD0083011A029B
:10710000530153015301CD00CD00CD00CD00150238
:10711000CD00CD009602CD00CD00CD00AB01CD005D
:10712000AA02CD00CD00E306CD00CD00CD00CD00FC
:10713000CD00CD00CD00CD005301CD008301DE0197
:107140005301530153017702DE017F00CD00890214
:10715000CD005F02E0062F027F00CD00AB017C0076
:10716000B806CD00CD00BD06CD007C00A3F13002F5
:10717000002119F8013B01EB810102EB4101A3F170
:107180003002092AF5D906918EE75846FEF7B4FF7A
:10719000436815931846FFF70DF916905846FEF709
:1071A000ABFF83681393169B002B40F02D8699F854
:1071B000003077E799F8003048F0200872E708229D
:1071C00000213846FEF762FE0123994441E7B9EBFE
:1071D0000405064611D0269B2B442693259B01339C
:1071E000072BCAE9004525931CDC0AF1080A049B19
:1071F0002B440493002E7FF447AF269B002B41F0D5
:107200000B821BEE103AB3F90C3013F0400F049BC5
:1072100018BF4FF0FF330493049851B0BDEC088BB6
:10722000BDE8F08F1BEE101A24AA5846FEF73CF971
:107230000028E6D10DF19C0AD9E700BF000000004C
:1072400000000000FFFFFFFFFFFFEF7F0C82002028
:107250000B93002BD1D00021CDE90C118DF8DC303F
:1072600001238DF8671002930791059303910F9105
:1072700037AC18F00203099302D0029B0233029349
:1072800018F084030A9305D1069B029A9D1A002DDB
:1072900000F36983269A89B125990DF167000131C0
:1072A0000132CAF8000007294FF00100269225910B
:1072B000CAF8040000F3A2830AF1080A099B83B10B
:1072C000259B1AA901330232CAF80010072B4FF090
:1072D000020126922593CAF8041000F3A3830AF151
:1072E000080A0A9B802B00F06C82039B05995D1AAB
:1072F000002D00F3A58218F4807F40F00D82059BDD
:10730000CAF804301A44259BCAF800400133072B01
:107310002692259300F31B830AF1080A18F0040F44
:1073200005D0069B02995C1A002C00F38883049B0D
:10733000069902988142ACBF5B181B180493002A7F
:1073400040F0B08200232593079B1BB10799584654
:10735000FFF732F90DF19C0A4C4679E60B93089B36
:10736000073323F00703B3EC028BB0EEC87BB4EE17
:10737000497BF1EE10FA089340F3E984B5EEC08B37
:10738000F1EE10FA01F159809DF86710AB4CAC4B4F
:1073900028F080080B9A472AC8BF1C460023CDE975
:1073A0000C33032207930292059203930F93002953
:1073B0003FF45FAF029B013302935AE7432B0B93D9
:1073C00003D018F0100F00F05D85089D0822002101
:1073D00022A837ACFEF75AFD22AB55F8042B214604
:1073E0005846FFF7CFFD03460133059001F0EE82CA
:1073F000059B089523EAE37302930021CDE90C1164
:107400008DF86710079103910F9132E70B93089B5A
:107410001A4600238DF86730134653F8044B08933F
:10742000002C00F048850B9B532B00F0EC8618F0E5
:1074300010030C9340F0E786039B5D1C01F0E58090
:107440000C991A462046FEF755FF0790002801F0D8
:107450002883079B1A1B05920C9B039322EAE27276
:107460000F930D93079373239DF8671002920B936C
:107470009DE718F0200F0B93089B3DD0073323F0B6
:1074800007031A4611465B6851F8082B0891194604
:10749000002BC0F20C84039B013300F09E8228F085
:1074A000800052EA0103029040F09982039B002B76
:1074B00040F09A82804600230393059350AC06E186
:1074C000089B53F8042B0692002A80F21984069A2E
:1074D00008935242069299F8003048F00408E1E51A
:1074E00099F8003048F00808DCE548F0100818F07A
:1074F000200F0B93089BC1D118F0100F40F00B84A4
:1075000018F0400F00F0038433F9042B0893D117CF
:107510000B46BDE7089B48F00202029253F8042B89
:10752000089347F63003ADF868307820454B119347
:10753000002102230B900020039C8DF86700601C43
:1075400000F0AD80029820F0800852EA010040F07F
:10755000A480002C40F0AE86002BACD1029B13F02F
:107560000103059300F0D18330238DF83F310DF2F4
:107570003F14ACE018F0200F40F0D48318F0100F47
:1075800040F09F8618F0400F40F0978718F4007F76
:1075900000F09786089B049953F8042B0893117008
:1075A0004C4655E599F80030682B03BF99F8013037
:1075B00048F4007809F1010948F0400872E599F8AB
:1075C00000308DF867506DE599F800306C2B03BFE3
:1075D00099F8013048F0200809F1010948F0100835
:1075E00060E50B9348F0100818F0200100F051837B
:1075F000089B073323F00703596853F8082B0893B7
:1076000028F480630293002395E70B9348F010035E
:107610000293029B13F0200100F02983089B07339B
:1076200023F00703596853F8082B0893012382E7D6
:1076300099F8003048F0800834E500BFF04700209A
:10764000F447002000480020494611F8013B2A2B4E
:1076500001F04982A3F13002092A894698BF00212E
:1076600001F2448119F8013B01EB810102EB410178
:10767000A3F13002092AF5D9039115E599F80030F4
:1076800048F001080EE59DF86730002B7FF48FADC0
:1076900099F800308DF8676004E5CDF80880012B7B
:1076A00000F09D81022B50AC20D1119802F00F0305
:1076B0001209C35C04F8013D42EA0172090952EA69
:1076C0000103F3D150AB1B1BDDF808800593059A2D
:1076D00003989DF8671082424FF00003B8BF02463E
:1076E000CDE90C33079302920F9360E602F0070393
:1076F000D20842EA4172C908303352EA01052046F5
:1077000004F8013DF2D1029AD10700F14D8250AB4D
:107710001B1B90460593DAE70B9B652B40F3D48047
:10772000B5EE408BF1EE10FA40F0C181259BBA49CD
:10773000CAF80010013301320121072B269225934C
:10774000CAF8041000F351850AF1080A1B9B0E9930
:107750008B4280F2D082109B12991A44CAE900131E
:10776000259B26920133072B259300F397830AF17B
:10777000080A0E9B5C1E002C7FF7D0AD102C259BB9
:1077800040F36E851BEE106A102505E00AF1080A29
:10779000103C102C40F364850133A0491032072BB4
:1077A000CAE90015CDE92532F0DD24AA3146584654
:1077B000FDF77AFE00287ED1DDE925320DF19C0A25
:1077C000E6E7069B02995D1A002D7FF78EAD102D1E
:1077D000259B21DD099410261BEE104A04E0103D84
:1077E000102D0AF1080A16DD01338C491032072BDF
:1077F000CAE90016CDE92532F1DD24AA2146584612
:107800000DF19C0AFDF750FE002854D1103D102DBB
:10781000DDE92532E8DC099C8049CAF804500133CF
:107820002A44072BCDE92532CAF8001000F326853B
:10783000039B05995D1A002D0AF1080A7FF75BADDD
:10784000102D259B1FDD514610261BEE10AA04E0CB
:10785000103D102D01F1080114DD01336F48103285
:10786000072BC1E90006CDE92532F1DD24AA5146F6
:107870005846FDF719FEF0B9103D102DDDE925320F
:1078800027A9EADC8A4601336449CAF804502A442D
:10789000072BCDE92532CAF8001000F3DA810AF18E
:1078A000080A28E51BEE101A24AA5846FDF7FCFD2D
:1078B00000283FF447AD079B002B3FF4A2AC07998B
:1078C0005846FEF779FE9CE40E9B012B40F37A812B
:1078D000259BCAF80040013301320121072B269273
:1078E0002593CAF8041000F3F8810AF1080A1099E8
:1078F000129801330A44072BCAE90001CDE9253269
:1079000000F3DD810AF1080AB5EE408BF1EE10FAC2
:1079100000F077810E990133013901340A44072BB5
:10792000CAF800402593CAF80410269200F35B8140
:107930000AF1080A1499CAF8041001330A44072B03
:107940001EA9CDE92532CAF800107FF7E5AC1BEE81
:10795000101A24AA5846FDF7A7FD0028ABD1269A95
:107960000DF19C0ADAE4102DDDE925122C4E24DD00
:10797000179410231BEE104A084604E0103D102D0A
:107980000AF1080A17DD013010320728CAE900633E
:10799000CDE92502F2DD24AA214658460DF19C0AC4
:1079A000FDF782FD002886D1103D102DDDE925026E
:1079B0004FF01003E7DC179C014601312A440729E8
:1079C000CDE92512CAF80060CAF8045000F3BD835F
:1079D0009DF867100AF1080A5DE4CDF808800A2ACC
:1079E00071F1000380F0458330320123DDF8088017
:1079F0008DF83F2105930DF23F1468E61BEE101A37
:107A000024AA5846FDF750FD00287FF454AF269A6B
:107A10000DF19C0A52E400BF304800202073002082
:107A2000344800201BEE101A24AA5846FDF73CFDEE
:107A300000287FF440AF269A0DF19C0A51E4102CE7
:107A4000259BBE4E1FDD1BEE108A102504E0103C66
:107A5000102C0AF1080A16DD01331032072BCAE98F
:107A60000065CDE92532F2DD24AA414658460DF1E4
:107A70009C0AFDF719FD00287FF41DAF103C102C67
:107A8000DDE92532E8DC01332244072BCAE9006432
:107A9000CDE925327FF74BAC1BEE101A24AA5846CD
:107AA000FDF702FD00287FF406AF269A3FE41B99FC
:107AB000002940F35A830C9E0E9B9E42A8BF1E468F
:107AC000002E0BDD259B01333244072BCAE900460B
:107AD0002692259300F389860AF1080A0C9D002E50
:107AE000A8BFAD1B002D00F303820C9B18F4806F20
:107AF0002344059340F01F821B9B0E998B4203DBAE
:107B000018F0010F00F0CF84109912980A44CAE9C6
:107B100000012599269201310729259100F3A586B8
:107B20000AF1080A0E996518CC1A059BED1AA542B0
:107B3000A8BF2546002D0DDDCAF80030259BCAF8E8
:107B4000045001332A44072B2692259300F3BB8669
:107B50000AF1080A002DA8BF641B002C7FF7DEABDA
:107B6000102C259B40F37C831BEE106A102505E04A
:107B70000AF1080A103C102C40F37283013370495B
:107B80001032072BCAE90015CDE92532F0DD24AA11
:107B900031465846FDF788FC00287FF48CAEDDE9BD
:107BA00025320DF19C0AE5E7302B3FF48BAD3023F5
:107BB000023804F8013C50AB1B1ADDF8088005932D
:107BC000044684E518F0010F7FF482AE259BCAF8C5
:107BD0000040013301320121072B26922593CAF878
:107BE00004107FF7A5AE1BEE101A24AA5846FDF725
:107BF0005BFC00287FF45FAEDDE925320DF19C0AC5
:107C000098E60E994C1E002C7FF794AE102C40F392
:107C100061831BEE106A102505E00AF1080A103C8A
:107C2000102C40F35783013345491032072BCAE922
:107C30000015CDE92532F0DD24AA31465846FDF77E
:107C400033FC00287FF437AEDDE925320DF19C0AC4
:107C5000E5E71BEE101A24AA5846FDF725FC00287C
:107C60007FF429AE269A0DF19C0AFFF744BB029BD4
:107C700013F0100340F0C180029A12F0400200F0AD
:107C80007A83089850F8042B0890194692B2012381
:107C900051E418F0100355D118F0400200F05D8354
:107CA000089850F8042B0890194692B2A8E4524262
:107CB00061EB4101CDF808802D2001233CE41BEE4F
:107CC000101A24AA5846FDF7EFFB00287FF4F3AD05
:107CD000DDE925320DF19C0A16E61BEE101A24AAE6
:107CE0005846FDF7E1FB00287FF4E5ADDDE92532DC
:107CF0000DF19C0AFBE518F0010F3FF40FAB2AE5EC
:107D0000089399F80030FFF7CDB950ACDFE418F4D0
:107D1000007F40F0DB8353F8042B0893D1170B4608
:107D2000FFF7B6BB089B049853F8041B0893C217CF
:107D3000C1E900024C46FFF78BB900BF3448002070
:107D400020730020089B53F8042B089358E4B4EEEA
:107D5000488BF1EE10FA80F194860B9B612B00F0BA
:107D60005285412B00F0C085039B01330B9B23F010
:107D7000200500F08084472D04D1039B002B08BF11
:107D80000123039318EE903A002B48F48072464684
:107D9000C0F21886B0EE48AB0023904609930793D3
:107DA0000B9B413B252B00F29883DFE813F06F0417
:107DB00096039603960368046C0496039603960351
:107DC00096039603960396039603960396039603EB
:107DD00096039603960396039603960396039603DB
:107DE00096039603960396039603960396039603CB
:107DF00096039603960368046C04089B53F8042BBF
:107E000008930123FFF797BB139B002B3FF4CFA9E7
:107E1000139B1B78002B3FF4CAA999F8003048F453
:107E20008068FFF73FB90B93CDF80880FFF7F1BBEF
:107E30000B939A4B119318F0200100F00581089BD9
:107E4000073323F00703596853F8082B089318F0F9
:107E5000010F0AD052EA010307D00B9B8DF869305D
:107E6000302348F002088DF8683028F480630293CC
:107E70000223FFF760BB0B93FFF7B6BB0B93884B56
:107E80001193D8E7089B012153F8042B02918DF838
:107E9000DC200893059137ACFFF7AFBA1BEE101A40
:107EA00024AA5846FDF700FB00287FF404AD269A6B
:107EB0000DF19C0A5DE4039B0794062B224628BF24
:107EC000062303942146CDE90C22764C02930593B8
:107ED0000F92FFF76CBA40215846FCF72BFE20604A
:107EE0002061002800F00F8640236361FFF79EB8F1
:107EF000102D259B40F35D82514610261BEE10AAE3
:107F000004E00831103D102D40F3528201336648E1
:107F10001032072BC1E90006CDE92532F1DD24AA94
:107F200051465846FDF7C0FA00287FF4C4ACDDE99D
:107F3000253227A9E6E70E9BCDF82490E31803939A
:107F40000D9BCDF82880139E059DDDF85890DDF837
:107F50003C800B941BEE101A5046002B34D0B8F125
:107F6000000F35D10D9B013B013E0D93159BC0E9E0
:107F70000039259B01334A44072B269225936CDC5C
:107F80000830039B96F800C05B1B6345A8BF63469F
:107F9000002B9A460CDD259C01341A44072CC0E9BD
:107FA00000532692259400F3778196F800C008309C
:107FB000BAF1000FACBFACEB0A046446002C0ADC3B
:107FC00065440D9B002BCAD1B8F1000F00F0AC83C3
:107FD00008F1FF38CAE7102CDDF894C024DD0595C0
:107FE0004FF0100A63460D4604E0103C102C00F1DF
:107FF000080016DD01332C491032072BC0E9001AA6
:10800000CDE92532F1DD24AA29465846FDF74CFA80
:1080100000287FF450AC103C102CDDE9253227A855
:10802000E8DC2946059D9C460CF10103224444608E
:10803000072B1D4C0460CDE9253200F3C68396F86A
:1080400000C008306544BCE718F0100300F0C2809F
:10805000089B53F8042B0893F9E624AA5846059187
:10806000FDF722FA00287FF426AC269A059927A866
:1080700087E70298CDF81CA050AC00F48060002582
:108080000AEE10BA094BDDF84CA0CDF81490A346C7
:108090004FF00508AC46044610E000BF0048002041
:1080A000144800202848002020730020CDCCCCCCE0
:1080B0000A2A71F1000136D34A463146501840F180
:1080C0000000A3FB005626F0030505EB9605401BB8
:1080D000151A4FF0CC3661F1000E06FB05F6A5FB34
:1080E000039503FB0E6609F0010E2E44AEFB085EFD
:1080F0002D184FEA590930350BF8015C49EAC67969
:108100000CF1010C0BF1FF3B7608002CD0D09AF853
:1081100000008445CCD1BCF1FF0FC9D00A2A71F10F
:10812000000180F08F815C4650AB1B1BDDF8149082
:10813000CDF84CA01AEE10BADDF81CA0DDF80880CE
:10814000CDF838C00593FFF7C2BA1BEE101A24AA67
:108150005846FDF7A9F900287FF4ADAB9DF86710EC
:10816000269A0DF19C0AFFF796B8259BBE48CAF8DF
:108170000000013301320120072B26922593CAF813
:10818000040000F377810AF1080A002940F0AF806B
:108190000E9908F001030B433FF4C0A8109B1299FD
:1081A0001A44CAE90013259B26920133072B259315
:1081B00000F352820AF1080A0E99CAF8004001330E
:1081C0000A44072BCDE92532CAF804107FF7A4A88A
:1081D000FFF7BDBB18F0400200F0DD80089850F8B2
:1081E000042B0890194692B231E61BEE101A24AA0D
:1081F0005846FDF759F900287FF45DAB269A0DF13A
:108200009C0AFFF7A3BA22AE0822002130461D9433
:10821000FDF73CFE039B5A1C00F0DB800025CDF8E7
:108220000890CDF81C809946A8460CE037A958461E
:10823000FEF7A8FE431C404400F0C883484508DC14
:1082400000F0188480461D9A525933460435002A9E
:10825000ECD1CDF81480DDF80890DDF81C80C5E085
:1082600001338249CAF804402244072BCAF800109F
:10827000CDE925327FF750A8FFF769BB1BEE101A36
:1082800024AA5846FDF710F900287FF414AB269A6B
:108290000DF19C0AFFF729B824AA58460591FDF76D
:1082A00003F900287FF407AB96F800C0269A0599D9
:1082B00027A87DE6012BCDF808807FF4F3A9FFF70E
:1082C00093BB089B049953F8042B4C461160089308
:1082D000FEF7BEBE01336549CAF804402244072BAD
:1082E000CDE92532CAF800107FF722AB7BE4109B62
:1082F00012981A44CAE90003259B26920133072BE2
:10830000259300F3A9810AF1080A0029BFF654AFAA
:108310004D42103180F20F831BEE101A102605E03B
:108320000AF1080A103D102D40F3058301334F4830
:108330001032072BCAE90006CDE92532F0DD24AA68
:1083400058460391FDF7B0F800287FF4B4AADDE9A0
:10835000253203990DF19C0AE4E7089B18F400719B
:108360001ABF114653F8042B53F8042B089318BF77
:10837000D2B2FFF745B9029B13F40071089B1ABFF4
:10838000114653F8042B53F8042B089318BFD2B2AC
:108390000123FFF7D0B8089B18F400711ABF1146EB
:1083A00053F8042B53F8042B089318BFD2B24EE5B0
:1083B0008A4601332D49CAF804502A44072BCDE9D7
:1083C0002532CAF8001000F339810AF1080AFFF7D4
:1083D0008CBB0023194600961DAA5846FEF7F8FDEF
:1083E00003460133059000F0F1821D94059B002B9C
:1083F0004ED0632B00F318810023079337AC08227B
:1084000000213046FDF742FD059D00962B461DAA32
:1084100021465846FEF7DCFD854240F07C83059AF4
:108420000023A35422EAE272CDE90C339DF86710D1
:10843000039302920F93FEF7BABF2D218DF86710B8
:10844000FEF7A4BF169B1599ABEB030B1A465846D3
:10845000FDF71AFE9AF80120054B0AB10AF1010A4C
:108460004FF0000C28E600BF3048002020730020A9
:10847000CDCCCCCC1BEE101A24AA5846FDF714F82C
:1084800000287FF418AA1B99269A0DF19C0A7CE615
:10849000059B9DF867100F93CDE90233CDE90C33AE
:1084A0000793FEF784BF0E99059865182D1ACC1A0C
:1084B000A542A8BF2546FFF74DBB089B049953F87A
:1084C000042B089311804C46FEF7C2BD13F9042B10
:1084D0000893D1170B46FEF7DBBF039A022122ABAC
:1084E00001931DAB009358461BABB0EE4A0B0292B2
:1084F00000F0C8FD472D029A044600F06181462D28
:10850000104405D12378302B00F06F821B9A104461
:10851000B5EE40ABF1EE10FA40F0468103461B1B6E
:108520000E93472D00F01081462D00F0B5811B9B66
:108530000C930C9B412D03F1FF331B9300F0E5815D
:108540009DF82C200021002BB8BF0C9B8DF87820C3
:10855000BABFC3F101032D222B22092B8DF87920FC
:1085600040F3DA810DF18F05DFF81CC42A4610466E
:108570008CFB0321DA17C2EBA10202EB8201A3EB11
:108580004101303100F8011C19466329134600F1FE
:10859000FF32ECDC3033D9B2831E9D4202F8011C5D
:1085A00040F28B8213460DF17A0201E013F8011BB1
:1085B00002F8011B9D42F9D10DF191030DF17A02F0
:1085C0001B1A13441EAA9B1A14930E9B149A012B78
:1085D0001A44059240F30382059B109A13440593B5
:1085E00026F48063059A43F480780023CDE90C33A8
:1085F00022EAE2720F930292099B002B40F0B180B5
:108600009DF867100393FEF7D2BE2046FDF7D2FE19
:1086100002460590FEF720BF1BEE101A24AA58460A
:10862000FCF742FFFEF7EDBD591C5846FCF782FAF5
:108630000446002800F0CA810790E0E61BEE101AFD
:1086400024AA5846FCF730FF00287FF434A9269A64
:108650000DF19C0AFFF749BA1BEE101A24AA5846DE
:10866000FCF722FF00287FF426A9DDE925321B99BB
:108670000DF19C0A49E606230393FFF783BB039B96
:1086800002215A1C2BE7039A032128E71BA8B0EE0E
:108690004A0B00F007FCB4EE007B20EE070BB5EEB2
:1086A000400BF1EE10FA01D101231B93B348039B59
:1086B000B3EE005B013B224604E0B5EE400BF1EE69
:1086C00010FA13D020EE050BFDEEC07BB3F1FF3F97
:1086D00017EE901A415CB8EEE76B944630EE460B0D
:1086E00002F8011B194603F1FF33E6D1B6EE006B29
:1086F000B4EEC60BF1EE10FA00F34881B4EE460B6F
:10870000F1EE10FA04D117EE903ADB0700F13E814A
:10871000002906DB4B1C1344302102F8011B934255
:10872000FBD1131B0E93FCE60B9C0E9BDDF82490F3
:10873000DDF828801396E3189D42294628BF194684
:1087400082460591FFF7D8B91B9B0C93DA1C02DB1C
:10875000039A93420CDD0B9B023B0B9323F0200505
:10876000E7E62D2100238DF867100393FEF722BE64
:108770000C9B0E9A9342C0F2BD80F0070C9B40F117
:108780003281109A13440593710503D50C9B002B7D
:1087900000F33581059B23EAE373029367230B9370
:1087A00000230F930D9327E7229B8342BFF4B7AEBC
:1087B00030215A1C22921970229B9842F9D8AEE6B9
:1087C000F30700F1A780229BA9E624AA5846059149
:1087D000FCF76AFE00287FF46EA896F800C0269A7F
:1087E000059927A86544FFF7ECBB1BEE101A24AAD5
:1087F0005846FCF759FE00287FF45DA8269A0DF133
:108800009C0AFFF76BB978238DF8693030238DF817
:108810006830039B632B48F0020600F3A680002318
:10882000079337AC18EE903A002B48F481782BDB95
:10883000B0EE48AB0B9B23F02005002309930B9B64
:10884000612B7FF4ADAAB0EE4A0B1BA800F02AFB07
:10885000B4EE007B20EE070BB5EE400BF1EE10FA04
:1088600001D101231B93464821E71BEE101A24AACD
:108870005846FCF719FE00287FF41DA81B9B269A7A
:108880000DF19C0AFFF74EB90B9B23F020052D2319
:108890000993B1EE48ABD2E71B9A0C92002A06F07E
:1088A000010340F30D8103990B4340F0CF800C9BF3
:1088B000059366230B93720500F1A380059B23EAC1
:1088C000E37302936CE71BEE101A24AA5846FCF7D8
:1088D000EBFD00287EF4EFAF1B9C0E9B269A1C1B21
:1088E0000DF19C0AFFF736B958238DE70022039259
:1088F000FEF7DABB0E9B109A9A180C9B0592002B80
:1089000040F3AB8067230B93D5E70B9A0F32D2B2BB
:10891000012118E6A018FBE5002940F0A8803022CC
:108920008DF87A200DF17B02303302F8013B1EAB4B
:10893000D31A149349E601331249CAF804502A4461
:10894000072BCDE92532CAF800107FF733AC1BEEB8
:10895000101A24AA5846FCF7A7FD00287EF4ABAFF6
:10896000DDE925320DF19C0A26E4591C5846FCF736
:10897000E1F8044650B3079054E700BF14480020C4
:10898000004800202073002067666666CDF888C026
:1089900012F8011C90F80FC0614513460AD14FF040
:1089A000300E03F801EC229B591E229113F8011C92
:1089B0008C45F6D0392916BF0131817AC9B203F846
:1089C000011CAEE600239046079360E71BEE102AD9
:1089D000B2F90C3043F040039381FEF716BCF50763
:1089E0007FF5FEADF8E50593CEE6B5EE40ABF1EED2
:1089F00010FA3FF48BADC2F101021B9287E56723A9
:108A00000B9313990B78FF2B79D000250C9A2846ED
:108A100003E001300131FF2B08D0934206DAD21A6D
:108A20004B78002BF5D10B780135F4E70C921391BC
:108A30000D900F950F9A0D9B16991344059A01FB03
:108A40000323059323EAE3730293D5E5109BD31820
:108A50001944662305910B932DE7C3F101031A44D2
:108A600022EAE2730293672305920B9398E60DF1D5
:108A70007A0259E7039BDDF80890DDF81C80059326
:108A8000B4E418EE903A002BB4BF2D219DF8671086
:108A9000254C264BB8BF8DF8671028F08008FEF7EC
:108AA00079BC039B0293059373239DF86710039091
:108AB0000F900D900B93FEF77ABC0223149384E57C
:108AC000039A134305D10123662202930B92059367
:108AD00066E6109B01331A4422EAE273029366238E
:108AE00005920B935CE6089A99F80130894652F892
:108AF000041B089241EAE1710391FEF7D3BA002307
:108B00000F930D9396E70C23CBF800304FF0FF3313
:108B10000493FEF781BB1BEE102A938943F04003B8
:108B20009381FEF7C8BE00BFF8470020FC47002035
:108B300070B500294BD006460C4610B1436B002B94
:108B400048D0636ED80734D5B4F90C30002B3ED032
:108B50002146304600F050F8E36A054633B1E1693A
:108B6000304698470028B8BF4FF0FF35A3891A0652
:108B70003CD4216B41B104F14003994202D030460C
:108B8000FDF71AFD00232363616C21B13046FDF728
:108B900013FD00236364FCF7BBFD636E0022DB075B
:108BA000A2811FD5A06DFDF73DFBFCF7B7FD284660
:108BB00070BDA3899905CBD4A06DFDF735FBB4F941
:108BC0000C30002BC4D1656E15F0010505D00025D1
:108BD000284670BDFCF77EFDB3E7A06DFDF726FBD0
:108BE000284670BDA06DFDF721FBDBE7216930460B
:108BF000FDF7E2FCBDE700BFB1F90C202DE9F04123
:108C00000C461107804647D4636842F40062002B8B
:108C1000A2815EDDA56A002D58D00023D8F800603F
:108C2000C8F8003093B212F4805256D10123E169A2
:108C30004046A847431C67D0A389A56A5F0705D5AE
:108C40006368C01A236B0BB1E36BC01AE16902467B
:108C500000234046A847411C41D1D8F80030002BE2
:108C60003DD01D2B01D0162B56D1A389226922603D
:108C700023F4006300216160A381216BC8F80060C8
:108C800021B304F14003994202D04046FDF794FC21
:108C900000202063BDE8F0812669BEB193B225684B
:108CA00026609A070CBF63690023AD1BA3600BE02D
:108CB0002B463246E169676A4046B847B0F1000C7E
:108CC000A5EB0C05664417DD002DF1DC0020BDE8A6
:108CD000F081E36B002B9DDCF8E7206DAEE7B4F983
:108CE0000C302269226023F40063A3810022DB049C
:108CF0006260C2D52065C0E7A38943F040034FF00E
:108D0000FF30A381BDE8F081D8F80030002B93D06C
:108D10001D2B06D0162B04D0A38943F04003A3815A
:108D2000D5E7C8F80060D1E738B50C46054608B16C
:108D3000436B03B3B4F90C0088B1636EDB0701D455
:108D400081050FD528462146FFF756FF636EDA07E7
:108D5000054602D4A3899B0508D5284638BD05469B
:108D6000284638BDA06DFDF75FFAEBE7A06DFDF773
:108D70005DFA284638BDFCF7ADFCDBE72DE9F04194
:108D80008B890C46990796B008D504F1430301225C
:108D9000C4E90432236016B0BDE8F081B4F90E10C6
:108DA0000029064625DB6A4600F054F800281FDB40
:108DB000019D05F47045A5F50055B5FA85F54FF40C
:108DC00080686D094FF4006741463046FBF7B2FEFC
:108DD000E0B1B4F90C30C4F8148043F08003206093
:108DE0002061A38135BB3B43A38116B0BDE8F08170
:108DF000A38913F0800519D04FF0400800254146A3
:108E000030462F46FBF796FE0028E2D1B4F90C302D
:108E10009A05C0D423F0030304F1430243F0020394
:108E20000121C4E90421A3812260B4E74FF48068E2
:108E30002F46C9E7B4F90E10304600F021F810B9FA
:108E4000B4F90C30CFE7A38923F0030343F0010307
:108E50001BB2C8E770B50C46084D034600262046F5
:108E600011461C462E60F8F7DFFB431C00D070BD96
:108E70002B68002BFBD0236070BD00BFB04A0220DE
:108E800038B5074D0022044608462A60F8F7D2FBA1
:108E9000431C00D038BD2B68002BFBD0236038BDAD
:108EA000B04A022030B482B08DED000B019A194C0B
:108EB00022F000430021A342016021DC009C1C43FE
:108EC0001ED0154C144054B99FED107B20EE077B4B
:108ED0008DED007B019A6FF0350122F0004322F006
:108EE000FF42DDE9004522F4E00242F07F551B1508
:108EF00045F40015A3F2FE33CDE900450B440360B1
:108F00009DED000B02B030BC704700BF00000000B8
:108F100000005043FFFFEF7F0000F07F00B50B4CD7
:108F200025681446EE681A4685B003460D464CB1D6
:108F300007490095CDE901143046064900F0AEFF1F
:108F4000F8F780FB04490C46F3E700BF9487002044
:108F50007045002080450020FC3F00202DE9F04FA7
:108F600003690C69A34283B0C0F28780013C01F120
:108F70001405A30000F11408009355F8243058F8A4
:108F80002420013381469A4208EB840005EB8407D4
:108F90000190B2FBF3F63BD34FF0000CAE464046D7
:108FA000E24663465EF804BB02681FFA8BFC06FBD0
:108FB0000C334FEA134C4FEA1B4B06FB0BCC9BB216
:108FC000AAEB03031FFA8CFA13FA82F3CAEB1242DC
:108FD00002EB23429BB243EA0243774540F8043B4D
:108FE0004FEA224A4FEA1C43DCD2009B58F8033078
:108FF00073B9019B043B984504D307E0984504F1FD
:10900000FF3403D253F80429002AF7D0C9F81040DE
:109010004846FDF773FE00282BDB0136414600234E
:1090200055F8040BD1F800C082B29A1A030C12FA58
:109030008CF2C3EB1C4303EB224392B242EA03429D
:10904000AF4241F8042B4FEA2343E9D258F82420D9
:1090500008EB84036AB9043B984504D307E09845BC
:1090600004F1FF3403D253F80429002AF7D0C9F8D9
:109070001040304603B0BDE8F08F002003B0BDE8DB
:10908000F08F00BF2DE9F04F2DED028B8FB08DEDED
:10909000020B0191816B1A9D059357EC106B0446EE
:1090A000934641B1C26B4A60012393408B60FDF748
:1090B000C5FB0023A363B7F10008B4BF012300235D
:1090C0002B60BE4BBCBF28F00048CDF80C8033EAC3
:1090D000080300F09F809DED028BB5EE408BF1EE12
:1090E00010FA11D1059A012313601B9B002B00F08D
:1090F0003F82B34B1B9A1360013B009300980FB063
:10910000BDEC028BBDE8F08F0CAA0DA92046B0EE95
:10911000480BFDF7BFFE5FEA1853054640F092800A
:10912000DDE90C130B4403F23242202A40F3FA82A9
:10913000C2F1400208FA02F803F21242D64048EAAD
:10914000060207EE102AB8EE477B581E17EE906A0B
:1091500053EC172B4FF0010AA6F1F8739FED913BEA
:109160009FED927B9FED935B06EE900A43EC122BF2
:10917000B8EEE64BB7EE086B32EE466BA6EE037B1D
:10918000A4EE057BFDEEC76BB5EEC07BF1EE10FAE9
:1091900016EE907A08D5B8EEE66BB4EE476BF1EEBA
:1091A00010FA18BF07F1FF37162F00F24581854BE3
:1091B00003EBC70393ED007BB4EEC78BF1EE10FA1F
:1091C00057D5091A0023B1F1010807F1FF370A93B7
:1091D00000F1398100230693002F52DA069B049791
:1091E000DB1B06937B420893019B092B4FF0000782
:1091F0004ED8052B40F39D82043B01930026019B32
:109200009A1E032A00F22581DFE812F0AA03A703C1
:109210009D037E03059AC8F3130842F20F7358EAC0
:10922000060813601ED11B9B002B00F09185664B36
:10923000009308331B9A009813600FB0BDEC028BAB
:10924000BDE8F08F18EE906AC6F31306A3F2FF3064
:1092500053EC182B46F07F530C994FF0000A43F45F
:1092600040137BE71B9B002B40F03B83574B009345
:1092700044E7091A0023B1F101080A9300F1E380E1
:10928000069300230893019B0497092BB844B0D997
:1092900000230126019307964FF0FF399B460021DA
:1092A000E163CDF82C902046FDF7A2FA009000284B
:1092B00000F04085009BA363B9F10E0F00F2DC8043
:1092C000002E00F0D980049B002B40F3DE833D4A42
:1092D00003F00F0102EBC10292ED007B1A11DB05D6
:1092E00040F182833A4991ED086B02F00F020320AE
:1092F00088EE065B5AB13649D60704D591ED006B6E
:10930000013027EE067B521001F10801F4D185EE01
:10931000076B0A9B3BB1B7EE007BB4EEC76BF1EE77
:1093200010FA00F1AE8407EE900AB8EEE75BB1EEFA
:109330000C7BA5EE067B17EE902A51EC170BA2F1E1
:109340005071B9F1000F00F08883049E4A46079BD4
:10935000002B00F04784B6EE003B1A4BFDEEC64BE7
:1093600003EBC20CB8EEE47B36EE477B1CED026BE0
:1093700083EE065B41EC160B14EE900A35EE465B6D
:109380000099B4EEC75B3030F1EE10FA01F8010B32
:1093900000F3AC84B7EE002BB2EE044B4FF0000CA0
:1093A00031E000BF61436F63A787D23FB3C8608BD2
:1093B000288AC63FFB799F501344D33F0000F07FBB
:1093C00031480020600C0020844700209047002096
:1093D000380C00200CF1010C94454DDA27EE047B8B
:1093E00025EE045BFDEEC76B16EE903AB8EEE63B59
:1093F000303337EE437BB4EEC57BF1EE10FA01F863
:10940000013B00F1738432EE476BB4EEC56BF1EEB5
:1094100010FADFD5009A049602E08A4200F05084E8
:10942000894611F8013D392BF7D00133DBB20B70BF
:10943000049B0133049355E1091A0123B1F101089A
:109440000A937FF5C7AEC1F1010306934FF0000800
:10945000C2E60026E66331462046FDF7C9F90090D2
:10946000002800F06784009BA3634FF0FF330B9349
:1094700099460123B34607930D9A002A55DB0499B8
:109480000E2952DCB74BBBF1000F03EBC10393ED88
:10949000006B15DAB9F1000F12DC40F0F282B1EE88
:1094A000047B26EE077BB4EEC78BF1EE10FACA46BA
:1094B0004E4600F26D82DDF800806FEA0B0B70E221
:1094C00088EE067BBDEEC77B009917EE103AB9F126
:1094D000010F03F13003B8EEC75B01F8013BA5EEC5
:1094E000468B00F03483B2EE044B012311E088EE8A
:1094F000067BBDEEC77B013317EE102A4B4502F108
:109500003002B8EEC75B01F8012BA5EE468B00F0E8
:109510001E8328EE048BB5EE408BF1EE10FAE6D1F7
:10952000049B013304938946DCE0079B43B3019B12
:10953000012B40F37682089B09F1FF3A534580F2F4
:109540003F82089BCDF820A0AAEB030217444FF0FE
:10955000000AB9F1000FC0F22583069B09934B4422
:10956000C844069301212046FDF714FA06460CE094
:109570007D4B009300980FB0BDEC028BBDE8F08FDF
:10958000069BDDF820A0079E0993099B6BB1B8F1FB
:10959000000F0ADD434506991A46A8BF4246891ABC
:1095A0009B1A06910993A8EB0208089B63B1079BDD
:1095B000002B00F0A782BAF1000F00F30482089B91
:1095C000B3EB0A0240F0FF8201212046FDF7E2F9E9
:1095D000002F824600F3AF80019B012B40F387816F
:1095E000002308930120002F40F0B180404410F088
:1095F0001F0000F07A81C0F12002042A00F3888065
:1096000040F0F681069B002B05DD29461A462046D0
:10961000FDF7FCFA0546B8F1000F05DD514642465C
:109620002046FDF7F3FA82460A9B002B40F03F816B
:10963000B9F1000F40F32581079B002B40F0A38078
:10964000049B01330493DDF80080012707E02946DD
:1096500000230A222046FDF7FBF801370546514654
:109660002846FFF77BFCB94500F1300008F8010BF4
:10967000EDDCB9F1000F009ACCBFCB464FF0010BE7
:109680000346934400272946012220460193FDF713
:10969000BDFA51460546FDF731FB002840F3AF8186
:1096A0001BF8013C009A0BF1FF3B04E05A4500F027
:1096B000B1811BF8013D392B0BF10109F6D00133C3
:1096C0008BF8003051462046FDF7B8F856B12FB15F
:1096D000B74203D039462046FDF7B0F83146204660
:1096E000FDF7ACF829462046FDF7A8F8002389F8D5
:1096F0000030DDE904231A601B9B002B3FF4FEAC15
:109700000098C3F800900FB0BDEC028BBDE8F08F5D
:10971000C0F11C00069B03440693099B0344099374
:1097200080446FE7C2F1200206FA02F207EE102A27
:1097300009E5012663E501463A462046FDF706FAAB
:10974000019B012B824640F3C58100230893DAF880
:1097500010200AEB82021069FDF7CCF8C0F120005E
:1097600044E700BF600C0020304800203146002351
:109770000A222046FDF76CF80B9B002B064640F3AF
:10978000CE8204979946099B002B05DD31461A4687
:109790002046FDF73BFA0646089B002B40F0EB8184
:1097A000B046029B009F03F001027B1E4B440893CE
:1097B000019B0A921343099351462846FFF7CEFBBB
:1097C000314683462846FDF799FA4246514681467E
:1097D0002046FDF7B5FAC26801460BF13003002AB6
:1097E00042D1CDE906032846FDF788FA0699029092
:1097F0002046FDF723F8029A079B1AB90999002918
:1098000000F07E82B9F1000FC0F28381019949EA2C
:1098100001090A9951EA090900F07B81002A00F345
:10982000C681089A3B7007F101099742CB4600F0C8
:10983000C481294600230A222046FDF709F846453F
:10984000054631464FF000034FF00A02204612D081
:10985000FCF7FEFF4146064600230A222046FCF79D
:10986000F7FF4F468046A7E720460293FCF7E6FF46
:10987000029B0122C6E7FCF7EBFF4F4606468046F7
:109880009AE7019B022B71DC079B002B7FF47BAFD7
:10989000049B5146013328460493FFF75FFBDDF834
:1098A00000B000F130030BF8013B0027EBE6514616
:1098B0002846FDF723FA0028BFF6BAAE2946002352
:1098C0000A222046FCF7C4FF049B5F1E079B054647
:1098D000002B7FF44BAF0B9B002B40F31882994673
:1098E000B1E6BC4B00930333A4E41C2012E7DDE98E
:1098F000020100287FF474AEC1F31302002A00F0C5
:10990000F480029B08936DE601230793049B5B445C
:1099100003F10109B9F1010FCC460B93B8BF4FF029
:10992000010C0021BCF1170FE1637FF7BCAC0120F3
:109930000422520002F114036345014600F10100C4
:10994000F7D9E163AFE401230793BBF1000F52DDC8
:10995000CDF82CB0D946DC46E3E700230793D5E7E2
:1099600000230793F1E7DDF82C900497B9F1000F7D
:109970007FF4A1AD51464B4605222046FCF768FF17
:10998000014682462846FDF7B9F900287FF793ADD6
:10999000049B03F1010B009B3122984603F8012B35
:1099A000009351462046FCF749FF0BF10103DDF817
:1099B00000900493CDF80080002E7FF48FAE91E6E6
:1099C000A3EB0A0AC5E5314652462046FDF7BEF82C
:1099D0002A46014606462046FDF70AF8294605466E
:1099E0002046FCF72BFFEAE50220B0EE485B81E45D
:1099F000C0F13C008EE64FF0010BD9464FE403D195
:109A0000019BDB073FF54CAED9461BF8013D302BDF
:109A1000FAD057E6049B009A013304933123137064
:109A200050E6BAF1000F00F0238102F23342069BA8
:109A300009931344DDF820A00693904492E507EEC5
:109A4000900AB1EE0C5BB8EEE77BA6EE075B15EE75
:109A5000902A51EC150BA2F1507141EC150BB1EEAF
:109A6000047B36EE477BB4EEC57BF1EE10FA00F3D3
:109A70003781B1EE455BB4EEC57BF1EE10FA7FF5B0
:109A8000FBAC4FF0000A564615E500F0F580049B4C
:109A900051495A4202F00F0001EBC00191ED006BF9
:109AA000121128EE066B00F04281B0EE467B4B4966
:109AB00000260220D30705D591ED005B0130012679
:109AC00027EE057B521001F10801F3D1002E06FEAE
:109AD000076B1EE4029B002B7FF437AEDDE9020129
:109AE000C1F31302002A40F037813D4A0A40002AA0
:109AF00000F0FA80069B01330693012308F1010868
:109B000008936FE52946089A2046FDF71FF8054699
:109B10005AE5002A12DD2946012220460193FDF76D
:109B200075F851460546FDF7E9F80028019B40F31A
:109B3000E180392B00F0CA800BF13103B94609F8F6
:109B4000013B049B0133374604934646BAE538EEA1
:109B5000088BB4EEC68BF1EE10FA0ADCB4EE468B3D
:109B6000F1EE10FA7FF4DCAC17EE103AD8077FF56F
:109B7000D7AC009A54E471682046FCF739FE0746DA
:109B8000002800F0DE80336902339A0006F10C01F0
:109B90000C30F7F753F9394601222046FDF736F825
:109BA0008046FEE5069BA3EB09030993DAE4392B13
:109BB00000F08C80B9460133C1E7049A0132374680
:109BC000049246465FE529462046FCF7BFFF05465E
:109BD000FAE400BF90470020600C0020380C002001
:109BE0000000F07F5E4BFDEEC65B03EBC20C1CED8C
:109BF000023BB8EEE57B36EE477B41EC160B15EEEB
:109C0000901A23EE063B00983031012A00F8011B20
:109C100000F08380B2EE044B009B991827EE047B82
:109C2000FDEEC76B16EE903A303300F8013B8142EF
:109C3000B8EEE65B37EE457BF0D1B6EE006B33EE67
:109C4000065BB4EEC75BF1EE10FA3FF5E3AB36EE20
:109C5000436BB4EEC76BF1EE10FA7FF70DAC89469B
:109C6000013919F8013C302BF9D0731C049339E504
:109C70000C9AC2F13602DAE60220B0EE486BFFF72A
:109C800048BBB9F1000F3FF4DAAE0B9A002A7FF718
:109C9000F3ABB2EE044B26EE046B013007EE900AF4
:109CA000049BB8EEE75BB1EE0C7BA6EE057B17EEEE
:109CB00090CA51EC170B5E1EACF15071FFF747BB19
:109CC000049B013304933123FFF7B1BB049BBB46D4
:109CD00001330493392337460BF8013B4646E1E450
:109CE0004FF0000A564653E608927BE4731C049337
:109CF0008946F7E47FF422AFDA077FF51FAF18E754
:109D0000392BE3D0B9F1000F3FF716AF16E7019BEF
:109D1000022B3FF728AE0497BAE501468DE7019B79
:109D2000022B3FF720AEDDF82C9004972BE50220A4
:109D3000FFF7EFBA0B4B0C48002240F2AF11FFF7D0
:109D4000EDF8084B08483A4640F2EF21FFF7E6F8F5
:109D5000064B0093FFF7D2B9029B0893F7E400BFCC
:109D6000600C00201046002094470020844700200B
:109D70002DE9F04F8BB0DDE9158A149F03918146E0
:109D800005921E46B8F1000F5CD0039B002B5ED0FD
:109D9000059B1D68002F6AD0741E4EB3039B04936D
:109DA000043D002601950BE0039B2BBB019B1A6829
:109DB000002A3AD0BC455CD2013C631C664617D0F1
:109DC000D8F800300293019BDAF8E05053F8042FE2
:109DD000019307A943464846D8F804B0A847421C57
:109DE0003AD000EB060CBC45DED9029BC8E9003B2B
:109DF00030460BB0BDE8F08F00280EDD049B019DBE
:109E000018445A1E07A900F1FF3E11F8013B02F861
:109E1000013F7245F9D101950490059B1A680432FF
:109E20001A60019B1A68002AC4D1039B0BB1059BE1
:109E30001A600CF1FF3600223046C8F800200BB043
:109E4000BDE8F08F039B00F58678002BA0D1059B21
:109E50004FF0FF371D689FE706468A2100223046F3
:109E6000C9F80010C8F800200BB0BDE8F08F3E46DE
:109E7000BEE76646BCE700BF10B584B0054C069847
:109E8000009007980190044800680294FFF770FF63
:109E900004B010BD0C820020948700200EB410B5D1
:109EA00083B005AB064C53F8042B019301462068A0
:109EB00000F044F803B0BDE8104003B0704700BFA5
:109EC000948700202DE9F84F4B6E9C0490462DD5C9
:109ED0009368126843B38B46064602F1080959E9B4
:109EE000025A5FEA9A0715D0043D002401E0A74218
:109EF0000ED055F8041F5A46304601F07BF8431C3B
:109F000004F10104F3D10023C8E90133BDE8F88F5F
:109F1000D8F808302AF0030AA3EB0A03C8F808307F
:109F200009F10809002BDAD10020ECE7FBF7FCFB74
:109F30000023C8E90133BDE8F88F00BF2DE9F04FD9
:109F40002DED028BC5B00DF1500A834608EE101AB4
:109F500016460021082250461C460793FBF796FF41
:109F6000BBF1000F04D0DBF83430002B00F0A086EA
:109F700018EE102A536EDB0740F11385B2F90C106E
:109F80008AB295040BD418EE103A41F4005199812D
:109F90005B6E8AB218EE101A23F400534B6610075A
:109FA00040F1058118EE103A1B69002B00F0FF808C
:109FB00002F01A030A2B00F00A810023CDE91933BD
:109FC000CDE90D331BAA0C93189291460B93059380
:109FD000B0464446A84BD3F8E450FCF787F8224635
:109FE000034612A9CDF800A05846A847002800F063
:109FF0004581C0F23981129A252A034601D01C44BA
:10A00000E8E7B4EB0806054640F03C8100236178A0
:10A010008DF8433004F1010806934FF0FF371E46D8
:10A020002B2408F10108A1F120035A2B00F27881BA
:10A03000DFE813F0B50276017601B0027601760111
:10A0400076016A00760176017D028D027601880232
:10A050009702760192025B005B005B005B005B0095
:10A060005B005B005B005B007601760176017601A8
:10A07000760176017601760176015C028400760134
:10A080007601760176017601760176017601760118
:10A090007601E80076017601760133027601DA0274
:10A0A000760176018B0576017601760176017601DF
:10A0B000760176017601760176015C0286007601F2
:10A0C00076017601CD0286007F007601C00276011E
:10A0D000FD02EA00ED027F00760133027C00690593
:10A0E000760176016B0576017C00A1F13003002238
:10A0F00018F8011B02EB820203EB4202A1F13003CC
:10A10000092BF5D906928EE75846FBF7F5FF436811
:10A110000D931846FCF74EF90E9005465846FBF78E
:10A12000EBFF83680B93002D40F0D68498F8001065
:10A1300077E798F8001046F0200672E746F0100620
:10A14000B40640F18E81079B073323F007031A46BC
:10A15000596852F8083B07920A460029C0F27084F9
:10A16000791C00F0A28526F08001039153EA0201D8
:10A1700000F03F840A2B72F1000180F041853033FA
:10A180008DF80F31039E012304930DF20F14049BED
:10A19000BB42B8BF3B460393002308939DF843306E
:10A1A000002B00F0CB80039B01330393C6E018EE35
:10A1B000101A584618EE105AFBF756FD002840F0CA
:10A1C0005286AA8902F01A030A2B7FF4F6AE18EE23
:10A1D000101AB1F90E30002BFFF6EFAE4B6EDB0715
:10A1E00002D4970540F1128618EE101A2346324623
:10A1F000584600F069FE0590059845B0BDEC028B0D
:10A20000BDE8F08F46F0100616F0200200F036810F
:10A21000079B073323F0070319465A6851F8083B98
:10A22000079126F480610391002100208DF84300FE
:10A23000781C00F01082039820F0800653EA020098
:10A2400040F00882002F40F03885002940F0D58387
:10A25000039B13F00103049300F0118430238DF865
:10A260000F310DF20F1492E7082200215046FBF740
:10A270000DFE01231C44ADE60C820020B4EB080661
:10A2800005461BD0199B1A9A01333244072BC9E9A2
:10A2900000861A9219931CDD002A00F0A68318EE9E
:10A2A000101A18AA5846FFF70DFE20BB0DF16C09D5
:10A2B000059B33440593002D7FF4A8AE1A9B002B19
:10A2C00040F0C18518EE103A0022B3F90C30199213
:10A2D00015E009F10809EBE718EE101A18AA58461C
:10A2E000FFF7F0FD002800F0A680089B1BB108993D
:10A2F0005846FCF761F918EE103AB3F90C3018EE35
:10A30000102A526E12F0010F9AB200F0A08050068F
:10A3100000F1B285059845B0BDEC028BBDE8F08F29
:10A320000029CBD000238DF843300123CDE903333E
:10A330008DF8AC102BAC002308931F4616F00203D7
:10A34000099302D0039B0233039316F084030A930C
:10A3500005D1069B039A9D1A002D00F37B82DDE94F
:10A360001903411C9DF8432082B101220133C9F831
:10A37000042007290DF14302CDE91913C9F8002083
:10A3800000F34A82084609F108090131099AE2B14D
:10A3900011AA0233C9F8002007294FF00202CDE9C3
:10A3A0001913C9F8042040F35082002B00F04383B6
:10A3B00018EE101A18AA5846FFF784FD002894D109
:10A3C000DDE919030DF16C09411C0A9A802A00F09D
:10A3D0008481049ABD1A002D00F3D781049AC9F82C
:10A3E000004013440729CDE91913C9F8042040F3AC
:10A3F0006E81002B00F0758218EE101A18AA5846CC
:10A40000FFF760FD00287FF470AF1A9B0DF16C0917
:10A41000750705D5069A0399541A002C00F36B8230
:10A42000DDE9052103988142ACBF5218121805924C
:10A43000002B7FF451AF089900231993002900F0F5
:10A4400049815846FCF7B8F80DF16C09C1E59C0547
:10A450003FF55DAF18EE104AA06DFBF7E7FEA2894D
:10A4600055E7F006079A00F11F83710640F1198342
:10A4700032F9043B0792DA1711466EE616F0100324
:10A48000079940F0098316F0400000F001831A4656
:10A4900051F8043B07919BB2C3E6079B1A46002381
:10A4A0008DF84330134653F8044B0393002C00F00F
:10A4B0001284532900F0658316F0100540F0618383
:10A4C0007B1C00F0B3843A4629462046FBF712FF76
:10A4D0000890002800F09F84031B039A049323EA4A
:10A4E000E3732F4607920393089557E6432902D05A
:10A4F000F50640F12D83079D0822002116A82BACFC
:10A50000FBF7C4FC16AB55F8042B21465846FCF764
:10A5100039FD03460133049000F0B384049B079592
:10A5200023EAE373039300238DF8433003E7079B8B
:10A5300053F8042B0692002A80F29C82069A52421B
:10A54000CDE9062398F8001046F0040669E598F86E
:10A5500000108DF8434064E598F8001046F080063E
:10A560005FE5424612F8011B2A2900F09684A1F10A
:10A570003003092B90464FF000073FF654AD18F812
:10A58000011B07EB870703EB4707A1F13003092BFA
:10A59000F5D948E598F8001046F0010641E59DF828
:10A5A0004330002B7FF4C2AD202398F800108DF8C3
:10A5B000433036E598F800106C2903BF98F8011075
:10A5C00046F0200608F1010846F0100629E598F843
:10A5D0000010682903BF98F8011046F4007608F1CE
:10A5E000010846F040061CE546F010030393039B68
:10A5F00013F0200200F00682079B073323F00703C5
:10A6000019465A6851F8083B079101210DE6079A4F
:10A6100046F00203039352F8043B079247F63002D8
:10A62000ADF84420B84A0C9202210022FDE5B7069D
:10A6300000F14882F50600F14683740600F1D583E7
:10A64000B00540F14083079B059953F8042B07930D
:10A650001170BEE4039601293FF48CAD022944AC8D
:10A6600011D10C9803F00F011B09415C04F8011D86
:10A6700043EA0273120953EA0201F3D1039E44AB89
:10A680001B1B049383E503F00701DB0843EA4273D5
:10A69000D208303153EA0205204604F8011DF2D1F8
:10A6A000039EF307EBD53029E8D03023023804F8B5
:10A6B000013C44AB1B1A039E0493044667E5049BCC
:10A6C0001B9401221C931A9319920DF16C0909F144
:10A6D00008099DE60DF16C097BE4069A039D551B64
:10A6E000002D7FF776AE102D40F3BB83099418EE52
:10A6F000104A07E000F1020C09F108091046103D6C
:10A70000102D1EDD8149C9F80010421C10331021A4
:10A71000072ACDE91923C9F80410EBDD18AA002B8C
:10A7200074D0214658460DF16C09FFF7CBFB002889
:10A730007FF4DBADDDE91903103D102D00F1010CB4
:10A74000E0DC099C714AC9F804502B44BCF1070FA6
:10A75000CDE919C3C9F8002040F39481002B00F023
:10A760001F8318EE101A18AA5846FFF7ABFB0028F3
:10A770007FF4BBAD049ADDE91903BD1A002D00F189
:10A7800001010DF16C097FF729AE102D29DD099427
:10A79000102718EE104A07E000F1020C09F1080931
:10A7A0001046103D102D1ADD421C58491033072A5F
:10A7B000C9E90017CDE91923EEDD18AA03B3214634
:10A7C00058460DF16C09FFF77DFB00287FF48DAD35
:10A7D000DDE91903103D102D00F1010CE4DC099CAA
:10A7E00061464A4AC9F804502B440729CDE9191398
:10A7F000C9F8002000F3E78009F108090131EDE50F
:10A800004FF0010C18460DF16C09CAE74FF0010C2E
:10A8100018460DF16C0972E7002B00F0048118EE68
:10A82000101A18AA5846FFF74DFB00287FF45DADBB
:10A83000DDE919030DF16C09411CA7E5022311AAFA
:10A840001C931B9201210DF16C09084609F10809BE
:10A85000411CBAE5102D40F3E582DDE919130F9490
:10A86000084618EE104A07E000F1020C09F1080949
:10A870001046103D102D1DDD2549C9F80010421C61
:10A8800010331021072ACDE91923C9F80410EBDD94
:10A8900018AA03B3214658460DF16C09FFF712FBC5
:10A8A00000287FF422ADDDE91903103D102D00F1E1
:10A8B000010CE1DC0F9C6046154AC9F804502B449A
:10A8C0000728CDE91903C9F8002000F3C18009F178
:10A8D0000809411C46E518464FF0010C0DF16C09C2
:10A8E000C7E77607199353D5069A0399541A002C93
:10A8F0004EDD0DF16C09102C40F3B082199918EE61
:10A90000106A10250DE000BF0048002030730020C1
:10A9100044480020881C09F108091146103C102CFD
:10A920001ADD4A1CB3481033072AC9E90005CDE9EE
:10A930001923EFDD18AA33B331465846FFF7C2FAA0
:10A9400000287FF4D2ACDDE91913103C102C01F182
:10A9500001000DF16C09E4DCA64AC9F80440234467
:10A960000728CDE91903C9F800207FF759AD7BB15D
:10A9700018EE101A18AA5846FFF7A4FA00287FF418
:10A98000B4AC1A9B4CE5012019460DF16C09C5E7E2
:10A99000DDE9053203998A42ACBF9B185B18059329
:10A9A00049E5B2F90C108F0518EE103A8AB23FF55E
:10A9B000E8AA18EE105A986DFBF736FCB5F90C10A2
:10A9C0008AB2FFF7DEBA002B3FF479AE18EE101A08
:10A9D00018AA5846FFF776FA00287FF486AC199932
:10A9E0001A9B01310DF16C09F8E419920DF16C0913
:10A9F0005EE4002F7FF4C3AB039E0027049744ACB2
:10AA0000FFF7C5BB039B13F0100354D1039A12F058
:10AA1000400000F06B8107991A4651F8043B0791FA
:10AA20009BB2012101E4099A002A64D11846012150
:10AA30000DF16C09C9E4012118460DF16C09C4E45B
:10AA40005B4262EB420203962D200121FFF7EEBB31
:10AA5000002B00F0888018EE101A18AA5846FFF74D
:10AA600031FA00287FF441ACDDE919030DF16C09DE
:10AA7000411C77E498F800100793FFF7D2BA44AC72
:10AA8000FFF785BB09F108090CF101016046A0E45C
:10AA900016F4007240F0978151F8043B0791FFF7DC
:10AAA000C0BBB30500F1888152F8043B0792DA1766
:10AAB0001146FFF752BB079951F8043B079101215A
:10AAC000FFF7B3BB079B059853F8041B0793C21706
:10AAD000C1E90002FFF77DBA0B9B002B3FF426ABC8
:10AAE0000B9B1B78002B3FF421AB98F8001046F429
:10AAF0008066FFF796BA022311AA1C931B920120CD
:10AB00000DF16C09A2E6039671E53B4B0C9316F030
:10AB1000200259D0079B073323F0070318465A68D1
:10AB200050F8083B0790F40709D553EA020006D015
:10AB30008DF84510302146F002068DF8441026F4B9
:10AB4000806103910221FFF770BB2C4B0C93DEE771
:10AB5000079B012153F8042B03918DF8AC20079338
:10AB600004912BACDFE49DF84320002A40F03281B1
:10AB7000099A002A7FF462AE184601210DF16C0992
:10AB800027E40021082216A81394FBF77FF9791C0B
:10AB900000F0BC80002507942C460CE02BA95846F9
:10ABA000FCF7F0F9421C204400F06B81B84208DC4D
:10ABB00000F070810446139A525916AB0435002AEE
:10ABC000ECD10494079CAFE016F0100307980CD169
:10ABD00016F0400405D01A4650F8043B07909BB28B
:10ABE000A1E716F4007240F0E18050F8043B0790B2
:10ABF00099E700BF44480020004800201448002086
:10AC00000399049744AC9E4608EE90BA01F480661E
:10AC10004FF0000C234606E0BEF10A0F72F100026D
:10AC200039D3A6462A46A6491EEB020040F1000091
:10AC30000F46A1FB001424F0030101EB9401401A1C
:10AC4000BEEB00014FF0CC3562F1000405FB01F5CD
:10AC500007FB0455A1FB07410D44052704F0010142
:10AC6000A1FB071B09186408303103F8011C44EAF2
:10AC7000C5740CF1010C013B6D08002ECCD00B9972
:10AC800009786145C8D1BCF1FF0FC5D0BEF10A0FEC
:10AC900072F100026CD21C4644AB1B1B049F039E46
:10ACA000049318EE90BAFFF772BA0396FFF762BAF0
:10ACB0005846FAF70FFDFFF75BB9012903967FF4B9
:10ACC000CDACFFF75CBA079B059953F8042B1160D4
:10ACD0000793FFF77EB9062F3B46039A794C0792FC
:10ACE00028BF062304930393FFF725BB039B079913
:10ACF00013F4007214BF51F8043B51F8043B079160
:10AD00001CBF0246DBB20121FFF78FBA16AB0093DE
:10AD10000023194613AA5846FCF75AF90346013393
:10AD2000049000F0AE801394049B002B30D0632B72
:10AD300063DC002308932BAC0822002116A8FBF744
:10AD4000A5F8049D16AB009313AA2B46214658463E
:10AD5000FCF73EF9854240F0AB80039B049A0793D1
:10AD60000023A3541F4622EAE2730393FFF716BAA7
:10AD70000E9A0D999B1A18460893FBF785F90B99C3
:10AD8000089B4A780AB101310B914FF0000C48E75B
:10AD9000039B0793049B03931F460893FFF7FEB999
:10ADA000012118460DF16C09FFF713BB50F8043B65
:10ADB00007902246DBB2B6E612F9043B0792DA1797
:10ADC0001146FFF7CAB951F8043B07910246DBB2BE
:10ADD000FFF727BA01231C9301210DF143031B93B5
:10ADE0000DF16C090B46FFF7CDBA079B059953F897
:10ADF000042B07931180FFF7ECB8591C5846F9F75C
:10AE000099FE044600283CD0089095E7886DFBF732
:10AE10000DFAFFF7E9B9039B0793CDE90377089F84
:10AE2000FFF7BCB919981A9B013045E5039B0793BE
:10AE30002046FBF7BFFA20EAE0732F460490039305
:10AE40000895FFF7ABB918EE101A18AA5846FFF785
:10AE500039F800283FF436AAFFF74DBA19980130A7
:10AE60007AE58C466EE46B6ED90705D4AB899A05FA
:10AE700002D4A86DFBF7DAF94FF0FF330593FFF723
:10AE800049BA18EE102AB2F90C3043F0400393810E
:10AE9000FFF735BA079C049746E7079B98F801101F
:10AEA00053F8047B0793904647EAE777FFF7B9B872
:10AEB00018EE102A938943F040039381FFF715BAE7
:10AEC000CDCCCCCC2848002070B50C468989ADF596
:10AED0008E6D21F00201ADF81410616E1B91E189B5
:10AEE000ADF81610E1690991616A0B911CA90291F4
:10AEF00006914FF4806106460491079118A800213D
:10AF0000CDE900320891FBF78BF9DDE9003202A9A7
:10AF10003046FFF713F8051E07DB02A93046FDF7A0
:10AF200003FF002818BF4FF0FF35BDF814305B0653
:10AF300003D5A38943F04003A3811898FBF772F966
:10AF400028460DF58E6D70BD2DE9F04782B0824622
:10AF500088461446FBF7CAF8012803D108F1FF33ED
:10AF6000FE2B36D90DF10409424604F15C03494633
:10AF70005046FCF707F8421C064632D020B39DF835
:10AF800004C0002509E023685A1C226083F800C031
:10AF90000135B54218D219F801CFA368013B002B47
:10AFA000A360F0DAA769BB4261462246504602DB45
:10AFB000BCF10A0FE7D1FAF7FFFD431CE8D10646C2
:10AFC000304602B0BDE8F0874646304602B0BDE8E4
:10AFD000F0875FFA88FC8DF804C006460DF104097D
:10AFE000CFE7A389304643F04003A38102B0BDE818
:10AFF000F08700BF30B5536E13F0010FB2F90C307B
:10B00000144683B005469AB201D198051CD5900428
:10B0100006D4626E43F4005342F40052A381626688
:10B0200022462846FFF790FF636EDA07054602D4F2
:10B03000A3899B0502D5284603B030BDA06DFBF760
:10B04000F5F8284603B030BDA06D0191FBF7ECF890
:10B05000B4F90C3001999AB2D9E700BF5FF800F05B
:10B06000751600605FF800F0DD1700605FF800F013
:10B07000FD2000605FF800F0552000605FF800F0F0
:04B08000451800600F
:04B08400F8B500BF5C
:08B088005493FF7F010000005A
:10B0900000000000000000000000000000000000B0
:10B0A00000000000000000000000000000000000A0
:10B0B0000000000000000000000000000000000090
:10B0C0000000000000000000000000000000000080
:10B0D0000000000000000000000000000000000070
:10B0E0000000000000000000000000000000000060
:10B0F0000000000000000000000000000000000050
:10B10000000000000000000000000000000000003F
:10B11000000000000000000000000000000000002F
:10B12000000000000000000000000000000000001F
:10B13000000000000000000000000000000000000F
:10B1400000000000000000000000000000000000FF
:10B1500000000000000000000000000000000000EF
:10B1600000000000000000000000000000000000DF
:10B1700000000000000000000000000000000000CF
:10B1800000000000000000000000000000000000BF
:10B1900000000000000000000000000000000000AF
:10B1A000000000000000000000000000000000009F
:10B1B000000000000000000000000000000000008F
:10B1C000000000000000000000000000000000007F
:10B1D000000000000000000000000000000000006F
:10B1E000000000000000000000000000000000005F
:10B1F000000000000000000000000000000000004F
:10B20000000000000000000000000000000000003E
:10B21000000000000000000000000000000000002E
:10B22000000000000000000000000000000000001E
:10B23000000000000000000000000000000000000E
:10B2400000000000000000000000000000000000FE
:10B2500000000000000000000000000000000000EE
:10B2600000000000000000000000000000000000DE
:10B2700000000000000000000000000000000000CE
:10B2800000000000000000000000000000000000BE
:10B2900000000000000000000000000000000000AE
:10B2A000000000000000000000000000000000009E
:10B2B000000000000000000000000000000000008E
:10B2C000000000000000000000000000000000007E
:10B2D000000000000000000000000000000000006E
:10B2E000000000000000000000000000000000005E
:10B2F000000000000000000000000000000000004E
:10B30000000000000000000000000000000000003D
:10B31000000000000000F03F748515D3B0D9EF3F66
:10B320000F89F96C58B5EF3F515B12D00193EF3F95
:10B330007B517D3CB872EF3FAAB968318754EF3F2B
:10B340003862756E7A38EF3FE1DE1FF59D1EEF3FE4
:10B3500015B7310AFE06EF3FCBA93A37A7F1EE3F0A
:10B360002234124CA6DEEE3F2D89616008CEEE3FFE
:10B37000272A36D5DABFEE3F824F9D562BB4EE3FDB
:10B38000295448DD07ABEE3F85553AB07EA4EE3F29
:10B39000CD3B7F669EA0EE3F745FECE8759FEE3F6D
:10B3A0008701EB7314A1EE3F13CE4C9989A5EE3FB4
:10B3B000DBA02A42E5ACEE3FE5C5CDB037B7EE3FA6
:10B3C00090F0A38291C4EE3F5D253EB203D5EE3FDF
:10B3D000ADD35A999FE8EE3F475EFBF276FFEE3F12
:10B3E0009C5285DD9B19EF3F6990EFDC2037EF3FE2
:10B3F00087A4FBDC1858EF3F5F9B7B33977CEF3FC4
:10B40000DA90A4A2AFA4EF3F40456E5B76D0EF3F49
:10B41000000000000000E8429423914BF86AAC3F22
:10B42000F3C4FA50CEBFCE3FD6520CFF422EE63FB9
:10B430000000000000003843FE822B65471547409E
:10B440009423914BF86ABC3EF3C4FA50CEBF2E3F12
:10B45000D6520CFF422E963FFE822B654715674061
:10B4600000000000000038430000FAFE422E76BFC4
:10B470003A3B9EBC9AF70CBDBDFDFFFFFFFFDF3FCF
:10B480003C5455555555C53F912B17CF5555A53FA4
:10B4900017D0A4671111813F000000000000C842CE
:10B4A000EF39FAFE422EE63F24C482FFBDBFCE3FF5
:10B4B000B5F40CD7086BAC3FCC5046D2ABB2833F4F
:10B4C000843A4E9BE0D7553F00000000000000008A
:10B4D000000000000000F03F6EBF881A4F3B9B3C0D
:10B4E0003533FBA93DF6EF3F5DDCD89C136071BCA2
:10B4F0006180773E9AECEF3FD16687107A5E90BC10
:10B50000857F6EE815E3EF3F13F6673552D28C3C2A
:10B51000748515D3B0D9EF3FFA8EF92380CE8BBC5A
:10B52000DEF6DD296BD0EF3F61C8E6614EF7603C87
:10B53000C89B751845C7EF3F99D3335BE4A3903C94
:10B5400083F3C6CA3EBEEF3F6D7B835DA69A973CF0
:10B550000F89F96C58B5EF3FFCEFFD921AB58E3CA0
:10B56000F747722B92ACEF3FD19C2F703DBE3E3C13
:10B57000A2D1D332ECA3EF3F0B6E908934036ABCA7
:10B580001BD3FEAF669BEF3F0EBD2F2A525695BCD4
:10B59000515B12D00193EF3F55EA4E8CEF8050BCC7
:10B5A000CC316CC0BD8AEF3F16F4D5B923C991BC2C
:10B5B000E02DA9AE9A82EF3FAF555CE9E3D3803C22
:10B5C000518EA5C8987AEF3F4893A5EA151B80BC19
:10B5D0007B517D3CB872EF3F3D32DE55F01F8FBC92
:10B5E000EA8D8C38F96AEF3FBF53133F8C898B3C4F
:10B5F00075CB6FEB5B63EF3F26EB11769CD996BC66
:10B60000D45C0484E05BEF3F602F3A3EF7EC9A3C59
:10B61000AAB968318754EF3F9D3886CB82E78FBC4B
:10B620001DD9FC22504DEF3F8DC3A644416F8A3C8B
:10B63000D68C62883B46EF3F7D04E4B0057A803CBF
:10B6400096DC7D91493FEF3F94A8A8E3FD8E963CA0
:10B650003862756E7A38EF3F7D4874F2185E873C29
:10B660003FA6B24FCE31EF3FF2E71F982B47803C09
:10B67000DD7CE265452BEF3F5E08713F7BB896BCF1
:10B680008163F5E1DF24EF3F31AB096DE1F7823CE7
:10B69000E1DE1FF59D1EEF3FFABF6F1A9B213DBCF7
:10B6A00090D9DAD07F18EF3FB40A0C7282378B3C06
:10B6B0000B03E4A68512EF3F8FCBCE8992146E3C2C
:10B6C000562F3EA9AF0CEF3FB6ABB04D754D833C46
:10B6D00015B7310AFE06EF3F4C74ACE20142863CDE
:10B6E00031D84CFC7001EF3F4AF8D35D39DD8F3C17
:10B6F000FF1664B208FCEE3F045B8E3B80A386BC61
:10B70000F19F925FC5F6EE3F68504BCCED4A92BC7C
:10B71000CBA93A37A7F1EE3F8E2D511BF80799BC04
:10B7200066D8056DAEECEE3FD236943EE8D171BCE2
:10B73000F79FE534DBE7EE3F151BCEB3191999BC33
:10B74000E5A813C32DE3EE3F6D4C2AA7489F853C27
:10B750002234124CA6DEEE3F8A69287A601293BC2E
:10B760001C80AC0445DAEE3F5B8917488FA758BCB4
:10B770002A2EF7210AD6EE3F1B9A49679B2C7CBCE8
:10B7800097A850D9F5D1EE3F11ACC260ED63433CB0
:10B790002D89616008CEEE3FEF64063B0966963C5A
:10B7A00057001DED41CAEE3F7903A1DAE1CC6E3CB2
:10B7B000D03CC1B5A2C6EE3F30120F3F8EFF933C86
:10B7C000DED3D7F02AC3EE3FB0AF7ABBCE90763C43
:10B7D000272A36D5DABFEE3F77E054EBBD1D933C08
:10B7E0000DDDFD99B2BCEE3F8EA3710034948FBC89
:10B7F000A72C9D76B2B9EE3F49A393DCCCDE87BC83
:10B800004266CFA2DAB6EE3F5F380FBDC6DE78BC27
:10B81000824F9D562BB4EE3FF65C7BEC461286BC05
:10B820000F925DCAA4B1EE3F8ED7FD180535933C4B
:10B83000DA27B53647AFEE3F059B8A2FB7987B3C9A
:10B84000FDC797D412ADEE3F09541CE2E163903C72
:10B85000295448DD07ABEE3FEAC6195085C7343C92
:10B86000B746598A26A9EE3F35C0642BE632943C90
:10B870004821AD156FA7EE3F9F7699614AE48CBCD5
:10B8800009DC76B9E1A5EE3FA84DEF3BC5338CBC92
:10B8900085553AB07EA4EE3FAEE92B89785384BC3F
:10B8A00020C3CC3446A3EE3F58585678DDCE93BC27
:10B8B0002522558238A2EE3F64197E80AA10573C9B
:10B8C00073A94CD455A1EE3F28225EBFEFB393BCC1
:10B8D000CD3B7F669EA0EE3F82B93487AD126ABC35
:10B8E000BFDA0B7512A0EE3FEEA96DB8EF6763BC2F
:10B8F0002F1A653CB29FEE3F5188E0543DDC80BC7E
:10B90000849451F97D9FEE3FCF3E5A7E641F78BCF0
:10B91000745FECE8759FEE3FB07D8BC04AEE86BC4D
:10B920007481A5489A9FEE3F8AE6551E321986BC5F
:10B93000C9674256EB9FEE3FD3D4095ECB9C903C47
:10B940003F5DDE4F69A0EE3F1DA54DB9DC327BBCEB
:10B950008701EB7314A1EE3F6BC06754FDEC943C80
:10B9600032C13001EDA1EE3F556CD6ABE1EB653C49
:10B97000624ECF36F3A2EE3F42CFB32FC5A188BCB3
:10B98000121A3E5427A4EE3F34373BF1B66993BCFC
:10B9900013CE4C9989A5EE3F1EFF193A845E80BCF8
:10B9A000ADC723461AA7EE3F6E5772D850D494BC49
:10B9B000ED92449BD9A8EE3F008A0E5B67AD903CA8
:10B9C00099668AD9C7AAEE3FB4EAF0C12FB78D3C79
:10B9D000DBA02A42E5ACEE3FFFE7C59C60B665BC44
:10B9E0008C44B51632AFEE3F445FF35983F67B3C8F
:10B9F00036771599AEB1EE3F833D1EA71F0993BC64
:10BA0000C6FF910B5BB4EE3F291E6C8BB8A95DBCE1
:10BA1000E5C5CDB037B7EE3F59B9907CF9236CBC82
:10BA20000F52C8CB44BAEE3FAAF9F422434392BC6A
:10BA3000504EDE9F82BDEE3F4B8E66D76CCA85BCF2
:10BA4000BA07CA70F1C0EE3F27CE912BFCAF713C14
:10BA500090F0A38291C4EE3FBB730AE135D26D3CF6
:10BA60002323E31963C8EE3F6322622204C587BC27
:10BA700065E55D7B66CCEE3FD531E2E3861C8B3C11
:10BA8000332D4AEC9BD0EE3F15BBBCD3D1BB91BC50
:10BA90005D253EB203D5EE3FD231EE9C31CC903CD9
:10BAA00058B330139ED9EE3FB35A736E8469843C09
:10BAB000BFFD79556BDEEE3FB49D8E97CDDF82BC26
:10BAC0007AF3D3BF6BE3EE3F8733CB92771A8C3C8C
:10BAD000ADD35A999FE8EE3FFAD9D14A8F7B90BCFB
:10BAE00066B68D2907EEEE3FBAAEDC56D9C355BC1B
:10BAF000FB154FB8A2F3EE3F40F6A63D0EA490BC56
:10BB00003A59E58D72F9EE3F3493AD38F4D668BCFE
:10BB1000475EFBF276FFEE3F358A586BE2EE91BC52
:10BB20004A06A130B005EF3FCDDD5F0AD7FF743C78
:10BB3000D2C14B901E0CEF3FAC9892FAFBBD91BC6A
:10BB4000091ED75BC212EF3FB30CAF30AE6E733C31
:10BB50009C5285DD9B19EF3F94FD9F5C32E38E3C48
:10BB60007AD0FF5FAB20EF3FAC5909D18FE0843C26
:10BB70004BD1572EF127EF3F671A4E38AFCD633CBC
:10BB8000B5E706946D2FEF3F6819926C2C6B673CFC
:10BB90006990EFDC2037EF3FD2B5CC83188A80BCA8
:10BBA000FAC35D550B3FEF3F6FFAFF3F5DAD8FBCB2
:10BBB0007C89074A2D47EF3F49A97538AE0D90BCE7
:10BBC000F2890D08874FEF3FA7073DA685A3743C78
:10BBD00087A4FBDC1858EF3F0F2240209E9182BCC7
:10BBE0009883C916E360EF3FAC92C1D5505A8E3CA2
:10BBF0008532DB03E669EF3F4B6B01AC593A843C7D
:10BC000060B401F32173EF3F1F3EB40721D582BC1E
:10BC10005F9B7B33977CEF3FC90D473BB92A89BCBB
:10BC200029A1F5144686EF3FD3883A6004B6743CE8
:10BC3000F63F8BE72E90EF3F71729D51ECC5833C30
:10BC4000834CC7FB519AEF3FF091D38F12F78FBC13
:10BC5000DA90A4A2AFA4EF3F7D7423E298AE8DBC2E
:10BC6000F1678E2D48AFEF3F0820AA41BCC38E3C40
:10BC7000275A61EE1BBAEF3F32EBA9C3942B843CE9
:10BC800097BA6B372BC5EF3FEE85D131A9648A3C5B
:10BC900040456E5B76D0EF3FEDE33BE4BA378EBCB8
:10BCA00014BE9CADFDDBEF3F9DCD914D3B89773CB4
:10BCB000D8909E81C1E7EF3F89CC6041C105533CDC
:10BCC000F1718F2BC2F3EF3F0080E03779C341431E
:10BCD000176E05B5B5B89346F5F93FE9034F384DF2
:10BCE000321D30F94877825A3CBF737FDD4F15759E
:10BCF000000000000000F03F0000000000002440B1
:10BD000000000000000059400000000000408F408B
:10BD1000000000000088C34000000000006AF840F6
:10BD20000000000080842E4100000000D01263411A
:10BD30000000000084D797410000000065CDCD4190
:10BD4000000000205FA00242000000E87648374271
:10BD5000000000A2941A6D42000040E59C30A2420F
:10BD60000000901EC4BCD64200003426F56B0C4384
:10BD70000080E03779C3414300A0D885573476432B
:10BD800000C84E676DC1AB43003D9160E458E1438C
:10BD9000408CB5781DAF154450EFE2D6E41A4B4401
:10BDA00092D54D06CFF08044F64AE1C7022DB54446
:10BDB000B49DD9794378EA440038FAFE422EE63F32
:10BDC0003067C79357F32E3D000000000000E0BF2E
:10BDD000605555555555E5BF060000000000E03F91
:10BDE0004E5559999999E93F7AA429555555E5BF7A
:10BDF000E945489B5B49F2BFC33F268B2B00F03FD0
:10BE00000000000000A0F63F00000000000000005D
:10BE100000C8B9F2822CD6BF8056372824B4FA3C29
:10BE2000000000000080F63F00000000000000005D
:10BE3000000858BFBDD1D5BF20F7E0D808A51CBD6C
:10BE4000000000000060F63F00000000000000005D
:10BE5000005845177776D5BF6D50B6D5A46223BD7F
:10BE6000000000000040F63F00000000000000005D
:10BE700000F82D87AD1AD5BFD567B09EE484E6BC27
:10BE8000000000000020F63F00000000000000005D
:10BE9000007877955FBED4BFE03E2993691B04BD4F
:10BEA000000000000000F63F00000000000000005D
:10BEB00000601CC28B61D4BFCC844C482FD8133D8A
:10BEC0000000000000E0F53F00000000000000005E
:10BED00000A886863004D4BF3A0B82EDF342DC3CE6
:10BEE0000000000000C0F53F00000000000000005E
:10BEF000004869554CA6D3BF60945186C6B1203D19
:10BF00000000000000A0F53F00000000000000005D
:10BF10000080989ADD47D3BF9280C5D44D59253D06
:10BF2000000000000080F53F00000000000000005D
:10BF30000020E1BAE2E8D2BFD82BB7991E7B263D9C
:10BF4000000000000060F53F00000000000000005D
:10BF50000088DE135A89D2BF3FB0CFB614CA153D50
:10BF6000000000000060F53F00000000000000003D
:10BF70000088DE135A89D2BF3FB0CFB614CA153D30
:10BF8000000000000040F53F00000000000000003D
:10BF90000078CFFB4129D2BF76DA5328245A16BD48
:10BFA000000000000020F53F00000000000000003D
:10BFB000009869C198C8D1BF0454E768BCAF1FBDE1
:10BFC000000000000000F53F00000000000000003D
:10BFD00000A8ABAB5C67D1BFF0A88233C61F1F3D82
:10BFE0000000000000E0F43F00000000000000003E
:10BFF0000048AEF98B05D1BF665A05FDC4A826BD21
:10C000000000000000C0F43F00000000000000003D
:10C01000009073E224A3D0BF0E03F47EEE6B0CBD40
:10C020000000000000A0F43F00000000000000003D
:10C0300000D0B4942540D0BF7F2DF49EB836F0BC1C
:10C040000000000000A0F43F00000000000000001D
:10C0500000D0B4942540D0BF7F2DF49EB836F0BCFC
:10C06000000000000080F43F00000000000000001D
:10C0700000405E6D18B9CFBF873C99AB2A570D3D84
:10C08000000000000060F43F00000000000000001D
:10C090000060DCCBADF0CEBF24AF869CB7262B3D35
:10C0A000000000000040F43F00000000000000001D
:10C0B00000F02A6E0727CEBF10FF3F544F2F17BD49
:10C0C000000000000020F43F00000000000000001D
:10C0D00000C04F6B215CCDBF1B68CABB91BA213D2C
:10C0E000000000000000F43F00000000000000001D
:10C0F00000A09AC7F78FCCBF34849F684F79273D43
:10C10000000000000000F43F0000000000000000FC
:10C1100000A09AC7F78FCCBF34849F684F79273D22
:10C120000000000000E0F33F0000000000000000FD
:10C1300000902D7486C2CBBF8FB78B31B04E193DA6
:10C140000000000000C0F33F0000000000000000FD
:10C1500000C0804EC9F3CABF6690CD3F634EBA3C63
:10C160000000000000A0F33F0000000000000000FD
:10C1700000B0E21FBC23CABFEAC146DC648C25BD07
:10C180000000000000A0F33F0000000000000000DD
:10C1900000B0E21FBC23CABFEAC146DC648C25BDE7
:10C1A000000000000080F33F0000000000000000DD
:10C1B0000050F49C5A52C9BFE3D4C104D9D12ABD5E
:10C1C000000000000060F33F0000000000000000DD
:10C1D00000D02065A07FC8BF09FADB7FBFBD2B3D23
:10C1E000000000000040F33F0000000000000000DD
:10C1F00000E0100289ABC7BF584A537290DB2B3D59
:10C20000000000000040F33F0000000000000000BC
:10C2100000E0100289ABC7BF584A537290DB2B3D38
:10C22000000000000020F33F0000000000000000BC
:10C2300000D019E70FD6C6BF66E2B2A36AE410BD0C
:10C24000000000000000F33F0000000000000000BC
:10C250000090A77030FFC5BF3950109F439E1EBD90
:10C26000000000000000F33F00000000000000009C
:10C270000090A77030FFC5BF3950109F439E1EBD70
:10C280000000000000E0F23F00000000000000009D
:10C2900000B0A1E3E526C5BF8F5B07908BDE20BD14
:10C2A0000000000000C0F23F00000000000000009D
:10C2B0000080CB6C2B4DC4BF3C783561C10C173D61
:10C2C0000000000000C0F23F00000000000000007D
:10C2D0000080CB6C2B4DC4BF3C783561C10C173D41
:10C2E0000000000000A0F23F00000000000000007D
:10C2F00000901E20FC71C3BF3A54274D8678F13C54
:10C30000000000000080F23F00000000000000007C
:10C3100000F01FF85295C2BF08C47117308D24BDBC
:10C32000000000000060F23F00000000000000007C
:10C3300000602FD52AB7C1BF96A31118A4802EBDC7
:10C34000000000000060F23F00000000000000005C
:10C3500000602FD52AB7C1BF96A31118A4802EBDA7
:10C36000000000000040F23F00000000000000005C
:10C370000090D07C7ED7C0BFF45BE88896690A3D08
:10C38000000000000040F23F00000000000000003C
:10C390000090D07C7ED7C0BFF45BE88896690A3DE8
:10C3A000000000000020F23F00000000000000003C
:10C3B00000E0DB3191ECBFBFF233A35C547525BDC7
:10C3C000000000000000F23F00000000000000003C
:10C3D00000002B6E0727BEBF3C00F02A2C342A3DFC
:10C3E000000000000000F23F00000000000000001C
:10C3F00000002B6E0727BEBF3C00F02A2C342A3DDC
:10C400000000000000E0F13F00000000000000001C
:10C4100000C05B8F545EBCBF06BE5F58570C1DBD8D
:10C420000000000000C0F13F00000000000000001C
:10C4300000E04A3A6D92BABFC8AA5BE83539253D9B
:10C440000000000000C0F13F0000000000000000FC
:10C4500000E04A3A6D92BABFC8AA5BE83539253D7B
:10C460000000000000A0F13F0000000000000000FC
:10C4700000A031D645C3B8BF68562F4D297C133D67
:10C480000000000000A0F13F0000000000000000DC
:10C4900000A031D645C3B8BF68562F4D297C133D47
:10C4A000000000000080F13F0000000000000000DC
:10C4B0000060E58AD2F0B6BFDA7333C9379726BD7C
:10C4C000000000000060F13F0000000000000000DC
:10C4D0000020063F071BB5BF575EC6615B021F3DCC
:10C4E000000000000060F13F0000000000000000BC
:10C4F0000020063F071BB5BF575EC6615B021F3DAC
:10C50000000000000040F13F0000000000000000BB
:10C5100000E01B96D741B3BFDF13F9CCDA5E2C3DA8
:10C52000000000000040F13F00000000000000009B
:10C5300000E01B96D741B3BFDF13F9CCDA5E2C3D88
:10C54000000000000020F13F00000000000000009B
:10C550000080A3EE3665B1BF09A38F765E7C143DE3
:10C56000000000000000F13F00000000000000009B
:10C57000008011C0300AAFBF918E36839E592D3D89
:10C58000000000000000F13F00000000000000007B
:10C59000008011C0300AAFBF918E36839E592D3D69
:10C5A0000000000000E0F03F00000000000000007C
:10C5B00000801971DD42ABBF4C70D6E57A821C3D1C
:10C5C0000000000000E0F03F00000000000000005C
:10C5D00000801971DD42ABBF4C70D6E57A821C3DFC
:10C5E0000000000000C0F03F00000000000000005C
:10C5F00000C032F65874A7BFEEA1F23446FC2CBD41
:10C600000000000000C0F03F00000000000000003B
:10C6100000C032F65874A7BFEEA1F23446FC2CBD20
:10C620000000000000A0F03F00000000000000003B
:10C6300000C0FEB9879EA3BFAAFE26F5B702F53C4F
:10C640000000000000A0F03F00000000000000001B
:10C6500000C0FEB9879EA3BFAAFE26F5B702F53C2F
:10C66000000000000080F03F00000000000000001B
:10C670000000780E9B829FBFE4097E7C268029BD46
:10C68000000000000080F03F0000000000000000FB
:10C690000000780E9B829FBFE4097E7C268029BD26
:10C6A000000000000060F03F0000000000000000FB
:10C6B0000080D5071BB997BF39A6FA93548D28BDC2
:10C6C000000000000040F03F0000000000000000FB
:10C6D0000000FCB0A8C08FBF9CA6D3F67C1EDFBCB8
:10C6E000000000000040F03F0000000000000000DB
:10C6F0000000FCB0A8C08FBF9CA6D3F67C1EDFBC98
:10C70000000000000020F03F0000000000000000DA
:10C710000000106B2AE07FBFE440DA0D3FE219BD54
:10C72000000000000020F03F0000000000000000BA
:10C730000000106B2AE07FBFE440DA0D3FE219BD34
:10C74000000000000000F03F0000000000000000BA
:10C7500000000000000000000000000000000000D9
:10C76000000000000000F03F00000000000000009A
:10C7700000000000000000000000000000000000B9
:10C780000000000000C0EF3F0000000000000000BB
:10C79000000089751510803FE82B9D996BC710BD6F
:10C7A000000000000080EF3F0000000000000000DB
:10C7B000008093585620903FD2F7E2065BDC23BD01
:10C7C000000000000040EF3F0000000000000000FB
:10C7D0000000C9282549983F340C5A32BAA02ABD16
:10C7E000000000000000EF3F00000000000000001B
:10C7F0000040E7895D41A03F53D7F15CC011013D86
:10C800000000000000C0EE3F00000000000000003B
:10C8100000002ED4AE66A43F28FDBD7573162CBD56
:10C82000000000000080EE3F00000000000000005B
:10C8300000C09F14AA94A83F7D265AD0957919BDAF
:10C84000000000000040EE3F00000000000000007B
:10C8500000C0DDCD73CBAC3F0728D847F2681ABDC6
:10C86000000000000020EE3F00000000000000007B
:10C8700000C006C031EAAE3F7B3BC94F3E110EBD42
:10C880000000000000E0ED3F00000000000000009C
:10C89000006046D13B97B13F9B9E0D565D3225BD52
:10C8A0000000000000A0ED3F0000000000000000BC
:10C8B00000E0D1A7F5BDB33FD74EDBA55EC82C3D48
:10C8C000000000000060ED3F0000000000000000DC
:10C8D00000A0974D5AE9B53F1E1D5D3C06692CBD71
:10C8E000000000000040ED3F0000000000000000DC
:10C8F00000C0EA0AD300B73F32ED9DA98D1EEC3C83
:10C90000000000000000ED3F0000000000000000FB
:10C910000040595D5E33B93FDA47BD3A5C11233DB3
:10C920000000000000C0EC3F00000000000000001C
:10C930000060AD8DC86ABB3FE568F72B809013BDE2
:10C940000000000000A0EC3F00000000000000001C
:10C950000040BC015888BC3FD3AC5AC6D146263DE6
:10C96000000000000060EC3F00000000000000003C
:10C9700000200A8339C7BE3FE045E6AF68C02DBD41
:10C98000000000000040EC3F00000000000000003C
:10C9900000E0DB3991E8BF3FFD0AA14FD63425BD49
:10C9A000000000000000EC3F00000000000000005C
:10C9B00000E027828E17C13FF2072DCE78EF213D90
:10C9C0000000000000E0EB3F00000000000000005D
:10C9D00000F0237E2BAAC13F349938448EA72C3D0A
:10C9E0000000000000A0EB3F00000000000000007D
:10C9F0000080860C61D1C23FA1B481CB6C9D033D08
:10CA0000000000000080EB3F00000000000000007C
:10CA1000009015B0FC65C33F89724B23A82FC63C1C
:10CA2000000000000040EB3F00000000000000009C
:10CA300000B033833D91C43F78B6FD547983253DE2
:10CA4000000000000020EB3F00000000000000009C
:10CA500000B0A1E4E527C53FC77D69E5E833263D81
:10CA60000000000000E0EA3F0000000000000000BD
:10CA700000108CBE4E57C63F782E3C2C8BCF193DF4
:10CA80000000000000C0EA3F0000000000000000BD
:10CA90000070758B12F0C63FE1219CE58D1125BD1C
:10CAA0000000000000A0EA3F0000000000000000BD
:10CAB000005044858D89C73F0543917010661CBDA9
:10CAC000000000000060EA3F0000000000000000DD
:10CAD000000039EBAFBEC83FD12CE9AA543D07BDD9
:10CAE000000000000040EA3F0000000000000000DD
:10CAF0000000F7DC5A5AC93F6FFFA05828F2073DE3
:10CB0000000000000000EA3F0000000000000000FC
:10CB100000E08A3CED93CA3F69215650437228BD1C
:10CB20000000000000E0E93F0000000000000000FD
:10CB300000D05B57D831CB3FAAE1AC4E8D350CBD50
:10CB40000000000000C0E93F0000000000000000FD
:10CB500000E03B3887D0CB3FB6125459C44B2DBDB3
:10CB60000000000000A0E93F0000000000000000FD
:10CB70000010F0C6FB6FCC3FD22B96C572ECF1BC17
:10CB8000000000000060E93F00000000000000001D
:10CB90000090D4B03DB1CD3F35B015F72AFF2ABD86
:10CBA000000000000040E93F00000000000000001D
:10CBB0000010E7FF0E53CE3F30F441602712C23C15
:10CBC000000000000020E93F00000000000000001D
:10CBD0000000DDE4ADF5CE3F118EBB651521CABC6A
:10CBE000000000000000E93F00000000000000001D
:10CBF00000B0B36C1C99CF3F30DF0CCAECCB1B3DAF
:10CC00000000000000C0E83F00000000000000003D
:10CC100000584D603871D03F914EED16DB9CF83CCA
:10CC20000000000000A0E83F00000000000000003D
:10CC3000006061672DC4D03FE9EA3C168B18273DA0
:10CC4000000000000080E83F00000000000000003D
:10CC500000E827828E17D13F1CF0A5630E212CBD62
:10CC6000000000000060E83F00000000000000003D
:10CC700000F8ACCB5C6BD13F8116A5F7CD9A2B3D6C
:10CC8000000000000040E83F00000000000000003D
:10CC900000685A6399BFD13FB7BD4751EDA62C3DFF
:10CCA000000000000020E83F00000000000000003D
:10CCB00000B80E6D4514D23FEABA46BADE870A3D87
:10CCC0000000000000E0E73F00000000000000005E
:10CCD0000090DC7CF0BED23FF404504AFA9C2A3D1E
:10CCE0000000000000C0E73F00000000000000005E
:10CCF0000060D3E1F114D33FB83C21D37AE228BDE0
:10CD00000000000000A0E73F00000000000000005D
:10CD10000010BE76676BD33FC877F1B0CD6E113D82
:10CD2000000000000080E73F00000000000000005D
:10CD30000030337752C2D33F5CBD06B6543B183D3A
:10CD4000000000000060E73F00000000000000005D
:10CD500000E8D523B419D43F9DE090EC36E4083DBB
:10CD6000000000000040E73F00000000000000005D
:10CD700000C871C28D71D43F75D66709CE272FBD0B
:10CD8000000000000020E73F00000000000000005D
:10CD90000030179EE0C9D43FA4D80A1B89202EBDBD
:10CDA000000000000000E73F00000000000000005D
:10CDB00000A03807AE22D53F59C7648170BE2E3D12
:10CDC0000000000000E0E63F00000000000000005E
:10CDD00000D0C853F77BD53FEF405DEEEDAD1F3D72
:10CDE0000000000000C0E63F00000000000000005E
:10CDF000006059DFBDD5D53FDC65A4082A0B0ABD0C
:10CE0000BEF3F879EC61F63F1930965BC6FEDEBFE3
:10CE10003D88AF4AED71F53FA4FCD432680BDBBF0F
:10CE2000B010F0F03995F43F7BB71F0A8B41D7BFA4
:10CE30008503B8B095C9F33F7BCF6D1AE99DD3BF89
:10CE4000A564880C190DF33F31B6F2F39B1DD0BFDA
:10CE5000A08E0B7B225EF23FF07A3B1B1D7CC9BF8C
:10CE60003F341A4A4ABBF13F9F3CAF93E3F9C2BF3C
:10CE7000BAE58AF05823F13F5C8D78BFCB60B9BF2B
:10CE8000A70099413F95F03FCE5F47B69D6FAABF7F
:10CE9000000000000000F03F000000000000000063
:10CEA000AC479AFD8C60EE3F3DF5249FCA38B33FF6
:10CEB000A06A021FB3A4EC3FBA913854A976C43FCC
:10CEC000E6FC6A573620EB3FD2E4C44A0B84CE3FDF
:10CED0002DAAA163D1C2E93F1C65C6F04506D43F27
:10CEE000ED417803E686E83FF89F1B2C9C8ED83FE7
:10CEF000624853F5DC67E73FCC7BB14EA4E0DC3FF2
:10CF00000B6E49C91676D23F7AC675A06919D7BF8C
:10CF1000DDBAA76C0AC7DE3FC8F6BE484715E7BFB3
:10CF20002BB82A654715F73F000000000000F03FCE
:10CF3000000000000000F0BF000000000000F0BF93
:10CF4000000000000000F03F83C8C96D305F6441FD
:10CF5000182D4454FB21F93F000000000000F03F71
:10CF60001C620CFDFFFFDFBF198F06E15355A53F83
:10CF70009D359AE887C056BFC3F87B024393F93EBC
:10CF800003A695595455C5BFC40B23057610813FA0
:10CF900024CF7437EB9429BF000000000000F03F5D
:10CFA000000000000000F0BF000000000000F0BF23
:10CFB000000000000000F03F83C8C96D305F64418D
:10CFC000182D4454FB21F93F000000000000F0BF81
:10CFD0001C620CFDFFFFDF3F198F06E15355A5BF13
:10CFE0009D359AE887C0563FC3F87B024393F9BE4C
:10CFF00003A695595455C5BFC40B23057610813F30
:10D0000024CF7437EB9429BFF4F9FBFD0003050727
:10D010000C00000000000000000000000000FF27DE
:10D02000100032FF27100032FF27100032FF2710B8
:10D0300000320000000000000000000000000000BE
:10D04000000000005201000000000000000000008D
:10D05000FF27100032FF27100032FF27100032FF99
:10D060002710003200000000000000000000000057
:10D0700000000000000000000040004000400000F0
:10D08000E73BE73BE73B000000000000F085493B41
:10D0900051BCCA3B06F6183C13294D3CA9FB803C09
:10D0A00047AE9B3C7DAEB63C4CFCD13C9A95ED3CEA
:10D0B00034BD043D5AD5123D3412213DDA752F3D61
:10D0C00026FD3D3D32AA4C3DF27B5B3D65726A3DDB
:10D0D0007E8C793DA565843DDF168C3DECD9933D72
:10D0E00047AE9B3D7594A33D768CAB3D3E95B33DDD
:10D0F00053AFBB3DB6DAC33DDF16CC3DD063D43D64
:10D1000087C1DC3D7F2FE53D3EAEED3DB83CF63DB1
:10D1100073DBFE3DF4C4033E4F24083E448B0C3EBB
:10D12000D3F9103E3F70153E03EE193E60731E3E6C
:10D130001500233EDE93273EFD2E2C3E74D1303E5B
:10D14000BC7A353ED42A3A3E00E23E3EBA9F433E88
:10D150004564483E1B2F4D3E7E00523E6FD8563EE2
:10D1600067B65B3EAA9A603EB284653E04756A3E2D
:10D17000D76A6F3EB266743E0E68793EEB6E7E3EB5
:10D18000A5BD813E7446843EE1D1863ECC5F893E9A
:10D1900035F08B3EF9828E3E3B18913EB8AF933E00
:10D1A0009049963E82E5983E8C839B3ED1239E3EDD
:10D1B0000DC6A03E1F6AA33E2810A63E06B8A83E94
:10D1C000BB61AB3E240DAE3E1FBAB03EAD68B33E70
:10D1D000CE18B63E82CAB83E637DBB3EB631BE3E77
:10D1E00058E7C03E289EC33E0456C63E0F0FC93EB8
:10D1F00004C9CB3E0684CE3ED13FD13E65FCD33E32
:10D20000C3B9D63EC977D93E7636DC3EA9F5DE3EB7
:10D2100042B5E13E6075E43EC235E73E66F6E93E62
:10D220004EB7EC3E3678EF3E3F39F23E48FAF43ED8
:10D2300051BBF73E187CFA3EBC3CFD3EFCFCFF3E79
:10D240007D5E013F38BE023FC11D043FF67C053FB5
:10D25000E8DB063F753A083F9E98093F51F60A3FC2
:10D26000A0530C3F68B00D3FAA0C0F3F6668103FFB
:10D270007AC3113FE71D133FBC77143FC8D0153F59
:10D280001C29173FA680183F67D7193F4D2D1B3F1C
:10D290005A821C3F6BD61D3F91291F3FBB7B203F0D
:10D2A000D9CC213FEB1C233FDF6B243FC7B9253F7F
:10D2B0007006273FEC51283F289C293F26E52A3F4E
:10D2C000D42C2C3F32732D3F30B82E3FBDFB2F3F67
:10D2D000EA3D313F957E323FBEBD333F55FB343F83
:10D2E0005837363FC971373F97AA383FB1E1393FC8
:10D2F00027173B3FC74A3C3FB37C3D3FC9AC3E3F4D
:10D300000ADB3F3F7407413FE831423F755A433FD4
:10D310000A81443F98A5453F2EC8463FABE8473FAA
:10D320001007493F5B234A3F7D3D4B3F65554C3FCE
:10D33000236B4D3F957E4E3FCD8F4F3FBA9E503F62
:10D340004BAB513F80B5523F49BD533FB5C2543FEF
:10D35000A4C5553F15C6563F09C4573F7FBF583F28
:10D3600056B8593F9FAE5A3F49A25B3F53935C3F2B
:10D37000AE815D3F596D5E3F54565F3F8E3C603FCE
:10D38000F71F613F9F00623F65DE623F6BB9633FFD
:10D390007D91643FBE66653F0D39663F6808673F13
:10D3A000D0D4673F349E683FA664693F02286A3F35
:10D3B0005CE86A3FA0A56B3FC05F6C3FCA166D3F3B
:10D3C000C1CA6D3F817B6E3F1C296F3F80D36F3F89
:10D3D000C07A703FB81E713F6ABF713FE65C723F12
:10D3E0000AF7723FE78D733F7D21743FABB1743F05
:10D3F000923E753F11C8753F384E763FF6D0763F66
:10D400004C50773F29CC773F9E44783FAAB9783F6C
:10D410002C2B793F4699793FD5037A3FEC6A7A3FC6
:10D4200089CE7A3F8C2E7B3F158B7B3F04E47B3F7C
:10D430007A397C3F548B7C3F94D97C3F4A247D3F92
:10D44000666B7D3FE6AE7D3FCCEE7D3F172B7E3F8A
:10D45000B7637E3FCC987E3F25CA7E3FF5F77E3F7F
:10D4600018227F3F91487F3F5D6B7F3F8F8A7F3FD0
:10D4700016A67F3FF1BD7F3F20D27F3FA4E27F3FD2
:10D480007CEF7F3F0000803F0000803F00002403CE
:10D4900048066A098C0CAB0FC812E215F9180B1C70
:10D4A0001A1F2322282526281F2B112EFB30DF339D
:10D4B000BA368C39563C173FCE417A441C47B449A2
:10D4C0003F4CBF4E33519B53F5554258825AB35C83
:10D4D000D75EEB60F162E864CF66A6686D6A236C84
:10D4E000C96D5E6FE2705472B573047541766B77E7
:10D4F000847889797C7A5C7B297CE37C897D1D7EBC
:10D500009C7E097F617FA67FD87FF57FFF7FF57FB7
:10D51000D87FA67F617F097F9C7E1D7E897DE37C0D
:10D52000297C5C7B7C7A897984786B774176047579
:10D53000B5735472E2705E6FC96D236C6D6AA66834
:10D54000CF66E864F162EB60D75EB35C825A425802
:10D55000F5559B533351BF4E3F4CB4491C477A4459
:10D56000CE41173F563C8C39BA36DF33FB30112E93
:10D570001F2B2628282523221A1F0B1CF918E21519
:10D58000C812AB0F8C0C6A09480624030000DCFCAF
:10D59000B8F996F674F355F038ED1EEA07E7F5E3AF
:10D5A000E6E0DDDDD8DADAD7E1D4EFD105CF21CC62
:10D5B00046C974C6AAC3E9C032BE86BBE4B84CB63D
:10D5C000C1B341B1CDAE65AC0BAABEA77EA54DA33C
:10D5D00029A1159F0F9D189B31995A979395DD931B
:10D5E0003792A2901E8FAC8D4B8CFC8ABF89958898
:10D5F0007C8777868485A484D7831D837782E381A3
:10D600006481F7809F805A8028800B8001800B8086
:10D6100028805A809F80F7806481E38177821D8310
:10D62000D783A484848577867C879588BF89FC8A84
:10D630004B8CAC8D1E8FA2903792DD9393955A97A9
:10D640003199189B0F9D159F29A14DA37EA5BEA7BB
:10D650000BAA65ACCDAE41B1C1B34CB6E4B886BB44
:10D6600032BEE9C0AAC374C646C921CC05CFEFD1EA
:10D67000E1D4DAD7D8DADDDDE6E0F5E307E71EEA44
:10D6800038ED55F074F396F6B8F9DCFC00000000B4
:10D690000000000001000000030000000200000084
:10D6A00000000000566F6C756D653A00466F726D34
:10D6B000616E743A000000005061746368416D70DF
:10D6C0003A0000004578697420772F6F20706173ED
:10D6D00074696E670000000044657374696E61745C
:10D6E000696F6E3A0000000050415354450000003D
:10D6F0004578697420772F6F207377617070696E39
:10D7000067000000535741500000000045786974DD
:10D7100020772F6F20736176696E6700536176659D
:10D72000000000004261636B000000004658536F28
:10D73000757263653A00000044656C61794C6576EA
:10D74000656C3A0044656C617954696D653A000016
:10D7500044656C6179506F6E673A000044656C6196
:10D760007946423A0000000044656C617944616D7D
:10D77000703A00005276624C6576656C3A000000A3
:10D7800052766254696D653A000000005276624438
:10D79000656E736974793A0052766244616D703ACD
:10D7A00000000000436872734F6E3A004368727362
:10D7B0004472793A00000000436872734C666F4609
:10D7C0003A0000004368727346423A00436872733D
:10D7D000446C79313A000000436872734D6F6431D4
:10D7E0003A00000043687273576574313A000000D4
:10D7F00043687273446C79323A0000004368727374
:10D800004D6F64323A00000043687273576574329A
:10D810003A0000004F63744F7363313A0000000018
:10D8200053656D694F7363313A00000043656E7450
:10D830004F7363313A000000426561744F73633186
:10D840003A0000005361774F7363313A00000000E3
:10D850005472694F7363313A0000000050756C7365
:10D86000654F7363313A000050574F7363313A008C
:10D8700050776D464F7363313A00000050776D4426
:10D880004F7363313A000000537770544F73633124
:10D890003A000000537770444F7363313A00000040
:10D8A0004241746E4F7363313A0000004244707419
:10D8B0004F7363313A000000425468724F73633112
:10D8C0003A000000424372764F7363313A00000021
:10D8D0004C766C4F7363313A000000004F63744F15
:10D8E0007363323A0000000053656D694F73633211
:10D8F0003A00000043656E744F7363323A000000D3
:10D90000426561744F7363323A0000005361774F90
:10D910007363323A000000005472694F7363323A05
:10D920000000000050756C73654F7363323A00005D
:10D9300050574F7363323A0050776D464F736332DE
:10D940003A00000050776D444F7363323A00000094
:10D95000537770544F7363323A000000537770442A
:10D960004F7363323A0000004241746E4F7363326A
:10D970003A000000424470744F7363323A00000072
:10D98000425468724F7363323A0000004243727629
:10D990004F7363323A0000004C766C4F7363323A37
:10D9A0000000000058466164654F7363323A00001E
:10D9B0004C6E6B4F7363466C743A00004D6F646538
:10D9C0004F466C74313A0000467265714F466C7474
:10D9D000313A000051204F7363466C74313A0000B5
:10D9E0004B6579466C774F46313A000042724D6F75
:10D9F000644F46313A00000042724372764F46311E
:10DA00003A0000004C666F46204F46313A00000055
:10DA10004C666F44204F46313A0000004C666F421E
:10DA2000724F46313A0000004C666F54684F4631E1
:10DA30003A00000053777054204F46313A000000FE
:10DA400053777044204F46313A0000004D6F6465B3
:10DA50004F466C74323A0000467265714F466C74E2
:10DA6000323A000051204F7363466C74323A000022
:10DA70004B6579466C774F46323A000042724D6FE3
:10DA8000644F46323A00000042724372764F46328B
:10DA90003A0000004C666F46204F46323A000000C4
:10DAA0004C666F44204F46323A0000004C666F428D
:10DAB000724F46323A0000004C666F54684F46324F
:10DAC0003A00000053777054204F46323A0000006D
:10DAD00053777044204F46323A0000004C696E6B19
:10DAE0004E7A466C743A00004D6F64654E7A466C0F
:10DAF000313A0000467265714E7A466C313A000048
:10DB000051204E7A46696C74313A00004B65794673
:10DB10006C774E46313A000042724D6F644E7A4641
:10DB2000313A000042724372764E7A46313A000032
:10DB30004C666F46204E7A46313A00004C666F4480
:10DB4000204E7A46313A00004C666F42724E7A4659
:10DB5000313A00004C666F54684E7A46313A000004
:10DB600053777054204E7A46313A00005377704410
:10DB7000204E7A46313A00004D6F64654E7A466C0D
:10DB8000323A0000467265714E7A466C323A0000B5
:10DB900051204E7A46696C74323A00004B657946E2
:10DBA0006C774E46323A000042724D6F644E7A46B0
:10DBB000323A000042724372764E7A46323A0000A0
:10DBC0004C666F46204E7A46323A00004C666F44EF
:10DBD000204E7A46323A00004C666F42724E7A46C8
:10DBE000323A00004C666F54684E7A46323A000072
:10DBF00053777054204E7A46323A0000537770447F
:10DC0000204E7A46323A00004E6F69736554696D52
:10DC1000653A00004E6F697365427274683A00009D
:10DC20004E6F6973654C766C3A0000004B65792045
:10DC3000547269673A00000042656E6452616E6713
:10DC4000653A000042656E64537465703A000000E6
:10DC500041757820496E3A004F63746176653A00E9
:10DC600053656D693A00000043656E74733A0000B5
:10DC700042726561746843433A0000006870315F26
:10DC8000667265713A0000006870315F713A000099
:10DC9000687031625F667265713A00006870316267
:10DCA0005F713A00636C69705F686967683A000089
:10DCB000636C69705F6C6F773A0000004E4E424DA6
:10DCC0006F6443616C3A0000302E332E33650000E0
:10DCD00076657273696F6E3A2000000057696E6452
:10DCE0007920310A20207665723A0A20202000002F
:10DCF000696E76616C696420476C6F62616C206547
:10DD0000666665637447726F75703A20256C75009E
:10DD100043757272656E742050617463683A0000D6
:10DD2000506368205061737465204D656E75000006
:10DD30005063682053776170204D656E7500000058
:10DD40005361766520476C626C204678204D656E85
:10DD5000750000004678204D656E75004F73633185
:10DD6000204D656E750000004F736332204D656E67
:10DD7000750000004F73632046696C746572203132
:10DD8000204D656E750000004F73632046696C740A
:10DD900065722032204D656E750000004E6F69730C
:10DDA000652046696C7465722031204D656E750082
:10DDB0004E6F6973652046696C7465722032204D20
:10DDC000656E75004E6F697365204D656E75000058
:10DDD000436F6D6D6F6E204D656E75005379737472
:10DDE000656D204D656E750043616C69627261748A
:10DDF000696F6E204D656E7500000000556E6162A2
:10DE00006C6520746F20616363657373207468654B
:10DE100020534420636172640000000025303364A5
:10DE20002E50415400000000436F756C64206E6FEB
:10DE300074206C6F61642066696C65004C6F61646E
:10DE400065643A00747970653A2025642C20646119
:10DE50007461313A2025642C206368616E6E656CB4
:10DE60003A202564000000004D3A25642C204C3AED
:10DE700025642C20443A2564000000004465666156
:10DE8000756C742120747970653A2025642C2064A7
:10DE9000617461313A2025642C206368616E6E657F
:10DEA0006C3A20256400000050617463683A2025B4
:10DEB000303364206E6F74206C6F616465642E2053
:10DEC0004E6F7468696E6720746F20736176652E7B
:10DED0000000000073697A653A200000436F756C9A
:10DEE00064206E6F74206372656174652066696C6E
:10DEF000650000005772697474656E00537973652C
:10DF00007820436F6D6D616E6420547970653A209E
:10DF100000000000206E6F7420737570706F727453
:10DF200065642E004552524F523A205379736578FA
:10DF3000206C656E6774682069732025642C2062EC
:10DF400075742073686F756C64206265203230369A
:10DF50002C206F7220370000616464723A202564BF
:10DF60002C2074656D705F7661723A2025642C20D8
:10DF700076616C3A2025640050617463683A20250C
:10DF800030336420646F6573206E6F742065786928
:10DF900073742E20637265617465206F6E652066F0
:10DFA000726F6D20636F70795F6275666665725F10
:10DFB00070617463680000006C6F616465642025A3
:10DFC00030336420706174636865732E0000000054
:10DFD000253033642E46580046783A202530336485
:10DFE00020646F6573206E6F742065786973742E7A
:10DFF00020637265617465206F6E652066726F6D57
:10E0000020676C6F62616C5F6275666665725F66E1
:10E0100078000000676C6F62616C5F6275666665B0
:10E02000725F6678207772697474656E20696E74A9
:10E030006F20253033642E465800000046783A2081
:10E0400025303364206E6F74206C6F616465642EBC
:10E05000204E6F7468696E6720746F2073617665F7
:10E060002E0000006678536F7572635061746368A8
:10E070003A2025640000000050617463683A20254E
:10E08000303364206E6F74206C6F616465642E2081
:10E0900043616E277420636F7079000042594521F7
:10E0A00000000000202020253033642020202000A4
:10E0B0004F63744F7363313A2025352E3366000069
:10E0C00053656D694F7363313A2025352E336600F1
:10E0D00046696E654F7363313A2025352E336600ED
:10E0E000426561744F7363313A2025352E336600E3
:10E0F0005361774F7363313A2025352E3366000024
:10E100005472694F7363313A2025352E336600000F
:10E1100050756C73654F7363313A2025352E336625
:10E120000000000050774F7363313A2025352E33BD
:10E130006600000050776D467265714F7363313A27
:10E140002025352E3366000050776D446570746865
:10E150004F7363313A2025352E336600537765655A
:10E160007044657074684F7363313A2025352E33DF
:10E1700066000000537765657054696D654F736381
:10E18000313A2025352E3366000000004272656169
:10E19000746844657074684F7363313A2025352E76
:10E1A0003366000042726561746841747461696E1F
:10E1B0004F7363313A2025352E3366004272656114
:10E1C000746843757276654F7363313A2025352E36
:10E1D00033660000427265617468546872657368E2
:10E1E0004F7363313A2025352E3366004C657665D2
:10E1F0006C4F7363313A2025352E336600000000E2
:10E200004F63744F7363323A2025352E3366000016
:10E2100053656D694F7363323A2025352E3366009E
:10E2200046696E654F7363323A2025352E3366009A
:10E23000426561744F7363323A2025352E33660090
:10E240005361774F7363323A2025352E33660000D1
:10E250005472694F7363323A2025352E33660000BD
:10E2600050756C73654F7363323A2025352E3366D3
:10E270000000000050774F7363323A2025352E336B
:10E280006600000050776D467265714F7363323AD5
:10E290002025352E3366000050776D446570746814
:10E2A0004F7363323A2025352E3366005377656508
:10E2B0007044657074684F7363323A2025352E338D
:10E2C00066000000537765657054696D654F736330
:10E2D000323A2025352E3366000000004272656117
:10E2E000746844657074684F7363323A2025352E24
:10E2F0003366000042726561746841747461696ECE
:10E300004F7363323A2025352E33660042726561C1
:10E31000746843757276654F7363323A2025352EE3
:10E320003366000042726561746854687265736890
:10E330004F7363323A2025352E3366004C6576657F
:10E340006C4F7363323A2025352E3366000000008F
:10E350004D6F64654F736346696C746572313A2022
:10E3600025640000467265714F736346696C74657D
:10E3700072313A2025352E33660000005146616324
:10E38000746F724F736346696C746572313A2025FD
:10E39000352E3366000000004B6579466F6C6C6F5C
:10E3A000774F736346696C746572313A2025352E58
:10E3B000336600004272656174684D6F644F736329
:10E3C00046696C746572313A2025352E336600003B
:10E3D0004C666F467265714F736346696C74657203
:10E3E000313A2025352E3366000000004C666F441C
:10E3F000657074684F736346696C746572313A2056
:10E4000025352E33660000004C666F4272656174DC
:10E41000684F736346696C746572313A2025352EF6
:10E42000336600004C666F5468726573684F73639F
:10E4300046696C746572313A2025352E33660000CA
:10E44000537765657044657074684F736346696C93
:10E45000746572313A2025352E3366005377656531
:10E460007054696D654F736346696C746572313AB7
:10E470002025352E3366000042726561746843754D
:10E480007276654F736346696C746572313A202504
:10E49000352E3366000000004D6F64654F73634690
:10E4A000696C746572323A202564000046726571A9
:10E4B0004F736346696C746572323A2025352E338A
:10E4C0006600000051466163746F724F7363466962
:10E4D0006C746572323A2025352E336600000000D8
:10E4E0004B6579466F6C6C6F774F736346696C74DC
:10E4F0006572323A2025352E33660000427265611E
:10E5000074684D6F644F736346696C746572323A18
:10E510002025352E336600004C666F467265714FBC
:10E52000736346696C746572323A2025352E336602
:10E53000000000004C666F44657074684F7363465A
:10E54000696C746572323A2025352E3366000000FE
:10E550004C666F4272656174684F736346696C7490
:10E560006572323A2025352E336600004C666F54B2
:10E5700068726573684F736346696C746572323A8A
:10E580002025352E3366000053776565704465702D
:10E5900074684F736346696C746572323A2025352E
:10E5A0002E336600537765657054696D654F7363EC
:10E5B00046696C746572323A2025352E3366000048
:10E5C00042726561746843757276654F736346691C
:10E5D0006C746572323A2025352E336600000000D7
:10E5E0004D6F64654E6F69736546696C746572330F
:10E5F0003A20256400000000467265714E6F697311
:10E600006546696C746572333A2025352E33660091
:10E6100051466163746F724E6F69736546696C74BD
:10E620006572333A2025352E336600004B657946F6
:10E630006F6C6C6F774E6F69736546696C74657249
:10E64000333A2025352E33660000000042726561A2
:10E6500074684D6F644E6F69736546696C7465725A
:10E66000333A2025352E3366000000004C666F4695
:10E670007265714E6F69736546696C746572333A81
:10E680002025352E336600004C666F446570746833
:10E690004E6F69736546696C746572333A2025352F
:10E6A0002E3366004C666F4272656174684E6F6906
:10E6B000736546696C746572333A2025352E33666E
:10E6C000000000004C666F5468726573684E6F6995
:10E6D000736546696C746572333A2025352E33664E
:10E6E00000000000537765657044657074684E6F74
:10E6F00069736546696C746572333A2025352E332B
:10E7000066000000537765657054696D654E6F69EA
:10E71000736546696C746572333A2025352E33660D
:10E720000000000042726561746843757276654E40
:10E730006F69736546696C746572333A2025352EAE
:10E74000336600004D6F64654E6F69736546696C92
:10E75000746572343A2025640000000046726571C9
:10E760004E6F69736546696C746572343A2025355D
:10E770002E33660051466163746F724E6F69736524
:10E7800046696C746572343A2025352E3366000074
:10E790004B6579466F6C6C6F774E6F697365466930
:10E7A0006C746572343A2025352E33660000000003
:10E7B0004272656174684D6F644E6F697365466936
:10E7C0006C746572343A2025352E336600000000E3
:10E7D0004C666F467265714E6F69736546696C74FD
:10E7E0006572343A2025352E336600004C666F443E
:10E7F000657074684E6F69736546696C74657234D0
:10E800003A2025352E3366004C666F42726561747E
:10E81000684E6F69736546696C746572343A202579
:10E82000352E3366000000004C666F5468726573C5
:10E83000684E6F69736546696C746572343A202559
:10E84000352E3366000000005377656570446570AF
:10E8500074684E6F69736546696C746572343A20EA
:10E8600025352E3366000000537765657054696D59
:10E87000654E6F69736546696C746572343A20251C
:10E88000352E33660000000042726561746843757E
:10E890007276654E6F69736546696C746572343A59
:10E8A0002025352E336600004E6F69736554696DFF
:10E8B000653A2025352E3366000000004E6F6973DF
:10E8C0006542726561746843757276653A202535D4
:10E8D0002E3366004E6F6973654C6576656C3A2021
:10E8E00025352E336600000042656E6452616E6706
:10E8F000653A2025352E33660000000042656E64BF
:10E90000537465703A2025640000000056696272F5
:10E9100061746F50697463683A2025352E33660040
:10E920004C696E6B4F736346696C746572733A2001
:10E93000256400004C696E6B4E6F69736546696CA7
:10E94000746572733A20256400000000466F726D92
:10E95000616E743A2025640058466164653A20254A
:10E96000640000004B65795472696767657253698A
:10E970006E676C653A202564000000007338315FD3
:10E98000383A2025352E33660000000043686F7248
:10E9900075734F6E3A20256400000000566962725C
:10E9A00061746F416D703A2025352E33660000008A
:10E9B000416D704C6576656C3A2025352E336600C6
:10E9C0004F6374427574746F6E4C6576656C3A2053
:10E9D00025352E3366000000456666656374734313
:10E9E000686F72757344656C6179313A2025352EF4
:10E9F000336600004566666563747343686F7275BD
:10EA0000734D6F64313A2025352E336600000000C7
:10EA10004566666563747343686F72757357657492
:10EA2000313A2025352E33660000000045666665C4
:10EA300063747343686F72757344656C6179323ABD
:10EA40002025352E33660000456666656374734382
:10EA5000686F7275734D6F64323A2025352E3366B8
:10EA6000000000004566666563747343686F7275E5
:10EA700073576574323A2025352E33660000000046
:10EA80004566666563747343686F72757346656542
:10EA9000646261636B3A2025352E33660000000006
:10EAA0004566666563747343686F7275734C666F11
:10EAB000467265713A2025352E33660045666665D7
:10EAC00063747343686F7275734472794C657665CD
:10EAD0006C3A2025352E33660000000045666665D9
:10EAE00063747344656C617954696D654C3A202593
:10EAF000352E336600000000456666656374734416
:10EB0000656C6179466565646261636B3A202535A1
:10EB10002E3366004566666563747344656C61797F
:10EB200044616D703A2025352E3366004566666572
:10EB300063747344656C61794C6576656C3A202525
:10EB4000352E3366000000004566666563747344C5
:10EB5000656C6179506F6E673A2025352E336600FB
:10EB6000456666656374735265766572625370615B
:10EB700072653A2025352E336600000045666665CD
:10EB80006374735265766572624C6576656C3A2083
:10EB900025352E3366000000456666656374735242
:10EBA000657665726244656E73654561726C793A2B
:10EBB0002025352E33660000456666656374735202
:10EBC000657665726254696D653A2025352E336627
:10EBD0000000000045666665637473526576657271
:10EBE0006244616D703A2025352E336600000000C6
:10EBF00064635F6272656174685468726573684FBC
:10EC00007363313A2025352E3366000020202025FD
:10EC10002B30336420202020000000002530336496
:10EC20002020200020202025303364206D53200038
:10EC30002020204F66662020202000002020204F2A
:10EC40006E2020202020000050617463683A202547
:10EC5000303364206E6F74206C6F616465642E20A5
:10EC600063616E2774207570646174652E00000006
:10EC7000636F70795F6275666665725F70617463F9
:10EC800068207772697474656E20696E746F2025D0
:10EC90003033642E5041540020202530346420202D
:10ECA00020200000202020204F6666202020200009
:10ECB00020204D6F6E6F28346B2920002020537464
:10ECC0006572656F202020002065725F43686F7257
:10ECD000757300002020576F6F6457696E642000C1
:10ECE0002020537472696E67202020002065725FB7
:10ECF000466F726D616E7400202020204C502020E1
:10ED000020202000202020204850202020202000EB
:10ED100020202020425020202020200020202020C1
:10ED20004E5443202020200020202020546872755B
:10ED3000202020002065725F466C746D6F64650052
:10ED40002020204D756C7469202000002020205365
:10ED5000696E676C6520000020202530342E3166F6
:10ED600020202000202020476C6F62616C20000072
:10ED70002020205061746368202000002025352E5B
:10ED8000316620487A000000FF00780180014302CC
:10ED9000880187018C018B01920191019501F60197
:10EDA000990198019A013D029E012002A801A70144
:10EDB000AD01AC01B001AF01B901B801BD01BC01A9
:10EDC000BF01F701C601C401C901C701CC01CA01D5
:10EDD000DD018E01F301F101F501F4013A02652C28
:10EDE0003C023B023E02662C420241025302810178
:10EDF000540286015602890157028A0159028F0185
:10EE00005B02900160029301630294016802970122
:10EE1000690296016B02622C6F029C0172029D01D5
:10EE200075029F017D02642C8002A6018302A90164
:10EE30008802AE01890244028A02B1018B02B2014A
:10EE40008C0245029202B7017B03FD037C03FE03A3
:10EE50007D03FF03AC038603C203A303CC038C032F
:10EE6000CD038E03CE038F03F203F903F803F703F8
:10EE7000FB03FA03CF04C0047D1D632C511F591FEF
:10EE8000531F5B1F551F5D1F571F5F1F781FF81F04
:10EE9000791FF91FB31FBC1FCC1FC31FE51FEC1F39
:10EEA000FC1FF31F4E21322184218321612C602C11
:10EEB000762C752C0019000069D4020000000000B7
:10EEC00074C00F40C00000000000000002000000FD
:10EED00050851F40010000003400000002000000C7
:10EEE00050851F40000000000100000002000000EB
:10EEF00054851F40010000003500000002000000A2
:10EF000054851F4000000000FF004000260018004C
:10EF10007C0000006100E01AE000E017F800E00764
:10EF20000001013032010106390101104A01012EB0
:10EF30007901010682010104A0010106B301010467
:10EF4000CD010110DE010112F80101282202011297
:10EF50004602010AAD03DB03B103E011C303E0097C
:10EF6000D80301183004E0205004B01060040122DE
:10EF70008A040136C104010ED00401446105D02683
:10EF8000001E0196A01E015A001F0808101F080647
:10EF9000201F0808301F0808401F0806601F0808C7
:10EFA000701F4A02721F5604761F64027A1F700295
:10EFB0007C1F7E02801F0808901F0808A01F0808F9
:10EFC000B01F0802D01F0802E01F08027021F010D5
:10EFD000D024E61A302CD02F672C0106802C016437
:10EFE000002D002641FFE01A1F1C1F1E1F1E1F1FA1
:10EFF0001E1F1E1F25303364000000002573000013
:10F0000045646974206E616D653A00006572205434
:10F010006F53796E00000000657220546F4469736D
:10F02000700000004142434445464748494A4B4C22
:10F030004D4E4F505152535455565758595A61627C
:10F04000636465666768696A6B6C6D6E6F70717218
:10F05000737475767778797A303132333435363760
:10F0600038397E21402324255E262A28295F2B2D2E
:10F0700060277C2F200000004361726420697320A8
:10F08000746F6F20736D616C6C2E0D0A00000000B0
:10F09000466F726D617420446F6E650D0A0000004A
:10F0A000466F726D6174204661696C65640D0A007B
:10F0B00042616420636C757374657220636F756E52
:10F0C000740D0A0044657669636520697320746F66
:10F0D0006F20736D616C6C0D0A00000057726974CB
:10F0E000696E672046415420000000005772697421
:10F0F000696E6720757063617365207461626C6509
:10F100000D0A000057726974696E6720726F6F7420
:10F110000D0A0000466F726D617420646F6E650D9C
:10F120000A000000466F726D6174206661696C654B
:10F13000640D0A00455846415400000081D4020085
:10F1400085D4020089D402008DD402006CC00F4027
:10F15000C0000000504F0000C14702000CFF00003B
:10F1600013000000000000000000000024851F4084
:10F170000BFF000013000000000000000000000072
:10F1800028851F400DFF0000130000000000000054
:10F190000000000020851F400A2524001300000005
:10F1A0001200000012000000010203000000000035
:10F1B0001C851F400000000000000000000000004F
:10F1C00000000000DD88020091BD00008988020077
:10F1D00095BD0000818802000000000000000000D2
:10F1E0008D0D0000790D000001080000510D000098
:10F1F000610E0000050D0000AD0C000000000000D5
:10F2000000000000815E020000000000000000001D
:10F21000CDED02000000000000000000315B0200A4
:10F220000000000000000000315602000000000055
:10F2300000000000B56002000000000000000000B7
:10F24000DD88020091BD00008988020095BD0000A4
:10F25000818802000000000000000000214B020035
:10F2600000000000000000003592020000000000D5
:10F270000000000079210200852102007D210200AA
:10F2800085220200F52902002529020081290200B9
:10F290002128020001240200352E020095210200DF
:10F2A00009210200C52A0200F5200200F92002000F
:10F2B000012102000521020019240200552C020040
:10F2C000DD2B020035270200ED200200FD200200A8
:10F2D000352D02005D2A0200F92102000000000025
:10F2E0000000000065D6020099F7020095F70200C1
:10F2F00091F702008DF70200B5D70200B9D70200DE
:10F3000089F702000000000000000000AD5202007A
:10F3100000000000000000008D5602000000000008
:10F32000000000008D5002000000000000000000FE
:10F3300035BF00000000000000000000B1540200D2
:10F34000000000000000000019D30200EDD602000A
:10F3500085CD0200DDCE0200A5CD020049CE02001F
:10F36000CDCD020061CF0200F9CE020081CD0200B6
:10F3700000000000000000009D4E0200A14B0200B2
:10F38000AD4F0200A54B0200CD4E02000000000070
:10F39000000000008D70020000000000000000006E
:10F3A00089640200000000000000000069BF000046
:10F3B0000000000000000000C9BE000000000000C6
:10F3C00000000000415502000000000000000000A5
:10F3D000D965020000000000000000005D59020035
:10F3E0000000000000000000999D020000000000E5
:10F3F00000000000B9AC02000000000000000000A6
:10F40000BD69020000000000000000009DBD00007A
:10F4100005C0000001080000050800000000000011
:10F4200000000000E10B0000AD0E0000010800002C
:10F43000350C0000FD0A00005D0B0000B50B00005C
:10F44000B9100000790F000000000000000000006B
:10F450009DBD000005C00000010800000508000077
:10F46000000000000000000095CD0100A5CD0100C6
:10F4700000000000000000008D0D0000790D00006C
:10F4800001080000510D0000610E0000050D000094
:10F49000AD0C00000000000000000000F10E0000B4
:10F4A000310F0000ED0C0000650D0000150E00008E
:10F4B000950C00003D0D00004509000029100000DA
:10F4C0005D0C0000790C00001D0800000908000018
:10F4D000F5080000C50C000045080000D509000033
:10F4E0008D0A00001D0A000081090000C10D000006
:10F4F0000000000000000000CDED0200EDD602008B
:10F500000108000005080000CDED0200CDED02006D
:10F51000CDED02000000000000000000BDCE0100A3
:10F5200045CF010055CF010065D1010029D101006F
:10F5300071D00100D5D001001DD001009DD1010086
:10F540008DD20100C9D20100A5D301000000000046
:10F550000000000015C2020041C2020001080000C4
:10F5600011C20200EDC10200B9960200F9C1020009
:10F5700000000000000000001530020019300200F9
:10F58000852E02000934020051400200D1390200E8
:10F59000351702004530020021400200614102009F
:10F5A000593A02008D0F020079370200A52F0200A0
:10F5B000B12F0200792E02007D2E0200812E020062
:10F5C000BD2F0200E12F0200053002008534020049
:10F5D000293002005D320200D1340200A53502005C
:10F5E000DDC70200E1C70200E9C70200F1C702005F
:10F5F000D8399D270054EA2A00A4781F007B9A1767
:10F600002C2066756E6374696F6E3A2000000000EE
:10F61000617373657274696F6E2022257322206690
:10F6200061696C65643A2066696C652022257322E5
:10F630002C206C696E65202564257325730A0000F3
:10F64000A2000000F9A2000083F9A2006E83F9A2D3
:10F650004E6E83F9444E6E8315444E6E2915444E0A
:10F66000FC29154427FC29155727FC29D15727FCCD
:10F67000F5D1572734F5D157DD34F5D1C0DD34F558
:10F68000DBC0DD3462DBC0DD9562DBC0999562DBF7
:10F690003C999562433C999590433C994190433CF9
:10F6A00042616C6C6F632073756363656564656448
:10F6B000000000002F646174612F6A656E6B696ED3
:10F6C000732F776F726B73706163652F474E552D83
:10F6D000746F6F6C636861696E2F61726D2D31316B
:10F6E0002F7372632F6E65776C69622D637967770C
:10F6F000696E2F6E65776C69622F6C6962632F7318
:10F7000074646C69622F6D707265632E6300000013
:10F7100000202020202020202020282828282820E1
:10F7200020202020202020202020202020202020D9
:10F730002088101010101010101010101010101041
:10F740001004040404040404040404101010101031
:10F7500010104141414141410101010101010101FB
:10F76000010101010101010101010101101010104D
:10F7700010104242424242420202020202020202CD
:10F780000202020202020202020202021010101021
:10F790002000000000000000000000000000000049
:10F7A0000000000000000000000000000000000059
:10F7B0000000000000000000000000000000000049
:10F7C0000000000000000000000000000000000039
:10F7D0000000000000000000000000000000000029
:10F7E0000000000000000000000000000000000019
:10F7F0000000000000000000000000000000000009
:10F8000000000000000000000000000000000000F8
:10F8100000000000496E66696E697479000000009E
:10F820004E614E002F646174612F6A656E6B696E64
:10F83000732F776F726B73706163652F474E552D11
:10F84000746F6F6C636861696E2F61726D2D3131F9
:10F850002F7372632F6E65776C69622D637967779A
:10F86000696E2F6E65776C69622F6C6962632F73A6
:10F8700074646C69622F64746F612E630000000011
:10F88000494E4600696E66004E414E006E616E0044
:10F890003031323334353637383961626364656606
:10F8A00000000000303132333435363738394142C8
:10F8B0004344454600000000286E756C6C2900002A
:10F8C0003000000020202020202020202020202088
:10F8D0002020202020202020202020202020202028
:10F8E0002020202000000042C8801F40B8821F4016
:10F8F0000800000000000042C4801F40B4821F4086
:10F900000400000000C0004224801F4014821F40F9
:10F910001000000000C0004228801F4018821F40D5
:10F920002000000000C000422C801F401C821F40AD
:10F930004000000000C0004234801F4024821F406D
:10F94000000100000040004264811F4054831F40BA
:10F95000000400000040004280811F4070831F406F
:10F9600000000200004000427C811F406C831F4069
:10F97000000001000040004268811F4058831F4082
:10F9800000080000004000423C811F402C831F40C3
:10F99000010000000040004244811F4034831F40AA
:10F9A000040000000040004240811F4030831F409F
:10F9B000020000000040004248811F4038831F4081
:10F9C000080000000000004204811F40F4821F4034
:10F9D000000004000000004208811F40F8821F4020
:10F9E000000008000000004218811F4008831F40EB
:10F9F000000080000000004214811F4004831F406B
:10FA0000000040000000004200811F40F0821F40C3
:10FA10000000020000000042FC801F40EC821F40FA
:10FA2000000001000000004224811F4014831F4099
:10FA3000000000040000004228811F4018831F407E
:10FA400000000008000000421C811F400C831F4082
:10FA5000000000010000004220811F4010831F4071
:10FA60000000000200000042EC801F40DC821F40CA
:10FA70000010000000000042F0801F40E0821F40A4
:10FA8000002000000000004234811F4024831F40FA
:10FA9000000000400000004238811F4028831F40C2
:10FAA000000000800080004294801F4084821F403C
:10FAB0000000040000C0004290801F4080821F4070
:10FAC0000000008000800042A8801F4098821F40F4
:10FAD0000000800000800042A4801F4094821F40EC
:10FAE00000004000004000426C811F405C831F40CA
:10FAF0000010000000C0004230801F4020821F40E4
:10FB00008000000000400042B0811F40A0831F40E1
:10FB10000000002000400042AC811F409C831F4039
:10FB2000000000100040004284811F4074831F4089
:10FB3000000004000040004288811F4078831F407D
:10FB400000000800000000422C811F401C831F4061
:10FB5000000000100000004230811F4020831F4041
:10FB600000000020000000420C811F40FC821F406A
:10FB7000000010000000004210811F4000831F4061
:10FB80000000200000800042C8811F40B8831F4051
:10FB90000080000000800042C4811F40B4831F40E9
:10FBA0000040000000800042C0811F40B0831F4021
:10FBB0000020000000800042BC811F40AC831F4039
:10FBC0000010000000800042D0811F40C0831F4011
:10FBD0000000020000800042CC811F40BC831F4017
:10FBE0000000010000C0004274801F4064821F407A
:10FBF0000000000100C0004280801F4070821F4052
:10FC00000000000800C0004284801F4074821F4032
:10FC10000000001000C000426C801F405C821F404A
:10FC20000000400000C000427C801F406C821F40EA
:10FC30000000000400C0004278801F4068821F401E
:10FC40000000000200C0004288801F4078821F40F0
:10FC50000000002060EA000057726974696E672036
:10FC600063757272656E7450617463684E756D620F
:10FC700065722028253033642920746F2045455053
:10FC8000524F4D0057726974696E6720766F6C2011
:10FC900028253033642920746F20454550524F4D3C
:10FCA0000000000057726974696E67206D69785FA3
:10FCB0006C696E65696E2028253033642920746F65
:10FCC00020454550524F4D0057726974696E672048
:10FCD0006678536F75726365506174636820282578
:10FCE0003033642920746F20454550524F4D000039
:10FCF00057726974696E672046696E6554756E65E2
:10FD000043656E74732028253033642920746F2076
:10FD1000454550524F4D000057726974696E672017
:10FD20005472616E73706F736520282530336429B7
:10FD300020746F20454550524F4D00005772697432
:10FD4000696E67204F6374617665202825303364BF
:10FD50002920746F20454550524F4D0057726974E9
:10FD6000696E67206272656174685F63632028252D
:10FD70003033642920746F20454550524F4D0000A8
:10FD800057726974696E6720687031662028253063
:10FD900033642920746F20454550524F4D000000B8
:10FDA00057726974696E6720687031712028253038
:10FDB00033642920746F20454550524F4D00000098
:10FDC00057726974696E67206870316266202825F1
:10FDD0003033642920746F20454550524F4D000048
:10FDE00057726974696E67206870316271202825C6
:10FDF0003033642920746F20454550524F4D000028
:10FE000057726974696E67204E4E424D6F6443614C
:10FE10006C2028253033642920746F2045455052CA
:10FE20004F4D000057726974696E6720616D7043B1
:10FE30006C697048696768496478202825303364A4
:10FE40002920746F20454550524F4D0057726974F8
:10FE5000696E6720616D70436C69704C6F7749649F
:10FE6000782028253033642920746F20454550526E
:10FE70004F4D00000000003F849C073FD6AC0F3F71
:10FE8000F837183F2045213F0ADC2A3FF704353F69
:10FE90008EC83F3FFD2F4B3FF644573FF511643F5F
:10FEA000BAA1713F0000803F7C9C873FD6AC8F3F5A
:10FEB000EF37983F1745A13F0ADCAA3FF704B53F4B
:10FEC00086C8BF3FF52FCB3FFE44D73FED11E43F3F
:10FED000C2A1F13F000000407C9C0740D6AC0F401F
:10FEE000EF371840174521400ADC2A40F30435401B
:10FEF00086C83F40F52F4B40FE445740F111644007
:10FF0000BEA1714000008040050000001900000003
:10FF10007D0000000A207367746C3A0A203078254F
:10FF2000303458007265616420656570726F6D5F72
:10FF300070617463684E756D626572202825303378
:10FF4000642900006C6F616450617463684E756D64
:10FF5000626572454550524F4D2028253033642943
:10FF6000206F7574206F662072616E67652E207336
:10FF7000657420746F203030302E0000726561642B
:10FF800020656570726F6D5F46696E6554756E654C
:10FF900043656E7473202825303364290000000007
:10FFA000656570726F6D5F46696E6554756E654309
:10FFB000656E747320282530336429206F75742092
:10FFC0006F662072616E67652E0000007265616465
:10FFD00020656570726F6D5F5472616E73706F73C0
:10FFE00065202825303364290000000065657072A3
:10FFF0006F6D5F5472616E73706F7365202825306A
:02000004600496
:10000000336429206F7574206F662072616E676596
:100010002E0000007265616420656570726F6D5F0F
:100020004F63746176652028253033642900000011
:10003000656570726F6D5F4F63746176652028250A
:1000400030336429206F7574206F662072616E678B
:10005000652E00007265616420656570726F6D5F6A
:100060006272656174685F63632028253033642998
:1000700000000000656570726F6D5F62726561748B
:10008000685F636320282530336429206F757420EE
:100090006F662072616E67652E0000007265616494
:1000A00020656570726F6D5F6D69785F6C696E65F4
:1000B000696E202825303364290000007265616470
:1000C00020656570726F6D5F766F6C202825303308
:1000D000642900007265616420656570726F6D5FF0
:1000E0006678536F75726365506174636820282564
:1000F000303364290000000072656164206565701A
:10010000726F6D5F68703166202825303364290076
:100110007265616420656570726F6D5F68703171C2
:10012000202825303364290072656164206565707C
:10013000726F6D5F687031626620282530336429E4
:10014000000000007265616420656570726F6D5F0C
:100150006870316271202825303364290000000066
:100160007265616420656570726F6D5F4E4E424DC1
:100170006F6443616C20282530336429000000003F
:100180007265616420656570726F6D5F616D70434B
:100190006C69704869676849647820282530336441
:1001A000290000007265616420656570726F6D5F83
:1001B000616D70436C69704C6F77496478202825B5
:1001C00030336429000000006C6F61645061746317
:1001D000684E756D626572454550524F4D20282519
:1001E000303364292000000063757272656E745F9D
:1001F00070617463684E756D6265722028253033B6
:1002000064292000000092012403B6044806D9079F
:100210006B09FB0A8C0C1C0EAB0F3A11C81255145B
:10022000E2156E17F918831A0C1C931D1A1F9F20D4
:100230002422A7232825A8262728A4291F2B992C68
:10024000112E872FFC306E32DF334E35BA3625380B
:100250008D39F33A573CB83D173F7440CE412643A1
:100260007B44CD451D476A48B449FB4A404C814D0B
:10027000C04EFB4F345169529B53CA54F6551E571A
:1002800043586459825A9D5BB45CC85DD75EE45F95
:10029000EC60F161F262EF63E964DE65D066BD6730
:1002A000A7688C696E6A4B6B246CF96CCA6D976E8B
:1002B0005F6F2370E3709E7155720873B67360743C
:1002C0000575A6754276D9766C77FB7785780A79BD
:1002D0008A79067A7D7AEF7A5D7BC67B2A7C897C77
:1002E000E47C3A7D8A7DD67D1E7E607E9D7ED67EB4
:1002F0000A7F387F627F877FA77FC27FD97FEA7FAF
:10030000F67FFE7FFF7FFE7FF67FEA7FD97FC27F89
:10031000A77F877F627F387F0A7FD67E9D7E607E43
:100320001E7ED67D8A7D3A7DE47C897C2A7CC67BD4
:100330005D7BEF7A7D7A067A8A790A798578FB7710
:100340006C77D9764276A67505756074B6730873B6
:1003500055729E71E37023705F6F976ECA6DF96C72
:10036000246C4B6B6E6A8C69A768BD67D066DE65CE
:10037000E964EF63F262F161EC60E45FD75EC85D4F
:10038000B45C9D5B825A645943581E57F655CA5453
:100390009B5369523451FB4FC04E814D404CFB4A38
:1003A000B4496A481D47CD457B442643CE4174403D
:1003B000173FB83D573CF33A8D392538BA364E359C
:1003C000DF336E32FC30872F112E992C1F2BA4297E
:1003D0002728A8262825A72324229F201A1F931DFB
:1003E0000C1C831AF9186E17E2155514C8123A112D
:1003F000AB0F1C0E8C0CFB0A6B09D9074806B60420
:100400002403920100006EFEDCFC4AFBB8F927F8D9
:1004100095F605F574F3E4F155F0C6EE38EDABEB67
:100420001EEA92E807E77DE5F4E36DE2E6E061DFCE
:10043000DCDD59DCD8DA58D9D9D75CD6E1D467D31A
:10044000EFD179D004CF92CD21CCB2CA46C9DBC757
:1004500073C60DC5A9C348C2E9C08CBF32BEDABCA1
:1004600085BB33BAE3B896B74CB605B5C0B37FB217
:1004700040B105B0CCAE97AD65AC36AB0AAAE2A8E8
:10048000BDA79CA67EA563A44CA338A229A11CA04D
:10049000149F0F9E0E9D119C179B229A3099439892
:1004A000599774969295B594DC9307933692699117
:1004B000A190DD8F1D8F628EAB8DF88C4A8CA08B46
:1004C000FB8A5A8ABE892789948805887B87F686A5
:1004D0007686FA8583851185A3843A84D6837783CB
:1004E0001C83C68276822A82E281A08163812A816E
:1004F000F680C8809E80798059803E802780168053
:100500000A800280008002800A80168027803E8058
:10051000598079809E80C880F6802A816381A0817D
:10052000E2812A827682C6821C837783D6833A84CC
:10053000A38411858385FA857686F6867B87058870
:1005400094882789BE895A8AFB8AA08B4A8CF88CAA
:10055000AB8D628E1D8FDD8FA190699136920793CE
:10056000DC93B59492957496599743983099229A52
:10057000179B119C0E9D0F9E149F1CA029A138A2B1
:100580004CA363A47EA59CA6BDA7E2A80AAA36AB8D
:1005900065AC97ADCCAE05B040B17FB2C0B305B588
:1005A0004CB696B7E3B833BA85BBDABC32BE8CBF63
:1005B000E9C048C2A9C30DC573C6DBC746C9B2CAE4
:1005C00021CC92CD04CF79D0EFD167D3E1D45CD6E2
:1005D000D9D758D9D8DA59DCDCDD61DFE6E06DE245
:1005E000F4E37DE507E792E81EEAABEB38EDC6EEF3
:1005F00055F0E4F174F305F595F627F8B8F94AFBE0
:10060000DCFC6EFE0000000000A019A01AA01BA0D8
:100610001CA01EA020A022A024A026A027A027A0C6
:1006200027A025A021A01DA017A010A007A0FD9F16
:10063000F29FE69FDA9FCD9FC19FB59FA99F9F9F85
:10064000969F8F9F8B9F899F8A9F8D9F949F9E9F30
:10065000AB9FBA9FCD9FE19FF79F0FA028A041A01D
:100660005AA071A087A09BA0ADA0BAA0C4A0CAA0A8
:10067000CBA0C7A0BEA0B0A09EA087A06BA04DA09D
:100680002BA007A0E19FBB9F959F709F4D9F2E9F22
:10069000129FFC9EEA9EDF9EDA9EDD9EE69EF69EFF
:1006A0000D9F2B9F4F9F789FA69FD79F0AA03FA08B
:1006B00074A0A8A0D9A006A12EA151A16CA17FA1D0
:1006C0008AA18BA183A172A157A134A108A1D4A0B2
:1006D0009AA05BA018A0D39F8D9F489F069FC79E9E
:1006E0008F9E5E9E369E189E049EFD9D019E129ECC
:1006F0002F9E589E8C9ECA9E119F609FB49F0CA0F7
:1007000067A0C1A018A16BA1B8A1FCA135A263A2EA
:1007100082A294A296A288A26AA23DA200A2B7A138
:1007200060A100A196A027A0B39F3F9FCC9E5E9E94
:10073000F79D9A9D499D079DD59CB69CAA9CB29C0D
:10074000CE9CFF9C449D9C9D049E7C9E009F8D9F03
:1007500022A0B9A050A1E4A16FA2F0A262A3C3A3FA
:100760000FA444A460A462A44AA415A4C6A35EA3D3
:10077000DDA247A29EA1E5A022A0579F8A9EBF9D11
:10078000FC9C459C9F9B0F9B989A409A089AF399D2
:10079000049A3A9A979A199BBF9B869C6A9D689E79
:1007A0007A9F9AA0C3A1ECA211A428A52AA612A7F9
:1007B000D6A772A8E0A81AA91CA9E4A86FA8BEA78A
:1007C000D1A6AAA54DA4C0A209A12F9F3D9D3D9BE6
:1007D000399940975C959D931192C490C58F228F53
:1007E000E78E208FD98F1A91ED9257955E98049CD1
:1007F0004BA032A5B4AACEB077B7A7BE52C66DCE75
:10080000E7D6B3DFBFE8F9F150FBB004536176657A
:10081000476C6F62616C4678000000005061746341
:100820006850617374652E2E2E0000005061746351
:1008300068537761702E2E2E0000000046782E2E11
:100840002E0000004F7363312E2E2E004F73633243
:100850002E2E2E004F736346696C74312E2E2E009F
:100860004F736346696C74322E2E2E004E6F69737F
:100870006546696C74312E2E2E0000004E6F697330
:100880006546696C74322E2E2E0000004E6F69731F
:10089000652E2E2E000000005061746368436F6D5A
:1008A0006D6F6E2E2E2E000053797374656D2E2E93
:1008B0002E00000043616C6962726174696F6E2E74
:1008C0002E2E00004C435F434F4C4C4154450000DA
:1008D0004C435F4354595045000000004C435F4D6A
:1008E0004F4E4554415259004C435F4E554D455271
:1008F000494300004C435F54494D45004C435F4D14
:1009000045535341474553004DC8010035C80100C8
:10091000B5C70100BF02040204050103050A140063
:10092000FC0DFC0D00027C0547104520084A433FA2
:10093000FFAF00210D4A433F91D07F8F11EAC901DB
:10094000220F4A433F899144245145F2FC3500234C
:100950001D4A433FB942A5502934838146A152A87C
:10096000149AC140A35029540A3D4300241D4A4310
:100970003F916CB0519828540A9542369829540AF0
:100980009542A2B019CCF4E400251A4A433FF1C4C1
:10099000C24431082D74429D50A7180D121285894A
:1009A000644F0B261E4A433FCD4CA152A814AA41C6
:1009B0004E3753A8240A9B8946B3186406113D2973
:1009C00000270B4A433F91D0619EBF02280F4A4344
:1009D0003F99CE5027F452A8B42706290F4A433F27
:1009E00089D25029F44EA8B367012A144A433F27FD
:1009F0004612D52034188806298948A2E7182B0EFC
:100A00004A433F4742ABC14025B4E71C2C0B4A4345
:100A10003FFF7237DB13012D0B4A433F5F0C067A11
:100A2000BE052E0A4A433F7FBEBBA7062F124A438C
:100A30003F13A14EA813EA843AA14EA86701301DC6
:100A40004A433F916E909288241A9144241149445C
:100A50001291462292A806393D390031114A433F8E
:100A6000916E36482984FED560A0A70532174A4307
:100A70003FCD2025D1882422A19D6CA633140E06DB
:100A80007A5A0033194A433FCD2025D1882422A128
:100A90004EB6341149441A896A90A70634154A4360
:100AA0003F5D50371BA4142289C69BC14027744F59
:100AB0000C35164A433FC56020117A319A288526A5
:100AC000228D4435C85303361C4A433FCD2025D1DF
:100AD0008832428BD1442392882422894823510DA5
:100AE000F2D40037144A433FC56020B413EA843A75
:100AF000A14EA813EA5900381E4A433FCD2025D104
:100B0000882422894823510D52128D48229288341C
:100B100012D5204F0D391C4A433FCD2025D18824C2
:100B200022894822D248460BA14D4823510DF2D4C8
:100B3000003A0D4A433F2F777B26BB3D35003B0DE6
:100B40004A433F2F777B26BBD99E083C0D4A433F43
:100B50005D50E74B5FE689013D0E4A433FB7838115
:100B60009E7830D0730B3E0C4A433F49D2EF7C98BD
:100B700067023F154A433FCD2025D188242289486A
:100B8000E7D01E23D4930340204A433FCD2025D1F4
:100B900088249241443190284C14260A13C52023FE
:100BA000112935A2819E18411E4A433F916E9092B1
:100BB00088241A91442411490603894822928824E2
:100BC0002289484F0B421A4A433FC540251169FC10
:100BD000443418698C24228948A2D10CF6D40043ED
:100BE000144A433FCD2025D18824427FA491A806F2
:100BF000796A00441E4A433FC560A431928824228A
:100C000089482292882422894822926834833D357B
:100C10000045134A433FC56020117A3818093D1C2E
:100C20000CF4B40046104A433FC56020117A3818CE
:100C3000097DCF04471C4A433FCD2025D18824425B
:100C40002783884822928824228D643448E46901ED
:100C5000481F4A433F85482292882422894822928D
:100C60000C0612914424114944129144A4A7054949
:100C7000104A433FC560A012FA5F0D067A5A004A37
:100C8000104A433FD16026F4371E29647B72004B23
:100C90001A4A433F85482292683C114944039544CF
:100CA0002411693C9288F4B4004C0D4A433F85D02E
:100CB000FFE160A0A7054D1D4A433F85482292FCF5
:100CC00060205198284C14260A1391442411494459
:100CD0007A5A004E214A433F8548B2916C2483885A
:100CE0006410B1305198480611C920A29968262293
:100CF00089484F0B4F1E4A433FCD2025D1882422DF
:100D00008948229288242289482292883412D52048
:100D10004F0D50174A433FC560A431928824228961
:100D200048A2D10C4642EF990051204A433FCD20C2
:100D300025D1882422894822928824228948A230F9
:100D4000910C3212D540A9A700521B4A433FC560FF
:100D5000A431928824228948A2D10C461291C6233C
:100D600089484F0B53184A433FCD2025D188244250
:100D7000A572903494883412D5204F0D540D4A43F7
:100D80003FC560A012FABF2707551E4A433F85485A
:100D900022928824228948229288242289482292F9
:100DA000883412D5204F0D561B4A433F8548229266
:100DB0008824228D442411495483D82036C809ED53
:100DC000C901571D4A433F854822928824228948F9
:100DD000A2305198284C14269F8824223D2D00587B
:100DE0001D4A433F854822D2484412D52036C8E9DF
:100DF00006B1414A2292684412919E1659144A4300
:100E00003F854822D2484412D52036C809FD9E1C91
:100E10005A134A433FC56020B433D419EA0C858382
:100E2000819E165B0E4A433FC96024F43F1CEC8947
:100E3000015C124A433FB15029540A9542A55029FA
:100E4000D4D3025D0D4A433FC960E8FF68B027066E
:100E50005E0E4A433F916E909268447AFE165F0A96
:100E60004A433FFFEDE09E00600A4A433F8DD29E19
:100E70007F0861174A433F0F07228D5033184444BF
:100E8000129144A41928F2B40062174A433F85D056
:100E900017A3894624114944129164A251ECA90177
:100EA00063114A433F0F07228D44E852231AE88911
:100EB0000164184A433F9DD0A3854632114944122C
:100EC0009144A4918C167A5A0065154A433F0F0746
:100ED00029894624190C2442A54634D013036612EE
:100EE0004A433FD1202511494442D96026F47B066C
:100EF00067194A433FEF068A8866A2F1D140A41CD5
:100F00006C44129144A4194C0068174A433F85D0A1
:100F100017A38946241149441291442411E9690117
:100F200069104A433F4BA11E3108FAD560A0A705BE
:100F30006A104A433F63A11E3108FA1B3F1A48005A
:100F40006B154A433F85D0372622856A101BA8249B
:100F5000228D919E166C0E4A433FC920E8FF6A30ED
:100F6000D0D3026D184A433FCF123683814461A229
:100F7000305198284C14260A7B5A006E164A433F7B
:100F8000CF14A38946241149441291442411E969DC
:100F9000016F164A433F0F0729894624114944121D
:100FA0009146A21AE4A90170174A433FCF14A389BE
:100FB0004624114944129164A2518C84EE007116AA
:100FC0004A433F0F171AC94424114944129146322B
:100FD0005A08BD00720F4A433FCF1483D04423F414
:100FE0003D0B0073134A433FEF061B914439580AE7
:100FF0002522CD604F0C740F4A433F43678399D03D
:1010000027AA419E1875164A433FCF4412914424A3
:10101000114944129146325AE8690176144A433F15
:10102000CF441291462292A806B1414EA8270777D5
:10103000174A433FCF44129144245198284C142618
:10104000838146A2270678144A433FCF441A896A0F
:101050009013EA06298946A4A705791B4A433FCF86
:101060004412914424114944129146325A082522CF
:101070008D4435C8007A0F4A433FEF0683A0CE87E0
:1010800083419E167B114A433FD52025F46A901474
:101090007A39C8D3027C0B4A433F91D0FF7B720060
:1010A0007D104A433FC52029F47290127A35C83327
:1010B0007E0D4A433FC9C4C244B2E7DF01A0084ADB
:1010C000433FFFAF00A10D4A433F91508F11FAEF0C
:1010D000C901A2174A433FB95037484934A28CD0BE
:1010E0002824510D72423D3900A3184A433FF9208C
:1010F0002511494442D96026341BA812098BC99E88
:1011000016A4174A433FFB5C42B1900C0619BF1965
:101110000C228A8522976706A5144A433FB3129191
:1011200046A21AA40633D96026744F0EA60C4A4371
:101130003F91D07B42DF9303A71B4A433FCD20253D
:10114000D118090729894AA292A8064191C64435B7
:10115000C85303A80B4A433F899144CF7F02A92378
:101160004A433FC3414AA2114912834424114944CE
:1011700012A148229288240689884823510DF2D46E
:1011800000AA184A433FCD4014126A0683884822B9
:10119000D20C14E1C140CF3300AB1B4A433FD348CC
:1011A0004A215288142285482153C81432854C2183
:1011B0008BE46901AC0F4A433FCF0603C96020B4FA
:1011C000E71900AD0A4A433F9F0CF67C0CAE224A59
:1011D000433FC3414AA21149128344241149441296
:1011E0008344245152915044441A896A90A706AF0F
:1011F0000B4A433F6C30D0F33F03B0114A433F9159
:101200006E90928824AA414ECF2F01B1114A433FDC
:10121000E742D560A012EA07033D1700B20E4A4329
:101220003FCD4C21D4391CE8F91AB3104A433FCDC5
:101230004C21D429550AD99ECF01B40A4A433F957F
:10124000CE9E7F0AB5114A433F5F68FC378BCD4085
:101250009111DA4300B6244A433FC96010190C24A7
:10126000038564A0900C149A4142A55029540A9514
:1012700042A55029540A3D2D00B70A4A433F2F7713
:10128000F77C03B80C4A433FFFB952A5908D00B9D3
:101290000D4A433F8D6EE8DD20CFE700BA124A4386
:1012A0003FCD4C21D2F84821DB0F0679DE01BB1A75
:1012B0004A433FB3484C2153C81432854C215288CD
:1012C00014228548A18AE419BC194A433F49509920
:1012D000CA84329360492A228A24329141B29E1DE7
:1012E00000BD194A433F495099CA84329360852A08
:1012F00011C9A422A96070906706BE194A433FC570
:1013000034274A45329360492A228A243291813017
:10131000996707BF154A433F91508F11DA39928878
:1013200024228D4435C85303C01D4A43B3D21EA3A3
:101330001BA4241A91442411490603894822928847
:1013400024223D2D00C11D4A433F42678FD10D52DB
:10135000128D482292882483814424114944129199
:101360009E16C21F4A43BB6E9092E811BA414AA230
:101370001149441291643090882422894822D2D3A2
:1013800002C3204A43B724341845F410DD2025D188
:101390008824228948321848441291442411E9696A
:1013A00001C4204A43B34424D1237483944424D1F8
:1013B0008824228948321848441291442411E9694A
:1013C00001C5224A43CF2025114954833C44374864
:1013D000493422894822920C06129144241149442E
:1013E0007A5A00C61F4A433FD140344829540A91D3
:1013F0004424110D06122389482292882422C920F0
:101400004F0BC7174A433FCD2025D18824427FA4E4
:1014100091A80639A54A211B01C8134A43B3D27EBD
:101420003090081D0E46428783819E16C9144A4398
:10143000BFCE1E311848840E0723A1C3C1404F0BF5
:10144000CA164A43BB6E9092A8070389D0E1602474
:10145000743818E86901CB164A43B34424D1030712
:101460000389D0E16024743818E86901CC0F4A433D
:10147000B7D27E3013FA67833D3100CD0F4A43BFA8
:10148000CE1E329809FDB3C19E18CE114A43BB6EE1
:101490009092C80733A17F36D81303CF104A43B3C5
:1014A0004424910F6642FFD9604F0CD01E4A433F3F
:1014B000C560A43192882422894831901849441289
:1014C000914424D168067B6A00D1224A43B7243470
:1014D0001845E422C94632884806110B13858964F1
:1014E00010910C229A894822D2D302D21D4A43B7C6
:1014F000D21E3148493422894822928824228948C0
:1015000022D24854833C3500D31D4A43BFCE1E33FC
:101510004849342289482292882422894822D24884
:1015200054833C3500D41E4A43BB6E9092E8072991
:10153000894624114944129144241149441A896A64
:1015400090A706D5204A43B724341845F488414A69
:10155000A211494412914424114944129146A21AFD
:10156000E4A901D61F4A43B34424D10F52128D4837
:101570002292882422894822928824228D4435C8C8
:101580005303D7134A433FCF521923856C375388EF
:10159000349A549E18D8234A433F3A341049349A17
:1015A0008966224948240989242151442C22161194
:1015B000C9C6443410E50901D91C4A43B7D25C249A
:1015C00011494412914424114944129144A491A810
:1015D00006796A00DA1D4A43BFCE1E219288242272
:1015E00089482292882422894822D24854833C3553
:1015F00000DB1E4A43BB6E9092A845129144241111
:101600004944129144241149441A896A90A706DC7E
:101610001F4A43B34424518B2422894822928824B0
:1016200022894822928824228D4435C85303DD162E
:101630004A43BFCE1E2192883412914435880D72E0
:1016400042EFC901DE124A433F89D07030D2F86FB1
:101650000623A13D0B00DF174A433FD14C21D2782E
:10166000A259A8142A8948E32722859E1AE0184A1D
:10167000433FB5D27EB0110935834144241149441A
:101680009A81224F0BE1194A433FBDCE1E32D888C2
:10169000849AC1202292882422CD4091A705E21B82
:1016A0004A433FB96E9092C8071B91503318444487
:1016B000129144A41928F2B400E31C4A433FB52414
:1016C000341845F4838D48A8190C2222894822D267
:1016D0000C14795A00E41A4A433F3B8948221F6C94
:1016E0004442CD6010114944129166A0C8D302E56E
:1016F0001D4A433FCD202511495483FC6023126AC3
:10170000068388482292883403459E16E6184A4389
:101710003FEF169A8842A5500D42839442A59064EB
:10172000147B6200E7144A433F0F07228D44E852BE
:10173000231AC8942A856C04E8174A433FB1D21E85
:101740003248493422C96020112A35A2819E18E905
:10175000184A433F0B9D3D649092684492C14022D9
:10176000546A44033D3100EA194A433FB96E9092EE
:10177000E80729894624190C2442A54634D01303CE
:10178000EB184A433F3B8948A21FA4241A916430B6
:101790009008951AD1404F0CEC104A433FB1D21E2D
:1017A0003108FAD560A0A705ED104A433FBDCE1E13
:1017B0003208FAD560A0A705EE124A433FB96E90F1
:1017C00092C80741BF1A0CF4B400EF114A433F3BE3
:1017D0008948221F04FD6A30D0D302F01D4A433FDE
:1017E0004526A590ED660A554636104926228948B9
:1017F00022D24854833C3500F11B4A433FB5243480
:101800001845E48AD1442392882422894822928868
:10181000F4B400F2184A433FB1D21E324849342290
:1018200089482292883412D5204F0DF3184A433F3D
:101830000B9D3D649092684412914424116924AA3E
:10184000419E1AF41A4A433FB96E9092E8072989DB
:101850004624114944129146A21AE4A901F51C4AF2
:10186000433FB524341845F488414AA21149441233
:101870009144A491A806796A00F6194A433F3B892E
:1018800048A21FA4241A9144241149441A896A9039
:10189000A706F7124A433F4BA11E3A184806033DDC
:1018A00054A86709F81A4A433F6F420391442349F9
:1018B00048240989226211D1484403519E10F91726
:1018C0004A433FB5D25C2411494412914424116922
:1018D00024A3859E16FA184A433F0B9DBD482292C9
:1018E000882422894822D248460B3D2D00FB1A4A03
:1018F000433FB96E9092A845129144241149441275
:101900009146325AE86901FC194A433F3B8948A293
:10191000164944129144241149441AC968A1A705E3
:10192000FD1D4A433FBDCE1E2192882422894822B4
:1019300092883492D14228116924AA4106FE134AA2
:10194000433F89D087039544A4F113D14025740601
:10195000FF1E4A433F3B8948A21649441291442442
:101960001149441AC9682194883412D52003000013
:101970000004FFFF00000000BF0203020304010295
:1019800004060A00FE07FE0700017602F9093C2062
:1019900007D6F8F92300210AD6F891B43B985300F2
:1019A000220BD6F8932CC9929C37002310D6F893BB
:1019B0002C890629890629C9929C00240DD6F89104
:1019C000704AC23189C69C02250DD6F8A3A4290904
:1019D0002B51D29413260ED6F8C3244BC24A53A6D9
:1019E000E430002709D6F891B4CE23002809D6F8B0
:1019F000A1B05AAE132909D6F8E36AB14E022A0EF5
:101A0000D6F8D12C4AA2414AA22CA7022B0AD6F81A
:101A1000F1341BB434672C09D6F87913EB18002D78
:101A200009D6F8D9069D1B002E09D6F8790BC71CDC
:101A3000022F0AD6F8B134EC9AD3003010D6F891C0
:101A40003089B2244BB22809730A00310CD6F891C0
:101A5000504BD2B6418701320CD6F8A72CCDB4300A
:101A60001D7418330CD6B807350CE5248B76023478
:101A70000DD6F8A1504BA2D220A63901350DD6B80B
:101A800007254D24294DB26827360DD6F8112D4C67
:101A900013494AB26827370BD6B807354CC36A4E8C
:101AA00002380DD6F8A72CC9A2294BB26827390DE8
:101AB000D6F8A72C892C6998E914003A0CD6F8F1CD
:101AC00070CCC170CC21003B0BD6F8F170CC41B189
:101AD0008E013C09D6F8B1B0B91D063D0AD6F88989
:101AE000833EE88C003E09D6F8E3C67612003F0B31
:101AF000D6F8A72CACE6604E01400CD6F8A72C898E
:101B0000942E52BC134110D6F8913089B2244B0662
:101B1000254BB21C06420CD6B8872C6ADAA2962155
:101B200027430BD6F8A72C49DBA29D00440BD6B85F
:101B3000872CEA5F869C00450DD6B807254D87287F
:101B40004D071D06460CD6B807254D8728ADD30096
:101B5000470CD6F8A72C494B4A16ED044810D6B8C6
:101B6000B3244BB26450B2244BB21C064908D6F8D9
:101B7000C7B4E34E4A0BD6F891316DAAE914004B75
:101B80000ED6B8B324AA64629245B51C064C09D699
:101B9000B8D35E071D064D0ED6B8B3244B2CDD928C
:101BA0002CC972184E0FD6B8B3244BA4A493922517
:101BB000590E034F0ED6F8A72CC9922CC9922CDAD5
:101BC00009500DD6B887284BB26488D23A0D510E11
:101BD000D6F8A72CC9922CC992A639075210D6B8AC
:101BE00087284BB26488922CAAE53000530CD6F8B3
:101BF000A72C89E7248B76025409D6B8072DED9DD2
:101C000002550FD6B8B3244BB2244BB2248B7602C4
:101C10005610D6B8B3244BB228C9922C09730A00C7
:101C2000570ED6B8B3244BB2A42F962C8701580F69
:101C3000D6B8B3248B92B012654996C300590CD61E
:101C4000B8B3248B92306DA7005A0BD6B80735EC89
:101C50003AE830005B08D6F8B7B4EB4E5C09D6B86A
:101C6000D3B86B0E035D08D6F8D7DE76025E0BD6CE
:101C7000F8913089B29C27005F08D6F8F93CE8005B
:101C80006008D6B8E29C5F00610DD6F8A9733424D1
:101C90005934E43000620DD6B8D38A242559222560
:101CA000894E630BD6F8A95396A459B413640ED683
:101CB000F8B134524A4A9644961C06650BD6F8A9E8
:101CC00053960C4ABC13660CD6F8112D2A0E595A9D
:101CD0002701670FD6F8A94392255934A449164D18
:101CE00000680ED6B8D38A2425599225590E036967
:101CF0000AD6F8911C531B77026A0BD6F8B11C5315
:101D00009BBA49006B0DD6B8D35A12455B54CB61D0
:101D1000006C08D6F8D51E77026D0BD6F8894A9468
:101D2000F46F390C6E0ED6F88989242559922559FD
:101D30000E036F0CD6F8A95396644916ED04700F84
:101D4000D6F8898924255922258994A600710DD6B3
:101D5000F8A94A49C992C8925600720BD6F88989E7
:101D60002425699D06730AD6F8A9533C27434E746F
:101D70000BD6F8D370C8D252A613750DD6F8895970
:101D800092255912597218760DD6F88959924549FB
:101D900096843905770CD6F8895992257D4A7202C6
:101DA000780DD6F8895994849528CB6100790ED6A0
:101DB000F88959922591254DB268027A0BD6F88997
:101DC00083D838E830007B0CD6F8212DCEE430D60D
:101DD00061007C09D6F891B4EF14007D0BD6F8E5CC
:101DE00030D6E24CA7007E0AD6F8A3A453CE1B003F
:101DF000A007D6F8F92300A10AD6F8911C4CBB53D2
:101E000000A20FD6F8F170486A49968443964300C1
:101E1000A30DD6F8112D2A8E6994243A01A40DD66B
:101E2000F88959B425D994E53000A50ED6B8B32465
:101E30008B92301BB4B40E01A60BD6F891B40EA64B
:101E4000750A00A70DD6F8A7748BB2285BA31D01F5
:101E5000A807D678EAFC01A90CD6F8A72C699192BC
:101E60006ED14EAA0DD6F891A9454B7264C8A9004F
:101E7000AB0ED6F8C9511225511665518E02AC0928
:101E8000D6F81987346704AD09D6F819879C1B006A
:101E9000AE0ED6F8A72C59122991922CDA09AF0868
:101EA000D638069D9F01B00AD6F8913009731E01FD
:101EB000B10CD6F8F1341BB4341B7418B20BD6B87D
:101EC000B4282C0E393700B30AD678E64C8E768EBD
:101ED00000B408D6F8C29C9F00B50FD6F889599275
:101EE0002559222589948300B610D6F8876449962F
:101EF00048C9922CC9921C06B708D6F85973AE008F
:101F0000B808D6F8F929CC00B909D6B842B5B873E3
:101F100004BA0CD6F8112D6AD3A121A702BB0DD6A5
:101F2000F889511665511225514EBC0DD67842B52F
:101F300038855A120D690CBD0DD67842B5B8844962
:101F40001A863300BE0ED638E430CEA4504BA22100
:101F5000CD01BF0BD6F8911C4CC35AB413C00FD699
:101F600078E270CA922C19942CC97218C10FD6F855
:101F7000C270CA922C19942CC97218C210D6B8C259
:101F8000249BB2244B06254BB21C06C311D678A263
:101F900024D1A62CC99241C9922C8701C410D678AD
:101FA000EAD094255932285992E53000C510D6B8A8
:101FB000C2249BB2244B06254BB21C06C60ED6F893
:101FC000912129350D43D4B4A300C70BD6F8A72C13
:101FD00049DBA2B108C80ED678C24149D3214AD301
:101FE000418701C90ED6F8A24149D3214AD341877E
:101FF00001CA0ED6B8B24149D3214AD3418701CB99
:102000000ED6784A8392A64394A6830E03CC0AD6B2
:1020100078E2704C1B7702CD0AD6F8C2704C1B7761
:1020200002CE0BD6B8C2241BD3C69D00CF0AD678E9
:10203000EAD09836EE04D00CD6B8872C6A59A22E76
:10204000434ED111D6B8922889B2444A3A295992BE
:10205000E53000D20ED678E270CA922CC9922CDA02
:1020600009D30ED6F8C270CA922CC9922CDA09D4C0
:102070000FD6B8C2249BB2244BB2248B7602D51063
:10208000D6B89228C9A62CC9922CC9A29D00D60EFA
:10209000D678EAD0942559922559B413D70DD6F89D
:1020A000895994849528CB6100D80ED6F8A7488921
:1020B00094162991A29D00D90ED678E2AC922559AA
:1020C000922559B413DA0ED6F8C2AC92255992254E
:1020D00059B413DB0FD6B8C22447B2244BB2248BB9
:1020E0007602DC0FD678EA4896644996644916ED84
:1020F00004DD0DD6F8C2AC92454998D62900DE0D14
:10210000D6B8D321CA92214AEB3400DF0ED6F8A705
:102110002C892A59544B129D00E00ED678E21C9B64
:10212000A321C9A2218701E10ED6F8C21C9BA321DD
:10213000C9A2218701E20FD6B8C22487E66848B257
:1021400068C86100E30FD6B89228C9A1391A922C49
:102150001A7218E40ED6F8931C9AA321C9A22187FB
:1021600001E50FD6B8C2240CE76848B268C8610020
:10217000E60DD6F8A9439824C3940D3A0AE70CD685
:10218000F8A95396A459341601E80DD678E21C9BA1
:10219000B26450E29D00E90DD6F8C21C9BB26450B7
:1021A000E29D00EA0DD6B8C22487A62C19947827A0
:1021B000EB0DD6F8931C9AB26450E29D00EC0AD65F
:1021C00078E21C531B7702ED0AD6B8C21C541B7769
:1021D00002EE0BD6B8C22487D4C69D00EF0AD6F80B
:1021E000931C521B7702F00CD6B86D5396644916B7
:1021F000ED04F111D6B89228C9914492922CC9925B
:102200002C8701F20DD678E21C9BB2244BB26827D2
:10221000F30DD6F8C21C9BB2244BB26827F40ED63D
:10222000B8C22487A62CC9922CDA09F50FD6B89229
:1022300028C9A1294BB2248B7602F60DD6F8931C3F
:102240009AB2244BB26827F70AD6F8F11C1A742800
:1022500067F80DD6F8A94312292D5232E404F90F7C
:10226000D678E21CCA922CC992C892C300FA0FD643
:10227000F8C21CCA922CC992C892C300FB10D6B8EF
:10228000C22447B2244BB224B2E43000FC0FD6F88B
:10229000931CC9922CC992C892C300FD0FD6F8A115
:1022A00030AB64496449932C9A00FE0FD6F8D17480
:1022B00088B2244BB26488D214FF10D6F8931CC99C
:1022C000922C892C699245130000000004FFFF0046
:1022D000000000001815A115C819FF001815A01559
:1022E000C019FF001815AE15D5168015A8163F1594
:1022F000D316001540158D16141520160015A115BE
:10230000C815DA1612158116CF15D916F115DB1678
:1023100040152E15A415A619FF0000001815AF19B9
:10232000FF0000001815AE19FF0000000001140A9C
:102330006464323200127A0000042896100800000B
:102340008000400000010000E08900201200000031
:1023500000060000682800600A000000000200007B
:10236000D0270060950000000007000038270060BB
:10237000950000000003000034270060000000000A
:10238000010309041C270060000000000203090487
:102390009C8E00200000000003030904AC8E002086
:1023A000000000000000000000000000000000002D
:1023B000303030303030303030303030303030301D
:1023C000303030303030303030303030303030300D
:1023D00000000000000000000000000028DC0020D9
:1023E00090DC0020F8DC002000000000000000006D
:1023F00000000000000000000000000000000000DD
:1024000000000000000000000000000000000000CC
:1024100000000000000000000000000000000000BC
:1024200000000000000000000000000000000000AC
:10243000000000000000000000000000000000009C
:10244000000000000000000000000000000000008C
:10245000000000000000000000000000000000007C
:10246000000000000000000000000000000000006C
:1024700001000000000000000E33CDAB34126DE609
:10248000ECDE05000B000000000000000000000072
:10249000000000000000000000000000000000003C
:1024A000000000000000000000000000000000002C
:1024B000000000000000000000000000000000001C
:1024C000000000000000000000000000000000000C
:1024D00000000000000000000000000000000000FC
:1024E00000000000000000000000000000000000EC
:1024F00000000000000000000000000000000000DC
:1025000000000000000000000000000000000000CB
:1025100000000000000000000000000000000000BB
:1025200000000000000000000000000000000000AB
:10253000000000000000000000000000000000009B
:10254000000000000000000000000000000000008B
:1025500000000000000000007C5700200100000087
:10256000000000000000000000000000000000006B
:10257000000000000000000000000000000000005B
:10258000000000000000000000000000000000004B
:10259000000000000000000000000000000000003B
:1025A000000000000000000000000000000000002B
:1025B000000000000000000000000000000000001B
:1025C000000000000000000000000000000000000B
:1025D00000000000000000000000000000000000FB
:1025E00000000000000000000000000000000000EB
:1025F00000000000000000000000000000000000DB
:1026000000000000000000000000000000000000CA
:1026100000000000000000000000000000000000BA
:1026200000000000000000000000000000000000AA
:10263000000000000000000000000000000000009A
:10264000000000000000000000000000000000008A
:10265000000000000000000000000000000000007A
:10266000000000000000000000000000000000006A
:10267000000000000000000000000000000000005A
:10268000000000000000000000000000000000004A
:10269000000000000000000000000000000000003A
:1026A000000000000000000000000000000000002A
:1026B000000000000000000000000000000000001A
:1026C000000000000000000000000000000000000A
:1026D00000000000000000000000000000000000FA
:1026E00000000000000000000000000000000000EA
:1026F00000000000000000000000000000000000DA
:1027000000000000000000000000000000000000C9
:1027100000000000000000000000000000000000B9
:1027200000000000000000000000000000000000A9
:102730000000000000000000000000000000000099
:102740000000000000000000000000000000000089
:102750000000000000000000000000000000000079
:102760000000000000000000000000000000000069
:102770000000000000000000000000000000000059
:102780000000000000000000000000000000000049
:102790000000000000000000000000000000000039
:1027A0000000000000000000000000000000000029
:1027B0000000000000000000000000000000000019
:1027C0000000000000000000000000000000000009
:1027D00000000000000000000000000000000000F9
:1027E00000000000000000000000000000000000E9
:1027F00000000000000000000000000000000000D9
:1028000000000000000000000000000000000000C8
:1028100000000000000000000000000000000000B8
:1028200000000000000000000000000000000000A8
:102830000000000000000000000000000000000098
:102840000000000000000000000000000000000088
:102850000000000000000000000000000000000078
:102860000000000000000000000000000000000068
:102870000000000000000000000000000000000058
:102880000000000000000000000000000000000048
:102890000000000000000000000000000000000038
:1028A0000000000000000000000000000000000028
:1028B0000000000000000000000000000000000018
:1028C0000000000000000000000000000000000008
:1028D00000000000000000000000000000000000F8
:1028E00000000000000000000000000000000000E8
:1028F00000000000000000000000000000000000D8
:1029000000000000000000000000000000000000C7
:1029100000000000000000000000000000000000B7
:1029200000000000000000000000000000000000A7
:102930000000000000000000000000000000000097
:102940000000000000000000000000000000000087
:102950000000000000000000000000000000000077
:102960000000000000000000000000000000000067
:1029700000000000000000008C5700200100000053
:102980000000000000000000000000000000000047
:102990000000000000000000000000000000000037
:1029A00000000000000000009C5700200100000013
:1029B0000000000000000000000000000000000017
:1029C0000000000000000000000000000000000007
:1029D0000000000000000000AC57002001000000D3
:1029E00000000000000000000000000000000000E7
:1029F00000000000000000000000000000000000D7
:102A00000000000000000000B4570020010000009A
:102A100000000000000000000000000000000000B6
:102A200000000000000000000000000000000000A6
:102A30000000000000000000BC5700200100000062
:102A40000000000000000000000000000000000086
:102A50000000000000000000000000000000000076
:102A60000000000000000000C4570020010000002A
:102A70000000000000000000000000000000000056
:102A80000000000000000000000000000000000046
:102A90000000000000000000D057002001000000EE
:102AA0000000000000000000000000000000000026
:102AB0000000000000000000000000000000000016
:102AC0000000000000000000DC57002001000000B2
:102AD00000000000000000000000000000000000F6
:102AE00000000000000000000000000000000000E6
:102AF0000000000000000000EC5700200100000072
:102B000000000000000000000000000000000000C5
:102B100000000000000000000000000000000000B5
:102B20000000000000000000FC5700200100000031
:102B30000000000000000000000000000000000095
:102B40000000000000000000000000000000000085
:102B50000000000000000000000000000000000075
:102B60000000000000000000000000000000000065
:102B70000000000000000000000000000000000055
:102B80000000000000000000000000000000000045
:102B90000000000000000000000000000000000035
:102BA0000000000000000000000000000000000025
:102BB0000000000000000000085800200100000094
:102BC0000000000000000000000000000000000005
:102BD00000000000000000000000000000000000F5
:102BE0000000000000000000185800200100000054
:102BF00000000000000000000000000000000000D5
:102C000000000000000000000000000000000000C4
:102C10000000000000000000245800200100000017
:102C200000000000000000000000000000000000A4
:102C30000000000000000000000000000000000094
:102C400000000000000000000000803F0000803F06
:102C50005C8FAA40000000400000803F0000803FE1
:102C60003333333F9A99993F0000803F0000803F03
:102C7000000000000000803F0000803F00000000D6
:102C80000000803F0000803F000000000000803F07
:102C90000000803F000000000000803F0000803FF7
:102CA000000000000000803F0000803F00000000A6
:102CB0000000803F0000803F0402013C000000391A
:102CC000CDCC4C3F0000803F00401C460000803FC0
:102CD0000029DE07007B9A1700D082440000803F65
:102CE00000D082440000803F00D082440000803F3A
:102CF00000D082440000803F00007A45A4D0824387
:102D000000004041000040410000404100004041BF
:102D1000000040410000803F0000803F00000000B4
:102D20000000803F0000803FA245563FA245563F2D
:102D30000000803F00002040F4FD343FF4FD343FAC
:102D400000003A40BC4000200000000000000000ED
:102D50000000000000000000000000000000000073
:102D60000000000000000000000000000000000063
:102D70000000000000000000000000000000000053
:102D80000000000000000000000000000000000043
:102D90000000803F5442002000000000E8030000D3
:102DA00000000000B842002000000000E80300001E
:102DB0000000000000801940243E002000000000B8
:102DC0003CD50020BCD40020000000000000000022
:102DD00040000000400000004000000040000000F3
:102DE00000000000000000000000000000000000E3
:102DF00000000000000000000000000000000000D3
:102E000000000000B842002000000000E8030000BD
:102E100000000000004019409C81002000000000DC
:102E20007CD50020FCD40020000000000000000041
:102E300028000000400000002800000040000000C2
:102E40000000000000000000000000000000000082
:102E50000000000000000000000000000000000072
:102E6000000000000000803F0000803FC4440020BC
:102E700000000000E80300000000000000003F40E8
:102E8000B426006000000000000000000000000008
:102E90000000000000000000000000000000000032
:102EA0000000000000000000000000000000000022
:102EB0000000000000000000000000000000000012
:102EC0000000000000000000000000000000000002
:102ED00000000000000000000000000000000000F2
:102EE00000000000000000000000000000000000E2
:102EF00000000000000000000000000000000000D2
:102F000000000000000000000000000000000000C1
:102F100000000000000000000000000000000000B1
:102F200000000000000000000000000000000000A1
:102F30000000000000000000000000000000000091
:102F40000000000000000000000000000000000081
:102F50000000000000000000000000000000000071
:102F60000000000000000000000000000000000061
:102F70000000000000000000000000000000000051
:102F80000000000000000000000000000000000041
:102F90000000000000000000000000000000000031
:102FA000000000000000000000000000C4440020F9
:102FB00000000000E80300000000000000803F4027
:102FC0006426006000000000000000000000000017
:102FD00000000000000000000000000000000000F1
:102FE00000000000000000000000000000000000E1
:102FF00000000000000000000000000000000000D1
:1030000000000000000000000000000000000000C0
:1030100000000000000000000000000000000000B0
:1030200000000000000000000000000000000000A0
:103030000000000000000000000000000000000090
:103040000000000000000000000000000000000080
:103050000000000000000000000000000000000070
:103060000000000000000000000000000000000060
:103070000000000000000000000000000000000050
:103080000000000000000000000000000000000040
:103090000000000000000000000000000000000030
:1030A0000000000000000000000000000000000020
:1030B0000000000000000000000000000000000010
:1030C0000000000000000000000000000000000000
:1030D00000000000000000000000000000000000F0
:1030E000000000000000000000000000C4440020B8
:1030F00000000000E80300000000000000C03F40A6
:103100001426006000000000000000000000000025
:1031100000000000000000000000000000000000AF
:10312000000000000000000000000000000000009F
:10313000000000000000000000000000000000008F
:10314000000000000000000000000000000000007F
:10315000000000000000000000000000000000006F
:10316000000000000000000000000000000000005F
:10317000000000000000000000000000000000004F
:10318000000000000000000000000000000000003F
:10319000000000000000000000000000000000002F
:1031A000000000000000000000000000000000001F
:1031B000000000000000000000000000000000000F
:1031C00000000000000000000000000000000000FF
:1031D00000000000000000000000000000000000EF
:1031E00000000000000000000000000000000000DF
:1031F00000000000000000000000000000000000CF
:1032000000000000000000000000000000000000BE
:1032100000000000000000000000000000000000AE
:10322000000000000000000000000000071800007F
:1032300075D402000000000074C00F400C000000B4
:10324000220000000100000048851F40010000002E
:10325000300000000200000048851F400000000010
:1032600023000000010000004C851F400100000009
:10327000FF000000FF000000000000000000000050
:1032800032024000260018007B000000FFFFFFFF15
:10329000E8DB002060052120000000004300000062
:1032A000000000000000000000000000000000001E
:1032B00000000000000000000000000043000000CB
:1032C00000000000000000000000000000000000FE
:1032D00000000000000000000000000043000000AB
:1032E00000000000000000000000000000000000DE
:1032F000000000000000000000000000430000008B
:1033000000000000000000000000000000000000BD
:10331000000000000000000000000000430000006A
:10332000000000000000000000000000000000009D
:10333000000000000000000000000000430000004A
:10334000000000000000000000000000000000007D
:10335000000000000000000000000000430000002A
:10336000000000000000000000000000000000005D
:10337000000000000000000000000000F54603000F
:10338000513F03000000000080460020E857002065
:10339000FC3F0020FC3F0020FC3F0020FC3F0020C1
:1033A000FC3F0020FC3F0020FC3F0020FC3F0020B1
:1033B000FC3F0020FFFFFFFFFFFFFFFFFFFFFFFFBE
:1033C000FFFF000001004153434949000000000095
:1033D00000000000000000000000000000000000ED
:1033E0000000000000004153434949000000000074
:1033F00000000000000000000000000000000000CD
:1034000000000000000000000000000000000000BC
:103410007883002078830020808300208083002030
:1034200088830020888300209083002090830020E0
:103430009883002098830020A0830020A083002090
:10344000A8830020A8830020B0830020B083002040
:10345000B8830020B8830020C0830020C0830020F0
:10346000C8830020C8830020D0830020D0830020A0
:10347000D8830020D8830020E0830020E083002050
:10348000E8830020E8830020F0830020F083002000
:10349000F8830020F88300200084002000840020AE
:1034A000088400200884002010840020108400205C
:1034B000188400201884002020840020208400200C
:1034C00028840020288400203084002030840020BC
:1034D000388400203884002040840020408400206C
:1034E000488400204884002050840020508400201C
:1034F00058840020588400206084002060840020CC
:10350000688400206884002070840020708400207B
:10351000788400207884002080840020808400202B
:1035200088840020888400209084002090840020DB
:103530009884002098840020A0840020A08400208B
:10354000A8840020A8840020B0840020B08400203B
:10355000B8840020B8840020C0840020C0840020EB
:10356000C8840020C8840020D0840020D08400209B
:10357000D8840020D8840020E0840020E08400204B
:10358000E8840020E8840020F0840020F0840020FB
:10359000F8840020F88400200085002000850020A9
:1035A0000885002008850020108500201085002057
:1035B0001885002018850020208500202085002007
:1035C00028850020288500203085002030850020B7
:1035D0003885002038850020408500204085002067
:1035E0004885002048850020508500205085002017
:1035F00058850020588500206085002060850020C7
:103600006885002068850020708500207085002076
:103610007885002078850020808500208085002026
:1036200088850020888500209085002090850020D6
:103630009885002098850020A0850020A085002086
:10364000A8850020A8850020B0850020B085002036
:10365000B8850020B8850020C0850020C0850020E6
:10366000C8850020C8850020D0850020D085002096
:10367000D8850020D8850020E0850020E085002046
:10368000E8850020E8850020F0850020F0850020F6
:10369000F8850020F88500200086002000860020A4
:1036A0000886002008860020108600201086002052
:1036B0001886002018860020208600202086002002
:1036C00028860020288600203086002030860020B2
:1036D0003886002038860020408600204086002062
:1036E0004886002048860020508600205086002012
:1036F00058860020588600206086002060860020C2
:103700006886002068860020708600207086002071
:103710007886002078860020808600208086002021
:1037200088860020888600209086002090860020D1
:103730009886002098860020A0860020A086002081
:10374000A8860020A8860020B0860020B086002031
:10375000B8860020B8860020C0860020C0860020E1
:10376000C8860020C8860020D0860020D086002091
:10377000D8860020D8860020E0860020E086002041
:10378000E8860020E8860020F0860020F0860020F1
:10379000F8860020F886002000870020008700209F
:1037A000088700200887002010870020108700204D
:1037B00018870020188700202087002020870020FD
:1037C00028870020288700203087002030870020AD
:1037D000388700203887002040870020408700205D
:1037E000488700204887002050870020508700200D
:1037F00058870020588700206087002060870020BD
:10380000688700206887002070870020708700206C
:10381000FFFFFFFF000002000000000003000000A7
:1038200028DC002048730020000040BF0000C0BE1C
:103830000000C0BE0000C0BE0000C0BE000080BED0
:10384000000000BE000000000000003E0000803EBE
:103850000000C03E0000003F0000203F0000203F6D
:103860000000203F0000203F000000000000F0BFEB
:10387000000040BF000020BF000000BF0000C0BE2D
:10388000000080BE000000BE000000000000003EFE
:103890000000803E0000C03E0000003F0000203FCE
:1038A0000000403F0000603F0000803F000000003B
:1038B00000D0824400D0824400D0824400D08244B0
:1038C00000001644436F706965642046780000006C
:1038D00000000000000000000000000000000000E8
:1038E00000000000203B6C48465C600F7F242C20C9
:1038F00044007F6C55163A000000000000000000F4
:1039000001000000496E6974205061746368000012
:1039100000000000000000000000000000000000A7
:103920000000000040404040007B34004401004063
:103930000040007F007F40404048007F4400641109
:103940001E400040007F000A007C05407F0E0040C2
:1039500000001040007C05407F010040002C244CFA
:1039600000520B406C4D00404C502840003F7F40BF
:103970000001004000400040014C0C007F3202007A
:103980007F02020000017F017F7F40203B6C4846A0
:103990005C600F7F242C2044007F6C55163A000099
:1039A000496E697420506174636800000000000073
:1039B0000000000000000000000000000000000007
:1039C00040404040007B3400440100400040007F04
:1039D000007F40404048007F440064111E4000408A
:1039E000007F000A007C05407F0E00400000104070
:1039F000007C05407F010040002C244C00520B400D
:103A00006C4D00404C502840003F7F40000100407A
:103A100000400040014C0C007F3202007F02020097
:103A200000017F017F7F40203B6C48465C600F7F38
:103A3000242C2044007F6C55163A0000944300204B
:103A400000000000E803000000000000000000008B
:103A500000000041000080400000A04100008040C4
:103A6000000080400000C040000080405555504399
:103A700012010002EF020140C01689048002010217
:103A80000301000057000000450000003D00000059
:103A9000020000000100000010000000080000000B
:103AA00010000000080000004B0000000000803FF4
:103AB00000000A3F476C6F62616C2046780000008E
:103AC00000000000000000000000000000000000F6
:103AD00000000000203B6C48465C600F7F242C20D7
:103AE00044007F6C55163A00000000000000000002
:103AF00001000000B1E40200B1E40200B1E4020000
:103B0000B1E40200B1E40200B1E40200B1E4020059
:103B1000B1E40200B1E40200B1E40200B1E4020049
:103B2000B1E40200B1E40200B1E40200B1E4020039
:103B3000B1E40200B1E40200B1E40200B1E4020029
:103B4000B1E40200B1E40200B1E40200B1E4020019
:103B5000B1E40200B1E40200B1E40200B1E4020009
:103B6000B1E40200B1E40200B1E40200B1E40200F9
:103B7000B1E40200B1E40200B1E40200B1E40200E9
:103B8000B1E40200B1E40200B1E40200B1E40200D9
:103B9000B1E40200B1E40200B1E40200B1E40200C9
:103BA000B1E40200B1E40200B1E40200B1E40200B9
:103BB000B1E40200B1E40200B1E40200B1E40200A9
:103BC000B1E40200B1E40200B1E40200B1E4020099
:103BD000B1E40200B1E40200B1E40200B1E4020089
:103BE000B1E40200B1E40200B1E40200B1E4020079
:103BF000B1E40200B1E40200B1E40200B1E4020069
:103C0000B1E40200B1E40200B1E40200B1E4020058
:103C1000B1E40200B1E40200B1E40200B1E4020048
:103C2000B1E40200B1E40200B1E40200B1E4020038
:103C3000B1E40200B1E40200B1E40200B1E4020028
:103C4000B1E40200B1E40200B1E40200B1E4020018
:103C5000B1E40200B1E40200B1E40200B1E4020008
:103C6000B1E40200B1E40200B1E40200B1E40200F8
:103C7000B1E40200B1E40200B1E40200B1E40200E8
:103C8000B1E40200B1E40200B1E40200B1E40200D8
:103C9000B1E40200B1E40200B1E40200B1E40200C8
:103CA000B1E40200B1E40200B1E40200B1E40200B8
:103CB000B1E40200B1E40200B1E40200B1E40200A8
:103CC000B1E40200B1E40200B1E40200B1E4020098
:103CD000B1E40200B1E40200B1E40200B1E4020088
:103CE000B1E40200B1E40200B1E40200B1E4020078
:103CF000B1E402000000803F0000803F0000803FF0
:103D00000000803F0000803F0000003F0000003FB7
:103D10000000803F00409C46295C8F3E295C8F3E1E
:103D2000CDCC4C3ECDCC4C3E0000C8420000C84239
:103D30000000C8420000C8420000803F0000803EF2
:103D40003333B3409A99993E3333333FCDCC8242DB
:103D5000CDCC8242000070420000803F0000803FD6
:103D60000000803F0000803F0000803F000088424C
:103D7000000088420000DC430000DC4300008A426F
:103D800000008A4200008A4200008A4200008A4203
:103D9000000000410000004100000041000000411F
:103DA0000000803F0000803F0000803F0000904204
:103DB00000009042000040420000C0400000FE426F
:103DC000496E69742050617463680000000000004F
:103DD00000000000000000000000000000000000E3
:103DE00040404040007B3400440100400040007FE0
:103DF000007F40404048007F440064111E40004066
:103E0000007F000A007C05407F0E0040000010404B
:103E1000007C05407F010040002C244C00520B40E8
:103E20006C4D00404C502840003F7F400001004056
:103E300000400040014C0C007F3202007F02020073
:103E400000017F017F7F40203B6C48465C600F7F14
:103E5000242C2044007F6C55163A0000F047640083
:103E6000200045346B09260653756D6F20202020F5
:103E70002020202020202020202020202020202042
:103E800020202020202020204012004040404000E0
:103E90004E004727180F2B0841003F007F411200BA
:103EA0004147404000005B0059271E3F1840004D2D
:103EB000277F480C000069164A356800407D3C5752
:103EC00048490C00007C0B400001004000400040CD
:103ED0004A0C00006D0B496C4D00404C400F404BAC
:103EE0000C0004240B4000010040004000404F0340
:103EF00000014C0C5003004C4600510A0001003CEC
:103F000000000000017F00580300421717700900ED
:103F1000033B7C113C7F46327F7105002A2C124501
:103F20007F7205007F6855183AF700000E035700AE
:103F300049004E0044005900310000000C0300000D
:103F40000000000000000000000000000000000071
:103F5000000000000000C03F014001010157404047
:103F6000012901453B02021501100810084B000011
:103F70000000000000000000000000000000000041
:103F80000000000000000000000000000000000031
:103F90000000000000000000000000000000000021
:103FA0000000000000000000000000000000000011
:103FB0000000000000000000000000000000000001
:103FC00000000000000000000000000000000000F1
:103FD00000000000000000000000000000000000E1
:103FE00000000000000000000000000000000000D1
:103FF00000000000000000000000000000000000C1
:1040000000000000000000000000000000000000B0
:1040100000000000000000000000000000000000A0
:104020000000000000000000000000000000000090
:104030000000000000000000000000000000000080
:104040000000000000000000000000000000000070
:104050000000000000000000000000000000000060
:104060000000000000000000000000000000000050
:104070000000000000000000000000000000000040
:104080000000000000000000000000000000000030
:104090000000000000000000000000000000000020
:1040A0000000000000000000000000000000000010
:1040B0000000000000000000000000000000000000
:1040C00000000000000000000000000000000000F0
:1040D00000000000000000000000000000000000E0
:1040E00000000000000000000000000000000000D0
:1040F00000000000000000000000000000000000C0
:1041000000000000000000000000000000000000AF
:10411000000000000000000000000000000000009F
:10412000000000000000000000000000000000008F
:10413000000000000000000000000000000000007F
:10414000000000000000000000000000000000006F
:10415000000000000000000000000000000000005F
:10416000000000000000000000000000000000004F
:10417000000000000000000000000000000000003F
:10418000000000000000000000000000000000002F
:10419000000000000000000000000000000000001F
:1041A000000000000000000000000000000000000F
:1041B00000000000000000000000000000000000FF
:1041C00000000000000000000000000000000000EF
:1041D00000000000000000000000000000000000DF
:1041E00000000000000000000000000000000000CF
:1041F00000000000000000000000000000000000BF
:1042000000000000000000000000000000000000AE
:10421000000000000000000000000000000000009E
:10422000000000000000000000000000000000008E
:10423000000000000000000000000000000000007E
:10424000000000000000000000000000000000006E
:10425000000000000000000000000000000000005E
:10426000000000000000000000000000000000004E
:10427000000000000000000000000000000000003E
:10428000000000000000000000000000000000002E
:10429000000000000000000000000000000000001E
:1042A000000000000000000000000000000000000E
:1042B00000000000000000000000000000000000FE
:1042C00000000000000000000000000000000000EE
:1042D00000000000000000000000000000000000DE
:1042E00000000000000000000000000000000000CE
:1042F00000000000000000000000000000000000BE
:1043000000000000000000000000000000000000AD
:10431000000000000000000000000000000000009D
:10432000000000000000000000000000000000008D
:10433000000000000000000000000000000000007D
:10434000000000000000000000000000000000006D
:10435000FFFFFFFFFFFFFFFFFFFFFFFFFFFFFFFF6D
:10436000FFFFFFFFFFFFFFFFFFFFFFFFFFFFFFFF5D
:10437000FFFFFFFFFFFFFFFFFFFFFFFFFFFFFFFF4D
:10438000FFFFFFFFFFFFFFFFFFFFFFFFFFFFFFFF3D
:10439000FFFFFFFFFFFFFFFFFFFFFFFFFFFFFFFF2D
:1043A000FFFFFFFFFFFFFFFFFFFFFFFFFFFFFFFF1D
:1043B000FFFFFFFFFFFFFFFFFFFFFFFFFFFFFFFF0D
:1043C000FFFFFFFFFFFFFFFFFFFFFFFFFFFFFFFFFD
:1043D000FFFFFFFFFFFFFFFFFFFFFFFFFFFFFFFFED
:1043E000FFFFFFFFFFFFFFFFFFFFFFFFFFFFFFFFDD
:1043F000FFFFFFFFFFFFFFFFFFFFFFFFFFFFFFFFCD
:1044000000000000000000000000000000000000AC
:10441000000000000000000000000000000000009C
:10442000000000000000000000000000000000008C
:10443000000000000000000000000000000000007C
:10444000000000000000000000000000000000006C
:10445000000000000000000000000000000000005C
:10446000000000000000000000000000000000004C
:10447000000000000000000000000000000000003C
:10448000000000000000000000000000000000002C
:10449000000000000000000000000000000000001C
:1044A000000000000000000000000000000000000C
:1044B00000000000000000000000000000000000FC
:1044C00000000000000000000000000000000000EC
:1044D00000000000000000000000000000000000DC
:1044E00000000000000000000000000000000000CC
:1044F00000000000000000000000000000000000BC
:1045000000000000000000000000000000000000AB
:10451000000000000000000000000000000000009B
:10452000000000000000000000000000000000008B
:10453000000000000000000000000000000000007B
:10454000000000000000000000000000000000006B
:10455000000000000000000000000000000000005B
:10456000000000000000000000000000000000004B
:10457000000000000000000000000000000000003B
:10458000000000000000000000000000000000002B
:10459000000000000000000000000000000000001B
:1045A000000000000000000000000000000000000B
:1045B00000000000000000000000000000000000FB
:1045C00000000000000000000000000000000000EB
:1045D00000000000000000000000000000000000DB
:1045E00000000000000000000000000000000000CB
:1045F00000000000000000000000000000000000BB
:1046000000000000000000000000000000000000AA
:10461000000000000000000000000000000000009A
:10462000000000000000000000000000000000008A
:10463000000000000000000000000000000000007A
:10464000000000000000000000000000000000006A
:10465000000000000000000000000000000000005A
:10466000000000000000000000000000000000004A
:10467000000000000000000000000000000000003A
:10468000000000000000000000000000000000002A
:10469000000000000000000000000000000000001A
:1046A000000000000000000000000000000000000A
:1046B00000000000000000000000000000000000FA
:1046C00000000000000000000000000000000000EA
:1046D00000000000000000000000000000000000DA
:1046E00000000000000000000000000000000000CA
:1046F00000000000000000000000000000000000BA
:1047000000000000000000000000000000000000A9
:104710000000000000000000000000000000000099
:104720000000000000000000000000000000000089
:104730000000000000000000000000000000000079
:104740000000000000000000000000000000000069
:104750000000000000000000000000000000000059
:104760000000000000000000000000000000000049
:104770000000000000000000000000000000000039
:104780000000000000000000000000000000000029
:104790000000000000000000000000000000000019
:1047A0000000000000000000000000000000000009
:1047B00000000000000000000000000000000000F9
:1047C00000000000000000000000000000000000E9
:1047D00000000000000000000000000000000000D9
:1047E00000000000000000000000000000000000C9
:1047F00000000000000000000000000000000000B9
:1048000000000000000000000000000000000000A8
:104810000000000000000000000000000000000098
:104820000000000000000000000000000000000088
:104830000000000000000000000000000000000078
:104840000000000000000000000000000000000068
:104850000000000000000000000000000000000058
:104860000000000000000000000000000000000048
:104870000000000000000000000000000000000038
:104880000000000000000000000000000000000028
:104890000000000000000000000000000000000018
:1048A0000000000000000000000000000000000008
:1048B00000000000000000000000000000000000F8
:1048C00000000000000000000000000000000000E8
:1048D00000000000000000000000000000000000D8
:1048E00000000000000000000000000000000000C8
:1048F00000000000000000000000000000000000B8
:1049000000000000000000000000000000000000A7
:104910000000000000000000000000000000000097
:104920000000000000000000000000000000000087
:104930000000000000000000000000000000000077
:104940000000000000000000000000000000000067
:104950000000000000000000000000000000000057
:104960000000000000000000000000000000000047
:104970000000000000000000000000000000000037
:104980000000000000000000000000000000000027
:104990000000000000000000000000000000000017
:1049A0000000000000000000000000000000000007
:1049B00000000000000000000000000000000000F7
:1049C00000000000000000000000000000000000E7
:1049D00000000000000000000000000000000000D7
:1049E00000000000000000000000000000000000C7
:1049F00000000000000000000000000000000000B7
:104A000000000000000000000000000000000000A6
:104A10000000000000000000000000000000000096
:104A20000000000000000000000000000000000086
:104A30000000000000000000000000000000000076
:104A40000000000000000000000000000000000066
:104A50000000000000000000000000000000000056
:104A60000000000000000000000000000000000046
:104A70000000000000000000000000000000000036
:104A80000000000000000000000000000000000026
:104A90000000000000000000000000000000000016
:104AA0000000000000000000000000000000000006
:104AB00000000000000000000000000000000000F6
:104AC00000000000000000000000000000000000E6
:104AD00000000000000000000000000000000000D6
:104AE00000000000000000000000000000000000C6
:104AF00000000000000000000000000000000000B6
:104B000000000000000000000000000000000000A5
:104B10000000000000000000000000000000000095
:104B20000000000000000000000000000000000085
:104B30000000000000000000000000000000000075
:104B40000000000000000000000000000000000065
:104B50000000000000000000000000000000000055
:104B60000000000000000000000000000000000045
:104B70000000000000000000000000000000000035
:104B80000000000000000000000000000000000025
:104B90000000000000000000000000000000000015
:104BA0000000000000000000000000000000000005
:104BB00000000000000000000000000000000000F5
:104BC00000000000000000000000000000000000E5
:104BD00000000000000000000000000000000000D5
:104BE00000000000000000000000000000000000C5
:104BF00000000000000000000000000000000000B5
:104C000000000000000000000000000000000000A4
:104C10000000000000000000000000000000000094
:104C20000000000000000000000000000000000084
:104C30000000000000000000000000000000000074
:104C40000000000000000000000000000000000064
:104C50000000000000000000000000000000000054
:104C60000000000000000000000000000000000044
:104C70000000000000000000000000000000000034
:104C80000000000000000000000000000000000024
:104C90000000000000000000000000000000000014
:104CA0000000000000000000000000000000000004
:104CB00000000000000000000000000000000000F4
:104CC00000000000000000000000000000000000E4
:104CD00000000000000000000000000000000000D4
:104CE00000000000000000000000000000000000C4
:104CF00000000000000000000000000000000000B4
:104D000000000000000000000000000000000000A3
:104D10000000000000000000000000000000000093
:104D20000000000000000000000000000000000083
:104D30000000000000000000000000000000000073
:104D40000000000000000000000000000000000063
:104D50000000000000000000000000000000000053
:104D60000000000000000000000000000000000043
:104D70000000000000000000000000000000000033
:104D80000000000000000000000000000000000023
:104D90000000000000000000000000000000000013
:104DA0000000000000000000000000000000000003
:104DB00000000000000000000000000000000000F3
:104DC00000000000000000000000000000000000E3
:104DD00000000000000000000000000000000000D3
:104DE00000000000000000000000000000000000C3
:104DF00000000000000000000000000000000000B3
:104E000000000000000000000000000000000000A2
:104E10000000000000000000000000000000000092
:104E20000000000000000000000000000000000082
:104E30000000000000000000000000000000000072
:104E40000000000000000000000000000000000062
:104E50000000000000000000000000000000000052
:104E60000000000000000000000000000000000042
:104E70000000000000000000000000000000000032
:104E80000000000000000000000000000000000022
:104E90000000000000000000000000000000000012
:104EA0000000000000000000000000000000000002
:104EB00000000000000000000000000000000000F2
:104EC00000000000000000000000000000000000E2
:104ED00000000000000000000000000000000000D2
:104EE00000000000000000000000000000000000C2
:104EF00000000000000000000000000000000000B2
:104F000000000000000000000000000000000000A1
:104F10000000000000000000000000000000000091
:104F20000000000000000000000000000000000081
:104F30000000000000000000000000000000000071
:104F40000000000000000000000000000000000061
:104F50000000000000000000000000000000000051
:104F60000000000000000000000000000000000041
:104F70000000000000000000000000000000000031
:104F80000000000000000000000000000000000021
:104F90000000000000000000000000000000000011
:104FA0000000000000000000000000000000000001
:104FB00000000000000000000000000000000000F1
:104FC00000000000000000000000000000000000E1
:104FD00000000000000000000000000000000000D1
:104FE00000000000000000000000000000000000C1
:104FF00000000000000000000000000000000000B1
:040000056000100087
:00000001FF
