:0200000460009A
:100000004643464200000156000000000103030081
:1000100000000000000000000000000000000000E0
:1000200000000000000000000000000000000000D0
:1000300000000000000000000000000000000000C0
:1000400000000000010408000000000000000000A3
:100050000000800000000000000000000000000020
:100060000000000000000000000000000000000090
:100070000000000000000000000000000000000080
:10008000EB04180A063204260000000000000000FD
:10009000050404240000000000000000000000002F
:1000A0000000000000000000000000000000000050
:1000B0000604000000000000000000000000000036
:1000C0000000000000000000000000000000000030
:1000D00020041808000000000000000000000000DC
:1000E0000000000000000000000000000000000010
:1000F0000000000000000000000000000000000000
:10010000D8041808000000000000000000000000F3
:100110000204180804200000000000000000000095
:1001200000000000000000000000000000000000CF
:10013000600400000000000000000000000000005B
:1001400000000000000000000000000000000000AF
:10015000000000000000000000000000000000009F
:10016000000000000000000000000000000000008F
:10017000000000000000000000000000000000007F
:10018000000000000000000000000000000000006F
:10019000000000000000000000000000000000005F
:1001A000000000000000000000000000000000004F
:1001B000000000000000000000000000000000003F
:1001C000000100000010000001000000000000001D
:1001D000000001000000000000000000000000001E
:1001E000000000000000000000000000000000000F
:1001F00000000000000000000000000000000000FF
:10020000FFFFFFFFFFFFFFFFFFFFFFFFFFFFFFFFFE
:10021000FFFFFFFFFFFFFFFFFFFFFFFFFFFFFFFFEE
:10022000FFFFFFFFFFFFFFFFFFFFFFFFFFFFFFFFDE
:10023000FFFFFFFFFFFFFFFFFFFFFFFFFFFFFFFFCE
:10024000FFFFFFFFFFFFFFFFFFFFFFFFFFFFFFFFBE
:10025000FFFFFFFFFFFFFFFFFFFFFFFFFFFFFFFFAE
:10026000FFFFFFFFFFFFFFFFFFFFFFFFFFFFFFFF9E
:10027000FFFFFFFFFFFFFFFFFFFFFFFFFFFFFFFF8E
:10028000FFFFFFFFFFFFFFFFFFFFFFFFFFFFFFFF7E
:10029000FFFFFFFFFFFFFFFFFFFFFFFFFFFFFFFF6E
:1002A000FFFFFFFFFFFFFFFFFFFFFFFFFFFFFFFF5E
:1002B000FFFFFFFFFFFFFFFFFFFFFFFFFFFFFFFF4E
:1002C000FFFFFFFFFFFFFFFFFFFFFFFFFFFFFFFF3E
:1002D000FFFFFFFFFFFFFFFFFFFFFFFFFFFFFFFF2E
:1002E000FFFFFFFFFFFFFFFFFFFFFFFFFFFFFFFF1E
:1002F000FFFFFFFFFFFFFFFFFFFFFFFFFFFFFFFF0E
:10030000FFFFFFFFFFFFFFFFFFFFFFFFFFFFFFFFFD
:10031000FFFFFFFFFFFFFFFFFFFFFFFFFFFFFFFFED
:10032000FFFFFFFFFFFFFFFFFFFFFFFFFFFFFFFFDD
:10033000FFFFFFFFFFFFFFFFFFFFFFFFFFFFFFFFCD
:10034000FFFFFFFFFFFFFFFFFFFFFFFFFFFFFFFFBD
:10035000FFFFFFFFFFFFFFFFFFFFFFFFFFFFFFFFAD
:10036000FFFFFFFFFFFFFFFFFFFFFFFFFFFFFFFF9D
:10037000FFFFFFFFFFFFFFFFFFFFFFFFFFFFFFFF8D
:10038000FFFFFFFFFFFFFFFFFFFFFFFFFFFFFFFF7D
:10039000FFFFFFFFFFFFFFFFFFFFFFFFFFFFFFFF6D
:1003A000FFFFFFFFFFFFFFFFFFFFFFFFFFFFFFFF5D
:1003B000FFFFFFFFFFFFFFFFFFFFFFFFFFFFFFFF4D
:1003C000FFFFFFFFFFFFFFFFFFFFFFFFFFFFFFFF3D
:1003D000FFFFFFFFFFFFFFFFFFFFFFFFFFFFFFFF2D
:1003E000FFFFFFFFFFFFFFFFFFFFFFFFFFFFFFFF1D
:1003F000FFFFFFFFFFFFFFFFFFFFFFFFFFFFFFFF0D
:10040000FFFFFFFFFFFFFFFFFFFFFFFFFFFFFFFFFC
:10041000FFFFFFFFFFFFFFFFFFFFFFFFFFFFFFFFEC
:10042000FFFFFFFFFFFFFFFFFFFFFFFFFFFFFFFFDC
:10043000FFFFFFFFFFFFFFFFFFFFFFFFFFFFFFFFCC
:10044000FFFFFFFFFFFFFFFFFFFFFFFFFFFFFFFFBC
:10045000FFFFFFFFFFFFFFFFFFFFFFFFFFFFFFFFAC
:10046000FFFFFFFFFFFFFFFFFFFFFFFFFFFFFFFF9C
:10047000FFFFFFFFFFFFFFFFFFFFFFFFFFFFFFFF8C
:10048000FFFFFFFFFFFFFFFFFFFFFFFFFFFFFFFF7C
:10049000FFFFFFFFFFFFFFFFFFFFFFFFFFFFFFFF6C
:1004A000FFFFFFFFFFFFFFFFFFFFFFFFFFFFFFFF5C
:1004B000FFFFFFFFFFFFFFFFFFFFFFFFFFFFFFFF4C
:1004C000FFFFFFFFFFFFFFFFFFFFFFFFFFFFFFFF3C
:1004D000FFFFFFFFFFFFFFFFFFFFFFFFFFFFFFFF2C
:1004E000FFFFFFFFFFFFFFFFFFFFFFFFFFFFFFFF1C
:1004F000FFFFFFFFFFFFFFFFFFFFFFFFFFFFFFFF0C
:10050000FFFFFFFFFFFFFFFFFFFFFFFFFFFFFFFFFB
:10051000FFFFFFFFFFFFFFFFFFFFFFFFFFFFFFFFEB
:10052000FFFFFFFFFFFFFFFFFFFFFFFFFFFFFFFFDB
:10053000FFFFFFFFFFFFFFFFFFFFFFFFFFFFFFFFCB
:10054000FFFFFFFFFFFFFFFFFFFFFFFFFFFFFFFFBB
:10055000FFFFFFFFFFFFFFFFFFFFFFFFFFFFFFFFAB
:10056000FFFFFFFFFFFFFFFFFFFFFFFFFFFFFFFF9B
:10057000FFFFFFFFFFFFFFFFFFFFFFFFFFFFFFFF8B
:10058000FFFFFFFFFFFFFFFFFFFFFFFFFFFFFFFF7B
:10059000FFFFFFFFFFFFFFFFFFFFFFFFFFFFFFFF6B
:1005A000FFFFFFFFFFFFFFFFFFFFFFFFFFFFFFFF5B
:1005B000FFFFFFFFFFFFFFFFFFFFFFFFFFFFFFFF4B
:1005C000FFFFFFFFFFFFFFFFFFFFFFFFFFFFFFFF3B
:1005D000FFFFFFFFFFFFFFFFFFFFFFFFFFFFFFFF2B
:1005E000FFFFFFFFFFFFFFFFFFFFFFFFFFFFFFFF1B
:1005F000FFFFFFFFFFFFFFFFFFFFFFFFFFFFFFFF0B
:10060000FFFFFFFFFFFFFFFFFFFFFFFFFFFFFFFFFA
:10061000FFFFFFFFFFFFFFFFFFFFFFFFFFFFFFFFEA
:10062000FFFFFFFFFFFFFFFFFFFFFFFFFFFFFFFFDA
:10063000FFFFFFFFFFFFFFFFFFFFFFFFFFFFFFFFCA
:10064000FFFFFFFFFFFFFFFFFFFFFFFFFFFFFFFFBA
:10065000FFFFFFFFFFFFFFFFFFFFFFFFFFFFFFFFAA
:10066000FFFFFFFFFFFFFFFFFFFFFFFFFFFFFFFF9A
:10067000FFFFFFFFFFFFFFFFFFFFFFFFFFFFFFFF8A
:10068000FFFFFFFFFFFFFFFFFFFFFFFFFFFFFFFF7A
:10069000FFFFFFFFFFFFFFFFFFFFFFFFFFFFFFFF6A
:1006A000FFFFFFFFFFFFFFFFFFFFFFFFFFFFFFFF5A
:1006B000FFFFFFFFFFFFFFFFFFFFFFFFFFFFFFFF4A
:1006C000FFFFFFFFFFFFFFFFFFFFFFFFFFFFFFFF3A
:1006D000FFFFFFFFFFFFFFFFFFFFFFFFFFFFFFFF2A
:1006E000FFFFFFFFFFFFFFFFFFFFFFFFFFFFFFFF1A
:1006F000FFFFFFFFFFFFFFFFFFFFFFFFFFFFFFFF0A
:10070000FFFFFFFFFFFFFFFFFFFFFFFFFFFFFFFFF9
:10071000FFFFFFFFFFFFFFFFFFFFFFFFFFFFFFFFE9
:10072000FFFFFFFFFFFFFFFFFFFFFFFFFFFFFFFFD9
:10073000FFFFFFFFFFFFFFFFFFFFFFFFFFFFFFFFC9
:10074000FFFFFFFFFFFFFFFFFFFFFFFFFFFFFFFFB9
:10075000FFFFFFFFFFFFFFFFFFFFFFFFFFFFFFFFA9
:10076000FFFFFFFFFFFFFFFFFFFFFFFFFFFFFFFF99
:10077000FFFFFFFFFFFFFFFFFFFFFFFFFFFFFFFF89
:10078000FFFFFFFFFFFFFFFFFFFFFFFFFFFFFFFF79
:10079000FFFFFFFFFFFFFFFFFFFFFFFFFFFFFFFF69
:1007A000FFFFFFFFFFFFFFFFFFFFFFFFFFFFFFFF59
:1007B000FFFFFFFFFFFFFFFFFFFFFFFFFFFFFFFF49
:1007C000FFFFFFFFFFFFFFFFFFFFFFFFFFFFFFFF39
:1007D000FFFFFFFFFFFFFFFFFFFFFFFFFFFFFFFF29
:1007E000FFFFFFFFFFFFFFFFFFFFFFFFFFFFFFFF19
:1007F000FFFFFFFFFFFFFFFFFFFFFFFFFFFFFFFF09
:10080000FFFFFFFFFFFFFFFFFFFFFFFFFFFFFFFFF8
:10081000FFFFFFFFFFFFFFFFFFFFFFFFFFFFFFFFE8
:10082000FFFFFFFFFFFFFFFFFFFFFFFFFFFFFFFFD8
:10083000FFFFFFFFFFFFFFFFFFFFFFFFFFFFFFFFC8
:10084000FFFFFFFFFFFFFFFFFFFFFFFFFFFFFFFFB8
:10085000FFFFFFFFFFFFFFFFFFFFFFFFFFFFFFFFA8
:10086000FFFFFFFFFFFFFFFFFFFFFFFFFFFFFFFF98
:10087000FFFFFFFFFFFFFFFFFFFFFFFFFFFFFFFF88
:10088000FFFFFFFFFFFFFFFFFFFFFFFFFFFFFFFF78
:10089000FFFFFFFFFFFFFFFFFFFFFFFFFFFFFFFF68
:1008A000FFFFFFFFFFFFFFFFFFFFFFFFFFFFFFFF58
:1008B000FFFFFFFFFFFFFFFFFFFFFFFFFFFFFFFF48
:1008C000FFFFFFFFFFFFFFFFFFFFFFFFFFFFFFFF38
:1008D000FFFFFFFFFFFFFFFFFFFFFFFFFFFFFFFF28
:1008E000FFFFFFFFFFFFFFFFFFFFFFFFFFFFFFFF18
:1008F000FFFFFFFFFFFFFFFFFFFFFFFFFFFFFFFF08
:10090000FFFFFFFFFFFFFFFFFFFFFFFFFFFFFFFFF7
:10091000FFFFFFFFFFFFFFFFFFFFFFFFFFFFFFFFE7
:10092000FFFFFFFFFFFFFFFFFFFFFFFFFFFFFFFFD7
:10093000FFFFFFFFFFFFFFFFFFFFFFFFFFFFFFFFC7
:10094000FFFFFFFFFFFFFFFFFFFFFFFFFFFFFFFFB7
:10095000FFFFFFFFFFFFFFFFFFFFFFFFFFFFFFFFA7
:10096000FFFFFFFFFFFFFFFFFFFFFFFFFFFFFFFF97
:10097000FFFFFFFFFFFFFFFFFFFFFFFFFFFFFFFF87
:10098000FFFFFFFFFFFFFFFFFFFFFFFFFFFFFFFF77
:10099000FFFFFFFFFFFFFFFFFFFFFFFFFFFFFFFF67
:1009A000FFFFFFFFFFFFFFFFFFFFFFFFFFFFFFFF57
:1009B000FFFFFFFFFFFFFFFFFFFFFFFFFFFFFFFF47
:1009C000FFFFFFFFFFFFFFFFFFFFFFFFFFFFFFFF37
:1009D000FFFFFFFFFFFFFFFFFFFFFFFFFFFFFFFF27
:1009E000FFFFFFFFFFFFFFFFFFFFFFFFFFFFFFFF17
:1009F000FFFFFFFFFFFFFFFFFFFFFFFFFFFFFFFF07
:100A0000FFFFFFFFFFFFFFFFFFFFFFFFFFFFFFFFF6
:100A1000FFFFFFFFFFFFFFFFFFFFFFFFFFFFFFFFE6
:100A2000FFFFFFFFFFFFFFFFFFFFFFFFFFFFFFFFD6
:100A3000FFFFFFFFFFFFFFFFFFFFFFFFFFFFFFFFC6
:100A4000FFFFFFFFFFFFFFFFFFFFFFFFFFFFFFFFB6
:100A5000FFFFFFFFFFFFFFFFFFFFFFFFFFFFFFFFA6
:100A6000FFFFFFFFFFFFFFFFFFFFFFFFFFFFFFFF96
:100A7000FFFFFFFFFFFFFFFFFFFFFFFFFFFFFFFF86
:100A8000FFFFFFFFFFFFFFFFFFFFFFFFFFFFFFFF76
:100A9000FFFFFFFFFFFFFFFFFFFFFFFFFFFFFFFF66
:100AA000FFFFFFFFFFFFFFFFFFFFFFFFFFFFFFFF56
:100AB000FFFFFFFFFFFFFFFFFFFFFFFFFFFFFFFF46
:100AC000FFFFFFFFFFFFFFFFFFFFFFFFFFFFFFFF36
:100AD000FFFFFFFFFFFFFFFFFFFFFFFFFFFFFFFF26
:100AE000FFFFFFFFFFFFFFFFFFFFFFFFFFFFFFFF16
:100AF000FFFFFFFFFFFFFFFFFFFFFFFFFFFFFFFF06
:100B0000FFFFFFFFFFFFFFFFFFFFFFFFFFFFFFFFF5
:100B1000FFFFFFFFFFFFFFFFFFFFFFFFFFFFFFFFE5
:100B2000FFFFFFFFFFFFFFFFFFFFFFFFFFFFFFFFD5
:100B3000FFFFFFFFFFFFFFFFFFFFFFFFFFFFFFFFC5
:100B4000FFFFFFFFFFFFFFFFFFFFFFFFFFFFFFFFB5
:100B5000FFFFFFFFFFFFFFFFFFFFFFFFFFFFFFFFA5
:100B6000FFFFFFFFFFFFFFFFFFFFFFFFFFFFFFFF95
:100B7000FFFFFFFFFFFFFFFFFFFFFFFFFFFFFFFF85
:100B8000FFFFFFFFFFFFFFFFFFFFFFFFFFFFFFFF75
:100B9000FFFFFFFFFFFFFFFFFFFFFFFFFFFFFFFF65
:100BA000FFFFFFFFFFFFFFFFFFFFFFFFFFFFFFFF55
:100BB000FFFFFFFFFFFFFFFFFFFFFFFFFFFFFFFF45
:100BC000FFFFFFFFFFFFFFFFFFFFFFFFFFFFFFFF35
:100BD000FFFFFFFFFFFFFFFFFFFFFFFFFFFFFFFF25
:100BE000FFFFFFFFFFFFFFFFFFFFFFFFFFFFFFFF15
:100BF000FFFFFFFFFFFFFFFFFFFFFFFFFFFFFFFF05
:100C0000FFFFFFFFFFFFFFFFFFFFFFFFFFFFFFFFF4
:100C1000FFFFFFFFFFFFFFFFFFFFFFFFFFFFFFFFE4
:100C2000FFFFFFFFFFFFFFFFFFFFFFFFFFFFFFFFD4
:100C3000FFFFFFFFFFFFFFFFFFFFFFFFFFFFFFFFC4
:100C4000FFFFFFFFFFFFFFFFFFFFFFFFFFFFFFFFB4
:100C5000FFFFFFFFFFFFFFFFFFFFFFFFFFFFFFFFA4
:100C6000FFFFFFFFFFFFFFFFFFFFFFFFFFFFFFFF94
:100C7000FFFFFFFFFFFFFFFFFFFFFFFFFFFFFFFF84
:100C8000FFFFFFFFFFFFFFFFFFFFFFFFFFFFFFFF74
:100C9000FFFFFFFFFFFFFFFFFFFFFFFFFFFFFFFF64
:100CA000FFFFFFFFFFFFFFFFFFFFFFFFFFFFFFFF54
:100CB000FFFFFFFFFFFFFFFFFFFFFFFFFFFFFFFF44
:100CC000FFFFFFFFFFFFFFFFFFFFFFFFFFFFFFFF34
:100CD000FFFFFFFFFFFFFFFFFFFFFFFFFFFFFFFF24
:100CE000FFFFFFFFFFFFFFFFFFFFFFFFFFFFFFFF14
:100CF000FFFFFFFFFFFFFFFFFFFFFFFFFFFFFFFF04
:100D0000FFFFFFFFFFFFFFFFFFFFFFFFFFFFFFFFF3
:100D1000FFFFFFFFFFFFFFFFFFFFFFFFFFFFFFFFE3
:100D2000FFFFFFFFFFFFFFFFFFFFFFFFFFFFFFFFD3
:100D3000FFFFFFFFFFFFFFFFFFFFFFFFFFFFFFFFC3
:100D4000FFFFFFFFFFFFFFFFFFFFFFFFFFFFFFFFB3
:100D5000FFFFFFFFFFFFFFFFFFFFFFFFFFFFFFFFA3
:100D6000FFFFFFFFFFFFFFFFFFFFFFFFFFFFFFFF93
:100D7000FFFFFFFFFFFFFFFFFFFFFFFFFFFFFFFF83
:100D8000FFFFFFFFFFFFFFFFFFFFFFFFFFFFFFFF73
:100D9000FFFFFFFFFFFFFFFFFFFFFFFFFFFFFFFF63
:100DA000FFFFFFFFFFFFFFFFFFFFFFFFFFFFFFFF53
:100DB000FFFFFFFFFFFFFFFFFFFFFFFFFFFFFFFF43
:100DC000FFFFFFFFFFFFFFFFFFFFFFFFFFFFFFFF33
:100DD000FFFFFFFFFFFFFFFFFFFFFFFFFFFFFFFF23
:100DE000FFFFFFFFFFFFFFFFFFFFFFFFFFFFFFFF13
:100DF000FFFFFFFFFFFFFFFFFFFFFFFFFFFFFFFF03
:100E0000FFFFFFFFFFFFFFFFFFFFFFFFFFFFFFFFF2
:100E1000FFFFFFFFFFFFFFFFFFFFFFFFFFFFFFFFE2
:100E2000FFFFFFFFFFFFFFFFFFFFFFFFFFFFFFFFD2
:100E3000FFFFFFFFFFFFFFFFFFFFFFFFFFFFFFFFC2
:100E4000FFFFFFFFFFFFFFFFFFFFFFFFFFFFFFFFB2
:100E5000FFFFFFFFFFFFFFFFFFFFFFFFFFFFFFFFA2
:100E6000FFFFFFFFFFFFFFFFFFFFFFFFFFFFFFFF92
:100E7000FFFFFFFFFFFFFFFFFFFFFFFFFFFFFFFF82
:100E8000FFFFFFFFFFFFFFFFFFFFFFFFFFFFFFFF72
:100E9000FFFFFFFFFFFFFFFFFFFFFFFFFFFFFFFF62
:100EA000FFFFFFFFFFFFFFFFFFFFFFFFFFFFFFFF52
:100EB000FFFFFFFFFFFFFFFFFFFFFFFFFFFFFFFF42
:100EC000FFFFFFFFFFFFFFFFFFFFFFFFFFFFFFFF32
:100ED000FFFFFFFFFFFFFFFFFFFFFFFFFFFFFFFF22
:100EE000FFFFFFFFFFFFFFFFFFFFFFFFFFFFFFFF12
:100EF000FFFFFFFFFFFFFFFFFFFFFFFFFFFFFFFF02
:100F0000FFFFFFFFFFFFFFFFFFFFFFFFFFFFFFFFF1
:100F1000FFFFFFFFFFFFFFFFFFFFFFFFFFFFFFFFE1
:100F2000FFFFFFFFFFFFFFFFFFFFFFFFFFFFFFFFD1
:100F3000FFFFFFFFFFFFFFFFFFFFFFFFFFFFFFFFC1
:100F4000FFFFFFFFFFFFFFFFFFFFFFFFFFFFFFFFB1
:100F5000FFFFFFFFFFFFFFFFFFFFFFFFFFFFFFFFA1
:100F6000FFFFFFFFFFFFFFFFFFFFFFFFFFFFFFFF91
:100F7000FFFFFFFFFFFFFFFFFFFFFFFFFFFFFFFF81
:100F8000FFFFFFFFFFFFFFFFFFFFFFFFFFFFFFFF71
:100F9000FFFFFFFFFFFFFFFFFFFFFFFFFFFFFFFF61
:100FA000FFFFFFFFFFFFFFFFFFFFFFFFFFFFFFFF51
:100FB000FFFFFFFFFFFFFFFFFFFFFFFFFFFFFFFF41
:100FC000FFFFFFFFFFFFFFFFFFFFFFFFFFFFFFFF31
:100FD000FFFFFFFFFFFFFFFFFFFFFFFFFFFFFFFF21
:100FE000FFFFFFFFFFFFFFFFFFFFFFFFFFFFFFFF11
:100FF000FFFFFFFFFFFFFFFFFFFFFFFFFFFFFFFF01
:10100000D10020434D1600600000000000000000E9
:101010002010006000100060004404600000000028
:10102000000000600050040000000000FFFFFFFF10
:10103000FFFFFFFFFFFFFFFFFFFFFFFFFFFFFFFFC0
:10104000FFFFFFFFFFFFFFFFFFFFFFFFFFFFFFFFB0
:10105000FFFFFFFFFFFFFFFFFFFFFFFFFFFFFFFFA0
:10106000FFFFFFFFFFFFFFFFFFFFFFFFFFFFFFFF90
:10107000FFFFFFFFFFFFFFFFFFFFFFFFFFFFFFFF80
:10108000FFFFFFFFFFFFFFFFFFFFFFFFFFFFFFFF70
:10109000FFFFFFFFFFFFFFFFFFFFFFFFFFFFFFFF60
:1010A000FFFFFFFFFFFFFFFFFFFFFFFFFFFFFFFF50
:1010B000FFFFFFFFFFFFFFFFFFFFFFFFFFFFFFFF40
:1010C000FFFFFFFFFFFFFFFFFFFFFFFFFFFFFFFF30
:1010D000FFFFFFFFFFFFFFFFFFFFFFFFFFFFFFFF20
:1010E000FFFFFFFFFFFFFFFFFFFFFFFFFFFFFFFF10
:1010F000FFFFFFFFFFFFFFFFFFFFFFFFFFFFFFFF00
:10110000FFFFFFFFFFFFFFFFFFFFFFFFFFFFFFFFEF
:10111000FFFFFFFFFFFFFFFFFFFFFFFFFFFFFFFFDF
:10112000FFFFFFFFFFFFFFFFFFFFFFFFFFFFFFFFCF
:10113000FFFFFFFFFFFFFFFFFFFFFFFFFFFFFFFFBF
:10114000FFFFFFFFFFFFFFFFFFFFFFFFFFFFFFFFAF
:10115000FFFFFFFFFFFFFFFFFFFFFFFFFFFFFFFF9F
:10116000FFFFFFFFFFFFFFFFFFFFFFFFFFFFFFFF8F
:10117000FFFFFFFFFFFFFFFFFFFFFFFFFFFFFFFF7F
:10118000FFFFFFFFFFFFFFFFFFFFFFFFFFFFFFFF6F
:10119000FFFFFFFFFFFFFFFFFFFFFFFFFFFFFFFF5F
:1011A000FFFFFFFFFFFFFFFFFFFFFFFFFFFFFFFF4F
:1011B000FFFFFFFFFFFFFFFFFFFFFFFFFFFFFFFF3F
:1011C000FFFFFFFFFFFFFFFFFFFFFFFFFFFFFFFF2F
:1011D000FFFFFFFFFFFFFFFFFFFFFFFFFFFFFFFF1F
:1011E000FFFFFFFFFFFFFFFFFFFFFFFFFFFFFFFF0F
:1011F000FFFFFFFFFFFFFFFFFFFFFFFFFFFFFFFFFF
:10120000FFFFFFFFFFFFFFFFFFFFFFFFFFFFFFFFEE
:10121000FFFFFFFFFFFFFFFFFFFFFFFFFFFFFFFFDE
:10122000FFFFFFFFFFFFFFFFFFFFFFFFFFFFFFFFCE
:10123000FFFFFFFFFFFFFFFFFFFFFFFFFFFFFFFFBE
:10124000FFFFFFFFFFFFFFFFFFFFFFFFFFFFFFFFAE
:10125000FFFFFFFFFFFFFFFFFFFFFFFFFFFFFFFF9E
:10126000FFFFFFFFFFFFFFFFFFFFFFFFFFFFFFFF8E
:10127000FFFFFFFFFFFFFFFFFFFFFFFFFFFFFFFF7E
:10128000FFFFFFFFFFFFFFFFFFFFFFFFFFFFFFFF6E
:10129000FFFFFFFFFFFFFFFFFFFFFFFFFFFFFFFF5E
:1012A000FFFFFFFFFFFFFFFFFFFFFFFFFFFFFFFF4E
:1012B000FFFFFFFFFFFFFFFFFFFFFFFFFFFFFFFF3E
:1012C000FFFFFFFFFFFFFFFFFFFFFFFFFFFFFFFF2E
:1012D000FFFFFFFFFFFFFFFFFFFFFFFFFFFFFFFF1E
:1012E000FFFFFFFFFFFFFFFFFFFFFFFFFFFFFFFF0E
:1012F000FFFFFFFFFFFFFFFFFFFFFFFFFFFFFFFFFE
:10130000FFFFFFFFFFFFFFFFFFFFFFFFFFFFFFFFED
:10131000FFFFFFFFFFFFFFFFFFFFFFFFFFFFFFFFDD
:10132000FFFFFFFFFFFFFFFFFFFFFFFFFFFFFFFFCD
:10133000FFFFFFFFFFFFFFFFFFFFFFFFFFFFFFFFBD
:10134000FFFFFFFFFFFFFFFFFFFFFFFFFFFFFFFFAD
:10135000FFFFFFFFFFFFFFFFFFFFFFFFFFFFFFFF9D
:10136000FFFFFFFFFFFFFFFFFFFFFFFFFFFFFFFF8D
:10137000FFFFFFFFFFFFFFFFFFFFFFFFFFFFFFFF7D
:10138000FFFFFFFFFFFFFFFFFFFFFFFFFFFFFFFF6D
:10139000FFFFFFFFFFFFFFFFFFFFFFFFFFFFFFFF5D
:1013A000FFFFFFFFFFFFFFFFFFFFFFFFFFFFFFFF4D
:1013B000FFFFFFFFFFFFFFFFFFFFFFFFFFFFFFFF3D
:1013C000FFFFFFFFFFFFFFFFFFFFFFFFFFFFFFFF2D
:1013D000FFFFFFFFFFFFFFFFFFFFFFFFFFFFFFFF1D
:1013E000FFFFFFFFFFFFFFFFFFFFFFFFFFFFFFFF0D
:1013F000FFFFFFFFFFFFFFFFFFFFFFFFFFFFFFFFFD
:10140000814205D051F8043B40F8043B8242F9D8B0
:10141000704700BF044A05494FF0000342F8043BFF
:101420009142FBD8704700BFC09200208089022003
:101430002DE98848BFF34F8F00BF00BF00BF00BF3A
:1014400000F07CFA684B0822C3F8542100BF00BFAB
:1014500000BF00BF00BF00BF00BF00BF00BF00BF94
:1014600000BF00BF00BF00BF00BF00BF5F4A6049B0
:101470006048FFF7C5FF604A60496148FFF7C0FF59
:10148000604CFFF7C7FF4FF470004FF0E0210023DE
:101490005D4AC1F8880D44F823200133B02BFAD1FE
:1014A0005A4B80215A4A03F8011B9342FBD14FF05B
:1014B000E0254D4E4FF08039DFF884B1DFF884A18C
:1014C0004FF0FF31C5F8084D0027C6F80491C6F863
:1014D00000B1C6F8F490C6F8F0A0D5F8243DDFF8C6
:1014E000688143F4E0234B4AC5F8243DD8F81C300A
:1014F00023F07F0343F04003C8F81C30D8F82430B1
:1015000023F07F0343F04003C8F824309166D1668E
:101510001167516700F01AFA3F4B4049A363404BF3
:10152000E36363236B610323AF612B613D4BC5F81C
:10153000203DD5F8FC3D43F08073C5F8FC3D3A4BA7
:101540001A6842F001021A605B680B6000F048FC08
:10155000C6F804913548C6F800B1C6F8F490C6F84C
:10156000F0A000F0E9FDD8F86C10314B314A41F49D
:101570004051C8F86C101F60C3F80871C3F81871A7
:10158000C3F82871C3F83871936BDB0708D442F6AF
:101590001563294951651365936B43F00103936308
:1015A000244A264C936843F00113936000F056FAE6
:1015B00000F07AFD00F0C8FD00F040FC00F0C0F93A
:1015C0002368132BFCD900F0D1FC2368B3F5967F78
:1015D000FBD300F0B9F900F0B5F900F0BDFD00F063
:1015E00097FD30BFFDE700BF00800D401888030065
:1015F0007428006000000000C092002090B00360DA
:101600000000002000900020E1EB020000E400E078
:10161000A0E400E000C00A4055CD0200106D022099
:1016200059CD020000002020001000E00046C32336
:101630000040084000400D400000C056146D0220DC
:101640001B1018200C0D111300C00F40054B4FF458
:101650002A01054A05485A641864054A9963954663
:10166000FFF7E6FE00C00A40FFFFAAAA070020001D
:10167000000004201BB9124B1B6F9B041ED400F00A
:101680003F000F4B22F0604221F0604140F489108E
:101690001867C3F88010C3F890201A6F22F48052A4
:1016A0001A671A6F002AFCDAD3F87011054A0A404B
:1016B000C3F870211A6F22F480321A67704700BF96
:1016C00000800D40FF7F7FFF43690A4A03EB011052
:1016D00010B4037A084C02EB0313D3E9013214600F
:1016E000C2681A6003690BB142691A605DF8044B65
:1016F000704700BF5448002061F801004369027E32
:1017000003EB021292F808C08C451CD01A7AFF2A0B
:1017100019D0914210B5044616D01A7EFF2A06D081
:101720000121D3E9002312681A4201D1217610BDAC
:10173000064B0522204603EB0C135B681A60FFF78B
:10174000C3FF2176F3E770470021EAE75448002001
:1017500043690A4A03EB011010B490F82830084C92
:1017600002EB0313D3E901321460C26A1A60036BFF
:101770000BB1426B1A605DF8044B7047544800206F
:1017800061F801004369427E03EB021292F828C01F
:101790008C451ED093F82820FF2A1AD0914210B50C
:1017A000044617D093F83820FF2A06D00121D3E948
:1017B000002312681A4201D1617610BD064B052242
:1017C000204603EB0C135B681A60FFF7C1FF6176DC
:1017D000F3E770470021EAE75448002016494269C0
:1017E0008B6B23F47C0343F4802370B58B63044636
:1017F000124DD2E900130A681A4303690A600222F3
:1018000000211A610E4A19619A6401225A629D628E
:101810004FF43035DD624FF001159E6C1E65196284
:101820009D651A61017EFFF74FFF617E2046BDE88E
:101830007040FFF78DBF00BF00C00F40B80B05051B
:101840003B372819B1F5607FF0B50E468DB028BF43
:101850004FF460760F46054672B62E4B0024702278
:10186000186021462C4B2D481C8000F04DFCCFB158
:1018700021462A484FF0010C4A0901F01F030131AB
:1018800050F822400CFA03F38E4243EA040340F876
:101890002230F1D8284600234380013300F58270BE
:1018A0009E42F9D81E4C257815B162B60DB0F0BD38
:1018B000082000F045FC1B4B80220646009302A93D
:1018C0000693194B0271056008A8029300F030FCE2
:1018D00006A9164A304600F01FFC069B08A8DB68E4
:1018E0009847009B02A8DB6898472378002BDCD13F
:1018F0000F4B104AC3F858210F49D0204FF0E02376
:10190000402281F84600C3F808210123237062B603
:101910000DB0F0BD44D70020F68802204CD700203F
:101920001D8902205045002065C702001B100100E0
:101930000090002071C7020000E400E0704700BF83
:10194000704700BF704700BF00BF704710B44FF032
:10195000E023002110243148C3F8941DC3F89C4DA6
:101960001124C3F8A00D2E48C3F89C4D1224C3F8CF
:10197000A00D2C48C3F89C4D2B4AC3F8A00D2B4C4E
:1019800042F015022A48C3F89C4DC3F8A00D294C1B
:101990002948C3F89C4DC3F8A00D284CC3F89C2DD2
:1019A0002748284AC3F8A04DC3F89C0DC3F8A02DC2
:1019B00002F5A022244C0C322448C3F89C4DC3F8F5
:1019C000A02D234AC3F89C0D224CC3F8A02D02F190
:1019D0004062C3F89C4D2048C3F8A02D0C32C3F8D8
:1019E0009C0DC3F8A02D00BF00BF00BF00BF00BF0B
:1019F0000122C3F8942DBFF34F8FBFF36F8FC3F84D
:101A0000501FBFF34F8FBFF36F8FD3F8142D5DF8C6
:101A1000044B42F44032C3F8142D70473F000010CD
:101A2000250008070900100080890220130020000B
:101A300021000207140000202500081309000010EF
:101A40001600202027000B1317000040180000602C
:101A50002F000B07190000701A000080F0B5B84B7A
:101A60001822B84E0120B84F83B0C3F85C62B74962
:101A7000C3F86072B64DC3F86462A6F53046B54C43
:101A8000C3F86862C3F86C52C3F87052C3F874525A
:101A9000C3F8785248F20C75DA661A675A679A6783
:101AA000DA67C3F88020C3F88420C3F88820C1F81F
:101AB0002C03A94AC1F83003C1F83403C1F8380334
:101AC000C1F83C03C1F85003A169A44B0A40A448E3
:101AD000A4491343A44AA361D4F8843043F00C030F
:101AE000C4F884304FF0FF34036843F0020303600E
:101AF00003682B404FF400551A439C4B026044602E
:101B00008A689B4C13409B4A43F000538360C36830
:101B100023F07803C360036A134023430362036A1C
:101B20001340954A2343954C43628262C26200226D
:101B3000D1F8B83023F03F0343F00103C0F8B830C8
:101B4000D1F8BC308E4923F03F0343F00103C0F8C5
:101B5000BC3040F20563026105660467C0F880305E
:101B6000456644670224C0F88430036823F002030A
:101B700003608161834B8449C46143F8042B8B4229
:101B8000FBD1774A136843F001031360136813F025
:101B90000103FBD17A48022140F2F564906140F2E2
:101BA0009940D16140F26641C2F8004242F20144DC
:101BB000C2F810127549C2F82002C2F8301240F281
:101BC00035417348C2F83442C2F84012714CC2F831
:101BD000500242F201207049C2F854120121C2F8A9
:101BE0006042C2F864025E48C2F8A030C2F8A43075
:101BF000C2F8B0104369DA07FCD5012300244FF482
:101C0000803257494361C0F8A040C0F8A420C0F812
:101C1000B0304B69DB07FCD5012300244FF40030C2
:101C20004F4A4B61C1F8A040C1F8A400C1F8B030E0
:101C30005369DF07FCD50123002458484849536104
:101C4000C2F8A040C2F8A400C2F8B0304B69DE0769
:101C5000FCD5D1F8003145F60D5221209BB24861E8
:101C6000934265D100244FF4802201233C48C1F8FF
:101C7000A040C1F8A420C1F8B0304369DD07FCD50D
:101C800001234FF400040021354A4361C0F8A0400D
:101C9000C0F8A410C0F8B0305369DC07FCD50123AC
:101CA0004FF400044FF480302D495361C2F8A04036
:101CB000C2F8A400C2F8B0304B69D807FCD50123A4
:101CC0004FF400044FF40030254A4B61C1F8A040A6
:101CD000C1F8A400C1F8B0305369D907FCD501237D
:101CE0004FF400042D481E495361C2F8A040C2F8C9
:101CF000A400C2F8B0304B69DA07FCD5D1F8003146
:101D000045F60D5221209BB24861934250D00825E0
:101D10004FF4000422490020224B234A0090157002
:101D20005A1A01232148224400F0FEF903B0F0BD05
:101D30001E4B0022C3E90022C3E9022203B0F0BD1A
:101D400000801F40F9B00100F910010000841F401D
:101D5000F970010000C00F40FFFCFF1F000300A04E
:101D600000402A4000802A401200FFFFFF37F700A2
:101D70004000008000FFF07CFF000F836300020042
:101D8000F05AF05A00422A4000432A409F0418307B
:101D9000EB06180A3806180A06320126040003006A
:101DA00000000070000000702D890220B44A02205B
:101DB0004FF400044FF4802201230848C1F8A040EA
:101DC000C1F8A420C1F8B0304369DB07FCD501237A
:101DD00010254FF0807443619CE700BF00402A400B
:101DE000F0B4154A40274FF480314FF480564FF439
:101DF00000554FF4404443F24200136913F0020FC0
:101E00000ED113F4005F0FD013F4805F0ED0002BBF
:101E1000F3DA13F4803F0BD15B060BD5F0BC7047AF
:101E2000946151619061E8E75561E6E75661E4E746
:101E30009161E2E75761E0E700800D403F4A0320EF
:101E40003F49F3EE095AD2F880304FF0000C9FED75
:101E50003D6A23F001039FED3C5A30B4C2F8803054
:101E6000C2F89000D1F8E010384DCBB2384C394868
:101E70002B6007EE903A0B0DC1F30B21F8EEE77AD9
:101E800006EE903A07EE101A334BB8EEC77A21608F
:101E9000F8EEE66A314937EEC66A37EEC55A76EE95
:101EA000C76A77EEE57A26EE266AC3ED006A25EE6C
:101EB000265AD2F8803067EEA64AC0ED007AC6EE08
:101EC000275A274885EE276AC4EEA76A75EE875A17
:101ED000FCEEE55A36EE076A15EE904ABCEEC66A8D
:101EE00043EA045376EE877AC2F8803016EE103A51
:101EF000D2F89041FCEEE77A01EA0341214317EE64
:101F0000903AC2F89011C3F30B03D2F890110B432F
:101F10001449C2F89031D2F8803043F00203C2F87D
:101F20008030114B80F840C0C1F840314FF0E023C1
:101F3000012230BCC3F80821704700BF00810D406A
:101F400000441F400000AA420000B442D0690220B1
:101F5000CC690220D4690220D86902200000FF0F5A
:101F600000E400E000900020CDED0200314B40F68F
:101F7000617210B5C3F8202140F2044400F0E8F883
:101F80002D4A2E49D2F880302D4843F00303C2F881
:101F900080302C4BC1F8604102681A4203D1D1F85D
:101FA000A8319A071BD0254A4FF00041244B5963B2
:101FB000D2F8403143F00203C2F84031D2F8403148
:101FC0009B07FBD44FF400304FF0E0211C4B4FF047
:101FD0000042C1F88C0219209A6300F0A1F8184A57
:101FE0004FF08040154C002190630A20164B116081
:101FF0004FF42072C4F8A801184600F085F84FF499
:10200000800203464FF4810040F243111860C4F887
:1020100058311A640D4B0E4AC4F84811C3F8042213
:102020004FF0E0224FF400310123C2F80C11C4F844
:10203000403110BD00800D4000C00F4000002E4018
:1020400000900D40001C1E000000002000900020A9
:10205000EDEF020008B50E4B1B6E9B0700D4FBBED4
:1020600072B60C4B00200C4AC3F8400103F16043E8
:102070000A49A3F55F2311649D46BFF34F8F4FF4C8
:1020800000130748074ADB6902609B68984700BF56
:1020900000441F4000002E4000C00A400300200002
:1020A00000802020000012EB104BA020104AD96EB7
:1020B00041F4403110B4D96640F23764D96E41F42E
:1020C0004071D96654649064936C1B06FCD4094A31
:1020D00040F23761A02351649364936C13F0800342
:1020E000FBD1054A13705DF8044B704700C00F40E8
:1020F00000400C4000800C4029890220F8B500BF48
:10210000F8BC08BC9E4670475FF800F0113603002B
:102110005FF800F0B1E502005FF800F02DD5020095
:102120005FF800F08DDE02005FF800F09DEA02002B
:102130005FF800F0D9C702005FF800F09DDB0200F5
:102140005FF800F0F5E602005FF800F0E5E7020056
:102150005FF800F029F702005FF800F05D39030036
:10216000050100006111000081160000A95A01005C
:1021700085D50100854B02004D5A0200915C02009A
:10218000A95C0200C15C0200D95C0200F15C0200A3
:10219000095D0200215D0200395D0200515D02000F
:1021A000695D0200FD620200156302002D630200FA
:1021B000456302005D630200756302008D630200E7
:1021C000A5630200D96302000964020021640200D1
:1021D000396402005164020069640200597102000E
:1021E000BD8602008195020099950200B19502001A
:1021F000C9950200E1950200F995020085C102002F
:102200009DC10200B5C10200CDC1020031D602005D
:042210006D1B03003F
:1022140000000000000000000000000000000000BA
:1022240000000000000000000000000000000000AA
:10223400000000000000000000000000000000009A
:10224400000000000000000000000000000000008A
:10225400000000000000000000000000000000007A
:10226400000000000000000000000000000000006A
:10227400000000000000000000000000000000005A
:102284000000000000000000FEFF3F00000000000E
:1022940000000000000000E0FFFFFF3F000000001E
:1022A40000000000000000FCFFC1FFFFFF00000071
:1022B40000000000000000FF010000FCFFFF03001D
:1022C400000000000000C01F00000000FCFFFF1F12
:1022D400000C00000000F0030000000000F0FF0FFD
:1022E400807F00000000F800007F00000000000074
:1022F400C0FF00000E003E00C0FF00000008000107
:10230400C0E103000F000F00F0C10100001EC00374
:10231400C0C3078007C0070078C00100000FE001B8
:10232400C087078007E001003CF801008007F00047
:10233400C00F0FC003F000001EFC0100C0037800B2
:10234400C00F0FE0033800000FFE0000E0033C0064
:10235400800F0FF0011C0080077E0000F0013F0099
:1023640000070FF8010E00C0033C0000F8811F00B5
:1023740000000FFC000700C003700000FCC00F0049
:1023840000000FFC800300C003FC00007EE00F008F
:1023940000000FFEC00100C003FF00007FF0070033
:1023A40000000F7FE00000E0C3FF00807FF0030027
:1023B40000008F7FF00000E0E36700C03DF80300F9
:1023C4000080CF7F700000C0F70100E03FFC0100F7
:1023D4000080CF3D380000C0FF0000E03EFE010059
:1023E40000C0EF3E1C0000CF3F0700701FFF00003D
:1023F40000C0F73E0E0080CF9F0F00389FFF000003
:1024040000C07F3F070080CF9F0F009C9F7F00008C
:1024140000E03F9F070080EF9F07008ECF7D000004
:1024240000E01F9F030000FBBF03008FEF7E00004E
:1024340000F08FCF0100007C3E0000C7773E000013
:1024440000F08FEF0000003E3E0080C3773E0000A6
:1024540000F8C77F0000F81F3E00C0C13F1F000006
:1024640000F8C33F0000F8071E00E0E01F1F000053
:1024740000FCC13F0000F8031F0070E01F1F0000B4
:1024840000FCE01F000070001F0038E00F1F000078
:10249400007EE00F000010800F003CE0070F0000FA
:1024A400003FE00700007C800F001EF0030F0000D7
:1024B400801FF00300007EC007000FF0010F0C0026
:1024C400800FF00100003FE0038007F8010F1E00B9
:1024D400C007F80000803FF003C003F8000F3E007F
:1024E400E0037C00008003F801E0007C001E3E0055
:1024F400F0013E00008003FF0078003C001E7EDFF8
:10250400F8001E000080FF3F003C001E003C7CF7EA
:102514003C000F000000FF1F001F000F007830F286
:10252400180003000000FE078007000700F03FF2D8
:102534000000000000000000E003000000C01FF2E3
:10254400FF7F000000000000F8000000000003000E
:10255400FFFFFF03000000803F00000000000000B8
:1025640001FCFFFF070000F01F0000000000000056
:102574000000F8FFFF3FF0FF07000000000000002C
:10258400000000C0FFFFFF7F00000000000000000B
:102594000000000080FFFF070000000000000000B2
:1025A4000000000000000000000000000000000027
:1025B4000000000000000000000000000000000017
:1025C4000000000000000000000000000000000007
:1025D40000000000000000000000000000000000F7
:1025E40000000000000000000000000000000000E7
:1025F40000000000000000000000000000000000D7
:1026040000000000000000000000000000000000C6
:1026140080C00F40000000031900000010000000FB
:10262400E8841F4001000000FF000000FF000000DC
:10263400000000000000000018000000100000006E
:10264400E4841F4001000000FF000000FF000000C0
:1026540000000000000000001F000000E1C60200AE
:1026640070C00F40000C00001100000011000000B9
:10267400E0841F40020000002C0000001200000053
:10268400E0841F4001000000100000001100000061
:10269400DC841F40020000002D0000001200000036
:1026A400DC841F40010000001E000000D5C60200AB
:1026B40070C00F40C00000001200000013000000B2
:1026C400D0841F4001000000FF000000FF00000054
:1026D40000000000000000001300000013000000D0
:1026E400CC841F4001000000FF000000FF00000038
:1026F40000000000000000001C000000C9C6020029
:1027040018035400650065006E0073007900200012
:102714004D00490044004900180354006500650059
:102724006E00730079006400750069006E006F002C
:102734000403090409029500030100C032080B00D8
:102744000202020100090400000102020100052442
:1027540000100105240101010424020605240600D9
:10276400010705820310001009040100020A000099
:10277400000705030240000007058302400000092A
:1027840004020002010300000724010001250006E1
:1027940024020101000624020202000924030103A9
:1027A40001020100092403020401010100090504D6
:1027B40002400000000005250101010905840240D2
:1027C4000000000005250101030000000902950036
:1027D400030100C032080B000202020100090400D8
:1027E4000001020201000524001001052401010179
:1027F40004240206052406000107058203100005CF
:1028040009040100020A0000000705030200020097
:10281400070583020002000904020002010300000C
:1028240007240100012500062402010100062402F8
:102834000202000924030103010201000924030226
:10284400040101010009050402000200000005253D
:1028540001010109058402000200000005250101AF
:10286400030000000A060002EF020140010000001C
:102874000000000000000000000000000000000054
:102884000000000000000000000000000000000044
:10289400F8B54FF084439D695A6915400DD0254F12
:1028A40001269D6195FAA5F4B4FA84F457F824300E
:1028B40006FA04F49847A543F4D11F4B9D695A695D
:1028C40015400DD01D4F01269D6195FAA5F4B4FA6B
:1028D40084F457F8243006FA04F49847A543F4D155
:1028E400174B9D695A6915400DD0164F01269D61FD
:1028F40095FAA5F4B4FA84F457F8243006FA04F4EB
:102904009847A543F4D1104B9D695A6915400DD0E1
:102914000E4F01269D6195FAA5F4B4FA84F457F894
:10292400243006FA04F49847A543F4D1BFF34F8F3B
:10293400F8BD00BF648A002000400042E48A002001
:1029440000800042648B002000C00042E48B002021
:102954000548064B1B1AD90F01EBA301491002D0FD
:10296400034B03B118477047C0920020C092002067
:102974000000000008B5054B1BB105490548AFF33D
:102984000080BDE80840FFF7E3BF00BF000000007F
:10299400285A0220005004600372009BC0E9001210
:1029A400C36070474FF0000C8260C0E90012A0F8C9
:1029B4002CC080F836C080F83FC080F841C080F851
:1029C40054C0704710B504460068074908301CF02D
:1029D400D9F92268B2F8663092F99E2093FBF2F39B
:1029E400013B84F8403010BDE8680020C0E90012C3
:1029F400036280ED020B80ED041B80ED062B704713
:102A04008360009B01600271C360704784468068E4
:102A14009CF82D10436801EB410203EB02135A6842
:102A24002AB1012A10B527D0032A04D010BD9B680F
:102A340003B118477047012208330CF1440E8CF897
:102A440041200FCB8EE80F00024688B19CF8480065
:102A540060B100234FF0200ED15C19B902F803E0F5
:102A6400DCF844200133D9B28142F5D30023135456
:102A740000238CF8543010BD9CF82C20072AD5D89C
:102A84000CEB020E8EF82E10511C9CF836400CEB09
:102A940082028EF837408CF82C100021D0609B689D
:102AA4008CF82D108CF83610DA68CCF80830002A2F
:102AB400BCD0BDE81040104790F82C30A3B1013BC6
:102AC400DBB200EB830180F82C30C218C968816046
:102AD40092F82E1080F82D1092F8372080F83620C6
:102AE40013B9012380F83F30704700BF0000000095
:102AF400836890F82D205B6802EB420203EB02131B
:102B04005A68022A2FD193ED086B9FED2D7B10B4E8
:102B1400B4EEC76B9C68F1EE10FA25DC227807EE60
:102B2400901A05EE102AB8EEE74BB8EEC55B93EDAC
:102B3400047BA6EE045BFDEEC77B93ED063B17EE2C
:102B4400901ABDEEC33BBDEEC57B17EE103A994219
:102B5400B8BF194613EE103A9942A8BF194621701E
:102B64005DF8044B70477047FDEEC67B17EE900A84
:102B740093ED047B424200F07F0002F07F02FDEE01
:102B8400C77B58BF5042227800FB012117EE902AE0
:102B94008A4293ED067B0BDCFDEEC77B17EE903A81
:102BA4009942DCDD0138811821705DF8044B7047CF
:102BB400FDEEC77B411E17EE903A591AF0E700BFAD
:102BC4000000000000C05F40F8B503460D4D0C4600
:102BD40093F8546028465F6CB95D33F0A3F908B1EB
:102BE400401B044404F15101074A82FB0132CB1714
:102BF400C3EBE20303EBC30303EBC303C91A6B5C2C
:102C0400BB55F8BD943F0020FDB0481970B504468B
:102C140090B090F841001E469DF85050002848D1CD
:102C2400002918D0A3681B7A40F3948083B194F8E8
:102C34002D1001319942A8BF002194F84030C9B247
:102C440084F82D10B1FBF3F111FB03F184F8361075
:102C5400012384F83F30002A06D0D4BF4FF0FF315F
:102C640001212046FFF744FFEEB90DB910B070BD45
:102C740094F82C30002BF9D0013BDBB204EB830138
:102C840084F82C30E218C968A16092F82E1084F8F8
:102C94002D1092F8372084F83620002BE6D101233A
:102CA40084F83F30E2E72046FFF7B0FE002DDDD088
:102CB400DEE7002959DD94F8543094F848100133C4
:102CC400B3FBF1F001FB103384F85430002A06D032
:102CD400D4BF4FF0FF3101212046FFF775FF7EB3CB
:102CE400636C53B394F84820002668469E5494F8C5
:102CF4004820616C3F2A28BF3F2233F0BFF99DF87A
:102D040000308DF83F606E46202B03D116F8013F4A
:102D1400202BFBD0304633F04BFB50B13044002124
:102D240002E0B342017004D010F8012D202A0346BA
:102D3400F7D0E36C0BB130469847002384F8413058
:102D4400002D93D0236D03B19847002384F84130BC
:102D540010B070BD002B3FF47BAF94F82D00411EE2
:102D640000287FF467AF591E64E7AFD094F854305D
:102D74002BB994F84830013B84F85430A6E7013B62
:102D840084F85430A2E700BF02680021324B70B5CA
:102D94002DED028B92F99E408AB0054692F99D6012
:102DA40002F10800A2B21BF0DDFF07EE904A28688A
:102DB4000221B8EEE78A6B6CF0EE047A083068EE14
:102DC400277AFCEEE77A17EE902A92B21BF0CAFF3C
:102DD400696C04A82C682DF007FA04A995F85430FE
:102DE400002207A82DF0E8FA079991B304F108002E
:102DF4001BF0FCFF014607A803912DF04BFA04A831
:102E04002DF048FAF7EE086A07EE906A9FED136A10
:102E1400286828EE267A0399F8EEE77A083028EE37
:102E2400068ABCEEC77A67EEA67ABCEEC88A17EEAD
:102E3400103AFCEEE77A9CB218EE103A9AB217EE0A
:102E4400903A00949BB21BF077FA0AB0BDEC028B67
:102E540070BD0349CAE700BF703F00203333B33F5E
:102E64004073002091F83F3030B5054689B01446D0
:102E740083B95368F3B19847236A8BB9124A6B46F6
:102E840007CA03C3694628461A802DF0ADF92846BF
:102E940009B030BD002381F83F30236A002BEDD008
:102EA400216868469847694628462DF09DF92846CA
:102EB40009B030BD054A6B4607CA03C369462846B4
:102EC4001A702DF091F9F2E7883F00207C3F002032
:102ED4002DE9F04F054600688DB0002190F99EA0C1
:102EE4000830AB681FFA8AF690F995401B684FEAE0
:102EF4004A0832461BF036FFD5E90132934271D0BD
:102F040095F84030002B6AD00027DFF82CB10AE096
:102F140095F82D30A3425CD0013795F84020D04479
:102F2400FBB29A425BD995F83640AA683C44137ABE
:102F3400E4B2A34253D904EB4403506820215A4617
:102F44004FEA031C00EB031650F80C3004A832F0CF
:102F540083FD95F82D3028681FFA88F9A34200F103
:102F640008000CBF002101211BF0CAFF286804AB34
:102F74004A46083002211BF0F5FE7368022BC7D1C4
:102F840006F10802294601A8FFF76CFF0199284BB6
:102F94000029286808BF194608301BF027FFD5E927
:102FA40001239A4201D1002C35D0C0F17E00019B4F
:102FB4004A4681B2002B1E4808BF034628680830E1
:102FC4001BF0D0FE01A82DF065F995F82D30A34231
:102FD400A2D12868012108301BF092FF9CE70DB0B4
:102FE400BDE8F08F5B689B680BB11B780133114A15
:102FF400052104A832F030FDA8EB0602C4EB8431AD
:10300400286804AB92B2C4EB810108307E3189B2E6
:103014001BF0A8FE74E7019B4A460549002B28686B
:1030240008BF0B46083000211BF09CFECAE700BF16
:1030340040730020643F00206C3F002010B504461C
:10304400006808301BF0ECF994F8413020463BB19D
:10305400FFF79AFE2068BDE8104008301BF0ECB979
:10306400FFF736FF2068BDE8104008301BF0E4B9D4
:1030740000207047704700BF036D0BB101207047FB
:10308400406D003818BF0120704700BF10B50446DA
:10309400806D18B131F040FD0023A365236D2BB181
:1030A40004F11800BDE8104021F028BB636D002B2B
:1030B400F6D110BDF0B595B000224FF47A74244FC8
:1030C4001831054604A88DF80C200097CDE9012499
:1030D400CDE9122221F07EFB129B002B2DD05C2027
:1030E40000262DF03FFF019B04464660C36004A9FF
:1030F400029B183040F8083C9DF80C3000F8043C62
:10310400144B40F8183C144B40F8103C21F0B4FA2E
:10311400124B4FF47A72A7602B606368A665013383
:103124006E602E73AA602C6163600D4B04A800933B
:1031340021F0E4FA284615B0F0BD139B002BCED144
:10314400064A2B732A602B61C5E90134EDE700BF01
:10315400E84300200C4400206844002094430020ED
:103164005041002010B50446806D00B110BD4FF4ED
:10317400807031F0C9FCA065B0B10022236D0270EB
:103184003BB101464FF48072184620F007FFA06D52
:1031940010BD636D002BE9D001464FF480721846D0
:1031A4001EF0AAFBA06D10BD014B1846A36510BD0F
:1031B4002789022038B5056D6DB10BB1002038BDEB
:1031C400114628461FF026FC0028F7D02846BDE803
:1031D40038401FF0C1BD446D002CEFD020461CF0D8
:1031E400DDFF0028EAD02046BDE838401DF050BE7F
:1031F4008A79A2F150031B0622D402F26C72F0B554
:103204004B7985B0046D01330D798E784F78DBB23C
:1032140009784CB1204601960095CDE9027102214E
:103224001FF02EFD05B0F0BD406D0028FAD00196C8
:103234000095CDE9027102211DF06EFD05B0F0BDCF
:103244000020704710B50446006D80B1037813F078
:10325400700F00D110BD00211FF0DCFB606D002851
:10326400F8D000220023BDE810401CF097BF606D29
:103274000028EFD090F8313013F0500FEAD000223C
:103284000023BDE810401CF089BF00BF036D10B5DA
:103294000C4682B02BB30DF1060201A918461EF0AC
:1032A4005FFF38B3BDF80430BDF8062053EA0201CD
:1032B40020D0C2F3451C02F01F00D20AC3F343110D
:1032C400400084F801C0A2705A0A013903F01F03B8
:1032D40002F5EA622070012061712371A27102B0CB
:1032E40010BD406D30B10DF1060201A91CF0FCFDCA
:1032F4000028D7D1002002B010BD00BF036D10B567
:103304000C4682B02BB30DF1060201A918461EF03B
:1033140017FF38B3BDF80430BDF8062053EA0201A4
:1033240020D0C2F3451C02F01F00D20AC3F343119C
:10333400400084F801C0A2705A0A013903F01F0347
:1033440002F5EA622070012061712371A27102B05A
:1033540010BD406D30B10DF1060201A91CF0B2FDA3
:103364000028D7D1002002B010BD00BF006990B181
:103374000368154A1B69934225D1036D63B118781C
:1033840010F0080007D0D8695B69C01A48BF6FF015
:103394000040704718467047436D002BFAD093F8ED
:1033A400310010F00800F6D0186919685A69401AFB
:1033B4005B6862EB0303B0F1004F73F10003EAD3DF
:1033C4006FF0004070471847150E0000036923B3DF
:1033D4001968134A10B58C6882B0944214D1186DE0
:1033E40048B101220DF107011FF0CCF890B19DF80E
:1033F400070002B010BD586D0028F8D001220DF16D
:1034040007011CF0E5FDF1E701220DF10701184663
:10341400A047EBE74FF0FF30EBE74FF0FF3070478A
:10342400ED0C0000036973B11A68084952698A42B5
:1034340007D1186D08B11FF079B9586D18B11CF097
:1034440097BE184610474FF0FF307047950C0000A8
:1034540000B5006983B08DF8071060B10368104AA5
:10346400DB68934215D1036D43B101220DF10701CD
:1034740018461FF0ABFC03B05DF804FB406D002858
:10348400F9D001220DF107011DF074FD03B05DF8C0
:1034940004FB01220DF10701984703B05DF804FB1A
:1034A400650D0000036963B11A68074992698A428D
:1034B40008D1186D08B11FF0DDBB586D08B11DF0BF
:1034C400B5BA7047184610473D0D0000036D13B19F
:1034D400586900217047436D13B1D3E90001704767
:1034E40018461946704700BF036D13B1D86900210F
:1034F4007047436D13B1D3E9040170471846194668
:10350400704700BF036D13B118461FF00FB9406D2B
:1035140008B11CF02DBE4FF0FF307047836C13B11F
:1035240018461FF003B9C06C08B11CF021BE4FF05F
:10353400FF307047036D33B11B7813F0700F14BF65
:10354400012000207047406D30B190F8313013F005
:10355400500F14BF01200020704700BF036D13B14A
:1035640018461FF00FB8406D08B11CF031BD4FF084
:10357400FF307047836C00B583B063B101220DF155
:10358400070118461EF0FEFF01280CD19DF8070024
:1035940003B05DF804FBC06C28B101220DF10701F2
:1035A4001CF016FDF0E74FF0FF30F1E7036D13B1A7
:1035B40018461FF05FBB406D08B11DF037BA704765
:1035C400836C13B118461FF055BBC06C08B11DF0D5
:1035D4002DBA7047036D13B118461FF0F7BB406D49
:1035E40008B11DF0C7BC7047836C13B118461FF0B7
:1035F400EDBBC06C08B11DF0BDBC704700B5836C59
:1036040083B08DF8071043B101220DF1070118466C
:103614001FF0DCFB03B05DF804FBC06C0028F9D09C
:1036240001220DF107011DF0A5FC03B05DF804FBB8
:103634008A79A2F150031B0622D402F26C72F0B50F
:103644004B7985B0046D01330D798E784F78DBB2F8
:1036540009784CB1204601960095CDE90271042108
:103664001FF00EFB05B0F0BD406D0028FAD00196A6
:103674000095CDE9027104211DF04EFB05B0F0BDAB
:1036840000207047036D53B1187810F008000DD076
:10369400D8695B69C01A48BF6FF000407047436D3A
:1036A400A3B193F8310010F0080000D170471869F5
:1036B40019685A69401A5B6862EB0303B0F1004F62
:1036C40073F10003F2D36FF0004070471846EDE742
:1036D400836C53B1187810F008000DD0D8695B6979
:1036E400C01A48BF6FF000407047C36CA3B193F891
:1036F400310010F0080000D17047186919685A6940
:10370400401A5B6862EB0303B0F1004F73F10003EE
:10371400F2D36FF0004070471846EDE70369D3B168
:103724000E4810B41C68E46884420FD1186D18B1B7
:103734005DF8044B1FF04ABB586D18B15DF8044B9B
:103744001DF018BC00205DF8044B70471846234652
:103754005DF8044B18470020704700BF650D00005A
:1037640038B504460C4B806D236018B131F0D4F9A0
:103774000023A365236D04F118054BB1284620F0FE
:10378400BDFF064B2846A36020F0B8FF204638BD95
:10379400636D002BF2D1F4E70C440020504100206B
:1037A40038B504460E4B806D236018B131F0B4F97E
:1037B4000023A365236D04F118056BB1284620F09E
:1037C4009DFF084B2846A36020F098FF20465C210B
:1037D4002DF0CEFB204638BD636D002BEED1F0E713
:1037E4000C4400205041002070B5264B0446056966
:1037F4000360002D32D06E68013E6E6076BB2B688C
:10380400214ADB6A934233D1A86D10B131F084F9B7
:10381400AE652B6D43B305F1180020F06FFF2569E9
:10382400E5B12B68194A5B68934228D1184BA86DFF
:103834002B6018B131F070F90023AB652B6D05F1E5
:103844001806C3B1304620F059FF124B3046AB6026
:1038540020F054FF5C2128462DF08AFB20461421D9
:103864002DF086FB204670BD6B6D002BD3D1D6E7BF
:1038740028469847D3E76B6D002BE3D1E5E728464C
:103884009847EBE7944300201D080000310F000027
:103894000C4400205041002030B4029C11469C4648
:1038A40034B1012C1CD0022C0ED0002030BC704747
:1038B400056DF5B14FF0FF33934274EB0C04F4D370
:1038C400284630BC1FF0A6B8026D0AB3D369591854
:1038D4004CF10003002BE8D1104630BC1FF09AB81D
:1038E400026D62B1536959184CF10003002BDCD10D
:1038F400F2E7406D0028D8D030BC1CF04FBC406DBE
:103904000028D2D0D0E900238A184CEB0303F3E754
:10391400406D0028C9D0D0E9042330BC8A184CEB90
:1039240003031CF03BBC00BF70B5244B044605697F
:103934000360002D32D06E68013E6E6076BB2B684A
:103944001F4ADB6A93422FD1A86D10B131F0E4F81D
:10395400AE652B6D23B305F1180020F0CFFE256969
:10396400E5B12B68174A5B68934224D1164BA86DC6
:103974002B6018B131F0D0F80023AB652B6D05F145
:103984001806A3B1304620F0B9FE104B3046AB60A8
:1039940020F0B4FE5C2128462DF0EAFA204670BDE2
:1039A4006B6D002BD7D1DAE728469847D7E76B6DC4
:1039B400002BE7D1E9E728469847EFE79443002036
:1039C4001D080000310F00000C440020504100206D
:1039D4002DE9F047664E84B0664C674D3046DFF8FB
:1039E400148266492CF000FC22462946304630F009
:1039F400EFFC634F634940462CF0F6FB2246294610
:103A0400404630F0E5FC60493846DFF8ECA12CF084
:103A1400EBFB22462946384630F0DAFC414601A841
:103A2400DFF8D8912CF01AFC314601A8DFF8D081D8
:103A34002CF0ACFC014650462CF010FC01A82CF0F4
:103A440029FC22462946504630F0C2FC394601A8DA
:103A54002CF004FC314601A82CF098FC01464846A1
:103A64002CF0FCFB01A82CF015FC22462946484604
:103A740030F0AEFC22464549454830F0A9FC454BA0
:103A8400B2EE085A444A93ED007AF7EE006A434BCB
:103A9400126827EE057AD3ED007A414BC6EEA72AC9
:103AA40040491A60404AD1ED005A1068B7EEC77A0F
:103AB4003E4A9FED3F2A3F493F4B9FED293B9FEDF7
:103AC4002A4B83EE076B92ED007A3C4A65EE827ACC
:103AD40027EE057AC1ED007AB7EEC77A196883EE4E
:103AE400075BB7EEC66BB7EEC55BD2ED005A344A3E
:103AF400B7EEE57AD2ED006A324A27EE047B66EE31
:103B0400A56AB7EEC77BD2ED007A2F4A83ED007A1F
:103B14002E4BD2ED005A186040462D4B67EEA57A25
:103B24002C4A19602C4B1268C3ED006A2B4B2C49AC
:103B340083ED005A2B4B83ED006A2B4BC3ED002A17
:103B44002A4B1A602A4BC3ED007A2CF06BFB2246F9
:103B54002946404604B0BDE8F04730F039BC00BF08
:103B6400CDCCCCCCCCCCF83F713D0AD7A370CD3FA3
:103B7400806F02200882002025DA0200382C002001
:103B8400586B0220402C00204C2C0020B91000005F
:103B9400AC890020148D002058CF0020847C0020A4
:103BA40060CF0020B08C00205CCF0020108D00205E
:103BB4000000000070CF0020C0500220BC7B002019
:103BC400B87B00201C8A00203055022064CF0020DE
:103BD40038CF0020C48E0020FC50022088500220E0
:103BE400943F00208C500220C44A0220F05402204A
:103BF400F45402208C6F02202C7302204C6B0220A0
:103C0400D0D500202DE9F04F884B0024884D06467E
:103C14001020DFF8C8B2DFF8C8A2DFF8C892DFF8D6
:103C2400C8822DED028B83B01C605C6008EE106AC4
:103C34009C60DC601C611C752DF094F92A467D495A
:103C4400112300940746FEF7A7FE7B4B10207B4E02
:103C54001F602DF087F97A4B07467A4900930423B5
:103C6400794AFEF799FE794A102017602DF07AF907
:103C74000423774A774907460094FEF78DFE764879
:103C8400076010202DF06EF902230746734A744929
:103C94000094FEF781FE102037602DF063F916239F
:103CA400704A009407467049FEF776FE6F4910206B
:103CB4000F602DF057F96E4A12236E49074600949F
:103CC400FEF76AFE6C4B10201F602DF04BF9132396
:103CD4006A4A009407466A49FEF75EFE6949102065
:103CE4000F602DF03FF90E23674A68490746009498
:103CF400FEF752FE6648076010202DF033F9654A3E
:103D040065490D2300940746FEF746FE634B1020D9
:103D14001F602DF027F90E23614A0094074661497C
:103D2400FEF73AFE604910200F602DF01BF90D23B9
:103D340007465E4A5E490094FEF72EFE1020CBF83B
:103D440000702DF00FF9042307465A4A5A4900948B
:103D5400FEF722FE1020CAF800702DF003F90423A8
:103D64000746564A56490094FEF716FE1020C9F835
:103D740000702DF0F7F806230746524A5249009482
:103D8400FEF70AFE1020C8F800702DF0EBF84F493A
:103D94000823009404464E4AFEF7FEFD2B4A2E48A3
:103DA4001368324AAB6603683948C5F8983013681B
:103DB400314AC5F8C8301368324AC5F8F830136878
:103DC400364AC5F8283103685820C5F80843C5F8B1
:103DD40058311368344AC5F888311368214AC5F844
:103DE400B831DBF80030C5F8E831DAF80030C5F84E
:103DF4001832D9F80030C5F8A832D8F80030C5F820
:103E0400D83233689366334B1C602DF0ABF80A4B01
:103E140018EE101A04461A68FEF7C4FD2E4B1C60F7
:103E240003B0BDEC028BBDE8F08F00BF085A02203E
:103E340088780020802C0020386D0220DC69022064
:103E4400B93E0000902C002060C800201C690220AC
:103E540020C90020A02C00202069022030CB0020A3
:103E6400B02C002068740020C42C00207C68022040
:103E740060BC0020CC2C00200C690220C0BF0020B4
:103E8400D82C00201069022050C30020E42C00200C
:103E940014690220F0C50020F82C002018690220C3
:103EA40050B700200C2D002004690220F0B9002036
:103EB400202D002090B60020342D0020D0B5002005
:103EC400402D002090CB00204C2D0020582D0020A8
:103ED40048B40020E0E100202459022008690220AF
:103EE40000690220705A02200C6D022000000000BC
:103EF4002DE9F04F2DED108B9FEDC38B9FEDC49BEF
:103F04009FEDC5EB93B00225CB4AB0EE491BCB4BDA
:103F1400B0EE4E2BB0EE480B08A855601360C849AC
:103F2400C84BC94AFEF762FDC34B0DF1200EC74FC3
:103F34001A465D6303F1080CC54BB0EE480BC54C43
:103F44001363B1EE002BDFF8A8A3C34EDFF8A493EC
:103F5400DFF8A483DFF8A4B3BEE80F00ACE80F00D9
:103F6400BEE80F009FEDAE7BACE80F009FEDAE1BEB
:103F74009EE803003B46B94AB0EE41FB8CE80300DF
:103F840008A8B7498DED027BFEF730FDAA4B0DF171
:103F9400200EB0EE480B1A46C3F8445203F1380C15
:103FA400B04BB7EE002BC2F84032B0EE001BBEE8B7
:103FB4000F00ACE80F00BEE80F00ACE80F009EE86D
:103FC4000300A94BA94A8CE8030008A8A849FEF7F6
:103FD4000DFD994B0DF1200EB0EE491B1A46C3F8A6
:103FE400745203F5127CA34BB0EE480BC2F8703246
:103FF400B7EE002BBEE80F00ACE80F00BEE80F00E0
:10400400ACE80F009EE803003B469B4A8CE80300A3
:10401400974908A80631FEF7E9FC874A974B0DF14A
:10402400200C02F51E7E0022954918465A60B0EE17
:104034004E2B944AB0EE491B1963B0EE480B9A60BC
:104044005D63914B0360BCE80F00AEE80F00BCE871
:104054000F00AEE80F009CE803000DF1200C8B4B21
:104064008B4A8EE8030060468A49FEF7BFFC8A4B00
:104074008A480DF1200E0093804B1866032003F14B
:10408400380C5866BEE80F00ACE80F00BEE80F001D
:10409400ACE80F009EE80300814B14228CE8030077
:1040A40004A87E49FEF7ACFC7E48744B4FF0000C2C
:1040B40073490DF1100E734AB0EE4E2B01630146A5
:1040C400C3F894C0B0EE491BC0F804C003F1680CF7
:1040D4008260B0EE480B45631846734BC0F89030CD
:1040E400724BC0F89830724B0B609EE80F008CE85E
:1040F4000F000DF1200C654B6E4A60466E49FEF7C9
:1041040075FC654B67480DF1200E0093634B00F17D
:10411400380C036603234366BEE80F00ACE80F00C7
:10412400BEE80F00ACE80F009EE803005C4B1422CD
:104134008CE803000DF1100C58496046FEF760FC52
:10414400584800234FF0000E4E4A4FF0000CC0F8C0
:104154009430B7EE002B594BB0EE480BA2602360AD
:10416400B0EE421B564BC4F804C000F1680CC3F80F
:1041740034E06563C3E901E2524AC0F89020524A30
:10418400C0F8982004A8514A1A60514A1A63514A47
:104194009A63514B23630FC88CE80F0008A84F4B58
:1041A4004F4A5049FEF722FC0DF1200E04F1380C61
:1041B400BEE80F00ACE80F00BEE80F00ACE80F004B
:1041C4009EE803009FED1ABB8CE803000321012045
:1041D40009F02AFE444BB0EE491B0146B0EE480BF1
:1041E40008A8B7EE002BC4F89450C4F890303B46AE
:1041F4003E4AFEF7FBFB0DF1200E04F1980CBEE8DD
:104204000F00ACE80F007BE000000000000000009D
:104214000000000000C05F4000000000002060407B
:104224000000000000005040000000000000594061
:104234000000000000004A4088780020FC3F002075
:104244002CE20020C1410000F9B40000BD3F000091
:10425400142600206874002060BC0020E5410000A2
:10426400DD8E00201C2600205D410000515C000012
:104274008F89002028260020195D000060C80020D6
:1042840048260020B9ED000034260020D14100006A
:1042940021B50000685A0220A9EE0000085A022045
:1042A40085EE000020C9002058260020C9ED00003A
:1042B400602600206DB50000046D022094260020C5
:1042C40030CB00207426002025EE00007C26002040
:1042D4008C26002069EE00009C260020653F00002B
:1042E40059780000D88E0020A8260020F96200002A
:1042F400CD3F0000C0BF002050C3002050B70020B5
:10430400BEE80F00ACE80F009EE803009FEDE0ABB1
:104314008CE803000021012009F086FDE84BB0EE93
:10432400491B0146B0EE480B08A8B7EE002BC4F8B1
:10433400C450C4F8C030E34AE34BFEF757FB0DF119
:10434400200E04F1C80CBEE80F00ACE80F00BEE874
:104354000F00ACE80F009EE803009FEDCFDB8CE874
:1043640003000421012009F05FFDD84BB0EE491B86
:104374000146B0EE480B08A8BFEE002BC4F8F45079
:10438400C4F8F030D24AD34BFEF730FB0DF1200EC7
:1043940004F1F80CBEE80F00ACE80F00BEE80F0013
:1043A400ACE80F009EE803009FEDBDCB8CE8030052
:1043B4000121084609F038FDC74BB0EE491B014600
:1043C400B0EE480B08A8B7EE002BC4F82451C4F88B
:1043D40020313B46C14AFEF709FB0DF1200E04F5DE
:1043E400947CBEE80F00ACE80F00BEE80F00ACE818
:1043F4000F009EE803008CE803002946012009F021
:1044040013FDB74BB0EE491B0146B0EE480B08A8AC
:10441400B7EE002BC4F85451C4F850313B46B14AAE
:10442400FEF7E4FA0DF1200E04F5AC7CBEE80F00B3
:10443400ACE80F00BEE80F00ACE80F009EE80300F4
:104444008CE803000121284609F0EEFCA64BB0EEEF
:10445400491B0146B0EE480B08A8B7EE002BC4F880
:104464008451C4F880313B46A04AFEF7BFFA0DF1EF
:10447400200E04F5C47CBEE80F00ACE80F00BEE8D3
:104484000F00ACE80F009EE803008CE80300032152
:10449400284609F0C9FC964BB0EE480B0146B7EE2E
:1044A400002B08A8C4F8B451C4F8B031914A924B17
:1044B4009FED7D1BFEF79AFA0DF1200E04F5DC7CCE
:1044C400BEE80F00ACE80F00BEE80F00ACE80F0038
:1044D4009EE803008CE803002946284609F0A4FC62
:1044E400864BB0EE491B0146B0EE480B08A8B7EE68
:1044F400002BC4F8E451C4F8E0313B46804AFEF78F
:1045040075FA0DF1200E04F5F47CBEE80F00ACE85A
:104514000F00BEE80F00ACE80F009EE803008CE833
:1045240003000421284609F07FFC764BB7EE002BEC
:104534000146C4F8145208A8C4F810325346724A0B
:104544009FED5B1B9FED5C0BFEF750FA0DF1200E07
:1045540004F5067CBEE80F00ACE80F00BEE80F00CF
:10456400ACE80F009EE803008CE803000921032057
:1045740009F05AFC654BB0EE480B0146B7EE002B30
:1045840008A8B0EE001BC4F84452C4F84032604A94
:10459400604BFEF72BFA0DF1200E04F5127CBEE8F9
:1045A4000F00ACE80F00BEE80F00ACE80F009EE877
:1045B40003008CE803000821002009F035FC564B69
:1045C400B0EE491B0146B0EE480B08A8B7EE002B2D
:1045D400C4F87452C4F870323B46504AFEF706FAE7
:1045E4000DF1200E04F51E7CBEE80F00ACE80F00B0
:1045F400BEE80F00ACE80F009EE803008CE803005F
:104604000721002009F010FC454BB0EE491B014680
:10461400B0EE480B08A8B7EE002BC4F8A452C4F8B7
:10462400A032404A404BFEF7E1F90DF1200E04F5AB
:104634002A7CBEE80F00ACE80F00BEE80F00ACE82F
:104644000F009EE803008CE803000621002009F017
:10465400EBFB364BB0EE491B0146B0EE480B08A805
:10466400B7EE002BC4F8D452C4F8D0325346304AC3
:10467400FEF7BCF90DF1200E04F5367CBEE80F0000
:10468400ACE80F00BEE80F00ACE80F0052E000BF3A
:104694000000000000005F400000000000004240F5
:1046A40000000000000056400000000000004940E7
:1046B40000000000008052400000000000004B4059
:1046C400B426002091610000F13F0000C0260020C4
:1046D4007163000025400000CC2600201962000010
:1046E400D826002089620000E4260020E16300004F
:1046F400F0260020D964000009400000FC260020B8
:104704005D64000008270020516500001427002084
:10471400C55C0000CD3E00001C2700202161000084
:1047240028270020B96000003D4000003427002005
:10473400416000009EE803008CE803000021084665
:1047440009F072FBDA4BB0EE491BC4F80453B0EE27
:10475400480BC4F80033B7EE002B0146D54B08A82C
:10476400D54AFEF743F90DF1200E04F5427CBEE86C
:104774000F00ACE80F00BEE80F00ACE80F009EE8A5
:1047840003008CE803000121002009F04DFBCB4B12
:10479400B0EE491BC4F83453B0EE480BC4F83033C0
:1047A400B7EE002B0146534608A8C54AFEF71EF98A
:1047B4000DF1200E04F54E7CBEE80F00ACE80F00AE
:1047C400BEE80F00ACE80F009EE803008CE803008D
:1047D4002946002009F028FBBA4BB0EE491BC4F867
:1047E4006453B0EE480BC4F86033B7EE002B0146B7
:1047F400534608A8B44AFEF7F9F80DF1200E04F563
:104804005A7CBEE80F00ACE80F00BEE80F00ACE82D
:104814000F009EE803008CE803000321002009F048
:1048240003FBAA4AB0EE491BC4F89453B0EE480BFC
:10483400C4F89023B7EE002B01469E4B08A8A44A67
:10484400FEF7D4F80DF1200E04F5667CBEE80F00E7
:10485400ACE80F00BEE80F00ACE80F009EE80300D0
:104864008CE803000421002009F0DEFA994BB0EE35
:10487400491BC4F8C453B0EE480BC4F8C033B7EEB8
:10488400002B0146534608A8934AFEF7AFF80DF1F2
:10489400200E04F5727C04F57E74BEE80F00ACE8CB
:1048A4000F00BEE80F00ACE80F009EE803008CE8A0
:1048B40003000521002009F0B7FA884B44F8045C92
:1048C400B0EE491B44F8083CB0EE480B0146534691
:1048D40008A8B7EE002B824AFEF788F8814B002027
:1048E400814A33600DF1200C804BB7EE002BB2608F
:1048F400706033637563BCE80F000FC4BCE80F003D
:104904000FC49CE803005346794A84E803007949BC
:1049140008A806F138045F399FED5D1B9FED5E0B1F
:10492400FEF764F80DF1200C734BB0EE4B0B75667B
:10493400B7EE002B3366BCE80F000FC4BCE80F00D1
:104944000FC49CE8030053466C4A84E80300694999
:1049540008A806F168045E399FED511BFEF746F87E
:104964000DF1200C664BB7EE002BC6F89450B2EE56
:104974000C0BC6F89030BCE80F000FC4BCE80F0065
:104984000FC49CE8030053465E4A84E80300594977
:1049940008A806F198045D399FED431BFEF726F83D
:1049A4000DF1200C584BB0EE491BB0EE480BC6F885
:1049B400C450C6F8C030B7EE002BBCE80F000FC4DB
:1049C400BCE80F000FC49CE8030053464F4A84E838
:1049D400030008A84E49FEF709F80DF1200C4D4BD1
:1049E40006F1C804B0EE491BC6F8F450C6F8F0301E
:1049F400B0EE480BB7EE002BBCE80F000FC4BCE8C8
:104A04000F000FC49CE803003B46434A84E80300BC
:104A1400384908A806F1F8045A39FDF7E7FF0DF103
:104A2400200C3E4BB0EE491BB0EE480BC6F82451A7
:104A3400C6F82031B7EE002BBCE80F000FC4BCE869
:104A44000F000FC49CE803003B46354A84E803008A
:104A5400284908A806F594745939FDF7C7FF0DF1E4
:104A6400200C304BB0EE491BB0EE480BC6F8545145
:104A7400C6F85031B7EE002BBCE80F000FC4BCE8F9
:104A84000F000FC49CE803003B464DE0AFF30080E9
:104A940000000000008050400000000000004F4073
:104AA40000000000000052400000000000805C4054
:104AB4003C270020E13F0000595D0000482700200A
:104AC400C55D000054270020495E000060270020D7
:104AD400C15E00006C270020315F000078270020B1
:104AE400C95F000094260020B9ED0000842700204F
:104AF400C94300008F89002090270020F54300005F
:104B04009C27002021440000A827002059440000CD
:104B140033890020B42700209D440000C0270020D2
:104B2400ED440000CC270020D14A84E80300D14999
:104B340008A806F5AC745839FDF758FF0DF1200CA0
:104B4400CD4BB0EE491BB0EE480BC6F88451C6F805
:104B54008031B7EE002BBCE80F000FC4BCE80F0097
:104B64000FC49CE803003B46C44A84E80300C149DF
:104B740008A806F5C4745739FDF738FF0DF1200C69
:104B8400BF4BB0EE491BB0EE480BC6F8B451C6F8A3
:104B9400B031B7EE002BBCE80F000FC4BCE80F0027
:104BA4000FC49CE803003B46B64A84E80300B149BD
:104BB40008A806F5DC745639FDF718FF0DF1200C32
:104BC400B14BB0EE491BB0EE480BC6F8E451C6F841
:104BD400E031B7EE002BBCE80F000FC4BCE80F00B7
:104BE4000FC49CE803003B46A84A84E80300A1499B
:104BF40008A806F5F4745539FDF7F8FE0DF1200CFC
:104C0400A34BB0EE491BB0EE480BC6F81452C6F8DD
:104C14001032B7EE002BBCE80F000FC4BCE80F0045
:104C24000FC49CE803003B469A4A84E80300914978
:104C340008A806F506745339FDF7D8FE0DF1200CCB
:104C4400954BB0EE491BC6F84452B0EE480BC6F87B
:104C54004032B7EE002BBCE80F000FC4BCE80F00D5
:104C64000FC49CE8030053468C4A84E8030081493E
:104C740008A806F512745439FDF7B8FE0DF1200C9E
:104C8400874BB0EE491BC6F87452B0EE480BC6F819
:104C94007032B7EE002BBCE80F000FC4BCE80F0065
:104CA4000FC49CE803003B467E4A84E80300714934
:104CB40008A806F51E745139FDF798FE0DF1200C75
:104CC400794BB0EE491BC6F8A452B0EE480BC6F8B7
:104CD400A032B7EE002BBCE80F000FC4BCE80F00F5
:104CE4000FC49CE803005346704A84E803006149FA
:104CF40008A806F52A745239FDF778FE0DF1200C48
:104D04006B4BB0EE491BC6F8D452B0EE480BC6F854
:104D1400D032B7EE002BBCE80F000FC4BCE80F0084
:104D24000FC49CE803003B46624A84E8030008A8D9
:104D34006149FDF75BFE0DF1200C604B06F53674FE
:104D4400C6F80453B0EE491BC6F80033B0EE480B66
:104D5400B7EE002BBCE80F000FC4BCE80F000FC473
:104D64009CE803003B46564A84E80300554908A8DA
:104D740006F5427406F54E760C31FDF737FE0DF15B
:104D8400200C514BB0EE491B46F8045CB0EE480BC6
:104D940046F8083CB7EE002BBCE80F000FC4BCE893
:104DA4000F000FC49CE803003B46484A84E8030014
:104DB400444908A808AC0E31FDF718FE444B002006
:104DC400444AC9F80030B7EE002B434BC9F8082019
:104DD400C9F80400C9F83030C9F834500FCC0FC6F4
:104DE4000FCC0FC694E8030053463C4A09F138043B
:104DF40086E80300334908A808AE0F319FED161B5F
:104E04009FED170BFDF7F2FD354BB0EE4B0BC9F8D8
:104E14006450C9F86030B7EE002B0FCE0FC40FCE2C
:104E24000FC496E8030053462E4A08AE84E80300F4
:104E3400244908A809F1680410319FED0B1BFDF704
:104E4400D5FD294BB7EE002BC9F89450C9F8903022
:104E5400B2EE0C0B0FCE49E0000000000080504081
:104E64000000000000004F4000000000000052401D
:104E74003D4500008F890020D82700208D45000083
:104E8400E0270020CD450000EC2700201D4600004F
:104E9400F8270020B14600000428002061460000E5
:104EA40010280020B14700001C280020694700009A
:104EB40028280020194800004089002034280020B8
:104EC400DD470000338900204028002045480000C9
:104ED40094260020B9ED00004C28002095480000DD
:104EE40058280020C1480000642800200FC40FCEB9
:104EF4000FC496E803005346C14A08AE84E8030091
:104F0400C04908A809F1980411319FEDBB1BFDF7B6
:104F14006DFDBD4BB0EE491BC9F8C450C9F8C03093
:104F2400B0EE480BB7EE002B0FCE0FC40FCE0FC45C
:104F340096E803005346B54A08AE84E80300B14935
:104F440008A809F1C8041231FDF750FDB04BB0EECA
:104F5400491BC9F8F450C9F8F030B0EE480BB7EE6D
:104F6400002B0FCE0FC40FCE0FC496E803003B46B0
:104F7400A84A08AE84E80300A24908A809F1F80485
:104F84001431FDF733FDA44BB0EE491BC9F824518D
:104F9400C9F82031B0EE480BB7EE002B0FCE0FC48A
:104FA4000FCE0FC496E803003B469C4A08AE84E843
:104FB4000300944908A809F594741531FDF716FD0A
:104FC400974BB0EE491BC9F85451C9F85031B0EEB3
:104FD400480BB7EE002B0FCE0FC40FCE0FC496E8CC
:104FE40003003B468F4A08AE84E80300854908A8BD
:104FF40009F5AC741631FDF7F9FC8B4BB0EE491B87
:10500400C9F88451C9F88031B0EE480BB7EE002BD3
:105014000FCE0FC40FCE0FC496E803003B46834A5D
:1050240008AE84E80300774908A809F5C474173169
:10503400FDF7DCFC7E4BB0EE491BC9F8B451C9F84E
:10504400B031B0EE480BB7EE002B0FCE0FC40FCE2D
:105054000FC496E803003B46764A08AE84E8030092
:10506400684908A809F5DC741831FDF7BFFC724BD8
:10507400B0EE491BC9F8E451C9F8E031B0EE480B71
:10508400B7EE002B0FCE0FC40FCE0FC496E803006B
:105094003B466A4A08AE84E803005A4908A809F561
:1050A400F4741931FDF7A2FC654BB0EE491BC9F845
:1050B4001452C9F81032B0EE480BB7EE002B0FCEE5
:1050C4000FC40FCE0FC496E803003B465D4A08AEFA
:1050D40084E803004B4908A809F506741B31FDF761
:1050E40085FC594BB0EE491BC9F84452C9F840320B
:1050F400B0EE480BB7EE002B0FCE0FC40FCE0FC48B
:1051040096E803005346514A08AE84E803003D493B
:1051140008A809F512741A31FDF768FC4C4BB0EE7F
:10512400491BC9F87452C9F87032B0EE480BB7EE97
:10513400002B0FCE0FC40FCE0FC496E803003B46DE
:10514400444A08AE84E803002E4908A809F51E74F1
:105154001D31FDF74BFC404BB0EE491BC9F8A4527E
:10516400C9F8A032B0EE480BB7EE002B0FCE0FC437
:105174000FCE0FC496E803005346384A08AE84E8BD
:105184000300204908A809F52A741C31FDF72EFCF8
:10519400334BB0EE491BC9F8D452C9F8D032B0EE43
:1051A400480BB7EE002B0FCE0FC40FCE0FC496E8FA
:1051B40003003B462B4A08AE84E80300114908A8C3
:1051C40009F536741F31FDF711FC274BB0EE491B6E
:1051D400C9F80453C9F80033B0EE480BB7EE002BFE
:1051E4000FCE0FC40FCE0FC496E803003B461F4AF0
:1051F40008AE84E803003BE00000000000805C404F
:10520400ED48000033890020702800202549000063
:105214007C2800206949000088280020B949000042
:1052240094280020094A0000A0280020594A0000C0
:10523400A8280020A54A0000B4280020F54A000050
:10524400C0280020754B0000CC280020354B0000FE
:10525400D8280020714C0000E4280020294C0000CC
:10526400F0280020D94C0000FC2800209D4C0000B0
:10527400C54908A809F542741E31FDF7B7FBC34BB5
:10528400B0EE491BC9F83453C9F83033B0EE480BBB
:10529400B7EE002B0FCE0FC40FCE0FC496E8030059
:1052A4003B46BB4A08AE84E80300B74908A809F5A1
:1052B4004E742031FDF79AFBB64BB7EE002BC9F8BC
:1052C4006453C9F86033B0EE480B0FCE0FC40FCE51
:1052D4000FC496E80300B0EE421BAF4BAF4A84E81C
:1052E4000300A94908A809F55A745D31FDF77EFB4E
:1052F4000DF1200CAA4B00206646AA4AC8F80030DB
:10530400B7EE002BA84BB0EE001BC8F80820C8F875
:105314000400B0EE420BC8F83030C8F834500FCE59
:105324000FC40FCE0FC496E80300974E9A4B9F4AC2
:1053340084E80300604606F15A01FDF757FBC8F8FC
:1053440064509B4B08AD08F13804B0EE480BC8F824
:105354006030B7EE002BB1EE001B0FCD0FC40FCDA4
:105364000FC495E80300934B08AD934A84E8030007
:1053740006F1210108A8FDF739FB02218F4B08F142
:105384006804C8F89410B0EE4A1BC8F89030B0EE28
:105394004D0BB7EE002B0FCD0FC40FCD0FC495E806
:1053A4000300874B08AD874A84E8030006F1220115
:1053B40008A8FDF71BFB0221834B08F19804C8F8E9
:1053C400C410B0EE491BC8F8C030B7EE002BB1EEE4
:1053D400040B0FCD0FC40FCD0FC495E803007B4B16
:1053E40008AD7B4A84E8030006F1230108A8FDF711
:1053F400FDFA0221774B08F1C804C8F8F410B0EEA6
:105404004C1BC8F8F030B0EE4B0BB7EE002B0FCDB1
:105414000FC40FCD0FC495E8030053466E4A08AD80
:1054240084E8030006F1240108A8FDF7DFFA02214D
:105434006A4B08F1F804C8F82411B0EE491BC8F807
:105444002031B0EE480BB7EE002B0FCD0FC40FCDBB
:105454000FC495E803003B46614A08AD84E80300A5
:1054640006F1250108A8FDF7C1FA02215D4B08F5F4
:105474009474C8F85411B0EE491BC8F85031B0EE1A
:10548400480BB7EE002B0FCD0FC40FCD0FC495E81A
:1054940003005346544A08AD84E8030006F12C0186
:1054A40008A8FDF7A3FA0221504B08F5AC74C8F81C
:1054B4008411B0EE491BC8F88031B0EE480BB7EE4A
:1054C400002B0FCD0FC40FCD0FC495E803003B464E
:1054D400474A08AD84E8030006F1260108A8FDF751
:1054E40085FA0221434B08F5C474C8F8B411B0EE30
:1054F400491BC8F8B031B0EE480BB7EE002B0FCD06
:105504000FC40FCD0FC495E803003B463A4A08ADDB
:1055140084E8030006F1270108A8FDF767FA0221D1
:10552400364B08F5DC74C8F8E411B0EE491BC8F832
:10553400E031B0EE480BB7EE002B0FCD0FC40FCD0A
:105544000FC495E8030053462D4A08AD84E80300D0
:1055540006F1280108A8FDF749FA0221294B08F5AC
:10556400F474C8F81412B0EE491BC8F81032B0EE47
:10557400480BB7EE002B0FCD0FC40FCD0FC495E829
:1055840003003B4640E000BF338900200829002087
:10559400054D000014290020393F0000795C00000B
:1055A40094260020B9ED000020290020F95B0000BA
:1055B4002C29002065400000554D000038290020AA
:1055C400F9400000814D0000442900203D400000C6
:1055D400F94D000050290020214E00005C290020D4
:1055E4004D4E00006829002051500000742900200D
:1055F400794E000080290020CD4E00008C29002027
:10560400F94E000098290020C04A08AD84E8030040
:1056140006F1290108A8FDF7E9F90221BC4B08F5B8
:105624000674C8F84412B0EE491BC8F84032B0EE14
:10563400480BB7EE002B0FCD0FC40FCD0FC495E868
:1056440003003B46B34A08AD84E8030006F12B018E
:1056540008A8FDF7CBF90221AF4B08F51274C8F87E
:105664007412B0EE491BC8F87032B0EE480BB7EEB6
:10567400002B0FCD0FC40FCD0FC495E80300534684
:10568400A64A002584E8030006F12A0108A8FDF7CC
:10569400ADF9A34BA34808F51E745D600225A24A28
:1056A4001E461860B0EE480B9A60B7EE002B5D639F
:1056B40008AD9E4BB1EE001B33630FCD0FC40FCD6D
:1056C4000FC495E803009A4B08AD9A4A84E8030096
:1056D40008AC994920462031FDF788F90224974BFC
:1056E400B0EE4A1B746606F138043366B0EE4D0B17
:1056F400B7EE002B0FCD0FC40FCD0FC495E80300F8
:105704008F4B08AD8F4A84E8030008AC8A492046D1
:105714002131FDF76BF902248B4BB0EE491BC6F81F
:10572400944006F16804C6F89030B7EE002BB1EE51
:10573400040B0FCD0FC40FCD0FC495E80300834BAA
:1057440008AD834A84E8030008AC7B492046223133
:10575400FDF74CF902247F4BB0EE4C1BC6F8C44055
:1057640006F19804C6F8C030B0EE4B0BB7EE002B30
:105774000FCD0FC40FCD0FC495E803005346764AEE
:1057840008AD84E8030008AC6B4920462331FDF7DB
:105794002DF90224714BB0EE491BC6F8F44006F112
:1057A400C804C6F8F030B0EE480BB7EE002B0FCDAE
:1057B4000FC40FCD0FC495E803003B46684A08ADFB
:1057C40084E8030008AC5C4920462431FDF70EF957
:1057D4000224644BB0EE491BC6F8244106F1F804D8
:1057E400C6F82031B0EE480BB7EE002B0FCD0FC436
:1057F4000FCD0FC495E8030053465B4A08AD84E817
:10580400030008AC4C4920462B31FDF7EFF8022485
:10581400564BB0EE491BC6F8544106F59474C6F8CD
:105824005031B0EE480BB7EE002B0FCD0FC40FCDA7
:105834000FC495E803003B464D4A08AD84E80300D5
:1058440008AC3D4920462531FDF7D0F80224494BE8
:10585400B0EE491BC6F8844106F5AC74C6F8803135
:10586400B0EE480BB7EE002B0FCD0FC40FCD0FC415
:1058740095E803003B46404A08AD84E8030008ACC1
:105884002D4920462631FDF7B1F802243B4BB0EEFA
:10589400491BC6F8B44106F5C474C6F8B031B0EE7D
:1058A400480BB7EE002B0FCD0FC40FCD0FC495E8F6
:1058B40003005346324A08AD84E8030008AC1E498D
:1058C40020462731FDF792F802242E4BB0EE491BF7
:1058D400C6F8E44106F5DC74C6F8E031B0EE480BD6
:1058E400B7EE002B0FCD0FC40FCD0FC495E8030006
:1058F4003B46254A08AD84E8030008AC0E4920461F
:105904002831FDF773F8022440E000BF314F000056
:10591400A4290020954F0000B02900205D4F00000D
:10592400F0C5002094260020B9ED0000BC29002019
:10593400654000008D50000040890020C8290020E7
:10594400F9400000B9500000D42900203D40000077
:105954002D510000E029002055510000EC290020C1
:1059640081510000F829002085530000042A0020FA
:10597400AD510000102A0020015200001C2A002012
:105984002D520000282A002065520000C94BB0EEB9
:10599400491BC6F8144206F5F474C6F81032B0EE8A
:1059A400480BB7EE002B0FCD0FC40FCD0FC495E8F5
:1059B40003003B46C04A08AD84E8030008ACBF4975
:1059C40020462A31FDF712F80224BD4BB0EE491BE4
:1059D400C6F8444206F50674C6F84032B0EE480BE9
:1059E400B7EE002B0FCD0FC40FCD0FC495E8030005
:1059F4005346B44A84E8030008ACB0492046293130
:105A0400FCF7F4FF0023B04806F51274CBF8043019
:105A14000223AE4AB7EE002BCBF8343008ABCBF8F8
:105A24000820B0EE001B1D46A94BCBF80000B0EED9
:105A3400420BCBF83030A74E0FCD0FC40FCD0FC49F
:105A440095E80300A44BA54A84E8030008ACA449E4
:105A540020462546FCF7CAFF02230BF13804B0EEBA
:105A6400480BCBF86430B7EE002B9E4BB1EE001B15
:105A7400CBF860300FCD0FC40FCD0FC495E80300F1
:105A8400994B9A4A84E8030008AC06F117012046B2
:105A94002546FCF7ABFF02230BF16804B0EE4A1B6A
:105AA400CBF89430B0EE4D0B914BB7EE002BCBF806
:105AB40090300FCD0FC40FCD0FC495E803008D4B6C
:105AC4008D4A84E8030008AC06F1180120462546F7
:105AD400FCF78CFF02230BF19804B0EE491BCBF8C2
:105AE400C430B7EE002B854BB1EE040BCBF8C030BD
:105AF4000FCD0FC40FCD0FC495E80300804B814A2E
:105B040084E8030008AC06F1190120462546FCF799
:105B14006DFF02230BF1C804B0EE4C1BCBF8F4303C
:105B2400B0EE4B0B784BB7EE002BCBF8F0300FCD2B
:105B34000FC40FCD0FC495E803005346734A84E89D
:105B4400030008AC06F11A0120462546FCF74EFF77
:105B540002230BF1F804B0EE491BCBF82431B0EE6C
:105B6400480B6B4BB7EE002BCBF820310FCD0FC495
:105B74000FCD0FC495E803003B46664A84E8030052
:105B840008AC06F11B0120462546FCF72FFF022333
:105B94000BF59474B0EE491BCBF85431B0EE480BBE
:105BA4005D4BB7EE002BCBF850310FCD0FC40FCDAA
:105BB4000FC495E803005346584A84E8030008AC30
:105BC40006F1220120462546FCF710FF02230BF5BF
:105BD400AC74B0EE491BCBF88431B0EE480B504B9B
:105BE400B7EE002BCBF880310FCD0FC40FCD0FC40F
:105BF40095E803003B464B4A84E8030008AC06F1F1
:105C04001C0120462546FCF7F1FE02230BF5C47463
:105C1400B0EE491BCBF8B431B0EE480B424BB7EEB3
:105C2400002BCBF8B0310FCD0FC40FCD0FC495E8C6
:105C340003003B463D4A84E8030008AC06F11D011D
:105C440020462546FCF7D2FE02230BF5DC74B0EEA9
:105C5400491BCBF8E431B0EE480B354BB7EE002BC3
:105C6400CBF8E0310FCD0FC40FCD0FC495E803007E
:105C74005346304A84E8030008AC06F11E0120466E
:105C84002546FCF7B3FE02230BF5F474B0EE491B72
:105C9400CBF81432B0EE480B274BB7EE002BCBF801
:105CA40010320FCD0FC40FCD0FC495E803003B464F
:105CB40044E000BF342A0020C9520000408900207B
:105CC400402A00209152000094260020B9ED0000E3
:105CD4004C2A002055890020393F0000255C000033
:105CE4008E890020582A002065400000C15300001E
:105CF400642A0020F9400000E9530000702A0020C3
:105D04003D4000005D5400007C2A002085540000C2
:105D1400882A0020B1540000942A0020E55600008F
:105D2400A02A0020DD540000AC2A00203D550000CC
:105D3400B82A002069550000C42A0020C14A84E81A
:105D4400030008AC06F11F0120462546FCF74EFE71
:105D540002230BF50674B0EE491BCBF84432B0EEC7
:105D6400480BB94BB7EE002BCBF840320FCD0FC424
:105D74000FCD0FC495E803003B46B44A84E8030002
:105D840008AC06F1210120462546FCF72FFE02232C
:105D94000BF51274B0EE491BCBF87432B0EE480B1D
:105DA400AB4BB7EE002BCBF870320FCD0FC40FCD39
:105DB4000FC495E803005346A64AA74D84E80300A0
:105DC40008AC06F1200120460BF51E74FCF70EFE0C
:105DD400A24B0021A2481A461D609860B0EE480B01
:105DE400596002231646B7EE002B536308ABB1EE9D
:105DF400001B1D469B4B13630FCD0FC40FCD0FC467
:105E040095E80300984B994A84E8030008AC984944
:105E1400204602241639FCF7E9FD746608AC954B5C
:105E2400B0EE4D0B2546336606F13804B0EE4A1B3E
:105E3400B7EE002B0FCD0FC40FCD0FC495E80300B0
:105E44008D4B8E4A84E8030008AC8949204602241D
:105E54001539FCF7CBFDC6F8944008AC884BB0EE7E
:105E6400491B2546C6F8903006F16804B7EE002BAE
:105E7400B1EE040B0FCD0FC40FCD0FC495E8030092
:105E8400804B814A84E8030008AC79492046022407
:105E94001439FCF7ABFDC6F8C44008AC7B4BB0EE3C
:105EA4004C1B2546C6F8C03006F19804B0EE4B0BE7
:105EB400B7EE002B0FCD0FC40FCD0FC495E8030030
:105EC4005346734A84E8030008AC69492046022417
:105ED4001339FCF78BFDC6F8F44008AC6D4BB0EEFB
:105EE400491B2546C6F8F03006F1C804B0EE480B4D
:105EF400B7EE002B0FCD0FC40FCD0FC495E80300F0
:105F04003B46654A84E8030008AC5949204602240C
:105F14001239FCF76BFDC6F8244108AC5F4BB0EEB8
:105F2400491B2546C6F8203106F1F804B0EE480BAB
:105F3400B7EE002B0FCD0FC40FCD0FC495E80300AF
:105F44005346574A84E8030008AC494920460224D2
:105F54000B39FCF74BFDC6F8544108AC514BB0EE7D
:105F6400491B2546C6F8503106F59474B0EE480B2B
:105F7400B7EE002B0FCD0FC40FCD0FC495E803006F
:105F84003B46494A84E8030008AC394920460224C8
:105F94001139FCF72BFDC6F8844108AC434BB0EE35
:105FA400491B2546C6F8803106F5AC74B0EE480BA3
:105FB400B7EE002B0FCD0FC40FCD0FC495E803002F
:105FC4003B463B4A84E8030008AC294920460224A6
:105FD4001039FCF70BFDC6F8B44108AC354BB0EEF4
:105FE400491B2546C6F8B03106F5C474B0EE480B1B
:105FF400B7EE002B0FCD0FC40FCD0FC495E80300EF
:1060040053462D4A84E8030008AC1949204602246B
:106014000F39FCF7EBFCC6F8E44108AC274BB0EEB3
:10602400491B2546C6F8E03106F5DC74B0EE480B92
:10603400B7EE002B0FCD0FC40FCD0FC495E80300AE
:106044003B463DE0B1550000D02A0020295600000F
:10605400DC2A0020E155000094260020F0B900203D
:10606400B9ED0000E82A0020654000002157000037
:106074008E890020F42A0020F940000049570000CE
:10608400002B00203D400000D55700000C2B0020C1
:10609400FD570000182B002029580000242B002055
:1060A4002D5A0000302B0020555800003C2B0020B6
:1060B400A9580000482B0020D5580000542B00207C
:1060C400BD4A84E8030008ACBC49204602240E39CA
:1060D400FCF78CFCC6F8144208ACB94BB0EE491B73
:1060E4002546C6F8103206F5F474B0EE480BB7EE48
:1060F400002B0FCD0FC40FCD0FC495E803003B4612
:10610400B04A84E8030008ACAC49204602240C39A8
:10611400FCF76CFCC6F8444208ACAB4BB0EE491B30
:106124002546C6F8403206F50674B0EE480BB7EEC5
:10613400002B0FCD0FC40FCD0FC495E803005346B9
:10614400A24AA34D84E8030008AC9C4920460D39BB
:10615400FCF74CFC9F4B00229F481D6006F512740F
:106164009860B0EE491B5A601A460223934EB0EE73
:10617400480B536308ABB7EE002B1D46974B1363D4
:106184000FCD0FC40FCD0FC495E803003B46944ACE
:1061940084E8030008ACF11F20462546FCF726FCE2
:1061A4008C4B0221B0EE491B03F13804B0EE480BCE
:1061B400596619468B4BB7EE002B0B660FCD0FC4F7
:1061C4000FCD0FC495E803005346874A84E80300C3
:1061D40008ACB11F20462546FCF708FC7D4B022184
:1061E400B0EE491B03F16804B0EE480BC3F89410F9
:1061F40019467E4BB7EE002BC1F890300FCD0FC47B
:106204000FCD0FC495E803003B46794A704D84E8EE
:10621400030008AC711F2046FCF7E8FB6D49754B81
:10622400B7EE002B01F198046B4800211A469860E0
:10623400B0EE480B1D60B0EE421B5960022353635D
:1062440008AB1D466C4B13630FCD0FC40FCD0FC4A9
:1062540095E80300694B6A4A84E8030008ACF11C22
:1062640020462546FCF7C2FB624B0222B0EE480BE7
:1062740003F13804B7EE002B5A661A46614BB2EEAE
:10628400081B13660FCD0FC40FCD0FC495E8030090
:106294003B465D4A84E8030008AC311F204625468E
:1062A400FCF7A4FB534B0222B7EE002B03F1680466
:1062B400B0EE480BC3F894201A46544BB0EE421B80
:1062C400C2F890300FCD0FC40FCD0FC495E8030072
:1062D4004F4B504A3E4D84E8030008ACF11E204663
:1062E400FCF784FB434A4C4BB0EE4F1B02F198047D
:1062F400394800221D609860B0EE480B5A601A4677
:106304000223B7EE002B1646536308AB1D46434BDE
:1063140013630FCD0FC40FCD0FC495E803003B46A4
:106324003F4A84E8030008AC3E4920462546FCF772
:106334005DFB02223C4B06F138047266B7EE002B7B
:1063440033660FCD0FC40FCD0FC495E80300534639
:10635400364A84E8030008AC35492046254606F150
:1063640068049FED111B9FED120BFCF73FFB02220B
:10637400304BB0EE4B0BC6F89420B7EE002BC6F8AA
:1063840090300FCD0FC40FCD0FC495E803005346D2
:10639400294A84E8030008AC28492046254606F12A
:1063A40098044DE0AFF300800000000000805040EE
:1063B4000000000000004F400D5900008E890020AD
:1063C400602B0020715900006C2B0020395900000B
:1063D4009426002090B60020B9ED0000782B002010
:1063E400695A0000842B0020315B0000902B0020B0
:1063F4006D5B0000D0B500209C2B0020913F000075
:10640400A95C0000A82B0020BD5B0000B42B002079
:10641400393F0000DD5B000090CB0020C02B002042
:106424001542000031890220C82B0020454200009B
:10643400CE8E0020D02B002075420000CF8E00208D
:106444009FED8F1BFCF7D2FA0222974BB7EE002B7D
:10645400C6F8C420B2EE0C0BC6F8C0300FCD0FC482
:106464000FCD0FC495E803005346904A84E8030017
:1064740008AC8F492046254606F1C8049FED821BCF
:10648400FCF7B4FA02228B4BB7EE002BC6F8F420CB
:10649400B2EE061BC6F8F030B0EE420B864E0FCDBE
:1064A4000FC40FCD0FC495E803003B46834A844DC7
:1064B40084E8030008AC83492046FCF797FA0223DA
:1064C40035600021736308AD7F48B0EE4A1B7F4AF4
:1064D400B0EE480B7E4BB7EE002BB06002F1F8042F
:1064E400716033630FCD0FC40FCD0FC495E8030063
:1064F400784B08AD784A84E8030008A87749FCF78C
:1065040075FA022306F13804B0EE491B7366B7EE40
:10651400002B734BB1EE040B33660FCD0FC40FCDBC
:106524000FC495E803006F4B08AD6F4A84E803007D
:1065340008A86E49FCF75AFA022306F16804B0EE83
:106544004A1BC6F89430B0EE480B694BB7EE002BEB
:10655400C6F890300FCD0FC40FCD0FC495E80300DB
:106564005C4B08AD634A84E8030008A86249FCF761
:106574003DFA022306F19804B0EE491BC6F8C43074
:10658400B7EE002B5D4BB1EE040BC6F8C0300FCD57
:106594000FC40FCD0FC495E80300524B08AD584A01
:1065A40084E8030008A85749FCF720FA022306F1FF
:1065B400C804B7EE002BC6F8F430534BC6F8F030DD
:1065C4000FCD0FC40FCD9DED027B0FC495E80300E2
:1065D400B0EE470B53464D4A08AD84E803009FEDE7
:1065E4002C1B08A84A49FCF701FA022306F1F80417
:1065F400B7EE002BC6F82431464BC6F820310FCD38
:106604000FC40FCD9DED027B0FC495E80300B0EEDF
:10661400471B53463D4A08AD84E803009FED1E0B1B
:1066240008A83D49FCF7E2F9022306F59474B0EE9C
:106634004F1BC6F85431B7EE002B384BC6F8503117
:106644000FCD0FC40FCD0FC495E803003B46344A69
:1066540006F5AC7584E8030008AC08A831499FED41
:10666400100BFCF7C3F90FCC0FC50FCC0FC594E882
:10667400030085E8030013B0BDEC108BBDE8F08F78
:1066840000000000000053400000000000805C4057
:1066940000000000000052400000000000004C40D8
:1066A4000000000000004E40D82B00209D42000056
:1066B400C98E0020E02B002048B40020D142000005
:1066C40094260020D58E0020B9ED000090CB002048
:1066D400EC2B0020F940000005430000DB8E002075
:1066E400F82B00203D40000009430000DC8E002010
:1066F400002C00202D430000D98E00200C2C0020FB
:1067040031430000DA8E0020142C00205543000091
:10671400D38E0020202C0020D48E00202C2C00208E
:10672400BD570000CD8E0020024A034B12681A6048
:10673400704700BF2CE20020685A022051B3034680
:1067440010B40A78012A0DD0022A1BD092B1124A41
:1067540003CA148892781C81186059609A725DF893
:10676400044B70470D4C07CC186059609A605DF873
:10677400044B70470A4C07CC186059609A605DF866
:10678400044B7047074C07CC186059609A605DF859
:10679400044B7047704700BF383C0020203C002069
:1067A400143C00202C3C0020034669B10A78D2072F
:1067B40054BF064A064A03CAB2F800C09278A3F846
:1067C40008C0186059609A72704700BFA03B00204F
:1067D400AC3B0020034659B10A7852B1064A03CAB9
:1067E400B2F800C09278A3F808C0186059609A7291
:1067F4007047024AF3E700BFE03C0020D43C00208D
:10680400034659B10A7852B1064A03CAB2F800C025
:106814009278A3F808C0186059609A727047024AC7
:10682400F3E700BFBC3C0020B03C002019B10A785B
:1068340001492FF055B970471430002029B10A7866
:106844000249403A52B22FF04BB970477C3B0020CA
:1068540019B10A7801492FF043B97047943B0020DD
:1068640031B10A78034902EB820252002FF038B9A1
:10687400704700BF083C002041B10A78044902EB8C
:10688400820202EB820292002FF02AB9704700BF05
:10689400083C002031B10A780349C2F17F02D2B228
:1068A4002FF01EB9704700BF1430002079B10B7867
:1068B400F2EE046A064907EE903AF8EE677A87EE3C
:1068C400A67AB7EEC77A53EC172B2FF009B97047A5
:1068D400C83C0020002931D0034610B40A78042AA9
:1068E4002DD8DFE802F00B131B230300174C07CC51
:1068F400186059609A605DF8044B7047144C07CCDB
:10690400186059609A605DF8044B7047114C07CCCD
:10691400186059609A605DF8044B70470E4C07CCC0
:10692400186059609A605DF8044B70470B4C07CCB3
:10693400186059609A605DF8044B70477047084CC2
:1069440007CC186059609A60D5E700BF983C0020D6
:10695400683C0020743C0020803C00208C3C0020DB
:10696400A43C00200000000011B3B2EE081BB0EEFE
:10697400000B10B50B78044607EE103A9FED0E6B32
:10698400B8EE477B37EE467B87EE011B2CF040FECA
:1069940020460D499FED0A7BBDE8104020EE070B11
:1069A400B7EEC00BB7EEC07A53EC172B2FF098B8A4
:1069B400704700BFAFF3008000000000004051406A
:1069C4000000000000807B40EC3C002039B303460B
:1069D40010B40A78012A0AD0022A18D07AB1104CCD
:1069E40007CC186059609A605DF8044B70470D4CF1
:1069F40007CC186059609A605DF8044B70470A4CE4
:106A040007CC186059609A605DF8044B7047074CD6
:106A140007CC186059609A605DF8044B7047704762
:106A24005C3C0020443C0020143C0020503C0020EE
:106A340011B102492FF0F6BB704700BF1089002046
:106A440021B10A78024901322FF04AB8704700BFD9
:106A54008C3B0020084ADFED096A1278084B07EEE8
:106A6400102AB8EE477AC7EE267A67EEA77A77EE51
:106A7400A77AC3ED007A7047DD8E00200000C8427B
:106A8400C48E0020084ADFED096A1278084B07EE2D
:106A9400102AB8EE477AC7EE267A67EEA77A77EE21
:106AA400A77AC3ED007A7047318902200000C842FA
:106AB40030550220084AB2EE087ADFED086A1278EF
:106AC400074B07EE902AF8EE677A77EEE67A67EEE0
:106AD400877AC3ED007A7047CE8E00200000804292
:106AE4004CCF0020064A9FED077A1278064B07EE3A
:106AF400902AF8EE677A77EEC77AC3ED007A70478A
:106B0400CF8E002000008042A0D40020084A9FEDD0
:106B1400097A1278DFED086A07EE902A074BF8EE3F
:106B2400677A77EEC77A87EEA67A83ED007A7047A4
:106B3400C98E0020000080420000C8422CCD0020F5
:106B44000A4A0B491378062B02D013700B70704756
:106B54000878052805D0072808BF052313700B7093
:106B64007047072313700B70704700BFD58E002049
:106B7400D68E0020704700BF064AF2EE046A064B28
:106B8400127807EE902AF8EE677A87EEA67A83EDFC
:106B9400007A7047DC8E0020987C0020704700BF8C
:106BA400064AF2EE046A064B127807EE902AF8EED3
:106BB400677A87EEA67A83ED007A7047DA8E002032
:106BC4009C7C0020174B1848184A194930B51C788A
:106BD400382390F800C0A4F13805ACF1380E02EB6C
:106BE400850502EB8E0E07E00133DEF80000043267
:106BF400492B41F8040B10D09C4503F1FF30F3DC22
:106C0400844203F1010302F10402CCBF52F8040CE4
:106C14002868492B41F8040BEED1064B01221A7067
:106C240030BD00BFD38E0020D48E0020DC8700202E
:106C34009887002044890220074A9FED087A92F839
:106C44002020074B07EE902AF8EE677A77EEC77A92
:106C5400C3ED007A704700BF108900200000804215
:106C640044CF0020074A9FED087A92F82120074B71
:106C740007EE902AF8EE677A77EEC77AC3ED007ACA
:106C8400704700BF108900200000804268D40020B3
:106C9400094A9FED0A7A92F82220DFED096A07EE8D
:106CA400902A084BF8EE677A77EEC77A87EEA67AD1
:106CB40083ED007A704700BF1089002000008042F5
:106CC4000000C84224CD00200B4B9FED0C6A93F8C2
:106CD4002330DFED0B6A07EE903A0A4A0A4BF8EECE
:106CE400677A92ED007A77EEC67A67EEA67A67EE57
:106CF400877AC3ED007A7047108900200000804233
:106D04000000803CC07B0020B0CC00200D490E4A1E
:106D140008B591F825100D4B00EE101AD2ED007A4B
:106D2400D3ED000AB8EE400A20EE270A0AF034FE3A
:106D3400074B08491B78084A83F0010381ED000AD8
:106D4400137008BD10890020287C00207C8C002052
:106D54003689022064D40020468902200D490E4A57
:106D640008B591F826100D4B00EE101AD2ED007AFA
:106D7400D3ED000AB8EE400A20EE270A0AF00CFE12
:106D8400074B08491B78084A83F0010381ED000A88
:106D9400137008BD10890020287C00207C8C002002
:106DA40036890220D87D0020468902200D490E4AEA
:106DB40008B591F827100D4B00EE101AD2ED007AA9
:106DC400D3ED000AB8EE400A20EE270A0AF0E4FDEB
:106DD400074B08491B78084A83F0010381ED000A38
:106DE400137008BD10890020287C00207C8C0020B2
:106DF4003689022050CF0020468902200A480B49D8
:106E040090F828000A4B07EE900A91ED007A1B785F
:106E1400F8EE677A074A084983F0010367EE877A38
:106E24000B70C2ED007A704710890020287C002086
:106E34003689022060CF0020468902200D480E4981
:106E440090F82900D1ED006A07EE900A0B4A0C4B2A
:106E5400F8EE677A92ED007A1B780A4A67EEA67A12
:106E6400094983F0010367EE877A0B70C2ED007A5B
:106E7400704700BF10890020287C0020B08C0020BF
:106E84003689022070CF0020468902200A480B4927
:106E940090F82A000A4B07EE900A91ED007A1B78CD
:106EA400F8EE677A074A084983F0010367EE877AA8
:106EB4000B70C2ED007A704710890020287C0020F6
:106EC4003689022068CF0020468902200000000095
:106ED400114BB6EE005B93F82B3007EE103A0F4BD4
:106EE4009FED094BB8EE477B9FED096B37EE447B72
:106EF40027EE057B27EE067BB7EEC77B83ED007A92
:106F0400704700BFAFF30080000000000000504055
:106F1400000000000000903F1089002078D4002079
:106F2400224A08B52DED028B92F82C20204B07EE57
:106F3400902A93ED007AF8EE677A67EE877AF5EE99
:106F4400C07AF1EE10FA2BD99FED1A7AF4EEC77AD3
:106F5400F1EE10FA1FD49FED187AB1EE008A9FED7E
:106F6400170AF4EEC77ADFED166A9FED167AF1EE92
:106F740010FA58BFB0EE660A58BFB0EE478A27EE43
:106F8400800A2CF055FE20EE080A0F4BBDEC028B54
:106F940083ED000A08BDB0EE0A0A9FED0C8AEEE705
:106FA400B3EE0E8A9FED0A0AE9E700BF10890020BC
:106FB400287C00203333333F6666663FF628CC4096
:106FC40033333341CCCC4C3D90D4002000000C42F0
:106FD40000000000000000000F4A104B92F82D2022
:106FE40007EE102A9FED085BB8EE477B9FED086B18
:106FF40037EE457B27EE067BB7EEC77B83ED007A41
:10700400704700BFAFF30080000000000000504054
:10701400000000000000903F10890020C0CC002038
:107024000749084A91F82E1092ED007A07EE901A5B
:10703400054BF8EE677A67EE877AC3ED007A7047FE
:1070440010890020287C0020B8CC00200B4A08B509
:1070540092F82F200A4B00EE102AD3ED007AB8EEF6
:10706400400A20EE270A0AF039FC064B83ED000A99
:10707400C3ED010A83ED021A08BD00BF1089002088
:10708400287C0020F87B00200749084A91F830103A
:1070940092ED007A07EE901A054BF8EE677A67EEE8
:1070A400877AC3ED007A704710890020287C00207D
:1070B400D8CC00200D490E4A08B591F831100D4B7B
:1070C40000EE101AD2ED007AD3ED000AB8EE400AB1
:1070D40020EE270A0AF060FC074B08491B78084A8F
:1070E40083F0010381ED000A137008BD10890020AC
:1070F400287C0020788C002036890220E0CD0020F6
:1071040046890220074A9FED087A92F83220074BFD
:1071140007EE902AF8EE677A77EEC77AC3ED007A25
:10712400704700BF108900200000804248CF002033
:10713400074A9FED087A92F83320074B07EE902A0E
:10714400F8EE677A77EEC77AC3ED007A704700BF2E
:1071540010890020000080426CD40020094A9FED71
:107164000A7A92F83420DFED096A07EE902A084B78
:10717400F8EE677A77EEC77A87EEA67A83ED007A1F
:10718400704700BF10890020000080420000C84200
:1071940028CD00200B4B9FED0C6A93F83530DFEDC2
:1071A4000B6A07EE903A0A4A0A4BF8EE677A92EDB8
:1071B400007A77EEC67A67EEA67A67EE877AC3ED31
:1071C400007A704710890020000080420000803C53
:1071D400C07B0020B4CC00200D490E4A08B591F8BC
:1071E40037100D4B00EE101AD2ED007AD3ED000AE1
:1071F400B8EE400A20EE270A0AF0CEFB074B0849F6
:107204001B78084A83F0010381ED000A137008BD5E
:1072140010890020287C00207C8C002036890220E4
:10722400007D0020468902200D490E4A08B591F8D8
:1072340038100D4B00EE101AD2ED007AD3ED000A8F
:10724400B8EE400A20EE270A0AF0A6FB074B0849CD
:107254001B78084A83F0010381ED000A137008BD0E
:1072640010890020287C00207C8C00203689022094
:10727400A4D40020468902200D490E4A08B591F88D
:1072840039100D4B00EE101AD2ED007AD3ED000A3E
:10729400B8EE400A20EE270A0AF07EFB074B0849A5
:1072A4001B78084A83F0010381ED000A137008BDBE
:1072B40010890020287C00207C8C00203689022044
:1072C40054CF0020468902200C480D4990F83A001A
:1072D4000C4A07EE100AD1ED006AD2ED007AB8EE3E
:1072E400477A094B094A1B78E7EE267A084983F066
:1072F40001030B70C2ED007A704700BF10890020B3
:10730400287C00205CCF00203689022064CF002036
:10731400468902200D480E4990F83B00D1ED006AE1
:1073240007EE900A0B4A0C4BF8EE677A92ED007A5E
:107334001B780A4A67EEA67A094983F0010367EECF
:10734400877A0B70C2ED007A704700BF1089002065
:10735400287C0020B08C00203689022074CF0020C5
:10736400468902200A480B4990F83C000A4B07EE74
:10737400900A91ED007A1B78F8EE677A074A08497B
:1073840083F0010367EE877A0B70C2ED007A7047D1
:1073940010890020287C0020368902206CCF002030
:1073A400468902200B4BF6EE006A9FED0B6A93F8B8
:1073B4003D309FED0A7A07EE903A094BF8EE677A72
:1073C40077EEC67A67EEA67A67EE877AC3ED007A1F
:1073D400704700BF10890020000080420000803CFC
:1073E4007CD40020224A08B52DED028B92F83E2071
:1073F400204B07EE902A93ED007AF8EE677A67EE59
:10740400877AF5EEC07AF1EE10FA2BD99FED1A7A4D
:10741400F4EEC77AF1EE10FA1FD49FED187AB1EEAC
:10742400008A9FED170AF4EEC77ADFED166A9FED26
:10743400167AF1EE10FA58BFB0EE660A58BFB0EEF5
:10744400478A27EE800A2CF0F3FB20EE080A0F4B44
:10745400BDEC028B83ED000A08BDB0EE0A0A9FED75
:107464000C8AEEE7B3EE0E8A9FED0A0AE9E700BF45
:1074740010890020287C00203333333F6666663F42
:10748400F628CC4033333341CCCC4C3D94D400204B
:1074940000000C42000000000F4A104B92F83F20FD
:1074A40007EE102A9FED085BB8EE477B9FED086B53
:1074B40037EE457B27EE067BB7EEC77B83ED007A7C
:1074C400704700BFAFF30080000000000000504090
:1074D400000000000000903F10890020C4CC002070
:1074E4000749084A91F8401092ED007A07EE901A85
:1074F400054BF8EE677A67EE877AC3ED007A70473A
:1075040010890020287C0020BCCC00200B4A08B540
:1075140092F841200A4B00EE102AD3ED007AB8EE1F
:10752400400A20EE270A0AF0D9F9064B83ED000A37
:10753400C3ED010A83ED021A08BD00BF10890020C3
:10754400287C0020047C00200749084A91F8421056
:1075540092ED007A07EE901A054BF8EE677A67EE23
:10756400877AC3ED007A704710890020287C0020B8
:10757400DCCC00200D490E4A08B591F843100D4BA0
:1075840000EE101AD2ED007AD3ED000AB8EE400AEC
:1075940020EE270A0AF000FA074B08491B78084A2C
:1075A40083F0010381ED000A137008BD10890020E7
:1075B400287C0020788C002036890220E4CD00202D
:1075C40046890220054B06481B780649064A83F083
:1075D400010390F844001370087070473689022044
:1075E400108900201489022046890220000000002E
:1075F40008B5194AB2EE081B184BB0EE000B92F80E
:1076040045201B7807EE102A07EE903A144BB8EE8B
:10761400477AF8EE677A9FED0C5BC7EE276AB7EE00
:10762400C77A37EE457B87EE011BC3ED006A2BF06A
:10763400EFFF0C4B9FED067B20EE070BB7EEC00B64
:1076440083ED000A08BD00BF000000000040514067
:107654000000000000807B4010890020CD8E0020B7
:107664005C7C0020587C0020074AF2EE046A074B39
:1076740092F8462007EE902AF8EE677A87EEA67A0B
:1076840083ED007A704700BF10890020A87C002099
:10769400074A9FED087A92F84720074B07EE902A95
:1076A400F8EE677A77EEC77AC3ED007A704700BFC9
:1076B4001089002000008042787C00200749084A95
:1076C40091F8481092ED007A07EE901A054BF8EE07
:1076D400677A67EE877AC3ED007A704710890020D5
:1076E400287C0020D0CC00200E480F4990F8490097
:1076F400D1ED006A07EE900A0C4A0D4BF8EE677A5A
:1077040092ED007A1B780B4A67EEA67A0A4983F059
:10771400010367EEA77A0B7067EE277AC2ED007A51
:10772400704700BF10890020287C0020988C00201E
:107734003689022010CE0020468902200749084AD3
:1077440091F84A1092ED007A07EE901A054BF8EE84
:10775400677A67EE877AC3ED007A70471089002054
:10776400287C002000CE0020094ADFED0A6A92F846
:107774004B209FED097A07EE902A084BF8EE677AC2
:1077840077EEE67A67EE877AC3ED007A704700BF3A
:1077940010890020000080420000803CF0CD0020D1
:1077A4000749084A91F84C1092ED007A07EE901AB6
:1077B400054BF8EE677A67EE877AC3ED007A704777
:1077C40010890020287C002020CE0020094ADFED0B
:1077D4000A6A92F84D209FED097A07EE902A084B29
:1077E400F8EE677A77EEE67A67EE877AC3ED007A89
:1077F400704700BF10890020000080420000803CD8
:1078040080D40020224A08B52DED028B92F84E2038
:10781400204B07EE902A93ED007AF8EE677A67EE34
:10782400877AF5EEC07AF1EE10FA2BD99FED1A7A29
:10783400F4EEC77AF1EE10FA1FD49FED187A9FED9B
:10784400180AF4EEC77ADFED176A9FED178A9FEDE9
:10785400177AF1EE10FA58BFB0EE660A58BFB0EED0
:10786400478A27EE800A2CF0E3F920EE080A104B31
:10787400BDEC028B83ED000A08BD9FED0E0A9FED5F
:107884000E8AEEE7B2EE048A9FED0C0AE9E700BF28
:1078940010890020287C00203333333F6666663F1E
:1078A400E63FCE40F62882416666064052499D393D
:1078B40098D4002039458540CDCC244100000000F7
:1078C4000B4A08B592F84F200A4B00EE102AD3ED6C
:1078D400007AB8EE400A20EE270A09F097FF064B1B
:1078E40083ED000AC3ED010A83ED021A08BD00BF4F
:1078F40010890020287C0020107C0020054B0648BD
:107904001B780649064A83F0010390F8500013706F
:1079140008707047368902201089002015890220DA
:107924004689022000000000174AF2EE085A9FED33
:10793400177AB0EE000B08B592F85120144B07EEFD
:10794400902A1B78F8EE677A06EE903A114B37EEE0
:10795400C77AF8EE666A87EE251A87EEA66AB7EE4E
:10796400C11A83ED006A2BF053FE0B4B9FED047B91
:1079740020EE070BB7EEC00B83ED000A08BD00BF75
:107984000000000000807B401089002000008A4233
:10799400CD8E0020647C0020607C0020074AF2EE3B
:1079A400046A074B92F8522007EE902AF8EE677AA1
:1079B40087EEA67A83ED007A704700BF1089002015
:1079C400AC7C0020074A9FED087A92F85320074BBD
:1079D40007EE902AF8EE677A77EEC77AC3ED007A5D
:1079E400704700BF10890020000080427C7C00208A
:1079F4000749084A91F8541092ED007A07EE901A5C
:107A0400054BF8EE677A67EE877AC3ED007A704724
:107A140010890020287C0020D4CC00200E480F4977
:107A240090F85500D1ED006A07EE900A0C4A0D4B10
:107A3400F8EE677A92ED007A1B780B4A67EEA67A25
:107A44000A4983F0010367EEA77A0B7067EE277A81
:107A5400C2ED007A704700BF10890020287C002006
:107A64009C8C00203689022014CE002046890220F6
:107A74000749084A91F8561092ED007A07EE901AD9
:107A8400054BF8EE677A67EE877AC3ED007A7047A4
:107A940010890020287C002004CE0020094ADFED54
:107AA4000A6A92F857209FED097A07EE902A084B4C
:107AB400F8EE677A77EEE67A67EE877AC3ED007AB6
:107AC400704700BF10890020000080420000803C05
:107AD400F4CD00200749084A91F8581092ED007A35
:107AE40007EE901A054BF8EE677A67EE877AC3EDD6
:107AF400007A704710890020287C002024CE0020C2
:107B0400094ADFED0A6A92F859209FED097A07EED7
:107B1400902A084BF8EE677A77EEE67A67EE877A72
:107B2400C3ED007A704700BF108900200000804236
:107B34000000803C84D40020224A08B52DED028B3D
:107B440092F85A20204B07EE902A93ED007AF8EE33
:107B5400677A67EE877AF5EEC07AF1EE10FA2BD9E0
:107B64009FED1A7AF4EEC77AF1EE10FA1FD49FED66
:107B7400187A9FED180AF4EEC77ADFED176A9FEDC5
:107B8400178A9FED177AF1EE10FA58BFB0EE660A25
:107B940058BFB0EE478A27EE800A2CF049F820EE51
:107BA400080A104BBDEC028B83ED000A08BD9FED63
:107BB4000E0A9FED0E8AEEE7B2EE048A9FED0C0AE0
:107BC400E9E700BF10890020287C00203333333FCD
:107BD4006666663FE63FCE40F6288241666606400A
:107BE40052499D399CD4002039458540CDCC24414F
:107BF400000000000B4A08B592F85B200A4B00EE27
:107C0400102AD3ED007AB8EE400A20EE270A09F0D4
:107C1400FDFD064B83ED000AC3ED010A83ED021A54
:107C240008BD00BF10890020287C00201C7C002097
:107C3400054B06481B780649064A83F0010390F871
:107C44005C00137008707047368902201089002088
:107C54001289022046890220174AF2EE085A9FED43
:107C6400177AB0EE000B08B592F85D20144B07EEBE
:107C7400902A1B78F8EE677A06EE903A114B37EEAD
:107C8400C77AF8EE666A87EE251A87EEA66AB7EE1B
:107C9400C11A83ED006A2BF0BBFC0B4B9FED047BF8
:107CA40020EE070BB7EEC00B83ED000A08BD00BF42
:107CB4000000000000807B401089002000008A4200
:107CC400CD8E00204C7C0020487C0020074AF2EE38
:107CD400046A074B92F85E2007EE902AF8EE677A62
:107CE40087EEA67A83ED007A704700BF10890020E2
:107CF400A07C0020074A9FED087A92F85F20074B8A
:107D040007EE902AF8EE677A77EEC77AC3ED007A29
:107D1400704700BF1089002000008042707C002062
:107D24000749084A91F8601092ED007A07EE901A1C
:107D3400054BF8EE677A67EE877AC3ED007A7047F1
:107D440010890020287C0020C8CC0020114812494A
:107D540090F86100D1ED007A07EE100A0F4A104B3B
:107D6400B8EE477A92ED006A1B78B7EEC66A0D4A00
:107D740027EE277A0C4983F00103B7EEC77A0B701C
:107D840027EE077B26EE077BB7EEC77B82ED007AF2
:107D9400704700BF10890020287C0020A08C0020A0
:107DA4003689022008CE0020468902200749084A65
:107DB40091F8621092ED007A07EE901A054BF8EEF6
:107DC400677A67EE877AC3ED007A704710890020DE
:107DD400287C0020F8CD00200F4A104B92F8632035
:107DE40007EE102A9FED085BB8EE477B9FED086B0A
:107DF40037EE457B27EE067BB7EEC77B83ED007A33
:107E0400704700BFAFF30080000000000000504046
:107E1400000000000000903F10890020E8CD002001
:107E24000749084A91F8641092ED007A07EE901A17
:107E3400054BF8EE677A67EE877AC3ED007A7047F0
:107E440010890020287C002018CE002000000000AB
:107E54000F4A104B92F8652007EE102A9FED085B3D
:107E6400B8EE477B9FED086B37EE457B27EE067B2C
:107E7400B7EEC77B83ED007A704700BFAFF3008095
:107E84000000000000005040000000000000903F8F
:107E94001089002070D40020224A08B52DED028BF1
:107EA40092F86620204B07EE902A93ED007AF8EEC4
:107EB400677A67EE877AF5EEC07AF1EE10FA2BD97D
:107EC4009FED1A7AF4EEC77AF1EE10FA1FD49FED03
:107ED400187A9FED180AF4EEC77ADFED176A9FED62
:107EE400178A9FED177AF1EE10FA58BFB0EE660AC2
:107EF40058BFB0EE478A27EE800A2BF099FE20EE99
:107F0400080A104BBDEC028B83ED000A08BD9FEDFF
:107F14000E0A9FED0E8AEEE7B2EE048A9FED0C0A7C
:107F2400E9E700BF10890020287C00203333333F69
:107F34006666663FE63FCE40F628824166660640A6
:107F440052499D3988D4002039458540CDCC2441FF
:107F5400000000000B4A08B592F867200A4B00EEB7
:107F6400102AD3ED007AB8EE400A20EE270A09F071
:107F74004DFC064B83ED000AC3ED010A83ED021AA2
:107F840008BD00BF10890020287C0020E07B002071
:107F9400054B06481B780649064A83F0010390F80E
:107FA4006800137008707047368902201089002019
:107FB4001389022046890220174AF2EE085A9FEDDF
:107FC400177AB0EE000B08B592F86920144B07EE4F
:107FD400902A1B78F8EE677A06EE903A114B37EE4A
:107FE400C77AF8EE666A87EE251A87EEA66AB7EEB8
:107FF400C11A83ED006A2BF00BFB0B4B9FED047B46
:1080040020EE070BB7EEC00B83ED000A08BD00BFDE
:108014000000000000807B401089002000008A429C
:10802400CD8E0020547C0020507C002008B5FFF742
:10803400DFFAFFF779FCFFF70FFEBDE80840FFF712
:10804400BBBF00BF074AF2EE046A074B92F86A20EE
:1080540007EE902AF8EE677A87EEA67A83ED007A27
:10806400704700BF10890020A47C0020074A9FEDC0
:10807400087A92F86B20074B07EE902AF8EE677A9D
:1080840077EEC77AC3ED007A704700BF10890020ED
:1080940000008042747C00200749084A91F86C1063
:1080A40092ED007A07EE901A054BF8EE677A67EEC8
:1080B400877AC3ED007A704710890020287C00205D
:1080C400CCCC00200E480F4990F86D00D1ED006A29
:1080D40007EE900A0C4A0D4BF8EE677A92ED007A9F
:1080E4001B780B4A67EEA67A0A4983F0010367EE10
:1080F400A77A0B7067EE277AC2ED007A704700BF4B
:1081040010890020287C0020A48C002036890220BD
:108114000CCE0020468902200749084A91F86E10C7
:1081240092ED007A07EE901A054BF8EE677A67EE47
:10813400877AC3ED007A704710890020287C0020DC
:10814400FCCD0020094ADFED0A6A92F86F209FED0A
:10815400097A07EE902A084BF8EE677A77EEE67A0A
:1081640067EE877AC3ED007A704700BF108900205C
:10817400000080420000803CECCD00200749084A02
:1081840091F8701092ED007A07EE901A054BF8EE14
:10819400677A67EE877AC3ED007A7047108900200A
:1081A400287C00201CCE0020094ADFED0A6A92F8E0
:1081B40071209FED097A07EE902A084BF8EE677A52
:1081C40077EEE67A67EE877AC3ED007A704700BFF0
:1081D40010890020000080420000803C74D40020FC
:1081E400224A08B52DED028B92F87220204B07EE3F
:1081F400902A93ED007AF8EE677A67EE877AF5EEC7
:10820400C07AF1EE10FA2BD99FED1A7AF4EEC77A00
:10821400F1EE10FA1FD49FED187A9FED180AF4EED0
:10822400C77ADFED176A9FED178A9FED177AF1EE93
:1082340010FA58BFB0EE660A58BFB0EE478A27EE70
:10824400800A2BF0F5FC20EE080A104BBDEC028BE3
:1082540083ED000A08BD9FED0E0A9FED0E8AEEE73E
:10826400B2EE048A9FED0C0AE9E700BF10890020F2
:10827400287C00203333333F6666663FE63FCE40BA
:10828400F62882416666064052499D398CD4002006
:1082940039458540CDCC2441000000000B4A08B587
:1082A40092F873200A4B00EE102AD3ED007AB8EE50
:1082B400400A20EE270A09F0A9FA064B83ED000ACA
:1082C400C3ED010A83ED021A08BD00BF1089002026
:1082D400287C0020EC7B0020254A08B52DED028B7C
:1082E40092F87720234B07EE902A93ED007AF8EE6C
:1082F400677A67EE877AF5EEC07AF1EE10FA31D933
:108304009FED1D7AF4EEC77AF1EE10FA25D49FEDB5
:108314001B7AB2EE058A9FED1A0AF4EEC77ADFEDF6
:10832400196A9FED197AF1EE10FA58BFB0EE660A99
:1083340058BFB0EE478A27EE800A2BF079FC134B26
:1083440020EE080A12491B78124A83F0010381EDDA
:10835400000ABDEC028B137008BDB0EE060A9FED57
:108364000E8AE8E79FED0D0AB0EE408AE3E700BF0E
:1083740010890020287C00203333333F6666663F33
:108384006666A64066662641CCCCCC3D3689022082
:108394003CCF0020468902209A99614200000000E7
:1083A4000B4A08B592F878200A4B00EE102AD3ED58
:1083B400007AB8EE400A20EE270A09F08FFA064B3D
:1083C40083ED000AC3ED010A83ED021A08BD00BF64
:1083D40010890020287C00208C7C00200D480E4948
:1083E40090F87900D1ED006A07EE900A0B4A0C4B25
:1083F400F8EE677A92ED007A1B780A4A67EEA67A5D
:10840400094983F0010367EE877A0B70C2ED007AA5
:10841400704700BF10890020287C0020C050022033
:108424003689022038CF002046890220054A064BAF
:1084340092F87A2007EE902AF8EE677AC3ED007A74
:10844400704700BF10890020C47B0020044B054AFC
:1084540093F87B30003B18BF01231370704700BFB3
:108464001089002010890220064A074B92F87D20CB
:108474001B78064802F00102054983F001030270EB
:108484000B7070471089002036890220CC8E0020A2
:1084940046890220064A074B92F87E201B7806483C
:1084A40002F00102054983F0010302700B7070476A
:1084B4001089002036890220CB8E002046890220B4
:1084C400054B06481B780649064A83F0010390F8D9
:1084D4007F001370087070473689022010890020CD
:1084E4001189022046890220074A084B92F880200D
:1084F4001B78003A0648074983F0010318BF01229C
:108504000B700270704700BF10890020368902206A
:10851400D08E002046890220044B054A93F881300E
:10852400003B18BF01231370704700BF108900205F
:10853400CA8E002010B50C4C0C490D4822782DF041
:10854400CFFA23785BB10B4B93F883000A4B0B49AA
:108554001B780B4A83F001030870137010BD094B9C
:1085640093F83C00F2E700BFD88E0020D42F0020FF
:10857400846C02201089002036890220C88E0020D5
:1085840046890220248A00200A480B4990F8850075
:108594000A4B07EE900A91ED007A1B78F8EE677AA1
:1085A400074A084983F0010367EE877A0B70C2ED2E
:1085B400007A704710890020287C00203689022028
:1085C400B87B00204689022010B5114C114912488D
:1085D40022782DF085FA2378A3B1104B93F88730D5
:1085E40007EE903AF8EE677A0D4B9FED0E7A1B7802
:1085F40067EE877A0C490D4A83F00103C1ED007AD6
:10860400137010BD0A4B93F8203007EE903AE9E757
:10861400D88E0020D42F0020846C022010890020E2
:10862400368902206666B042E0CC002046890220EA
:10863400248A002010B5154C1549164822782DF0CF
:108644004FFA2378E3B1144B93F8883007EE903A4D
:10865400F8EE677A9FED116ADFED116A114B77EE40
:10866400C67A9FED117A1B78104A67EEA67A1049F4
:1086740083F0010367EE877A0B70C2ED007A10BDB8
:108684000C4B93F8213007EE903AE1E7D88E0020A6
:10869400D42F0020846C0220108900200000804226
:1086A4006666B042368902200000803CF4CC00208B
:1086B40046890220248A002010B5134C134914481B
:1086C40022782DF00DFA2378C3B1124B93F8893038
:1086D40007EE903AF8EE677ADFED0F6A0F4B9FEDE5
:1086E400107A77EEE67A1B780E4A0F4983F001037D
:1086F40067EE877A0B70C2ED007A10BD0B4B93F8CE
:10870400223007EE903AE5E7D88E0020D42F0020DF
:10871400846C0220108900200000804236890220E7
:108724000000803CFCCC002046890220248A0020E2
:1087340010B5114C1149124822782DF0D1F9237843
:10874400A3B1104B93F88A3007EE903AF8EE677AAB
:108754000D4B9FED0E7A1B7867EE877A0C490D4A14
:1087640083F00103C1ED007A137010BD0A4B93F836
:10877400233007EE903AE9E7D88E0020D42F00206A
:10878400846C022010890020368902206666B0427B
:10879400E4CC002046890220248A00200000000046
:1087A40010B51D4C1D491E4822782DF099F92378E7
:1087B400F3B11C4B93F88B3007EE103AB8EE477BBD
:1087C400194B1A4A1B781A4983F001039FED0C4B8D
:1087D4009FED0D5B9FED0E6B37EE447B0B7027EE28
:1087E400057B27EE067BB7EEC77B82ED007A10BDD2
:1087F400104B93F8243007EE103ADFE7AFF3008014
:108804000000000000005040000000C0CC0C5640A6
:10881400000000000000903FD88E0020D42F0020DC
:10882400846C02201089002036890220F8CC0020B4
:1088340046890220248A002010B5134C1349144899
:1088440022782DF04DF92378C3B1124B93F88C3074
:1088540007EE903AF8EE677ADFED0F6A0F4B9FED63
:10886400107A77EEE67A1B780E4A0F4983F00103FB
:1088740067EE877A0B70C2ED007A10BD0B4B93F84C
:10888400253007EE903AE5E7D88E0020D42F00205B
:10889400846C022010890020000080423689022066
:1088A4000000803C00CD002046890220248A00205C
:1088B40010B5134C1349144822782DF011F923787C
:1088C400C3B1124B93F88D3007EE903AF8EE677A05
:1088D400DFED0F6A0F4B9FED107A77EEE67A1B7887
:1088E4000E4A0F4983F0010367EE877A0B70C2EDDD
:1088F400007A10BD0B4B93F8263007EE903AE5E76B
:10890400D88E0020D42F0020846C022010890020EF
:1089140000008042368902200000803CECCC00201C
:1089240046890220248A002010B5114C11491248AE
:1089340022782DF0D5F82378A3B1104B93F88E301C
:1089440007EE903AF8EE677A0D4BF2EE046A0D4AA0
:108954001B780D4987EEA67A83F001030B7082ED34
:10896400007A10BD094B93F8273007EE903AE9E7F7
:10897400D88E0020D42F0020846C0220108900207F
:1089840036890220F0CC002046890220248A002067
:1089940010B5124C1249134822782DF0A1F823780F
:1089A400ABB1114B93F88F3007EE903A0F4AF8EEC3
:1089B400677A0F4B92ED007A1B7867EE877A0D4940
:1089C4000D4A83F00103C1ED007A137010BD0B4B07
:1089D40093F8283007EE903AE8E700BFD88E0020DD
:1089E400D42F0020846C022010890020287C0020D1
:1089F40036890220E8CC002046890220248A0020FF
:108A040010B5184C1849194822782DF069F82378C4
:108A1400E3B1174B93F8903000EE103A154BB8EED3
:108A2400400AD3ED007A20EE270AB5EE400AF1EEB3
:108A340010FA11D4F1EEC07A0F4B10491B78104A8A
:108A440083F00103C1ED007A137010BD0D4B93F850
:108A5400293000EE103AE1E72AF0B6FDF0EE407A54
:108A6400EAE700BFD88E0020D42F0020846C0220B7
:108A740010890020287C00203689022010CD002097
:108A840046890220248A002010B5124C124913484A
:108A940022782DF025F82378ABB1114B93F891305F
:108AA40007EE903A0F4AF8EE677A0F4B92ED007A90
:108AB4001B7867EE877A0D490D4A83F00103C1EDF7
:108AC400007A137010BD0B4B93F82A3007EE903ADE
:108AD400E8E700BFD88E0020D42F0020846C022049
:108AE40010890020287C00203689022004CD002033
:108AF40046890220248A002010B5124C12491348DA
:108B040022782CF0EDFF2378ABB1114B93F892301F
:108B140007EE903A0F4AF8EE677A0F4B92ED007A1F
:108B24001B7867EE877A0D490D4A83F00103C1ED86
:108B3400007A137010BD0B4B93F82B3007EE903A6C
:108B4400E8E700BFD88E0020D42F0020846C0220D8
:108B540010890020287C002036890220387C0020DF
:108B640046890220248A002010B5144C1449154863
:108B740022782CF0B5FF2378CBB1134B93F89330C4
:108B840007EE903A114AF8EE677AB6EE007A104B87
:108B9400D2ED006A1B7867EEA67A0E4A0E4983F07E
:108BA400010367EE877A0B70C2ED007A10BD0B4BA0
:108BB40093F82C3007EE903AE4E700BFD88E0020FB
:108BC400D42F0020846C022010890020287C0020EF
:108BD4003689022008CD002046890220248A0020FC
:108BE40010B5124C1249134822782CF079FF2378DF
:108BF400BBB1114B93F89430C3F17F030F49104A72
:108C040007EE903A0F4B91ED007AF8EEE77A1B7875
:108C14000D4983F0010367EE877A0B70C2ED007A89
:108C240010BD0A4B93F82D30E6E700BFD88E002024
:108C3400D42F0020846C022010890020287C00207E
:108C44000CCD00203689022046890220248A002087
:108C540010B5144C1449154822782CF041FF2378A0
:108C6400D3B1134B93F8963007EE903A114AF8EECD
:108C7400677A1149D2ED006A104B67EEA67A91ED3E
:108C8400007A1B780E4A67EE877A0E4983F0010357
:108C9400C2ED007A0B7010BD0B4B93F82F3007EE2A
:108CA400903AE3E7D88E0020D42F0020846C022071
:108CB40010890020287C0020B48C002036890220F2
:108CC4001CCD002046890220248A002010B5144CB3
:108CD4001449154822782CF003FF2378D3B1134BA1
:108CE40093F8973007EE903A114AF8EE677A1149F3
:108CF400D2ED006A104B67EEA67A91ED007A1B78EC
:108D04000E4A67EE877A0E4983F00103C2ED007ABA
:108D14000B7010BD0B4B93F8303007EE903AE3E73D
:108D2400D88E0020D42F0020846C022010890020CB
:108D3400287C0020808C00203689022018CD002059
:108D440046890220248A002010B5134C1349144884
:108D540022782CF0C5FE2378C3B1124B93F89830D7
:108D640007EE103AB8EE477A9FED0F6A0F4BDFED2E
:108D7400106AC7EE067A1B780E4A0F4983F0010386
:108D84000B7077EEA67AC2ED007A10BD0B4B93F808
:108D9400313007EE103AE5E7D88E0020D42F0020BA
:108DA400846C0220108900200000C8423689022009
:108DB400CDCCCC3D20CD002046890220248A002041
:108DC40010B5134C1349144822782CF089FE2378EB
:108DD400C3B1124B93F8993007EE903AF8EE677AE4
:108DE4009FED0F7AF3EE046A0E4B0F4A77EEC77AC3
:108DF4001B780E4983F0010387EEA67A0B7082ED8F
:108E0400007A10BD0A4B93F8323007EE903AE5E74A
:108E1400D88E0020D42F0020846C022010890020DA
:108E2400000058423689022014CD002046890220D1
:108E3400248A0020000000002DE9F84FEA4CEB4E94
:108E440094F82230DFF824B406EE103A94F8233074
:108E5400E74FB8EE466A07EE903A94F82030F8EE01
:108E6400677A9BED005A06EE903A94F82130DFF8C9
:108E7400008407EE103AF8EE666A94F82530B8EEEE
:108E8400477AD8ED000A00EE103A0123D94D337029
:108E9400B8EE400AD84BDFF8DCA3DFF8DC932DED05
:108EA400088B9FEDD68A9FEDD6BA36EE486ADFED81
:108EB400D58A76EEC86A77EEC87AC6EE0B5A97ED75
:108EC400006AC3ED006AD04B37EE487A67EEA87AA1
:108ED40020EE060A83ED007ACC4B67EE857A9FED8F
:108EE400BEAB9FEDBF9BC3ED005AC94BC3ED007AE7
:108EF40008F052FD94F82630F0EE407A97ED007AAF
:108F040000EE103A3378D8ED000A83F00103B8EE8E
:108F1400400A2B70BF4B20EE070AC3ED007A08F01D
:108F24003BFD94F82730F0EE407A97ED007A00EE9E
:108F3400103A3378D8ED000A83F00103B8EE400A02
:108F44002B70B54B20EE070AC3ED007A08F024FD20
:108F540094F82B30B6EE006BD7ED005A07EE103ABA
:108F640094F82930B8EE477B37EE4A7B27EE067B30
:108F740027EE097BB7EEC77B07EE903A94F82830CA
:108F8400F8EE677A06EE103A94F82A3006EE903A34
:108F94003378B8EE466A83F00103F8EE666A67EE4A
:108FA400A57A2B7026EE256A9C4B66EEA56ADAED4F
:108FB400005A83ED000A9A4B67EEA57A83ED006AA6
:108FC400984BC3ED007A984BC3ED006A974B83ED41
:108FD400007AFDF7A5FF94F82D30D7ED006A07EE6F
:108FE400103A94F82E30B8EE477B37EE4A7B27EEE2
:108FF400097BB7EEC77B07EE903A94F82F30F8EE72
:10900400677A00EE103A8A4BB8EE400A83ED007A94
:1090140067EEA67A874B20EE260AC3ED007A08F0A5
:109024005DFC94F83030F0EE606AB0EE406A97ED83
:10903400007A07EE903A94F83130D9ED000A00EE48
:10904400103AF8EE677A7C4BB8EE400A67EE877AFE
:1090540083ED021A83ED006AC3ED016A20EE070A6C
:10906400764BC3ED007A08F097FC94F83430F0EEB8
:10907400405A9BED007A07EE903A94F8353097ED1C
:10908400005AF8EE677AD8ED000A77EEC87A87EED0
:109094008B6A07EE903A94F8323006EE903A94F8E0
:1090A4003330F8EE677AF8EE666A77EEC87A76EED1
:1090B400C86A67EEA87A67EE877A07EE103A94F8E2
:1090C4003730B8EE477A00EE103A337883F0010374
:1090D40037EE487AB8EE400A2B70594B20EE050A59
:1090E400C3ED005A574BC3ED006A574B83ED007A2A
:1090F400564B83ED006A564BC3ED007A08F04CFCE6
:1091040094F83830F0EE407A97ED007A00EE103A99
:109114003378D8ED000A83F00103B8EE400A2B70CF
:109124004C4B20EE070AC3ED007A08F035FC94F8A6
:109134003930F0EE407A97ED007A00EE103A337849
:10914400D8ED000A83F00103B8EE400A2B70424BBD
:1091540020EE070AC3ED007A08F01EFC94F83D30B7
:10916400B6EE007AD7ED005A07EE903A94F83A300A
:109174009AED006AF8EE677A06EE903A94F83B307E
:10918400F8EE666A77EEC87A67EE877A07EE103AE9
:10919400324BB8EE477A67EEA87A27EE257A27EEA7
:1091A400067A93ED006A94F83C30A6EEA56A06EEC2
:1091B400903A337883F00103F8EE666A2B70284BFB
:1091C40066EEA56A83ED000A264B83ED006A264B02
:1091D40083ED007A52E000BF000000000000504020
:1091E400000000000000903F108900203689022012
:1091F400287C00204689022044CF002000008042C1
:109204000000C8420000803C68D4002024CD002027
:10921400B0CC002064D40020D87D002050CF0020A2
:1092240060CF002070CF002068CF002078D40020C9
:10923400C0CC0020B8CC0020F87B0020D8CC002083
:10924400E0CD002048CF00206CD4002028CD0020A1
:10925400B4CC0020007D0020A4D400205CCF0020EA
:1092640054CF002064CF002074CF0020C07B0020A6
:109274007C8C0020B08C0020788C0020EA4BC3ED5D
:10928400006AEA4BC3ED007AFEF7ACF894F83F307D
:10929400D7ED006A07EE103A94F84030B8EE477BF9
:1092A40037EE4A7B27EE097BB7EEC77B07EE903A91
:1092B40094F84130F8EE677A00EE103ADC4BB8EEE1
:1092C400400A83ED007A67EEA67ADA4B20EE260A8E
:1092D400C3ED007A08F002FB94F84230F0EE606AC5
:1092E400B0EE406A97ED007A07EE903A94F8433076
:1092F400D9ED000A00EE103AF8EE677ACE4BB8EEDC
:10930400400A67EE877A83ED006AC3ED016A83ED54
:10931400021A20EE070AC94BC3ED007A08F03CFBA1
:1093240096F80080C64B94F8442088F0010883ED39
:10933400000AC44B85F800801A70FEF759F994F8B6
:109344004610F2EE045AC04A07EE901A94F84910F7
:1093540097ED009AF8EE677ABC4B85F8008087EEAB
:10936400A55A07EE901A94F84B1006EE901A94F84A
:109374004D1007EE101A94F84710F8EE666A06EEE0
:10938400101AB8EE477AF8EE677AB8EE466A76EEC7
:10939400C86A37EE487A36EE486A66EEA86A27EE5F
:1093A400287A82ED006A67EE897A94F8482006EEFE
:1093B400102A94F84C2067EEA77AB8EE466A26EE97
:1093C400096A83ED006A94F84A3006EE103AA04B1D
:1093D400B8EE466AC3ED006A9E4B66EE096A06EE75
:1093E400102AB8EE466A26EE096A83ED006A9A4BA3
:1093F40083ED007A94F84E3007EE103A974BB8EEAE
:10940400477A93ED006A964B66EE277A27EE097A3F
:10941400C3ED006A934BB5EEC07A83ED005A924BCC
:10942400F1EE10FAC3ED007A40F20E86DFED8F7A8A
:10943400B4EEE77AF1EE10FA00F1A485DFED8C7A50
:109444009FED8C0AB4EEE77ADFED8B6ADFED8B5A81
:10945400DFED8B7AF1EE10FA58BFB0EE660A54BF16
:10946400B0EE678AB0EE658A27EE000A2AF0E0FBC8
:1094740094F84F3060EE087A00EE103A814BB8EE63
:10948400400AC3ED007A20EE090A08F0BFF97E4BCA
:1094940096F8008094F8502083ED000A88F00108C3
:1094A400C3ED010A83ED021A784B85F800801A7027
:1094B400FEF73AFA94F85220F2EE045A9FED745AE9
:1094C40007EE902A94F855209FED726AF8EE677AB9
:1094D400714B97ED008A85F80080C7EEA54A07EE28
:1094E400902A94F8572006EE902A94F8592007EE13
:1094F400102AF8EE666A94F85320F8EE677AB8EE0C
:10950400477A76EEC56A67EE887A37EE457A66EE74
:10951400866A67EEA77A27EE067A06EE102A94F892
:109524005420B8EE466A36EE456A83ED006A06EECC
:10953400102A5A4BB8EE466A94F8582026EE086A68
:1095440083ED006A94F8563006EE103A544BB8EEA8
:10955400466AC3ED006A534B66EE086A06EE102AAB
:10956400B8EE466A26EE086A83ED006A4E4B83ED38
:10957400007A94F85A3007EE103A4C4BB8EE477A1A
:1095840093ED006A4A4B67EE867A27EE087AC3EDBC
:10959400006A484BB5EEC07AC3ED004A464BF1EE83
:1095A40010FAC3ED007A40F26085DFED307AB4EE54
:1095B400E77AF1EE10FA00F15E85DFED2D7A9FED8A
:1095C4002D0AB4EEE77ADFED2C6ADFED2C5ADFEDDD
:1095D4002C7AF1EE10FA58BFB0EE660A54BFF0EEE2
:1095E400678AF0EE658A27EE000A2AF021FB94F8D8
:1095F4005B3060EE287A00EE103A304BB8EE400A49
:10960400C3ED007A20EE080A08F000F92C4B96F816
:10961400008094F85C2083ED000A88F00108C3ED13
:10962400010A83ED021A4DE06CCF00207CD40020A7
:10963400C4CC0020BCCC0020047C0020DCCC002066
:10964400E4CD002014890220787C0020D0CC0020B6
:10965400F0CD002020CE002080D40020988C002063
:1096640000CE0020A87C002010CE00203333333FEE
:109674006666663FE63FCE40F6288241666606404F
:1096840052499D3998D40020107C0020158902206D
:10969400000080420000803C7C7C0020D4CC002070
:1096A400F4CD002024CE002084D400209C8C002003
:1096B40004CE0020AC7C002014CE00209CD40020DA
:1096C4001C7C0020EC4B85F800801A70FEF7C4FA6D
:1096D40094F86120B2EE043A97ED008A07EE102A5E
:1096E40094F85E209FEDE52AB8EE477A07EE902ABB
:1096F40094F86320F8EE677AE14B27EE087A85F850
:109704000080C7EE832AB7EEC76A07EE102A94F8E2
:109714006520B8EE477B26EE066B9FEDD34B9FED9D
:10972400D45B37EE447B27EE057BF7EEC73B07EEB1
:10973400102AD44AB8EE477B37EE447B27EE057BEC
:1097440092ED005A94F85F20B7EEC55AB7EEC77B86
:1097540007EE902A94F8602026EE056BF8EE677AFF
:1097640077EEC27AB7EEC66BC3ED007A07EE902AA5
:10977400C54BF8EE677A94F8642067EE887AC3EDF7
:10978400007A07EE902A94F86230F8EE677A06EED3
:10979400903ABE4B67EE887AC3ED003ABC4BF8EEC4
:1097A400666AC3ED007ABB4B66EE886A83ED007A85
:1097B40094F8663007EE903AB74BF8EE677AC3ED4B
:1097C400002AB64B67EE887A83ED006AB44BF5EE57
:1097D400C07AC3ED006AF1EE10FA40F240849FEDC6
:1097E400B17AF4EEC77AF1EE10FA00F14F849FEDEE
:1097F400AE7A9FEDAE0AF4EEC77ADFEDAD6A9FED67
:10980400AD3A9FEDAD7AF1EE10FA58BFB0EE660AAC
:1098140054BFF0EE478AF0EE438A27EE800A2AF01E
:1098240007FA94F8673060EE287A00EE103AA34BFA
:10983400B8EE400AC3ED007A20EE080A07F0E6FF0E
:109844009F4B96F8008094F8682083ED000A88F016
:109854000108C3ED010A83ED021A9A4B85F80080D2
:109864001A70FEF7A9FB94F86A20F2EE045ADFEDB1
:10987400834A07EE902A94F86D209FED936AF8EEE0
:10988400677A924B97ED008A85F8008087EEA55A97
:1098940007EE902A94F86F2006EE902A94F871202F
:1098A40007EE102AF8EE666A94F86B20F8EE677AF1
:1098B400B8EE477A76EEE46A67EE887A37EE647A31
:1098C40066EE866A67EEA77A27EE067A06EE102A17
:1098D40094F86C20B8EE466A36EE646A83ED006A4A
:1098E40006EE102A7A4BB8EE466A94F8702026EEFB
:1098F400086A83ED006A94F86E3006EE103A754BF0
:10990400B8EE466AC3ED006A734B66EE086A06EE6B
:10991400102AB8EE466A26EE086A83ED006A6F4B99
:1099240083ED007A94F8723007EE103A6C4BB8EE7F
:10993400477A93ED006A6B4B66EE277A27EE087A36
:10994400C3ED006A684BB5EEC07A83ED005A674BED
:10995400F1EE10FAC3ED007A40F27C83DFED517A28
:10996400B4EEE77AF1EE10FA00F18B83DFED4E7A74
:109974009FED4E0AB4EEE77ADFED4D6ADFED4D5A06
:10998400DFED4D7AF1EE10FA58BFB0EE660A54BF1F
:10999400F0EE678AF0EE658A27EE000ADFF85C9144
:1099A4002AF046F994F8733060EE287ADFF8508193
:1099B40000EE103A4E4BB8EE400AC3ED007A20EEAA
:1099C400080A07F023FF4B4BC3ED010A83ED021A8B
:1099D40083ED000AFEF780FC94F87830D7ED007A26
:1099E40000EE103AB8EE400A20EE270A07F076FFA0
:1099F40094F8793097ED007A07EE903A3E4B94F85C
:109A04007BC0F8EE677A94F87D00BCF1000C94F802
:109A14007E1000F00100DFF8ECE067EE877A93ED4A
:109A2400007A94F87A3018BF4FF0010C01F001016C
:109A340094F8802067EE877A06EE903A94F88230A4
:109A4400003AF8EE666A8EED000AC9ED007A07EE78
:109A5400103ADFF8B49018BF01223378B8EE477A91
:109A6400C9ED006A52E000BF000000000000504051
:109A7400000000000000903F128902200000804294
:109A8400707C0020A08C0020C8CC0020E8CD0020F1
:109A940018CE002070D40020A07C002008CE002026
:109AA400F8CD00203333333F6666663FE63FCE4051
:109AB400F62882416666064052499D3988D40020C2
:109AC400E07B0020138902200000803C747C00208D
:109AD400CCCC0020ECCD00201CCE002074D400207F
:109AE400A48C0020FCCD0020A47C00200CCE0020FF
:109AF4008CD40020EC7B0020C050022038CF002002
:109B0400D88E00208C7C0020C47B0020DFF8CC930E
:109B140083F00103CEED010A89F800C0DFF8C0C369
:109B24002B708CF80000D44894F8813001708EEDCD
:109B3400021A003B94F87FE0D04918BF0123D048B3
:109B440081F800E0CF490A70CF4AD0491370D04B56
:109B540098F8002083ED007A2BF0C2FF98F80020DB
:109B6400002A00F06D8294F8831094F88430D7EDC5
:109B7400006A07EE103A94F88530C14807EE903A2F
:109B84003378B8EE477A83F00103F8EE677A2B70E6
:109B940027EE267ABF4B67EEA67A1970BE4BBB49F7
:109BA40083ED007ABD4BC3ED007A2BF099FF98F852
:109BB4000020002A00F03E8294F8873007EE903AA5
:109BC4003378F8EE677A9FEDB67A83F00103AF49F4
:109BD40067EE877AAA482B70B24BC3ED007A2BF05C
:109BE4007FFF98F80020002A00F01E8294F8883045
:109BF40007EE903AF8EE677A9FEDAB6ADFEDA86A5C
:109C0400337877EEC67A9FEDA97A83F001039F49F2
:109C14009B4867EEA67A2B70A54B67EE877AC3ED57
:109C2400007A2BF05DFF98F80020002A00F0F681FE
:109C340094F8893007EE903AF8EE677ADFED9A6A85
:109C440033789FED9A7A77EEE67A83F001038F49B1
:109C54002B7067EE877A974B8948C3ED007A2BF017
:109C64003FFF98F80030002B00F0D28194F88A303E
:109C740007EE903A3378F8EE677A9FED897A83F0AD
:109C8400010367EE877A2B708B4BC3ED007AFEF7E6
:109C940087FD98F800207D4979482BF021FF98F83A
:109CA4000020002A00F0AE8194F88C3007EE903A40
:109CB400F8EE677ADFED7C6A33789FED7C7A77EE95
:109CC400E67A83F0010371492B7067EE877A7B4B48
:109CD4006B48C3ED007A2BF003FF98F80020002AAC
:109CE40000F08A8194F88D3007EE903AF8EE677AA6
:109CF400DFED6D6A33789FED6D7A77EEE67A83F067
:109D0400010362492B7067EE877A6D4B5C48C3EDA3
:109D1400007A2BF0E5FE98F80020002A00F0668116
:109D240094F88E3007EE903AF8EE677A3378F2EED4
:109D3400046A564983F00103514887EEA67A2B70D2
:109D4400604B83ED007A2BF0CBFE98F80030002BAB
:109D540000F0468194F88F3007EE903A3378F8EEAD
:109D6400677A97ED007A83F0010367EE877A2B70A8
:109D7400554BC3ED007AFEF743FE98F800204349A3
:109D84003F482BF0ADFE98F80020002A00F0228115
:109D940094F8913007EE903A3378F8EE677A97EDBD
:109DA400007A83F00103394967EE877A34482B70CF
:109DB400464BC3ED007A2BF093FE98F80020002A5E
:109DC40000F0028194F8923007EE903A3378F8EE7E
:109DD400677A97ED007A83F001032C4967EE877A5E
:109DE40027482B703A4BC3ED007A2BF079FE98F894
:109DF4000020002A00F0E28094F8933007EE903AB5
:109E0400F8EE677AD7ED006AB6EE007A33781F4928
:109E140067EEA67A83F0010319482B7067EE877A00
:109E24002C4BC3ED007A2BF05BFE98F80020002A3F
:109E340000F0C08094F89430C3F17F0397ED007A6A
:109E4400124907EE903A33780D48F8EEE77A83F03A
:109E540001032B7067EE877A1F4BC3ED007A2BF05A
:109E64003FFE98F80030002B00F09E8094F8953067
:109E740007EE903A36E000BFCB8E00201189022015
:109E8400846C0220D08E0020CA8E0020D42F0020A3
:109E94002C8D0020C88E0020A8D40020B87B002080
:109EA4006666B042E0CC0020000080420000803CA6
:109EB400F4CC0020FCCC0020E4CC002000CD002019
:109EC400ECCC0020F0CC0020E8CC002004CD002015
:109ED400387C002008CD00200CCD00201089022001
:109EE400CC8E00203378F8EE677A97ED007A83F011
:109EF400010367EE877A2B70674BC3ED007AFEF798
:109F0400A7FEFEF7E3FE98F80020644964482BF0AE
:109F1400E7FD98F80020002A40D094F8983007EE26
:109F2400103AB8EE477A9FED5F6A3378DFED5E6AE8
:109F3400C7EE067A83F0010358492B705B4B5848EF
:109F440077EEA67AC3ED007A2BF0CAFD98F80030BC
:109F5400F3B194F8993007EE903AF8EE677A9FEDF2
:109F6400547AF3EE046A3378524A77EEC77A83F070
:109F74000103BDEC088B87EEA67A2B7082ED007A84
:109F8400BDE8F88F9FED4C0A9FED4C8AFFF76CBA41
:109F94004B4B93F8323007EE903ADEE7484B93F898
:109FA400313007EE103ABCE7454B93F82E3007EEFC
:109FB400903A97E7424B93F82D303DE7404B93F8A6
:109FC4002C3007EE903A1BE73D4B93F82B3007EE0D
:109FD400903AFBE63A4B93F82A3007EE903ADBE6E8
:109FE400374B93F8283007EE903AB7E6344B93F8A2
:109FF400273007EE903A97E6314B93F8263007EE78
:10A00400903A73E62E4B93F8253007EE903A4FE6DC
:10A014002B4B93F8233007EE903A2BE6284B93F81A
:10A02400223007EE903A07E6254B93F8213007EEED
:10A03400903ADFE5224B93F8203007EE903ABFE5E3
:10A044001F4B93F83C1090E5B0EE658A9FED1D0A16
:10A05400FFF70ABAF0EE658A9FED1A0A9CE4F0EE67
:10A06400438A9FED180AFFF7D8BBF0EE658A9FED8F
:10A07400150AFFF7B8BA9FED100ADFED108AFFF753
:10A08400B2BA9FED0D0ADFED0D8A85E49FED0A0A51
:10A09400DFED0A8AFFF7C1BB3C7C0020D42F0020EF
:10A0A400846C02200000C842CDCCCC3D20CD0020E1
:10A0B4000000584214CD002039458540CDCC2441C0
:10A0C400248A002000000000FEF7B6BEE74938B538
:10A0D400E74D08462CF06CF9E4490246284625F081
:10A0E40039FF284625F06AFFE24BE34CD3ED007AB2
:10A0F400E2492046B7EEE77A53EC172B2BF0F0FC3D
:10A1040020462CF055F921460246284625F022FF28
:10A11400284625F053FFDA4BDA492046D3ED007A7E
:10A12400B7EEE77A53EC172B2BF0DAFC20462CF031
:10A134003FF921460246284625F00CFF284625F023
:10A144003DFFD14BD1492046D3ED007AB7EEE77AF3
:10A1540053EC172B2BF0C4FC20462CF029F9214694
:10A164000246284625F0F6FE284625F027FFC84B70
:10A17400C8492046D3ED007AB7EEE77A53EC172BA3
:10A184002BF0AEFC20462CF013F92146024628465B
:10A1940025F0E0FE284625F011FFBF4BBF492046BD
:10A1A400D3ED007AB7EEE77A53EC172B2BF098FC3B
:10A1B40020462CF0FDF821460246284625F0CAFE2A
:10A1C400284625F0FBFEB64BB6492046D3ED007A6F
:10A1D400B7EEE77A53EC172B2BF082FC20462CF0D9
:10A1E400E7F821460246284625F0B4FE284625F025
:10A1F400E5FEAD4BAD492046D3ED007AB7EEE77AE4
:10A2040053EC172B2BF06CFC20462CF0D1F8214694
:10A214000246284625F09EFE284625F0CFFEA44B94
:10A22400A4492046D3ED007AB7EEE77A53EC172B16
:10A234002BF056FC20462CF0BBF82146024628465B
:10A2440025F088FE284625F0B9FE9B4B9B49204605
:10A25400D3ED007AB7EEE77A53EC172B2BF040FCE2
:10A2640020462CF0A5F821460246284625F072FE29
:10A27400284625F0A3FE924B92492046D3ED007A5E
:10A28400B7EEE77A53EC172B2BF02AFC20462CF080
:10A294008FF821460246284625F05CFE284625F024
:10A2A4008DFE894B89492046D3ED007AB7EEE77AD3
:10A2B40053EC172B2BF014FC20462CF079F8214694
:10A2C4000246284625F046FE284625F077FE804BB8
:10A2D40080492046D3ED007AB7EEE77A53EC172B8A
:10A2E4002BF0FEFB20462CF063F82146024628465C
:10A2F40025F030FE284625F061FE774B774920464D
:10A30400D3ED007AB7EEE77A53EC172B2BF0E8FB8A
:10A3140020462CF04DF821460246284625F01AFE28
:10A32400284625F04BFE6E4B6E492046D3ED007A4D
:10A33400B7EEE77A53EC172B2BF0D2FB20462CF028
:10A3440037F821460246284625F004FE284625F023
:10A3540035FE654B65492046D3ED007AB7EEE77AC2
:10A3640053EC172B2BF0BCFB20462CF021F8214694
:10A374000246284625F0EEFD284625F01FFE5C4BDC
:10A384005C492046D3ED007AB7EEE77A53EC172BFD
:10A394002BF0A6FB20462CF00BF82146024628465B
:10A3A40025F0D8FD284625F009FE534B5349204695
:10A3B400D3ED007AB7EEE77A53EC172B2BF090FB32
:10A3C40020462BF0F5FF21460246284625F0C2FD23
:10A3D400284625F0F3FD4A4B4A492046D3ED007A3E
:10A3E400B7EEE77A53EC172B2BF07AFB20462BF0D1
:10A3F400DFFF21460246284625F0ACFD284625F01D
:10A40400DDFD414B41492046D3ED007AB7EEE77AB2
:10A4140053EC172B2BF064FB20462BF0C9FF21468D
:10A424000246284625F096FD284625F0C7FD384B00
:10A4340038492046D3ED007AB7EEE77A53EC172B70
:10A444002BF04EFB20462BF0B3FF21460246284654
:10A4540025F080FD284625F0B1FD2F4B2F492046DD
:10A46400D3ED007AB7EEE77A5AE000BF10890020F6
:10A47400747D002044CF0020846C02202030002012
:10A4840068D400203030002024CD0020403000204B
:10A49400B0CC00205030002064D400206030002074
:10A4A400D87D00207030002050CF00208030002064
:10A4B40060CF00209430002070CF0020A430002012
:10A4C40068CF0020B830002078D40020CC300020A1
:10A4D40090D40020E4300020C0CC0020FC300020C8
:10A4E400B8CC002014310020D07B00202C31002077
:10A4F400D8CC002044310020E0CD00205C31002085
:10A5040048CF0020703100206CD40020803100201E
:10A5140028CD002090310020B4CC0020A0310020B0
:10A5240053EC172B2BF0DCFA20462BF041FF21468D
:10A534000246284625F00EFD284625F03FFDE74B50
:10A54400E7492046D3ED007AB7EEE77A53EC172BB0
:10A554002BF0C6FA20462BF02BFF21460246284654
:10A5640025F0F8FC284625F029FDDE4BDE4920467F
:10A57400D3ED007AB7EEE77A53EC172B2BF0B0FA51
:10A5840020462BF015FF21460246284625F0E2FC22
:10A59400284625F013FDD54BD5492046D3ED007A46
:10A5A400B7EEE77A53EC172B2BF09AFA20462BF0F0
:10A5B400FFFE21460246284625F0CCFC284625F01D
:10A5C400FDFCCC4BCC492046D3ED007AB7EEE77ABC
:10A5D40053EC172B2BF084FA20462BF0E9FE21468E
:10A5E4000246284625F0B6FC284625F0E7FCC34B76
:10A5F400C3492046D3ED007AB7EEE77A53EC172B24
:10A604002BF06EFA20462BF0D3FE21460246284654
:10A6140025F0A0FC284625F0D1FCBA4BBA492046C7
:10A62400D3ED007AB7EEE77A53EC172B2BF058FAF8
:10A6340020462BF0BDFE21460246284625F08AFC22
:10A64400284625F0BBFCB14BB1492046D3ED007A36
:10A65400B7EEE77A53EC172B2BF042FA20462BF097
:10A66400A7FE21460246284625F074FC284625F01C
:10A67400A5FCA84BA8492046D3ED007AB7EEE77AAB
:10A6840053EC172B2BF02CFA20462BF091FE21468D
:10A694000246284625F05EFC284625F08FFC9F4B99
:10A6A4009F492046D3ED007AB7EEE77A53EC172B97
:10A6B4002BF016FA20462BF07BFE21460246284654
:10A6C40025F048FC284625F079FC964B964920460F
:10A6D400D3ED007AB7EEE77A53EC172B2BF000FAA0
:10A6E40020462BF065FE21460246284625F032FC22
:10A6F400284625F063FC8D4B8D492046D3ED007A26
:10A70400B7EEE77A53EC172B2BF0EAF920462BF03F
:10A714004FFE21460246284625F01CFC284625F01B
:10A724004DFC844B84492046D3ED007AB7EEE77A9A
:10A7340053EC172B2BF0D4F920462BF039FE21468D
:10A744000246284625F006FC284625F037FC7B4BBC
:10A754007B492046D3ED007AB7EEE77A53EC172B0A
:10A764002BF0BEF920462BF023FE21460246284654
:10A7740025F0F0FB284625F021FC724B7249204657
:10A784001A782BF0ADF920462BF012FE2146024632
:10A79400284625F0DFFB284625F010FC6B4B6C495E
:10A7A4002046D3ED007AB7EEE77A53EC172B2BF063
:10A7B40097F920462BF0FCFD21460246284625F059
:10A7C400C9FB284625F0FAFB624B63492046D3EDCA
:10A7D400007AB7EEE77A53EC172B2BF081F9204679
:10A7E4002BF0E6FD21460246284625F0B3FB284619
:10A7F40025F0E4FB594B5A492046D3ED007AB7EED5
:10A80400E77A53EC172B2BF06BF920462BF0D0FD95
:10A8140021460246284625F09DFB284625F0CEFB1E
:10A82400504B51492046D3ED007AB7EEE77A53EC0A
:10A83400172B2BF055F920462BF0BAFD2146024682
:10A84400284625F087FB284625F0B8FB474B4849A6
:10A854002046D3ED007AB7EEE77A53EC172B2BF0B2
:10A864003FF920462BF0A4FD21460246284625F058
:10A8740071FB284625F0A2FB3E4B3F492046D3ED11
:10A88400007AB7EEE77A53EC172B2BF029F9204620
:10A894002BF08EFD21460246284625F05BFB284618
:10A8A40025F08CFB354B36492046D3ED007AB7EEC4
:10A8B400E77A53EC172B2BF013F920462BF078FD95
:10A8C40021460246284625F045FB284625F076FB1E
:10A8D4002C4B2D492046D3ED007A57E0007D002013
:10A8E400B0310020A4D40020C031002054CF002077
:10A8F400D031002064CF0020E431002074CF002048
:10A90400F43100206CCF0020083200207CD40020D9
:10A914001C32002094D4002034320020C4CC002007
:10A924004C320020BCCC002064320020D47B0020B8
:10A934007C320020DCCC002094320020E4CD0020C6
:10A94400AC32002014890220C0320020587C002040
:10A95400D4320020A87C0020EC320020787C002037
:10A9640008330020D0CC00202433002010CE002057
:10A974004033002000CE00205C330020F0CD0020C6
:10A984007833002020CE002094330020B7EEE77AFD
:10A9940053EC172B2BF0A4F820462BF009FD21468D
:10A9A4000246284625F0D6FA284625F007FBE74B51
:10A9B400E7492046D3ED007AB7EEE77A53EC172B3C
:10A9C4002BF08EF820462BF0F3FC21460246284655
:10A9D40025F0C0FA284625F0F1FADE4BDE49204680
:10A9E400D3ED007AB7EEE77A53EC172B2BF078F817
:10A9F40020462BF0DDFC21460246284625F0AAFA23
:10AA0400284625F0DBFAD54BD5492046D3ED007A0C
:10AA1400B7EEE77A53EC172B2BF062F820462BF0B5
:10AA2400C7FC21460246284625F094FA284625F01C
:10AA3400C5FACC4BCC4920461A782BF051F8204665
:10AA44002BF0B6FC21460246284625F083FA284618
:10AA540025F0B4FAC54BC6492046D3ED007AB7EECB
:10AA6400E77A53EC172B2BF03BF820462BF0A0FC95
:10AA740021460246284625F06DFA284625F09EFA1E
:10AA8400BC4BBD492046D3ED007AB7EEE77A53ECD0
:10AA9400172B2BF025F820462BF08AFC2146024682
:10AAA400284625F057FA284625F088FAB34BB449CE
:10AAB4002046D3ED007AB7EEE77A53EC172B2BF050
:10AAC4000FF820462BF074FC21460246284625F058
:10AAD40041FA284625F072FAAA4BAB492046D3ED39
:10AAE400007AB7EEE77A53EC172B2AF0F9FF2046E9
:10AAF4002BF05EFC21460246284625F02BFA284618
:10AB040025F05CFAA14BA2492046D3ED007AB7EEBA
:10AB1400E77A53EC172B2AF0E3FF20462BF048FC8E
:10AB240021460246284625F015FA284625F046FA1D
:10AB3400984B99492046D3ED007AB7EEE77A53EC67
:10AB4400172B2AF0CDFF20462BF032FC214602467B
:10AB5400284625F0FFF9284625F030FA8F4B904916
:10AB64002046D3ED007AB7EEE77A53EC172B2AF0A0
:10AB7400B7FF20462BF01CFC21460246284625F050
:10AB8400E9F9284625F01AFA864B87492046D3ED81
:10AB9400007AB7EEE77A53EC172B2AF0A1FF204690
:10ABA4002BF006FC21460246284625F0D3F9284618
:10ABB40025F004FA7D4B7E492046D3ED007AB7EEAA
:10ABC400E77A53EC172B2AF08BFF20462BF0F0FB8F
:10ABD40021460246284625F0BDF9284625F0EEF91F
:10ABE400744B75492046D3ED007AB7EEE77A53ECFF
:10ABF400172B2AF075FF20462BF0DAFB214602467C
:10AC0400284625F0A7F9284625F0D8F96B4B6C495E
:10AC14002046D3ED007AB7EEE77A53EC172B2AF0EF
:10AC24005FFF20462BF0C4FB21460246284625F050
:10AC340091F9284625F0C2F9624B634920461A78F7
:10AC44002AF04EFF20462BF0B3FB2146024628464D
:10AC540025F080F9284625F0B1F95C4B5C49204683
:10AC6400D3ED007AB7EEE77A53EC172B2AF038FFCE
:10AC740020462BF09DFB21460246284625F06AF922
:10AC8400284625F09BF9534B53492046D3ED007ACF
:10AC9400B7EEE77A53EC172B2AF022FF20462BF06D
:10ACA40087FB21460246284625F054F9284625F01C
:10ACB40085F94A4B4A492046D3ED007AB7EEE77A44
:10ACC40053EC172B2AF00CFF20462BF071FB214686
:10ACD4000246284625F03EF9284625F06FF9414BF7
:10ACE40041492046D3ED007AB7EEE77A53EC172BAF
:10ACF4002AF0F6FE20462BF05BFB2146024628464E
:10AD040025F028F9284625F059F9384B38492046CA
:10AD1400D3ED007AB7EEE77A53EC172B2AF0E0FE76
:10AD240020462BF045FB21460246284625F012F921
:10AD3400284625F043F92F4B2F492046D3ED007ABE
:10AD4400B7EEE77A53EC172B58E000BF80D400200D
:10AD5400B033002098D40020CC330020D87B0020CE
:10AD6400E83300201589022008340020607C00208C
:10AD74001C340020AC7C0020343400207C7C002077
:10AD840050340020D4CC00206C34002014CE002099
:10AD94008834002004CE0020A4340020F4CD002008
:10ADA400C034002024CE0020DC34002084D40020D1
:10ADB400F83400209CD4002014350020DC7B0020D3
:10ADC400303500201289022050350020487C0020B4
:10ADD40068350020A07C002080350020707C002095
:10ADE4009C350020C8CC0020BC35002008CE0020B3
:10ADF400DC350020F8CD0020F83500202AF070FE64
:10AE040020462BF0D5FA21460246284625F0A2F822
:10AE1400284625F0D3F8E74BE7492046D3ED007ADE
:10AE2400B7EEE77A53EC172B2AF05AFE20462BF0A4
:10AE3400BFFA21460246284625F08CF8284625F01C
:10AE4400BDF8DE4BDE492046D3ED007AB7EEE77A53
:10AE540053EC172B2AF044FE20462BF0A9FA214686
:10AE64000246284625F076F8284625F0A7F8D54B63
:10AE7400D5492046D3ED007AB7EEE77A53EC172B89
:10AE84002AF02EFE20462BF093FA2146024628464D
:10AE940025F060F8284625F091F8CC4BCC492046A3
:10AEA400D3ED007AB7EEE77A53EC172B2AF018FEAD
:10AEB40020462BF07DFA21460246284625F04AF822
:10AEC400284625F07BF8C34BC3492046D3ED007ACE
:10AED400B7EEE77A53EC172B2AF002FE20462BF04C
:10AEE40067FA21460246284625F034F8284625F01C
:10AEF40065F8BA4BBA4920461A782AF0F1FD204683
:10AF04002BF056FA21460246284625F023F8284617
:10AF140025F054F8B34BB4492046D3ED007AB7EE8C
:10AF2400E77A53EC172B2AF0DBFD20462BF040FA8E
:10AF340021460246284625F00DF8284625F03EF81D
:10AF4400AA4BAB492046D3ED007AB7EEE77A53EC2F
:10AF5400172B2AF0C5FD20462BF02AFA214602467B
:10AF6400284624F0F7FF284625F028F8A14BA249EB
:10AF74002046D3ED007AB7EEE77A53EC172B2AF08C
:10AF8400AFFD20462BF014FA21460246284624F051
:10AF9400E1FF284625F012F8984B99492046D3ED55
:10AFA400007AB7EEE77A53EC172B2AF099FD204686
:10AFB4002BF0FEF921460246284624F0CBFF284612
:10AFC40024F0FCFF8F4B90492046D3ED007AB7EE76
:10AFD400E77A53EC172B2AF083FD20462BF0E8F98F
:10AFE40021460246284624F0B5FF284624F0E6FF11
:10AFF400864B87492046D3ED007AB7EEE77A53ECC7
:10B00400172B2AF06DFD20462BF0D2F9214602467B
:10B01400284624F09FFF284624F0D0FF7D4B7E492C
:10B024002046D3ED007AB7EEE77A53EC172B2AF0DB
:10B0340057FD20462BF0BCF921460246284624F051
:10B0440089FF284624F0BAFF744B75492046D3ED96
:10B05400007AB7EEE77A53EC172B2AF041FD20462D
:10B064002BF0A6F921460246284624F073FF284611
:10B0740024F0A4FF6B4B6C492046D3ED007AB7EE65
:10B08400E77A53EC172B2AF02BFD20462BF090F98E
:10B0940021460246284624F05DFF284624F08EFF10
:10B0A400624B63492046D3ED007AB7EEE77A53EC5E
:10B0B400172B2AF015FD20462BF07AF9214602467B
:10B0C400284624F047FF284624F078FF594B5A4974
:10B0D4002046D3ED007AB7EEE77A53EC172B2AF02B
:10B0E400FFFC20462BF064F921460246284624F052
:10B0F40031FF284624F062FF504B51492046D3EDDE
:10B10400007AB7EEE77A53EC172B2AF0E9FC2046D5
:10B114002BF04EF921460246284624F01BFF284610
:10B1240024F04CFF474B48492046D3ED007AB7EE54
:10B13400E77A53EC172B2AF0D3FC20462BF038F98E
:10B1440021460246284624F005FF284624F036FF0F
:10B154003E4B3F492046D3ED007AB7EEE77A53ECF5
:10B16400172B2AF0BDFC20462BF022F9214602467B
:10B17400284624F0EFFE284624F020FF354B3649BC
:10B184002046D3ED007AB7EEE77A53EC172B2AF07A
:10B19400A7FC20462BF00CF921460246284624F051
:10B1A400D9FE284624F00AFF2C4B2D4920461A7854
:10B1B40058E000BFE8CD00201436002018CE00204F
:10B1C4003436002070D400205436002088D4002067
:10B1D40074360020C87B0020943600201389022096
:10B1E400B4360020507C0020CC360020A47C002003
:10B1F400E4360020747C002000370020CCCC0020F2
:10B20400203700200CCE002040370020FCCD002049
:10B214005C370020ECCD0020783700201CCE0020C5
:10B224009837002074D40020B83700208CD4002034
:10B23400D8370020CC7B0020F83700203CCF0020FA
:10B2440018380020887C00202C38002038CF0020BB
:10B2540044380020C47B0020583800201089022084
:10B264006C3800202AF03CFC20462BF0A1F8214643
:10B274000246284624F06EFE284624F09FFEE44B46
:10B28400E4492046D3ED007AB7EEE77A53EC172B66
:10B294002AF026FC20462BF08BF82146024628464D
:10B2A40024F058FE284624F089FEDB4BDB49204677
:10B2B4001A782AF015FC20462BF07AF8214602462B
:10B2C400284624F047FE284624F078FED44BD5497E
:10B2D40020461A782AF004FC20462BF069F821460F
:10B2E4000246284624F036FE284624F067FECE4B5C
:10B2F400CE4920461A782AF0F3FB20462BF058F862
:10B3040021460246284624F025FE284624F056FE0F
:10B31400C74BC84920461A782AF0E2FB20462BF096
:10B3240047F821460246284624F014FE284624F015
:10B3340045FEC14BC14920461A782AF0D1FB20466C
:10B344002BF036F821460246284624F003FE284610
:10B3540024F034FEBA4BBB492046D3ED007AB7EE55
:10B36400E77A53EC172B2AF0BBFB20462BF020F88E
:10B3740021460246284624F0EDFD284624F01EFE10
:10B38400B14BB24920461A782AF0AAFB20462BF08A
:10B394000FF821460246284624F0DCFD284624F016
:10B3A4000DFEAB4BAB492046D3ED007AB7EEE77AFE
:10B3B40053EC172B2AF094FB20462AF0F9FF214680
:10B3C4000246284624F0C6FD284624F0F7FDA24B89
:10B3D400A2492046D3ED007AB7EEE77A53EC172B57
:10B3E4002AF07EFB20462AF0E3FF21460246284647
:10B3F40024F0B0FD284624F0E1FD994B99492046FC
:10B40400D3ED007AB7EEE77A53EC172B2AF068FBFA
:10B4140020462AF0CDFF21460246284624F09AFD14
:10B42400284624F0CBFD904B90492046D3ED007A7A
:10B43400B7EEE77A53EC172B2AF052FB20462AF09A
:10B44400B7FF21460246284624F084FD284624F00E
:10B45400B5FD874B87492046D3ED007AB7EEE77AEE
:10B4640053EC172B2AF03CFB20462AF0A1FF21467F
:10B474000246284624F06EFD284624F09FFD7E4BAC
:10B484007E492046D3ED007AB7EEE77A53EC172BCA
:10B494002AF026FB20462AF08BFF21460246284646
:10B4A40024F058FD284624F089FD754B7549204643
:10B4B400D3ED007AB7EEE77A53EC172B2AF010FBA2
:10B4C40020462AF075FF21460246284624F042FD14
:10B4D400284624F073FD6C4B6C492046D3ED007A6A
:10B4E400B7EEE77A53EC172B2AF0FAFA20462AF043
:10B4F4005FFF21460246284624F02CFD284624F00E
:10B504005DFD634B63492046D3ED007AB7EEE77ADD
:10B5140053EC172B2AF0E4FA20462AF049FF21467F
:10B524000246284624F016FD284624F047FD5A4BCF
:10B534005A492046D3ED007AB7EEE77A53EC172B3D
:10B544002AF0CEFA20462AF033FF21460246284646
:10B5540024F000FD284624F031FD514B514920468A
:10B56400D3ED007AB7EEE77A53EC172B2AF0B8FA4A
:10B5740020462AF01DFF21460246284624F0EAFC14
:10B58400284624F01BFD484B48492046D3ED007A59
:10B59400B7EEE77A53EC172B2AF0A2FA20462AF0EA
:10B5A40007FF21460246284624F0D4FC284624F00E
:10B5B40005FD3F4B3F492046D3ED007AB7EEE77ACD
:10B5C40053EC172B2AF08CFA20462AF0F1FE214680
:10B5D4000246284624F0BEFC284624F0EFFC364BF5
:10B5E40036492046D3ED007AB7EEE77A53EC172BB1
:10B5F4002AF076FA20462AF0DBFE21460246284647
:10B6040024F0A8FC284624F0D9FC2D4B5AE000BFB6
:10B61400ACD400207C380020CC8E00209038002050
:10B62400CB8E0020A438002011890220BC380020D1
:10B63400D08E0020C8380020CA8E0020D4380020C4
:10B644002C8D0020EC380020C88E0020FC3800200F
:10B65400A8D400200C390020B87B00202039002019
:10B6640040CF002030390020E0CC002048390020B1
:10B67400F4CC002064390020FCCC00208039002068
:10B68400E4CC00209C390020F8CC0020B8390020FC
:10B6940000CD0020D4390020ECCC0020F03900206B
:10B6A400F0CC0020103A0020E8CC00202C3A0020F6
:10B6B40010CD00204C3A002004CD0020683A002030
:10B6C400387C002066492046D3ED007AB7EEE77A4D
:10B6D40053EC172B2AF004FA20462AF069FE21467F
:10B6E4000246284624F036FC284624F067FC5D4BCD
:10B6F4005D492046D3ED007AB7EEE77A53EC172B79
:10B704002AF0EEF920462AF053FE21460246284646
:10B7140024F020FC284624F051FC544B5449204684
:10B72400D3ED007AB7EEE77A53EC172B2AF0D8F969
:10B7340020462AF03DFE21460246284624F00AFC13
:10B74400284624F03BFC4B4B4B492046D3ED007A72
:10B75400B7EEE77A53EC172B2AF0C2F920462AF009
:10B7640027FE21460246284624F0F4FB284624F00E
:10B7740025FC424B42492046D3ED007AB7EEE77AE6
:10B7840053EC172B2AF0ACF920462AF011FE21467F
:10B794000246284624F0DEFB284624F00FFC394BF1
:10B7A40039492046D3ED007AB7EEE77A53EC172BEC
:10B7B4002AF096F920462AF0FBFD21460246284647
:10B7C40024F0C8FB284624F0F9FB304B30492046CE
:10B7D400D3ED007AB7EEE77A53EC172B2AF080F911
:10B7E40020462AF0E5FD21460246284624F0B2FB15
:10B7F400284624F0E3FB274B27492046D3ED007A63
:10B80400B7EEE77A53EC172B2AF06AF920462AF0B0
:10B81400CFFD21460246284624F09CFB284624F00E
:10B82400CDFB1E4B9FED1E7A2046D3ED077A1D49B2
:10B83400F8EEE77A67EE877AB7EEE77A53EC172BE0
:10B844002AF04EF920462AF0B3FD21460246284646
:10B8540024F080FB2846BDE8384024F0AFBB00BF8D
:10B86400843A002008CD00209C3A00200CCD002012
:10B87400B83A00203C7C0020D03A00201CCD0020A7
:10B88400EC3A002018CD0020083B002020CD0020F9
:10B89400283B002014CD0020443B002064E4002019
:10B8A40000010030603B00200F4A125C08B50346DB
:10B8B4003AB19A220D490E4802FB031125F0B8FA59
:10B8C40008BD02460B490C482AF00AF90A482AF036
:10B8D4006FFD09490246094824F03CFB0748BDE8CE
:10B8E400084024F06BBB00BF8068022000002020C9
:10B8F40010890020E82F0020846C0220747D002031
:10B904002DE9F04FFE219DB0BA4814F009FA002841
:10B9140000F0B081B84CB94DB64FC4F1000ADFF85D
:10B92400088310E008AE0023114604AA30460893A9
:10B9340016F0D4FDF0B900239A3504F8013FB04B5A
:10B94400A34200F021810AEB0402414604A82AF034
:10B95400C7F8D7F88424002AE4D1D7F8881400293A
:10B96400E9D008AE1346149204AA304614F0D4FE6B
:10B974000028E0D0002304AAA249304618F0D8FFDA
:10B984001A9B002B00F011815C20002625F0EAFAB6
:10B994000A9A099B8146026118309DF82C209A4925
:10B9A40000F8042C994A40F80C3C40F8181C0CA9E7
:10B9B40040F8146C40F8102C18F05EFED9F80420FE
:10B9C40093490CA80132934BC9F85860924EC9F8B8
:10B9D4000420C9F808100193089318F08FFE326907
:10B9E400002A00F0D4805168013951600291002985
:10B9F40042D11068C36A8948834240F02A81906D1D
:10BA040028B1039229F088F8DDE902129165116DDD
:10BA1400002900F0148102F1180018F06FFED6F826
:10BA240010B0BBF1000F27D0DBF800207C4952682E
:10BA34008A4240F01C81744ADBF85800CBF800209D
:10BA440020B129F069F80022CBF85820DBF8502007
:10BA5400002A00F004810BF118021046029218F03B
:10BA64004DFE029A019B1046CBF8083018F046FEB2
:10BA740058465C2125F07CFAC6F81090B9F1000F05
:10BA84007AD0D9F80020674993688B4240F08880C7
:10BA9400D9F85000002800F09A809A22294616F01E
:10BAA40071FDD6F81090B9F1000F65D0D9F80020D7
:10BAB400D26ADFF868B15A4540F09980D9F8580045
:10BAC40020B129F029F80022C9F85820D9F85020CB
:10BAD400002A00F0868009F1180018F00FFED6F84D
:10BAE4001090D9F80430013BC9F804300293002BBC
:10BAF40040D1D9F80010C96A594540F09D80D9F861
:10BB0400580020B129F008F8029BC9F85830D9F838
:10BB14005030002B00F08A8009F1180018F0EEFD77
:10BB2400D6F810B0BBF1000F24D0DBF800303C4A4B
:10BB34005B68934240F09080334BDBF85800CBF8BD
:10BB4400003020B128F0E8FF0023CBF85830DBF8B0
:10BB540050300BF11809002B76D0484618F0CEFD72
:10BB6400019B4846CBF8083018F0C8FD5C215846C4
:10BB740025F0FEF90023336101239A3504F8013FCF
:10BB84001F4BA3427FF4DFAE1DB0BDE8F08FD9F8A0
:10BB9400002024499368C6F810908B423FF478AF94
:10BBA40048469A22294698477BE7DDF86C90B9F11C
:10BBB400000F7FF4E9AE174B0CA8174E01930893BE
:10BBC40018F09CFD3269002A7FF40DAFD4E7D9F850
:10BBD400540000283FF46CAF9A22294614F0F8F977
:10BBE4005FE7D9F85420002A7FF475AF77E7484619
:10BBF400904774E778CF00207F680220000020205F
:10BC0400FF6802207CCF00200C4400206844002000
:10BC1400E843002050410020AC8900201D080000AA
:10BC2400310F0000ED0C00008C2D0020D9F85430A9
:10BC3400002B7FF471AF73E74846884770E7516D76
:10BC440000297FF4E8AEEAE6DBF85430002B84D117
:10BC540086E710469847E2E6584698478AE7DBF8B5
:10BC64005420002A7FF4F7AE0BF11802FAE6584686
:10BC7400904701E71C220449044824F06BF9034867
:10BC840024F09CF946E600BF6C2D0020747D002052
:10BC9400A54B1B5C2DE9F04305469BB0002B00F03F
:10BCA4006781A24E0246A24902A829F019FFD6F8DC
:10BCB4008424002A00F0078106AC0023114602AA5E
:10BCC4002046069316F00AFC002840F00A8144F24C
:10BCD400022302AA9749204618F02AFE189B002B3B
:10BCE40000F06F815C20002625F03CF9924A04465E
:10BCF400466002601830DFF87482DDE9071340F80B
:10BD0400083C9DF8243040F80C1C0AA900F8043CB7
:10BD14008A4B40F8103C18F0AFFC6368884A0AA8C4
:10BD24000133A665874EA2606360CDF8188018F0D1
:10BD3400E5FC3769002F00F02E817B68013B7B60B6
:10BD44000193002B35D13A687F49D26A8A4240F088
:10BD54006A81B86D18B128F0DFFE019BBB653B6DAD
:10BD6400002B00F05B8107F1180018F0C7FC37695D
:10BD7400FFB13B68754A5B68934240F061816E4B4A
:10BD8400B86D3B6018B128F0C7FE0023BB653B6D5E
:10BD940007F11809002B00F04981484618F0AEFC61
:10BDA4004846C7F8088018F0A9FC38465C2125F0FD
:10BDB400DFF83461002C00F0AC802368644A1B6B0C
:10BDC400934240F0A180236D002B00F00B810622EA
:10BDD4006049614824F0BEF800230A229A215E4893
:10BDE40024F008F95C4824F0E9F83469002C62D0A6
:10BDF4009A22236859495A4802FB0511DD68854295
:10BE040040F00181206D002800F0F18016F0DEFF83
:10BE14003469002C4FD02368DB6A4B4FBB4240F09F
:10BE2400FA80A06D18B128F077FE0023A365236D76
:10BE3400002B00F0E38004F1180018F05FFC356972
:10BE44006C68013C6C60002C33D12B68DB6ABB420C
:10BE540040F0F980A86D10B128F05EFEAC652B6D42
:10BE6400002B00F0E88005F1180018F047FC346955
:10BE7400FCB12368354A5B68934240F0E7802E4B5F
:10BE8400A06D236018B128F047FE0023A365236D3D
:10BE940004F11805002B00F0B980284618F02EFC98
:10BEA4002846C4F8088018F029FC5C21204625F0B7
:10BEB4005FF80023336107222A49274824F04AF80F
:10BEC4001BB0BDE8F083D6F88814002965D006AC11
:10BED4001346129202AA204614F01EFC00283FF4D6
:10BEE400F6AED6F88434002B59D0002219462046E9
:10BEF4000123069202AA16F0F1FA00283FF4E7AEF5
:10BF0400204617F0F1FBE2E62046984700287FF42C
:10BF14005EAF15221449104824F01CF80E4824F092
:10BF24004DF81BB0BDE8F0838068022078CF002074
:10BF34008C2D00207CCF00200C440020684400207D
:10BF4400E8430020AC8900201D080000310F0000E8
:10BF540009080000442E0020747D002000002020E9
:10BF6400650D0000642E00204C2E0020504100205E
:10BF740002463849384829F0B3FD37482AF018FA00
:10BF840035490246354823F0E5FF34481BB0BDE887
:10BF9400F04324F013B834610FE706AC97E6D6F803
:10BFA400881400293FF493AE129302AA0123204679
:10BFB40014F0B2FB00283FF48AAE204614F010FCC3
:10BFC40085E6199C002C7FF48DAEDFF898800AA8D2
:10BFD400234ECDF8188018F091FB3769002F7FF4B9
:10BFE400ACAE96E7636D002B7FF4F1AE91E7606D24
:10BFF40000283FF411AF14F0BDFF09E7636D002B77
:10C004007FF419AF1BE72046A84701E7636D002BB7
:10C014007FF443AF44E72046984710E77B6D002B3D
:10C024007FF4A1AEA3E638469047A0E67B6D002BD3
:10C034007FF4B3AEB4E66B6D002B7FF414AF16E758
:10C0440038469847B5E62846984710E7204698476B
:10C054002FE700BF182E0020846C0220747D00207E
:10C06400AC89002050410020AA4B1B5C2DE9F04311
:10C0740005469BB0002B00F07381A74E0246A749EA
:10C0840002A829F02DFDD6F88424002A00F011819D
:10C0940006AC0023114602AA2046069316F01EFAA7
:10C0A400002840F0148144F2022302AA9C4920464D
:10C0B40018F03EFC189B002B00F07B815C200026CE
:10C0C40024F050FF974A0446466002601830DFF8B7
:10C0D4008C82DDE9071340F8083C9DF8243040F8D1
:10C0E4000C1C0AA900F8043C8F4B40F8103C18F0D3
:10C0F400C3FA63688D4A0AA80133A6658C4EA26010
:10C104006360CDF8188018F0F9FA3769002F00F051
:10C114003A817B68013B7B600193002B35D13A68FF
:10C124008449D26A8A4240F07A81B86D18B128F005
:10C13400F3FC019BBB653B6D002B00F06B8107F1A9
:10C14400180018F0DBFA3769FFB13B687A4A5B687C
:10C15400934240F07181734BB86D3B6018B128F085
:10C16400DBFC0023BB653B6D07F11809002B00F0D5
:10C174005981484618F0C2FA4846C7F8088018F0B2
:10C18400BDFA38465C2124F0F3FE3461002C00F043
:10C19400B6802368694A1B6B934240F0AB80236DE1
:10C1A400002B00F0178106226549664823F0D2FE71
:10C1B40000230A229A21634823F01CFF614823F0DC
:10C1C400FDFE3469002C61D023685F4ADF68974222
:10C1D40040F01381206D002800F001819A225B4910
:10C1E40016F0F4FD3469002C50D02368DB6ADFF8C4
:10C1F40044914B4540F00B81A06D18B128F08CFCA4
:10C204000023A365236D002B00F0F28004F11800D5
:10C2140018F074FA37697C68013C7C60002C33D1D7
:10C224003B68DB6A4B4540F00A81B86D10B128F0D9
:10C2340073FCBC653B6D002B00F0F98007F118001E
:10C2440018F05CFA3469FCB123683B4A5B6893429A
:10C2540040F0F880334BA06D236018B128F05CFCEB
:10C264000023A365236D04F11807002B00F0CA8096
:10C27400384618F043FA3846C4F8088018F03EFAF5
:10C284005C21204624F074FE002333612A463049A1
:10C29400304829F025FC2F482AF08AF82D49024617
:10C2A400284823F057FE274823F088FE1BB0BDE83A
:10C2B400F083D6F88814002967D006AC134612928E
:10C2C40002AA204614F028FA00283FF4ECAED6F86F
:10C2D4008434002B5BD000221946204601230692A9
:10C2E40002AA16F0FBF800283FF4DDAE204617F052
:10C2F400FBF9D8E62046984700287FF454AF15226E
:10C304001549104823F026FE0E4823F057FE1BB0B3
:10C31400BDE8F0838068022078CF00208C2D0020B7
:10C324007CCF00200C44002068440020E843002017
:10C33400AC8900201D080000310F0000090800002E
:10C34400442E0020747D0020650D000074880020B8
:10C35400E03B0020846C02204C2E00205041002041
:10C3640002463A493A4829F0BBFB39482AF020F8FA
:10C3740037490246374823F0EDFD36481BB0BDE887
:10C38400F04323F01BBE346103E706AC8BE6D6F81A
:10C39400881400293FF487AE129302AA0123204691
:10C3A40014F0BAF900283FF47EAE204614F018FACF
:10C3B40079E6199C002C7FF481AEDFF8A4800AA8EA
:10C3C400254ECDF8188018F099F93769002F7FF4BD
:10C3D400A0AE94E7636D002B7FF4E5AE8FE7606D4C
:10C3E40000283FF403AF9A221C4914F0C3FDF9E678
:10C3F400636D002B7FF40AAF0CE720469A2217499D
:10C40400B847EFE6636D002B7FF432AF33E7204685
:10C414009847FFE67B6D002B7FF491AE93E6384698
:10C42400904790E67B6D002B7FF4A3AEA4E67B6D72
:10C43400002B7FF403AF05E738469847A5E6384656
:10C444009847FFE6204698471EE700BFB83B002008
:10C45400846C0220747D0020AC8900207488002044
:10C4640050410020AD4B1B5C2DE9F04305469BB0C9
:10C47400002B00F07B81AA4E0246AA4902A829F0AB
:10C484002FFBD6F88424002A00F0168106AC002382
:10C49400114602AA2046069316F020F8002840F020
:10C4A400198144F2022302AA9F49204618F040FA57
:10C4B400189B002B00F083815C20002624F052FDA1
:10C4C4009A4A0446466002601830DFF89C82DDE92F
:10C4D400071340F8083C9DF8243040F80C1C0AA9C6
:10C4E40000F8043C924B40F8103C18F0C5F863681F
:10C4F400904A0AA80133A6658F4EA2606360CDF806
:10C50400188018F0FBF83769002F00F042817B682F
:10C51400013B7B600193002B35D13A688749D26A8D
:10C524008A4240F08281B86D18B128F0F5FA019B77
:10C53400BB653B6D002B00F0738107F1180018F008
:10C54400DDF83769FFB13B687D4A5B68934240F090
:10C554007981764BB86D3B6018B128F0DDFA002381
:10C56400BB653B6D07F11809002B00F0618148465B
:10C5740018F0C4F84846C7F8088018F0BFF83846E1
:10C584005C2124F0F5FC3461002C00F0BB802368AE
:10C594006C4A1B6B934240F0B080236D002B00F07B
:10C5A4001F8106226849694823F0D4FC00230A222B
:10C5B4009A21664823F01EFD644823F0FFFC346989
:10C5C400002C61D02368624ADF68974240F01B81E7
:10C5D400206D002800F009819A225E4916F0F6FBCE
:10C5E4003469002C50D02368DB6ADFF850914B4546
:10C5F40040F01381A06D18B128F08EFA0023A365D2
:10C60400236D002B00F0FA8004F1180018F076F87E
:10C6140037697C68013C7C60002C33D13B68DB6A61
:10C624004B4540F01281B86D10B128F075FABC6525
:10C634003B6D002B00F0018107F1180018F05EF843
:10C644003469FCB123683E4A5B68934240F0008140
:10C65400364BA06D236018B128F05EFA0023A36561
:10C66400236D04F11807002B00F0D280384618F02F
:10C6740045F83846C4F8088018F040F85C21204694
:10C6840024F076FC002333612A463349334829F0E9
:10C6940027FA30499A22324824F0CAFB2F4829F05D
:10C6A40087FE2E490246294823F054FC274823F0EC
:10C6B40085FC1BB0BDE8F083D6F8881400296AD045
:10C6C40006AC1346129202AA204614F025F800285C
:10C6D4003FF4E7AED6F88434002B5ED0002219462E
:10C6E40020460123069202AA15F0F8FE00283FF422
:10C6F400D8AE204616F0F8FFD3E620469847002827
:10C704007FF44FAF15221749104823F023FC0F483C
:10C7140023F054FC1BB0BDE8F08300BF8068022006
:10C7240078CF00208C2D00207CCF00200C440020EA
:10C7340068440020E8430020AC8900201D08000064
:10C74400310F000009080000442E0020747D0020F1
:10C75400650D0000308D0020E03B0020846C022039
:10C76400108900204C2E00205041002002463A49F6
:10C774003A4829F0B5F9394829F01AFE37490246F2
:10C78400374823F0E7FB36481BB0BDE8F04323F0FD
:10C7940015BC3461FBE606AC83E6D6F888140029A0
:10C7A4003FF47FAE129302AA0123204613F0B4FF94
:10C7B40000283FF476AE204614F012F871E6199C76
:10C7C400002C7FF479AEDFF8A4800AA8254ECDF8BA
:10C7D400188017F093FF3769002F7FF498AE91E724
:10C7E400636D002B7FF4DDAE8CE7606D00283FF4B1
:10C7F400FBAE9A221C4914F0BDFBF1E6636D002BDD
:10C804007FF402AF04E720469A221749B847E7E6C7
:10C81400636D002B7FF42AAF2BE720469847F7E699
:10C824007B6D002B7FF489AE8BE63846904788E613
:10C834007B6D002B7FF49BAE9CE67B6D002B7FF41D
:10C84400FBAEFDE6384698479DE638469847F7E63E
:10C854002046984716E700BFB83B0020846C0220AE
:10C86400747D0020AC890020308D002050410020D0
:10C874000F4A125C08B503463AB19A220D490E4894
:10C8840002FB031124F0D4FA08BD02460B490C48FC
:10C8940029F026F90A4829F08BFD0949024609487E
:10C8A40023F058FB0748BDE8084023F087BB00BFCE
:10C8B4008068022000002020308D0020E82F002016
:10C8C400846C0220747D00209A220349034808B531
:10C8D40024F0AEFA08BD00BF10890020748800203F
:10C8E4002DE9F04705469AB0AC492A4602A829F03A
:10C8F400F7F8002302AAAA4906A818F019F8189B09
:10C90400002B00F00B815C20002624F02BFBA54AB1
:10C914000446466002601830DFF8BC82DDE9071384
:10C9240040F8083C9DF8243040F80C1C0AA900F893
:10C93400043C9D4B40F8103C17F09EFE63689B4AF4
:10C944000AA80133A6659A4EA2606360CDF81880E8
:10C9540017F0D4FE3769002F00F0DE807B68013BBE
:10C964007B600193002B35D13A689249D26A8A429E
:10C9740040F00C81B86D18B128F0CEF8019BBB656E
:10C984003B6D002B00F0E88007F1180017F0B6FEAD
:10C994003769FFB13B68884A5B68934240F0248161
:10C9A400804BB86D3B6018B128F0B6F80023BB6526
:10C9B4003B6D07F11809002B00F0EB80484617F097
:10C9C4009DFE4846C7F8088017F098FE38465C215B
:10C9D40024F0CEFA3461002C00F093802368774A67
:10C9E4001B6B934240F08980236D002B00F0A780DD
:10C9F4009A237349346903FB05112368714A9B68C0
:10CA0400934240F0BE80206D002800F09D809A2261
:10CA140015F0B8FD04463769002F57D03B68DFF89E
:10CA24009491DB6A4B4540F0A980B86D18B128F0A9
:10CA340073F80023BB653B6D002B00F09A8007F16F
:10CA4400180017F05BFED6F810A0DAF80470013F66
:10CA5400CAF80470002F37D1DAF80030DB6A4B458E
:10CA640040F0C580DAF8580018B128F055F8CAF833
:10CA74005870DAF85030002B00F0B0800AF118003A
:10CA840017F03CFE3769FFB13B684B4A5B68934241
:10CA940040F0B580434BB86D3B6018B128F03CF8CA
:10CAA4000023BB653B6D07F11809002B00F0A28041
:10CAB400484617F023FE4846C7F8088017F01EFEC4
:10CAC4005C21384624F054FA0023336107223E499E
:10CAD4003E4823F03FFA21463C4823F063FA3B48A2
:10CAE40023F06CFA3A4B012228465A55FEF7DCFE35
:10CAF400FCF7A2F91AB0BDE8F08720469847002851
:10CB04002FD113223349314823F024FA2F4823F03C
:10CB140055FA1AB0BDE8F08734615FE7199C002C20
:10CB24007FF4F1AEDFF8B0800AA8214ECDF818806A
:10CB340017F0E4FD3769002F7FF410AFE1E7636D70
:10CB4400002B7FF455AFDCE7606D00285AD09A22A1
:10CB540013F03EFA04465EE77B6D002B7FF414AFBE
:10CB640016E73469002CB1D09A23154903FB05114B
:10CB740043E77B6D002B7FF462AF64E73846984748
:10CB840061E720469A229847044644E7384690478E
:10CB9400FEE67B6D002B7FF411AF12E78C2D002095
:10CBA4007CCF00200C44002068440020E84300208F
:10CBB400AC8900201D080000310F000009080000A6
:10CBC40000002020ED0C0000AC2D0020747D00201E
:10CBD40080680220982D002050410020DAF854305B
:10CBE400002B7FF44BAF4DE738469847F2E65046AA
:10CBF400984747E77B6D002B7FF45AAF5BE73846D5
:10CC0400984761E74FF0FF3405E700BF2DE9F04F87
:10CC140000249DB0044E054F054DDFF818B0DFF831
:10CC24001880019421E100BF8068022000002020C8
:10CC3400AC8900208C2D0020846C0220194600232E
:10CC440004AA08A8089315F049FC002800F02481E0
:10CC5400002304AABC4908A817F06AFE1A9B002BFB
:10CC640000F0AA825C204FF0000924F07BF9099AB5
:10CC740082460CA9C26018300A9A40F8149C40F805
:10CC8400082C9DF82C2000F8042CB04A40F8182CED
:10CC9400AF4A40F8102C17F0EFFCDAF80420AD4B43
:10CCA4000CA80132CAF858900893CAF80420AA4A7A
:10CCB400CAF8082017F022FD2A69002A00F06E82C3
:10CCC4005168013951600291002942D11068C36A48
:10CCD400A248834240F0FD82906D28B1039227F070
:10CCE4001BFFDDE902129165116D002900F0C78276
:10CCF40002F1180017F002FDD5F81090B9F1000FF9
:10CD040027D0D9F80020964952688A4240F000831F
:10CD14008E4AD9F85800C9F8002020B127F0FCFE4B
:10CD24000022C9F85820D9F85020002A00F0DF82E8
:10CD340009F118021046029217F0E0FC029A854BA2
:10CD44001046C9F8083017F0D9FC48465C2124F095
:10CD54000FF9C5F810A0BAF1000F7BD0DAF8002063
:10CD6400804993688B4240F02282DAF85000002810
:10CD740000F042829A22394615F004FCD5F810A03E
:10CD8400BAF1000F66D0DAF80020D26ADFF8CC914D
:10CD94004A4540F04D82DAF8580020B127F0BCFE35
:10CDA4000022CAF85820DAF85020002A00F02E8217
:10CDB4000AF1180017F0A2FCD5F810A0DAF8043034
:10CDC400013BCAF804300293002B41D1DAF8001079
:10CDD400C96A494540F04382DAF8580020B127F087
:10CDE4009BFE029BCAF85830DAF85030002B00F052
:10CDF4002B820AF1180017F081FCD5F81090B9F1D4
:10CE0400000F25D0D9F80030554A5B68934240F0B2
:10CE140063824E4BD9F85800C9F8003020B127F08E
:10CE24007BFE0023C9F85830D9F8503009F1180AAC
:10CE3400002B00F04582504617F060FC454B5046ED
:10CE4400C9F8083017F05AFC48465C2124F090F8E1
:10CE540000232B61019B01330193012333700134BF
:10CE640001369A37802C00F0D8802246594604A80F
:10CE740028F036FE3C4BD3F88434002B7FF4DEAE2E
:10CE8400394AD2F8881439B104AA08A8149313F0C3
:10CE940043FC00287FF4DCAE22463449404628F0A7
:10CEA4001FFE404629F084FA41460246304823F0EA
:10CEB40051F82F4823F082F844F2022304AA2249AD
:10CEC40008A817F035FD1A9B002B00F085815C2023
:10CED4004FF0000A24F046F8099A81460CA9C26072
:10CEE40018300A9A40F814AC40F8082C9DF82C200D
:10CEF40000F8042C154A40F8182C154A40F8102C58
:10CF040017F0BAFB134B0CA8C9F858A00893D9F82A
:10CF140004300133C9F804300F4BC9F8083017F056
:10CF2400EDFB2B69002B00F08B805A68013A5A60A4
:10CF34000292002A59D119680848C96A814240F00E
:10CF4400C581986DE0B115E07CCF00200C44002031
:10CF54006844002050410020E84300201D080000E0
:10CF6400310F0000ED0C000078CF0020E82E0020E7
:10CF7400747D0020039327F0CFFDDDE902239A6539
:10CF84001A6D002A00F0768103F1180017F0B6FB41
:10CF9400D5F810A0BAF1000F27D0DAF80020BA496A
:10CFA40052688A4240F0B181B84ADAF85800CAF8A7
:10CFB400002020B127F0B0FD0022CAF85820DAF88A
:10CFC4005020002A00F08B810AF1180210460292C8
:10CFD40017F094FB029AAE4B1046CAF8083017F0CB
:10CFE4008DFB50465C2123F0C3FFC5F81090B9F1C6
:10CFF400000F27D11522A749A748013422F0AAFF20
:10D00400A54822F0DBFF0023802C06F1010606F878
:10D01400013C07F19A077FF428AF019A9F49A04881
:10D0240028F05EFD9E4829F0C3F99D4902469A48BE
:10D0340022F090FF984822F0C1FF1DB0BDE8F08FA8
:10D04400C5F81090D9F80030964A1B6B934240F013
:10D05400E980D9F85030002B00F0DE800622924996
:10D064008D4822F077FF00230A229A218A4822F071
:10D07400C1FF894822F0A2FF2B69002B76D01A68E1
:10D084008A49D2F80C90894540F0EF80186D002849
:10D0940000F0D1809A22864915F098FE2B69002B66
:10D0A40064D01A68D26ADFF814924A4540F0DA80F4
:10D0B400986D28B1029327F02FFD0022029B9A65F8
:10D0C4001A6D002A00F0C68003F1180017F016FB51
:10D0D400D5F810A0DAF80430013BCAF80430029302
:10D0E400002B41D1DAF80010C96A494540F0138198
:10D0F400DAF8580020B127F00FFD029BCAF8583027
:10D10400DAF85030002B00F0FA800AF1180017F01A
:10D11400F5FAD5F81090B9F1000F25D0D9F8003000
:10D12400594A5B68934240F0FF80584BD9F8580045
:10D13400C9F8003020B127F0EFFC0023C9F85830BB
:10D14400D9F8503009F1180A002B00F0E780504656
:10D1540017F0D4FA4E4B5046C9F8083017F0CEFAFF
:10D1640048465C2123F004FF00232B6122465149E9
:10D17400404628F0B5FC9A224D49384623F058FE23
:10D1840001234046337029F013F9414602464248D0
:10D1940022F0E0FE404822F011FF60E6DAF80020B9
:10D1A40045499368C5F810A08B423FF4DEAD504664
:10D1B4009A2239469847E1E5DDF86CA0BAF1000FF0
:10D1C4007FF450AD324B0CA8089317F097FA2A69F4
:10D1D400002A7FF475AD3DE6DDF86C90B9F1000FDF
:10D1E4007FF475AE2A4B0CA8089317F087FA2B69C5
:10D1F400002B7FF49AAEFDE6DAF8540000283FF4E1
:10D20400C4AD9A22394612F0E3FEB7E5DAF85420A9
:10D21400002A7FF4CDADCFE5D9F85430002B7FF44C
:10D224001DAFE7E64846984700283FF4E3AE15E70C
:10D2340050469047C0E5586D00283FF433AF9A221A
:10D244001B4913F097FE29E7DAF85430002B7FF4DA
:10D25400D0ADD2E55A6D002A7FF436AF38E7504698
:10D264008847CAE51846904732E718469A2210497B
:10D27400C84713E75A6D002A7FF486AE88E6516DDD
:10D2840000297FF435AD37E5310F00000C44002050
:10D29400504100204C2E0020747D0020282F0020B7
:10D2A400846C022009080000442E0020650D000053
:10D2B40074880020E03B0020ED0C00001D080000F5
:10D2C400D9F85430002B7FF4B6ADB7E5184688473B
:10D2D4005EE6104698470FE548469847B8E5DAF801
:10D2E4005420002A7FF470AE0AF1180273E6D9F8CC
:10D2F4005420002A7FF41CAD09F118021FE5DAF866
:10D304005430002B7FF401AF03E7504690476CE69E
:10D31400484690471DE550468847FAE6D9F8543008
:10D32400002B7FF414AF15E7484698471CE700BF6D
:10D334002DE9F0419AB00022744902A828F0D0FBEC
:10D34400734BD3F88424002A00F0FA8006AC00233F
:10D35400114602AA2046069315F0C0F8002800F0F2
:10D36400FC80002302AA6B49204617F0E1FA189BBF
:10D37400002B00F01A825C20002523F0F3FD664B9D
:10D384009DF8242004460360644B45600275836065
:10D39400DDE90761C0E903610AA9183017F06CF9E7
:10D3A40063685F4A0AA80133A5655E4E5E4DA260BC
:10D3B4006360069617F0A2F92F69002F00F0F3813D
:10D3C4007B68013B7B600193002B34D13A68574959
:10D3D400D26A8A4240F07E82B86D18B127F09CFB75
:10D3E400019BBB653B6D002B00F0628207F11800C6
:10D3F40017F084F92F69F7B13B684D4A5B68934293
:10D4040040F07B82444BB86D3B6018B127F084FB3D
:10D414000023BB653B6D07F11808002B00F0658203
:10D42400404617F06BF94046BE6017F067F95C217F
:10D43400384623F09DFD2C61002C60D023683D4AC2
:10D444009B68934240F00982206D002800F0BC8163
:10D454003D22394915F096F82C69002C4FD02368E9
:10D46400DFF8C880DB6A434540F0F481A06D18B151
:10D4740027F052FB0023A365236D002B00F0E58108
:10D4840004F1180017F03AF92F697C68013C7C60BC
:10D49400002C32D13B68DB6A434540F00182B86D11
:10D4A40010B127F039FBBC653B6D002B00F0F08117
:10D4B40007F1180017F022F92C69F4B123681C4A0B
:10D4C4005B68934240F00982134BA06D236018B14E
:10D4D40027F022FB0023A365236D04F11807002B1A
:10D4E40000F0F081384617F009F93846A66017F0C5
:10D4F40005F95C21204623F03BFD00232B610F4BF3
:10D5040001221A701AB0BDE8F08100BF402F00203C
:10D5140078CF00207CCF00200C44002068440020F9
:10D52400E843002050410020AC8900201D08000081
:10D53400310F0000ED0C0000248A00202E89022007
:10D54400D3F8881406AC41B113461292204602AABD
:10D5540013F0E2F800287FF404AFA2490022A248A5
:10D5640028F0BEFAA04828F023FF9F4902469F48AE
:10D5740022F0F0FC9D4822F021FD44F2022302AA8D
:10D584009B49204617F0D4F9189B002B00F04E81DC
:10D594005C20002523F0E6FC964B9DF824200446ED
:10D5A4000360954B456002758360DDE90761C0E95E
:10D5B40003610AA9183017F05FF863688F4A0AA854
:10D5C4000133A5658E4E8F4DA2606360069617F0F9
:10D5D40095F82F69002F00F0E4807B68013B7B60A5
:10D5E4000193002B34D13A688749D26A8A4240F0C9
:10D5F4006E81B86D18B127F08FFA019BBB653B6D46
:10D60400002B00F05A8107F1180017F077F82F6902
:10D61400F7B13B687D4A5B68934240F06B81754B80
:10D62400B86D3B6018B127F077FA0023BB653B6DFA
:10D6340007F11808002B00F05381404617F05EF8FC
:10D644004046BE6017F05AF85C21384623F090FC3F
:10D654002C61002C00F0978023686D4A1B6B934269
:10D6640040F08C80236D002B00F0B78006226949BE
:10D674005E4822F06FFC00230A223D215B4822F021
:10D68400B9FC5A4822F09AFC2C69002C60D023681B
:10D69400614ADF68974240F00681206D002800F05F
:10D6A400E1803D225D4915F091FB2C69002C4FD09F
:10D6B4002368DB6ADFF85081434540F0EE80A06DBB
:10D6C40018B127F029FA0023A365236D002B00F07D
:10D6D400DA8004F1180017F011F82F697C68013C16
:10D6E4007C60002C32D13B68DB6A434540F0088102
:10D6F400B86D10B127F010FABC653B6D002B00F03B
:10D70400BA8007F1180016F0F9FF2C69F4B1236808
:10D714003E4A5B68934240F0B380364BA06D236071
:10D7240018B127F0F9F90023A365236D04F1180754
:10D73400002B00F0E880384616F0E0FF3846A6607B
:10D7440016F0DCFF5C21204623F012FC00232B6141
:10D7540033490022244828F0C3F9324B01222248DD
:10D764001A7028F025FE20490246204822F0F2FBD8
:10D774001E4822F023FC1AB0BDE8F08120469847E9
:10D7840000287FF473AF15222749184822F0E2FBE2
:10D79400164822F013FC234B00221A701AB0BDE87D
:10D7A400F0812C6158E72C6148E6199C002C7FF429
:10D7B400E2AD134E0AA8134D069616F09FFF2F698B
:10D7C400002F7FF4FDAD9AE6606D002800F0A08084
:10D7D4003D22124912F0FCFB3EE6636D002B7FF400
:10D7E40045AFD0E7482F0020846C0220747D0020D0
:10D7F4007CCF00200C44002068440020E843002033
:10D8040050410020AC8900201D080000310F0000A9
:10D8140009080000442E0020650D0000248A002021
:10D82400842F00202E8902204C2E0020199C002CCD
:10D834007FF4AEAE374E0AA8374D069616F05EFF5B
:10D844002F69002F7FF4C9AE9DE7636D002B7FF431
:10D8540017AE19E62046984716E63D2220462F4982
:10D864009847F9E5606D00283FF423AF3D222B492A
:10D8740013F080FB19E77B6D002B7FF442AF44E784
:10D884002046984762E7636D002B7FF422AF24E7BC
:10D894007B6D002B7FF40CAE0EE6204698471CE708
:10D8A4003846984708E63D2220461C49B847FCE61E
:10D8B4007B6D002B7FF49AAD9CE57B6D002B7FF490
:10D8C400A2AEA4E6636D002B7FF40CAE0DE63846E1
:10D8D40090479CE6384690478CE5204698470CE6EE
:10D8E4007B6D002B7FF4A9AEAAE67B6D002B7FF441
:10D8F40097AD98E538469847AAE6384698479AE59A
:10D904003846984701E7636D002B7FF414AF15E7A1
:10D914002C69A4E550410020AC890020248A002011
:10D92400A84B1A782DE9F0419AB0002A00F07E81C4
:10D93400A54D0022A54902A828F0D2F8D5F88424E0
:10D94400002A00F01C8106AC0023114602AA2046DE
:10D95400069314F0C3FD002840F0208144F2022312
:10D9640002AA9B49204616F0E3FF189B002B00F007
:10D9740083815C20002523F0F5FA964B9DF8242042
:10D9840004460360944B456002758360934FDDE960
:10D994000761C0E903610AA9183016F06DFE6368D7
:10D9A4008F4A0AA80133A5658E4DA260636006976D
:10D9B40016F0A4FE2E69002E00F04A817368013B24
:10D9C40073600193002B34D132688749D26A8A424A
:10D9D40040F08881B06D18B127F09EF8019BB365C3
:10D9E400336D002B00F0798106F1180016F086FEE5
:10D9F4002E69F6B133687D4A5B68934240F07F81BB
:10DA0400744BB06D336018B127F086F80023B3650A
:10DA1400336D06F11808002B00F06781404616F0BC
:10DA24006DFE4046B76016F069FE5C21304623F077
:10DA34009FFA2C61002C00F0EE8023686C4A1B6B6B
:10DA4400934240F0E380236D002B00F02481694B66
:10DA5400694C1A685968226061601A8A996822823E
:10DA6400A16053F80D2CD968C4F81320E16033F891
:10DA7400052C997C53F8093CA4F81B200622A174B8
:10DA8400C4F817305D495E4822F064FA00230A2284
:10DA94003D215B4822F0AEFA594822F08FFA2E69F4
:10DAA400002E62D03368574AD3F80C80904540F07A
:10DAB4000681306D002800F0F3803D22A4F120019E
:10DAC40015F084F92E69002E4FD03368DB6ADFF835
:10DAD4001881434540F0FE80B06D18B127F01CF862
:10DAE4000023B365336D002B00F0E48006F11800C9
:10DAF40016F004FE2E697468013C7460002C32D167
:10DB04003368DB6A434540F0FD80B06D10B127F007
:10DB140003F8B465336D002B00F0EC8006F11800B7
:10DB240016F0ECFD2C69F4B12368304A5B6893422B
:10DB340040F0EB80274BA06D236018B126F0ECFF7A
:10DB44000023A365236D04F11806002B00F0BD80AB
:10DB5400304616F0D3FD3046A76016F0CFFD5C21A9
:10DB6400204623F005FA00232B6107222649244886
:10DB740022F0F0F9FFF7DCFB1AB0BDE8F081D5F82C
:10DB8400881406AC00293FF4E9AE134612922046ED
:10DB940002AA12F0C1FD00283FF4E0AED5F88424B7
:10DBA400002A57D000201146012302AA06902046DD
:10DBB40014F094FC00283FF4D1AE204615F094FDF7
:10DBC400CCE600BF2E89022078CF0020402F002011
:10DBD4007CCF00200C4400206844002050410020E9
:10DBE400E8430020AC8900201D080000310F00002C
:10DBF400090800009789002054880020442E002042
:10DC0400747D0020650D0000642E00202046984796
:10DC140000287FF41CAF15223D493E4822F09AF9B2
:10DC24003C4822F0CBF91AB0BDE8F0813A493B48B0
:10DC340027F056FF394828F0BBFB384902463548DF
:10DC440022F088F933481AB0BDE8F04122F0B6B9A1
:10DC54002C61F2E6D5F8881400293FF47FAE1292C5
:10DC6400012302AA204612F057FD00283FF476AEA5
:10DC7400204612F0B5FD71E6199C002C7FF479AEB4
:10DC8400274F0AA8274D069716F038FD2E69002E57
:10DC94007FF494AEBFE7636D002B7FF4D8AEBAE790
:10DCA400706D00283FF412AF3D22A4F1200113F05F
:10DCB40061F907E7736D002B7FF418AF1AE7A4F13D
:10DCC400200130463D22C047FCE6636D002B7FF403
:10DCD4003FAF40E7304698470CE7736D002B7FF465
:10DCE40083AE85E63046904782E6736D002B7FF461
:10DCF40095AE96E6736D002B7FF410AF12E73046B5
:10DD0400984796E6304698470CE7204698472AE716
:10DD14004C2E0020747D0020AC2F0020846C022047
:10DD240050410020AC89002008B50C4B0C49186800
:10DD34000C4A434200F07F0003F07F0358BF58426F
:10DD44000B5C10602BB1FDF7AFFDBDE80840FBF79D
:10DD540073B8BDE80840FEF7C3BD00BF5469022094
:10DD6400806802202CE20020074A08B51068074B9F
:10DD74001B5C2BB1FDF798FDBDE80840FBF75CB8D0
:10DD8400BDE80840FEF7ACBD2CE20020806802200C
:10DD94000C4B0D4A1B68D25C92B10C4A11688B4241
:10DDA4000AD00B490020136008709A21094A0A48D6
:10DDB40001FB032128F036BA054A1278002AF4D070
:10DDC400704700BF685A0220806802206C5A022003
:10DDD4003389022000002020085A02200C4B0D4AEF
:10DDE4001B68D25C92B10C4A11688B420AD00B4971
:10DDF4000020136008709A21094A0A4801FB032194
:10DE040028F010BA054A1278002AF4D0704700BFEF
:10DE1400046D022080680220086D022033890220EC
:10DE240000002020085A022070B51B4D0E460446FF
:10DE34001A492A781A4827F053FE2B782BB1032C61
:10DE440021D8DFE804F014171A1D032C1DD8DFE8CD
:10DE540004F00B0805021348304470BD12483044E6
:10DE640070BD1248304470BD1148304470BD114833
:10DE7400304470BD1048304470BD1048304470BD0B
:10DE84000F48304470BD002070BD22460D4904483F
:10DE940027F026FE002070BDD88E0020D42F00204D
:10DEA400846C0220578A0020528A00204D8A002068
:10DEB400448A002097890020A0890020A589002099
:10DEC4008A890020602C00204B4B1B78403B322B6E
:10DED40023D8DFE803F01A2D222222222222363F01
:10DEE40048512222225A636C2222222222227522A3
:10DEF40022222222222222222222222222222222FE
:10DF04002222222222227E8724003C493C4B3D4A85
:10DF1400097812780B4483F82020FAF78DBF37492B
:10DF2400374B384A097812780B4483F89520F4E784
:10DF34003249334B334A097812780B4483F8322040
:10DF4400EBE72E492E4B2F4A097812780B4483F8BD
:10DF54004420E2E729492A4B2A4A097812780B44DB
:10DF640083F85020D9E72549254B264A09781278A9
:10DF74000B4483F85C20D0E72049214B214A0978DF
:10DF840012780B4483F86820C7E71C491C4B1D4AD0
:10DF9400097812780B4483F87420BEE71749184BAC
:10DFA400184A097812780B4483F87720B5E71349A7
:10DFB400134B144A097812780B4483F87A20ACE79F
:10DFC4000E490F4B0F4A097812780B4483F88420CA
:10DFD400A3E70A490A4B0B4A097812780B4483F8E1
:10DFE40087209AE70549064B064A097812780B44BC
:10DFF40083F8902091E700BF4989022048890220D4
:10E0040010890020478902202DE9F04F037887B05A
:10E014000A46F02B11D0AA49AA4827F061FDA94865
:10E0240028F0C6F9A7490246A74821F093FFA6485D
:10E0340007B0BDE8F04F21F0C1BFCE29044600F07F
:10E044004F810729E7D10379402B40F0268142799B
:10E054009E4B02EBC2009E495A7100EB0010104423
:10E0640051F8009000F12005441800F15C06C3F853
:10E074000C9005EB010E4D5900F1500700F14408D6
:10E08400C3F82F5000F16805D4F8049005EB010A99
:10E09400C3F81090D4F80890C3F8149000F1320932
:10E0A400019609EB010C51F80960D4F80C90029622
:10E0B4007E18C3F81890D4F81090C3F81C90D4F8C4
:10E0C4001490C3F82090D4F81890C3F82490B4F8AE
:10E0D4001C90A3F8289000F17A09A47F873083F874
:10E0E4002A40DEF80440C3F83340DEF80840C3F8A1
:10E0F4003740DEF80C40C3F83B40BEF810404FF008
:10E104009A0EA3F83F4008EB01040596019E0EFB0E
:10E11400021209EB010E06EB010BDCF80460039616
:10E12400DCF808600496029E5E64039E9E64049E6E
:10E13400DE6451F80880C3F85980CF599F6603F113
:10E14400CE07019E8E59C3F877604D595E4EC3F8D1
:10E154008650DCF80C501D65BCF81050A3F85450E0
:10E164006568C3F85D50A468C3F86140059D6C6898
:10E17400DC66AC681C67DBF80440C3F87B40DBF862
:10E184000840C3F87F40DAF80440C3F88A40DAF85C
:10E194000840C3F88E40441892F8745083F89550A0
:10E1A40051F809500958C3F8A150C3F8B410217AA2
:10E1B40060681C4683F8BC1092F89010C3F8B8004D
:10E1C40083F8C01092F8751083F8961092F87610C0
:10E1D40083F8971092F8771083F89B1092F87810D0
:10E1E40083F89C1092F8791083F89D10DEF80410DF
:10E1F400C3F8A510BEF80810A3F8A91092F884106B
:10E2040083F8AE1092F8851083F8AF1092F8861058
:10E2140083F8B01092F8911083F8C11092F892101C
:10E2240083F8C21092F8931083F8C31092F89410F4
:10E2340083F8C41092F8951083F8C81092F89610D9
:10E2440083F8C91092F8971083F8CA1092F89810BE
:10E2540083F8CB1092F8992083F8CC2001E021F0C8
:10E264008FFC14F8015B0F2D25D9294600231022B9
:10E27400304621F0BFFEBC424FF020013046EED1C3
:10E2840001221449104821F065FE0022CE210F48D6
:10E2940007B0BDE8F04F24F093B814220E490A48A1
:10E2A40021F058FE102221790023074821F0A2FE14
:10E2B4000F220A49B8E63021304621F061FCD4E748
:10E2C400942E0020846C0220747D0020CC8D0020CC
:10E2D400000020200C4000206C2E0020842E002002
:10E2E4000379002B00F0A480202BD6D1B74D00F188
:10E2F4000B02A5F11F00034612F8011F03F8011BCE
:10E304009D42F9D1B24B04F12E0203F1120512F829
:10E31400011F03F8011B9D42F9D1AE4B04F14302E6
:10E3240003F1120512F8011F03F8011BAB42F9D1E6
:10E3340004F15803A84A04F1640513F8011FAB4221
:10E3440002F8011FF9D104F16703A44A04F173052B
:10E3540013F8011F9D4202F8011FF9D104F176035D
:10E364009F4A04F1820513F8011FAB4202F8011F12
:10E37400F9D104F185039B4A04F1910513F8011FB7
:10E38400AB4202F8011FF9D194F8963004F1AA05C2
:10E3940094F8972094F8951080F8753080F87620DA
:10E3A40094F89B3094F89D2080F8741080F87730AE
:10E3B40004F1A00394F89C1080F879208A4A80F82C
:10E3C400781013F8011F9D4202F8011FF9D194F847
:10E3D400AE2094F8AF3094F8B01080F8842080F820
:10E3E400853004F1B30380F8861004F1BC007F4A41
:10E3F40013F8011F834202F8011FF9D104F1BF038E
:10E404007B4A04F1C40013F8011F984202F8011F6B
:10E41400F9D104F1C703774ACC3413F8011F9C42A5
:10E4240002F8011FF9D107B0BDE8F04FFAF704BDB7
:10E4340090F905304079002BC0F2C48000EBC0068F
:10E444006D4D04F10B0304F12A0706EB061606448E
:10E45400721E2A4413F8011FBB4202F8011FF9D1AE
:10E4640006F11F0204F12E0304F140072A4413F8B5
:10E47400011FBB4202F8011FF9D106F1310204F178
:10E48400430304F155072A4413F8011F9F4202F87D
:10E49400011FF9D106F1430204F1580304F16407A2
:10E4A4002A4413F8011FBB4202F8011FF9D106F1F7
:10E4B4004F0204F1670304F173072A4413F8011FA0
:10E4C4009F4202F8011FF9D106F15B0204F17603C1
:10E4D40004F182072A4413F8011FBB4202F8011F0A
:10E4E400F9D106F1670204F1850304F191072A4486
:10E4F40013F8011FBB4202F8011FF9D19A2194F8C5
:10E50400953006F1790201FB00512A4481F87430F8
:10E5140094F8963081F8753094F8973081F8763015
:10E5240094F89B3081F8773094F89C3081F87830F7
:10E5340004F1A00394F89D7081F8797004F1AA079E
:10E5440013F8011F9F4202F8011FF9D19A2194F890
:10E55400AE3006F1860201FB00512A4481F8843072
:10E5640094F8AF3081F8853004F1B30394F8B070B7
:10E5740081F8867004F1BC0713F8011FBB4202F84E
:10E58400011FF9D106F18F0204F1BF0304F1C4079E
:10E594002A4413F8011FBB4202F8011FF9D1943633
:10E5A40004F1C703CC34354413F8012F9C4205F819
:10E5B400012FF9D1114B01221A5407B0BDE8F04FD5
:10E5C400FDF766BB07B0BDE8F08F00BF2F890020C0
:10E5D4003089002042890020538900205F8900206F
:10E5E4006B89002077890020898900209689002082
:10E5F4009F890020A4890020000020208068022038
:10E60400704700BF704700BF704700BF38B500F1C6
:10E614000805D0F8B4300446284698474FF6FD73F1
:10E62400984201D9012038BD0346B4F8BA20B4F8A1
:10E63400B810284610F026FB94F89030032BF1D83C
:10E64400DFE803F0140E0802B4F8BA301B1AA4F879
:10E65400BA30E7E7B4F8B8301B1AA4F8B830E1E7E9
:10E66400B4F8BA301844A4F8BA00DBE7B4F8B83008
:10E674001844A4F8B800D5E710B50446806E26F017
:10E684004BFAA06D26F048FAA06C26F045FAA06B70
:10E6940026F042FA204610BD10B50446D0F82403F3
:10E6A40026F03AFAD4F8E40226F036FAD4F8A002B6
:10E6B40026F032FAD4F8600226F02EFAD4F860017B
:10E6C40026F02AFAD4F8500126F026FAD4F84001AC
:10E6D40026F022FAD4F8300126F01EFAD4F8D0003D
:10E6E40026F01AFAD4F8C40026F016FAD4F8B800C2
:10E6F40026F012FAD4F8AC0026F00EFAD4F8A000F2
:10E7040026F00AFAD4F8940026F006FAD4F8880021
:10E7140026F002FAE06F26F0FFF9206F26F0FCF9EC
:10E72400606E26F0F9F9A06D26F0F6F9E06C26F09B
:10E73400F3F9204610BD00BF70B50021064620F055
:10E744002FFD48B304461DF06FFA0546F8B1D0F822
:10E754000822002A21DDA31C011D03EB420E8C4676
:10E7640033F9020F07EE900A7345F8EEE77AECEC02
:10E77400017AF5D108469FED0A0A24F0A9FE304635
:10E78400002229461DF0CAFA28461DF0A3FA2046A5
:10E79400BDE8704020F0B8BC70BD011DEAE700BFC1
:10E7A4000000003838B5002105461DF0E7FA90B1A5
:10E7B400011D0446D0F8082295ED0B0A084624F002
:10E7C40087FE2846214600221DF0A8FA2046BDE80F
:10E7D40038401DF07FBA38BDF8B5002106461DF05B
:10E7E400C1FAC8B3044620F039FC074678B3D4F81C
:10E7F4000822002A23DD231D9FED1B7ADFED1B6A0F
:10E8040000F1020C03EB820E194D08E0F4EEE67AF7
:10E81400F1EE10FA21DA73452CF8022F0FD0F3EC45
:10E82400017A2A4667EE877AF4EEC77AF1EE10FA97
:10E83400ECD447F6A67273452CF8022FEFD130467C
:10E844000022394620F088FC384620F05DFC204642
:10E85400BDE8F8401DF03EBAF8BDFDEEE77A17EECC
:10E86400902A12B2D7E700BF004CFF46004CFFC607
:10E874005A80FFFF2DE9F047002A4ED004460D468A
:10E884008F180026DFF89C9000F108084FF6FD7AF7
:10E8940003E00120AF42064420D0236815F8011B91
:10E8A4001B684B4515D1D4F8B430404698475045C1
:10E8B400EFD80346B4F8BA20B4F8B810404610F0C4
:10E8C400E1F994F89030032BE3D8DFE803F01F1844
:10E8D400110A20469847AF420644DED13046BDE8CF
:10E8E400F087B4F8BA301B1A0120A4F8BA30D1E783
:10E8F400B4F8B8301B1A0120A4F8B830CAE7B4F849
:10E90400BA301844A4F8BA000120C3E7B4F8B83008
:10E914001844A4F8B8000120BCE716463046BDE808
:10E92400F08700BF9DBD0000224BD3F8BC20D2E984
:10E934000010D3680968006810B41842946801EAAA
:10E9440004012ED0137C03F00303D9B943F0080368
:10E954009908013B11740D2B0BD8DFE803F00D0768
:10E964001C070A160D0D160A071C070D5369013BF7
:10E9740053615DF8044B704753695DF8044B0133F0
:10E984005361704743F00403E0E753695DF8044BB7
:10E99400023B5361704753695DF8044B0233536182
:10E9A4007047137C03F003030029D1D043F0040320
:10E9B400CEE700BF60D90020224BD3F8C020D2E9B3
:10E9C4000010D3680968006810B41842946801EA1A
:10E9D40004012ED0137C03F00303D9B943F00803D8
:10E9E4009908013B11740D2B0BD8DFE803F00D07D8
:10E9F4001C070A160D0D160A071C070D5369013B67
:10EA040053615DF8044B704753695DF8044B01335F
:10EA14005361704743F00403E0E753695DF8044B26
:10EA2400023B5361704753695DF8044B02335361F1
:10EA34007047137C03F003030029D1D043F004038F
:10EA4400CEE700BF60D90020224BD3F8C420D2E91E
:10EA54000010D3680968006810B41842946801EA89
:10EA640004012ED0137C03F00303D9B943F0080347
:10EA74009908013B11740D2B0BD8DFE803F00D0747
:10EA84001C070A160D0D160A071C070D5369013BD6
:10EA940053615DF8044B704753695DF8044B0133CF
:10EAA4005361704743F00403E0E753695DF8044B96
:10EAB400023B5361704753695DF8044B0233536161
:10EAC4007047137C03F003030029D1D043F00403FF
:10EAD400CEE700BF60D90020224BD3F8C820D2E98A
:10EAE4000010D3680968006810B41842946801EAF9
:10EAF40004012ED0137C03F00303D9B943F00803B7
:10EB04009908013B11740D2B0BD8DFE803F00D07B6
:10EB14001C070A160D0D160A071C070D5369013B45
:10EB240053615DF8044B704753695DF8044B01333E
:10EB34005361704743F00403E0E753695DF8044B05
:10EB4400023B5361704753695DF8044B02335361D0
:10EB54007047137C03F003030029D1D043F004036E
:10EB6400CEE700BF60D90020224BD3F8CC20D2E9F5
:10EB74000010D3680968006810B41842946801EA68
:10EB840004012ED0137C03F00303D9B943F0080326
:10EB94009908013B11740D2B0BD8DFE803F00D0726
:10EBA4001C070A160D0D160A071C070D5369013BB5
:10EBB40053615DF8044B704753695DF8044B0133AE
:10EBC4005361704743F00403E0E753695DF8044B75
:10EBD400023B5361704753695DF8044B0233536140
:10EBE4007047137C03F003030029D1D043F00403DE
:10EBF400CEE700BF60D90020224BD3F8D020D2E961
:10EC04000010D3680968006810B41842946801EAD7
:10EC140004012ED0137C03F00303D9B943F0080395
:10EC24009908013B11740D2B0BD8DFE803F00D0795
:10EC34001C070A160D0D160A071C070D5369013B24
:10EC440053615DF8044B704753695DF8044B01331D
:10EC54005361704743F00403E0E753695DF8044BE4
:10EC6400023B5361704753695DF8044B02335361AF
:10EC74007047137C03F003030029D1D043F004034D
:10EC8400CEE700BF60D90020224BD3F8D420D2E9CC
:10EC94000010D3680968006810B41842946801EA47
:10ECA40004012ED0137C03F00303D9B943F0080305
:10ECB4009908013B11740D2B0BD8DFE803F00D0705
:10ECC4001C070A160D0D160A071C070D5369013B94
:10ECD40053615DF8044B704753695DF8044B01338D
:10ECE4005361704743F00403E0E753695DF8044B54
:10ECF400023B5361704753695DF8044B023353611F
:10ED04007047137C03F003030029D1D043F00403BC
:10ED1400CEE700BF60D90020224BD3F8D820D2E937
:10ED24000010D3680968006810B41842946801EAB6
:10ED340004012ED0137C03F00303D9B943F0080374
:10ED44009908013B11740D2B0BD8DFE803F00D0774
:10ED54001C070A160D0D160A071C070D5369013B03
:10ED640053615DF8044B704753695DF8044B0133FC
:10ED74005361704743F00403E0E753695DF8044BC3
:10ED8400023B5361704753695DF8044B023353618E
:10ED94007047137C03F003030029D1D043F004032C
:10EDA400CEE700BF60D90020214BDA6BD2E9001016
:10EDB400D3680968006810B41842946801EA040131
:10EDC4002ED0137C03F00303D9B943F00803990848
:10EDD400013B11740D2B0BD8DFE803F00D071C0762
:10EDE4000A160D0D160A071C070D5369013B5361E2
:10EDF4005DF8044B704753695DF8044B013353616C
:10EE0400704743F00403E0E753695DF8044B023BA9
:10EE14005361704753695DF8044B02335361704783
:10EE2400137C03F003030029D1D043F00403CEE79D
:10EE340060D90020214B1A6CD2E90010D36809680C
:10EE4400006810B41842946801EA04012ED0137CBF
:10EE540003F00303D9B943F008039908013B117483
:10EE64000D2B0BD8DFE803F00D071C070A160D0D58
:10EE7400160A071C070D5369013B53615DF8044BE7
:10EE8400704753695DF8044B01335361704743F095
:10EE94000403E0E753695DF8044B023B5361704798
:10EEA40053695DF8044B023353617047137C03F0DC
:10EEB40003030029D1D043F00403CEE760D9002036
:10EEC400214B5A6CD2E90010D3680968006810B469
:10EED4001842946801EA04012ED0137C03F0030362
:10EEE400D9B943F008039908013B11740D2B0BD8D1
:10EEF400DFE803F00D071C070A160D0D160A071CA0
:10EF0400070D5369013B53615DF8044B7047536926
:10EF14005DF8044B01335361704743F00403E0E7A9
:10EF240053695DF8044B023B5361704753695DF8C4
:10EF3400044B023353617047137C03F0030300292D
:10EF4400D1D043F00403CEE760D90020214B9A6C62
:10EF5400D2E90010D3680968006810B418429468B4
:10EF640001EA04012ED0137C03F00303D9B943F062
:10EF740008039908013B11740D2B0BD8DFE803F04B
:10EF84000D071C070A160D0D160A071C070D5369F9
:10EF9400013B53615DF8044B704753695DF8044BC2
:10EFA40001335361704743F00403E0E753695DF8AC
:10EFB400044B023B5361704753695DF8044B0233C1
:10EFC40053617047137C03F003030029D1D043F04D
:10EFD4000403CEE760D90020214BDA6CD2E900109B
:10EFE400D3680968006810B41842946801EA0401FF
:10EFF4002ED0137C03F00303D9B943F00803990816
:10F00400013B11740D2B0BD8DFE803F00D071C072F
:10F014000A160D0D160A071C070D5369013B5361AF
:10F024005DF8044B704753695DF8044B0133536139
:10F03400704743F00403E0E753695DF8044B023B77
:10F044005361704753695DF8044B02335361704751
:10F05400137C03F003030029D1D043F00403CEE76B
:10F0640060D90020214B1A6DD2E90010D3680968D9
:10F07400006810B41842946801EA04012ED0137C8D
:10F0840003F00303D9B943F008039908013B117451
:10F094000D2B0BD8DFE803F00D071C070A160D0D26
:10F0A400160A071C070D5369013B53615DF8044BB5
:10F0B400704753695DF8044B01335361704743F063
:10F0C4000403E0E753695DF8044B023B5361704766
:10F0D40053695DF8044B023353617047137C03F0AA
:10F0E40003030029D1D043F00403CEE760D9002004
:10F0F400214B5A6DD2E90010D3680968006810B436
:10F104001842946801EA04012ED0137C03F003032F
:10F11400D9B943F008039908013B11740D2B0BD89E
:10F12400DFE803F00D071C070A160D0D160A071C6D
:10F13400070D5369013B53615DF8044B70475369F4
:10F144005DF8044B01335361704743F00403E0E777
:10F1540053695DF8044B023B5361704753695DF892
:10F16400044B023353617047137C03F003030029FB
:10F17400D1D043F00403CEE760D90020214B9A6D2F
:10F18400D2E90010D3680968006810B41842946882
:10F1940001EA04012ED0137C03F00303D9B943F030
:10F1A40008039908013B11740D2B0BD8DFE803F019
:10F1B4000D071C070A160D0D160A071C070D5369C7
:10F1C400013B53615DF8044B704753695DF8044B90
:10F1D40001335361704743F00403E0E753695DF87A
:10F1E400044B023B5361704753695DF8044B02338F
:10F1F40053617047137C03F003030029D1D043F01B
:10F204000403CEE760D90020214BDA6DD2E9001067
:10F21400D3680968006810B41842946801EA0401CC
:10F224002ED0137C03F00303D9B943F008039908E3
:10F23400013B11740D2B0BD8DFE803F00D071C07FD
:10F244000A160D0D160A071C070D5369013B53617D
:10F254005DF8044B704753695DF8044B0133536107
:10F26400704743F00403E0E753695DF8044B023B45
:10F274005361704753695DF8044B0233536170471F
:10F28400137C03F003030029D1D043F00403CEE739
:10F2940060D90020214B1A6ED2E90010D3680968A6
:10F2A400006810B41842946801EA04012ED0137C5B
:10F2B40003F00303D9B943F008039908013B11741F
:10F2C4000D2B0BD8DFE803F00D071C070A160D0DF4
:10F2D400160A071C070D5369013B53615DF8044B83
:10F2E400704753695DF8044B01335361704743F031
:10F2F4000403E0E753695DF8044B023B5361704734
:10F3040053695DF8044B023353617047137C03F077
:10F3140003030029D1D043F00403CEE760D90020D1
:10F32400214B5A6ED2E90010D3680968006810B402
:10F334001842946801EA04012ED0137C03F00303FD
:10F34400D9B943F008039908013B11740D2B0BD86C
:10F35400DFE803F00D071C070A160D0D160A071C3B
:10F36400070D5369013B53615DF8044B70475369C2
:10F374005DF8044B01335361704743F00403E0E745
:10F3840053695DF8044B023B5361704753695DF860
:10F39400044B023353617047137C03F003030029C9
:10F3A400D1D043F00403CEE760D90020214B9A6EFC
:10F3B400D2E90010D3680968006810B41842946850
:10F3C40001EA04012ED0137C03F00303D9B943F0FE
:10F3D40008039908013B11740D2B0BD8DFE803F0E7
:10F3E4000D071C070A160D0D160A071C070D536995
:10F3F400013B53615DF8044B704753695DF8044B5E
:10F4040001335361704743F00403E0E753695DF847
:10F41400044B023B5361704753695DF8044B02335C
:10F4240053617047137C03F003030029D1D043F0E8
:10F434000403CEE760D90020214BDA6ED2E9001034
:10F44400D3680968006810B41842946801EA04019A
:10F454002ED0137C03F00303D9B943F008039908B1
:10F46400013B11740D2B0BD8DFE803F00D071C07CB
:10F474000A160D0D160A071C070D5369013B53614B
:10F484005DF8044B704753695DF8044B01335361D5
:10F49400704743F00403E0E753695DF8044B023B13
:10F4A4005361704753695DF8044B023353617047ED
:10F4B400137C03F003030029D1D043F00403CEE707
:10F4C40060D90020214B1A6FD2E90010D368096873
:10F4D400006810B41842946801EA04012ED0137C29
:10F4E40003F00303D9B943F008039908013B1174ED
:10F4F4000D2B0BD8DFE803F00D071C070A160D0DC2
:10F50400160A071C070D5369013B53615DF8044B50
:10F51400704753695DF8044B01335361704743F0FE
:10F524000403E0E753695DF8044B023B5361704701
:10F5340053695DF8044B023353617047137C03F045
:10F5440003030029D1D043F00403CEE760D900209F
:10F55400214B5A6FD2E90010D3680968006810B4CF
:10F564001842946801EA04012ED0137C03F00303CB
:10F57400D9B943F008039908013B11740D2B0BD83A
:10F58400DFE803F00D071C070A160D0D160A071C09
:10F59400070D5369013B53615DF8044B7047536990
:10F5A4005DF8044B01335361704743F00403E0E713
:10F5B40053695DF8044B023B5361704753695DF82E
:10F5C400044B023353617047137C03F00303002997
:10F5D400D1D043F00403CEE760D90020214B9A6FC9
:10F5E400D2E90010D3680968006810B4184294681E
:10F5F40001EA04012ED0137C03F00303D9B943F0CC
:10F6040008039908013B11740D2B0BD8DFE803F0B4
:10F614000D071C070A160D0D160A071C070D536962
:10F62400013B53615DF8044B704753695DF8044B2B
:10F6340001335361704743F00403E0E753695DF815
:10F64400044B023B5361704753695DF8044B02332A
:10F6540053617047137C03F003030029D1D043F0B6
:10F664000403CEE760D90020214BDA6FD2E9001001
:10F67400D3680968006810B41842946801EA040168
:10F684002ED0137C03F00303D9B943F0080399087F
:10F69400013B11740D2B0BD8DFE803F00D071C0799
:10F6A4000A160D0D160A071C070D5369013B536119
:10F6B4005DF8044B704753695DF8044B01335361A3
:10F6C400704743F00403E0E753695DF8044B023BE1
:10F6D4005361704753695DF8044B023353617047BB
:10F6E400137C03F003030029D1D043F00403CEE7D5
:10F6F40060D90020224BD3F88020D2E90010D368CF
:10F704000968006810B41842946801EA04012ED014
:10F71400137C03F00303D9B943F008039908013BB0
:10F7240011740D2B0BD8DFE803F00D071C070A1624
:10F734000D0D160A071C070D5369013B53615DF853
:10F74400044B704753695DF8044B013353617047B0
:10F7540043F00403E0E753695DF8044B023B536153
:10F76400704753695DF8044B023353617047137C4F
:10F7740003F003030029D1D043F00403CEE700BF14
:10F7840060D90020224BD3F88420D2E90010D3683A
:10F794000968006810B41842946801EA04012ED084
:10F7A400137C03F00303D9B943F008039908013B20
:10F7B40011740D2B0BD8DFE803F00D071C070A1694
:10F7C4000D0D160A071C070D5369013B53615DF8C3
:10F7D400044B704753695DF8044B01335361704720
:10F7E40043F00403E0E753695DF8044B023B5361C3
:10F7F400704753695DF8044B023353617047137CBF
:10F8040003F003030029D1D043F00403CEE700BF83
:10F8140060D90020224BD3F88820D2E90010D368A5
:10F824000968006810B41842946801EA04012ED0F3
:10F83400137C03F00303D9B943F008039908013B8F
:10F8440011740D2B0BD8DFE803F00D071C070A1603
:10F854000D0D160A071C070D5369013B53615DF832
:10F86400044B704753695DF8044B0133536170478F
:10F8740043F00403E0E753695DF8044B023B536132
:10F88400704753695DF8044B023353617047137C2E
:10F8940003F003030029D1D043F00403CEE700BFF3
:10F8A40060D90020224BD3F88C20D2E90010D36811
:10F8B4000968006810B41842946801EA04012ED063
:10F8C400137C03F00303D9B943F008039908013BFF
:10F8D40011740D2B0BD8DFE803F00D071C070A1673
:10F8E4000D0D160A071C070D5369013B53615DF8A2
:10F8F400044B704753695DF8044B013353617047FF
:10F9040043F00403E0E753695DF8044B023B5361A1
:10F91400704753695DF8044B023353617047137C9D
:10F9240003F003030029D1D043F00403CEE700BF62
:10F9340060D90020224BD3F89020D2E90010D3687C
:10F944000968006810B41842946801EA04012ED0D2
:10F95400137C03F00303D9B943F008039908013B6E
:10F9640011740D2B0BD8DFE803F00D071C070A16E2
:10F974000D0D160A071C070D5369013B53615DF811
:10F98400044B704753695DF8044B0133536170476E
:10F9940043F00403E0E753695DF8044B023B536111
:10F9A400704753695DF8044B023353617047137C0D
:10F9B40003F003030029D1D043F00403CEE700BFD2
:10F9C40060D90020224BD3F89420D2E90010D368E8
:10F9D4000968006810B41842946801EA04012ED042
:10F9E400137C03F00303D9B943F008039908013BDE
:10F9F40011740D2B0BD8DFE803F00D071C070A1652
:10FA04000D0D160A071C070D5369013B53615DF880
:10FA1400044B704753695DF8044B013353617047DD
:10FA240043F00403E0E753695DF8044B023B536180
:10FA3400704753695DF8044B023353617047137C7C
:10FA440003F003030029D1D043F00403CEE700BF41
:10FA540060D90020224BD3F89820D2E90010D36853
:10FA64000968006810B41842946801EA04012ED0B1
:10FA7400137C03F00303D9B943F008039908013B4D
:10FA840011740D2B0BD8DFE803F00D071C070A16C1
:10FA94000D0D160A071C070D5369013B53615DF8F0
:10FAA400044B704753695DF8044B0133536170474D
:10FAB40043F00403E0E753695DF8044B023B5361F0
:10FAC400704753695DF8044B023353617047137CEC
:10FAD40003F003030029D1D043F00403CEE700BFB1
:10FAE40060D90020224BD3F89C20D2E90010D368BF
:10FAF4000968006810B41842946801EA04012ED021
:10FB0400137C03F00303D9B943F008039908013BBC
:10FB140011740D2B0BD8DFE803F00D071C070A1630
:10FB24000D0D160A071C070D5369013B53615DF85F
:10FB3400044B704753695DF8044B013353617047BC
:10FB440043F00403E0E753695DF8044B023B53615F
:10FB5400704753695DF8044B023353617047137C5B
:10FB640003F003030029D1D043F00403CEE700BF20
:10FB740060D90020224BD3F8A020D2E90010D3682A
:10FB84000968006810B41842946801EA04012ED090
:10FB9400137C03F00303D9B943F008039908013B2C
:10FBA40011740D2B0BD8DFE803F00D071C070A16A0
:10FBB4000D0D160A071C070D5369013B53615DF8CF
:10FBC400044B704753695DF8044B0133536170472C
:10FBD40043F00403E0E753695DF8044B023B5361CF
:10FBE400704753695DF8044B023353617047137CCB
:10FBF40003F003030029D1D043F00403CEE700BF90
:10FC040060D90020224BD3F8A420D2E90010D36895
:10FC14000968006810B41842946801EA04012ED0FF
:10FC2400137C03F00303D9B943F008039908013B9B
:10FC340011740D2B0BD8DFE803F00D071C070A160F
:10FC44000D0D160A071C070D5369013B53615DF83E
:10FC5400044B704753695DF8044B0133536170479B
:10FC640043F00403E0E753695DF8044B023B53613E
:10FC7400704753695DF8044B023353617047137C3A
:10FC840003F003030029D1D043F00403CEE700BFFF
:10FC940060D90020224BD3F8A820D2E90010D36801
:10FCA4000968006810B41842946801EA04012ED06F
:10FCB400137C03F00303D9B943F008039908013B0B
:10FCC40011740D2B0BD8DFE803F00D071C070A167F
:10FCD4000D0D160A071C070D5369013B53615DF8AE
:10FCE400044B704753695DF8044B0133536170470B
:10FCF40043F00403E0E753695DF8044B023B5361AE
:10FD0400704753695DF8044B023353617047137CA9
:10FD140003F003030029D1D043F00403CEE700BF6E
:10FD240060D90020224BD3F8AC20D2E90010D3686C
:10FD34000968006810B41842946801EA04012ED0DE
:10FD4400137C03F00303D9B943F008039908013B7A
:10FD540011740D2B0BD8DFE803F00D071C070A16EE
:10FD64000D0D160A071C070D5369013B53615DF81D
:10FD7400044B704753695DF8044B0133536170477A
:10FD840043F00403E0E753695DF8044B023B53611D
:10FD9400704753695DF8044B023353617047137C19
:10FDA40003F003030029D1D043F00403CEE700BFDE
:10FDB40060D90020224BD3F8B020D2E90010D368D8
:10FDC4000968006810B41842946801EA04012ED04E
:10FDD400137C03F00303D9B943F008039908013BEA
:10FDE40011740D2B0BD8DFE803F00D071C070A165E
:10FDF4000D0D160A071C070D5369013B53615DF88D
:10FE0400044B704753695DF8044B013353617047E9
:10FE140043F00403E0E753695DF8044B023B53618C
:10FE2400704753695DF8044B023353617047137C88
:10FE340003F003030029D1D043F00403CEE700BF4D
:10FE440060D90020224BD3F8B420D2E90010D36843
:10FE54000968006810B41842946801EA04012ED0BD
:10FE6400137C03F00303D9B943F008039908013B59
:10FE740011740D2B0BD8DFE803F00D071C070A16CD
:10FE84000D0D160A071C070D5369013B53615DF8FC
:10FE9400044B704753695DF8044B01335361704759
:10FEA40043F00403E0E753695DF8044B023B5361FC
:10FEB400704753695DF8044B023353617047137CF8
:10FEC40003F003030029D1D043F00403CEE700BFBD
:10FED40060D90020224BD3F8B820D2E90010D368AF
:10FEE4000968006810B41842946801EA04012ED02D
:10FEF400137C03F00303D9B943F008039908013BC9
:10FF040011740D2B0BD8DFE803F00D071C070A163C
:10FF14000D0D160A071C070D5369013B53615DF86B
:10FF2400044B704753695DF8044B013353617047C8
:10FF340043F00403E0E753695DF8044B023B53616B
:10FF4400704753695DF8044B023353617047137C67
:10FF540003F003030029D1D043F00403CEE700BF2C
:10FF640060D90020214B1A68D2E90010D3680968CF
:10FF7400006810B41842946801EA04012ED0137C7E
:10FF840003F00303D9B943F008039908013B117442
:10FF94000D2B0BD8DFE803F00D071C070A160D0D17
:10FFA400160A071C070D5369013B53615DF8044BA6
:10FFB400704753695DF8044B01335361704743F054
:10FFC4000403E0E753695DF8044B023B5361704757
:10FFD40053695DF8044B023353617047137C03F09B
:10FFE40003030029D1D043F00403CEE760D90020F5
:0CFFF400214B5A68D2E90010D36809685C
:02000004600199
:10000000006810B41842946801EA04012ED0137CF1
:1000100003F00303D9B943F008039908013B1174B5
:100020000D2B0BD8DFE803F00D071C070A160D0D8A
:10003000160A071C070D5369013B53615DF8044B19
:10004000704753695DF8044B01335361704743F0C7
:100050000403E0E753695DF8044B023B53617047CA
:1000600053695DF8044B023353617047137C03F00E
:1000700003030029D1D043F00403CEE760D9002068
:10008000214B9A68D2E90010D3680968006810B45F
:100090001842946801EA04012ED0137C03F0030394
:1000A000D9B943F008039908013B11740D2B0BD803
:1000B000DFE803F00D071C070A160D0D160A071CD2
:1000C000070D5369013B53615DF8044B7047536959
:1000D0005DF8044B01335361704743F00403E0E7DC
:1000E00053695DF8044B023B5361704753695DF8F7
:1000F000044B023353617047137C03F00303002960
:10010000D1D043F00403CEE760D90020214BDA6858
:10011000D2E90010D3680968006810B418429468E6
:1001200001EA04012ED0137C03F00303D9B943F094
:1001300008039908013B11740D2B0BD8DFE803F07D
:100140000D071C070A160D0D160A071C070D53692B
:10015000013B53615DF8044B704753695DF8044BF4
:1001600001335361704743F00403E0E753695DF8DE
:10017000044B023B5361704753695DF8044B0233F3
:1001800053617047137C03F003030029D1D043F07F
:100190000403CEE760D90020214B1A69D2E9001090
:1001A000D3680968006810B41842946801EA040131
:1001B0002ED0137C03F00303D9B943F00803990848
:1001C000013B11740D2B0BD8DFE803F00D071C0762
:1001D0000A160D0D160A071C070D5369013B5361E2
:1001E0005DF8044B704753695DF8044B013353616C
:1001F000704743F00403E0E753695DF8044B023BAA
:100200005361704753695DF8044B02335361704783
:10021000137C03F003030029D1D043F00403CEE79D
:1002200060D90020214B5A69D2E90010D3680968CF
:10023000006810B41842946801EA04012ED0137CBF
:1002400003F00303D9B943F008039908013B117483
:100250000D2B0BD8DFE803F00D071C070A160D0D58
:10026000160A071C070D5369013B53615DF8044BE7
:10027000704753695DF8044B01335361704743F095
:100280000403E0E753695DF8044B023B5361704798
:1002900053695DF8044B023353617047137C03F0DC
:1002A00003030029D1D043F00403CEE760D9002036
:1002B000214B9A69D2E90010D3680968006810B42C
:1002C0001842946801EA04012ED0137C03F0030362
:1002D000D9B943F008039908013B11740D2B0BD8D1
:1002E000DFE803F00D071C070A160D0D160A071CA0
:1002F000070D5369013B53615DF8044B7047536927
:100300005DF8044B01335361704743F00403E0E7A9
:1003100053695DF8044B023B5361704753695DF8C4
:10032000044B023353617047137C03F0030300292D
:10033000D1D043F00403CEE760D90020214BDA6925
:10034000D2E90010D3680968006810B418429468B4
:1003500001EA04012ED0137C03F00303D9B943F062
:1003600008039908013B11740D2B0BD8DFE803F04B
:100370000D071C070A160D0D160A071C070D5369F9
:10038000013B53615DF8044B704753695DF8044BC2
:1003900001335361704743F00403E0E753695DF8AC
:1003A000044B023B5361704753695DF8044B0233C1
:1003B00053617047137C03F003030029D1D043F04D
:1003C0000403CEE760D90020214B1A6AD2E900105D
:1003D000D3680968006810B41842946801EA0401FF
:1003E0002ED0137C03F00303D9B943F00803990816
:1003F000013B11740D2B0BD8DFE803F00D071C0730
:100400000A160D0D160A071C070D5369013B5361AF
:100410005DF8044B704753695DF8044B0133536139
:10042000704743F00403E0E753695DF8044B023B77
:100430005361704753695DF8044B02335361704751
:10044000137C03F003030029D1D043F00403CEE76B
:1004500060D90020214B5A6AD2E90010D36809689C
:10046000006810B41842946801EA04012ED0137C8D
:1004700003F00303D9B943F008039908013B117451
:100480000D2B0BD8DFE803F00D071C070A160D0D26
:10049000160A071C070D5369013B53615DF8044BB5
:1004A000704753695DF8044B01335361704743F063
:1004B0000403E0E753695DF8044B023B5361704766
:1004C00053695DF8044B023353617047137C03F0AA
:1004D00003030029D1D043F00403CEE760D9002004
:1004E000214B9A6AD2E90010D3680968006810B4F9
:1004F0001842946801EA04012ED0137C03F0030330
:10050000D9B943F008039908013B11740D2B0BD89E
:10051000DFE803F00D071C070A160D0D160A071C6D
:10052000070D5369013B53615DF8044B70475369F4
:100530005DF8044B01335361704743F00403E0E777
:1005400053695DF8044B023B5361704753695DF892
:10055000044B023353617047137C03F003030029FB
:10056000D1D043F00403CEE760D90020214BDA6AF2
:10057000D2E90010D3680968006810B41842946882
:1005800001EA04012ED0137C03F00303D9B943F030
:1005900008039908013B11740D2B0BD8DFE803F019
:1005A0000D071C070A160D0D160A071C070D5369C7
:1005B000013B53615DF8044B704753695DF8044B90
:1005C00001335361704743F00403E0E753695DF87A
:1005D000044B023B5361704753695DF8044B02338F
:1005E00053617047137C03F003030029D1D043F01B
:1005F0000403CEE760D90020214B1A6BD2E900102A
:10060000D3680968006810B41842946801EA0401CC
:100610002ED0137C03F00303D9B943F008039908E3
:10062000013B11740D2B0BD8DFE803F00D071C07FD
:100630000A160D0D160A071C070D5369013B53617D
:100640005DF8044B704753695DF8044B0133536107
:10065000704743F00403E0E753695DF8044B023B45
:100660005361704753695DF8044B0233536170471F
:10067000137C03F003030029D1D043F00403CEE739
:1006800060D90020214B5A6BD2E90010D368096869
:10069000006810B41842946801EA04012ED0137C5B
:1006A00003F00303D9B943F008039908013B11741F
:1006B0000D2B0BD8DFE803F00D071C070A160D0DF4
:1006C000160A071C070D5369013B53615DF8044B83
:1006D000704753695DF8044B01335361704743F031
:1006E0000403E0E753695DF8044B023B5361704734
:1006F00053695DF8044B023353617047137C03F078
:1007000003030029D1D043F00403CEE760D90020D1
:10071000214B9A6BD2E90010D3680968006810B4C5
:100720001842946801EA04012ED0137C03F00303FD
:10073000D9B943F008039908013B11740D2B0BD86C
:10074000DFE803F00D071C070A160D0D160A071C3B
:10075000070D5369013B53615DF8044B70475369C2
:100760005DF8044B01335361704743F00403E0E745
:1007700053695DF8044B023B5361704753695DF860
:10078000044B023353617047137C03F003030029C9
:10079000D1D043F00403CEE760D900200B4610B55A
:1007A000362800F29782DFE810F08C02820279028C
:1007B000700267025E0255024C0243023A023102A5
:1007C00028021F02BF01B601AD01A4019B019201E5
:1007D0008901800177016E0165015C0153014A01C5
:1007E000410138012F0126011D0113010901FF00FC
:1007F000F500EB00E100D700CD00C300B900AF0069
:10080000A5009B00910087007D00730069005F00D8
:1008100055004B0041003700C84C0422C84936201F
:10082000C4F8D83020F07CFA012010BDC34C04225B
:10083000C4493520C4F8D43020F072FA012010BD2C
:10084000BE4C0422C0493420C4F8D03020F068FAED
:10085000012010BDB94C0422BC493320C4F8CC306F
:1008600020F05EFA012010BDB44C0422B8493220B9
:10087000C4F8C83020F054FA012010BDAF4C042257
:10088000B4493120C4F8C43020F04AFA012010BD28
:10089000AA4C0422B0493020C4F8C03020F040FAFD
:1008A000012010BDA54C0422AC492F20C4F8BC3057
:1008B00020F036FA012010BDA04C0422A8492E20B9
:1008C000C4F8B83020F02CFA012010BD9B4C042253
:1008D000A4492D20C4F8B43020F022FA012010BD24
:1008E000964C0422A0492C20C4F8B03020F018FA0D
:1008F000012010BD914C04229C492B20C4F8AC303F
:1009000020F00EFA012010BD8C4C042298492A20B8
:10091000C4F8A83020F004FA012010BD874C04224E
:1009200094492920C4F8A43020F0FAF9012010BD20
:10093000824C042290492820C4F8A03020F0F0F91D
:10094000012010BD7D4C04228C492720C4F89C3026
:1009500020F0E6F9012010BD784C042288492620B9
:10096000C4F8983020F0DCF9012010BD734C04224B
:1009700084492520C4F8943020F0D2F9012010BD1C
:100980006E4C042280492420C4F8903020F0C8F92D
:10099000012010BD694C04227C492320C4F88C300E
:1009A00020F0BEF9012010BD644C042278492220B9
:1009B000C4F8883020F0B4F9012010BD5F4C042247
:1009C00074492120C4F8843020F0AAF9012010BD18
:1009D0005A4C042270492020C4F8803020F0A0F93D
:1009E000012010BD554C04226C491F20E36720F004
:1009F00097F9012010BD514C042269491E20A367BC
:100A000020F08EF9012010BD4C4C042265491D20B8
:100A1000636720F085F9012010BD484C042262492B
:100A20001C20236720F07CF9012010BD434C0422D8
:100A30005E491B20E36620F073F9012010BD3F4C96
:100A400004225B491A20A36620F06AF9012010BD38
:100A50003A4C042257491920636620F061F90120BD
:100A600010BD364C042254491820236620F058F952
:100A7000012010BD314C042250491720E36520F0BD
:100A80004FF9012010BD2D4C04224D491620A365BD
:100A900020F046F9012010BD284C042249491520B8
:100AA000636520F03DF9012010BD244C0422464925
:100AB0001420236520F034F9012010BD1F4C0422BE
:100AC00042491320E36420F02BF9012010BD1B4C98
:100AD00004223F491220A36420F022F9012010BD16
:100AE000164C04223B491120636420F019F90120BF
:100AF00010BD124C042238491020236420F010F954
:100B0000012010BD0D4C042234490F20E36320F076
:100B100007F9012010BD094C042231490E20A363BE
:100B200020F0FEF8012010BD044C04222D490D20B8
:100B3000636320F0F5F8012010BD00BF60D90020EC
:100B4000A9C4000019C4000089C30000F9C2000054
:100B500069C20000D9C1000049C10000B9C000004D
:100B600065D60000D5D5000045D50000B5D40000FD
:100B700025D4000095D3000005D3000075D20000F5
:100B8000E5D1000055D10000C5D0000035D00000EF
:100B9000A5CF000015CF000085CE0000F9CD0000E4
:100BA0006DCD0000E1CC000055CC0000C9CB0000A9
:100BB0003DCB0000B1CA000025CA000099C9000061
:100BC0000DC9000081C80000F5C7000069C700001A
:100BD000DDC6000051C60000C5C5000039C50000D3
:100BE0009DDE000011DE00003B4C04223B490C203E
:100BF000236320F095F8012010BD374C04223849BA
:100C00000B20E36220F08CF8012010BD324C04224E
:100C100034490A20A36220F083F8012010BD2E4C35
:100C2000042231490920636220F07AF8012010BDC6
:100C3000294C04222D490820236220F071F801205C
:100C400010BD254C04222A490720E36120F068F8F2
:100C5000012010BD204C042226490620A36120F06B
:100C60005FF8012010BD1C4C04222349052063615C
:100C700020F056F8012010BD0422174C1F491046E1
:100C8000236120F04DF8012010BD134C04221C49B3
:100C90000320E36020F044F8012010BD0E4C042234
:100CA00018490220A36020F03BF8012010BD044643
:100CB0000948042214494360012020F031F82046FD
:100CC00010BD054C042211490020236020F028F8B3
:100CD000012010BD002010BD60D9002085DD00007E
:100CE000F9DC00006DDC0000E1DB000055DB0000FA
:100CF000C9DA00003DDA0000B1D9000025D90000B2
:100D000099D800000DD8000081D70000F5D600006A
:100D10002DE9F0410F4616460446022138461FF0E1
:100D2000A9FD022130461FF0A5FD224B3A012248C1
:100D30003101DFF88CC053F8028003EB0712C4F8CE
:100D40000080D2F80CE003EB061259580023C4F8D7
:100D500008E0D2686361194BE26045681B68616016
:100D6000ACFB033C4FF4FA634FEA9C4C03FB0CFCD6
:100D700043685B1B9C45FBD8D8F8003038460968AF
:100D80001EEA030F14BF012300230A42214618BFA5
:100D900043F002032374FFF701FD0346214630466A
:100DA0002376FFF7FBFC227E03462046134423767E
:100DB000BDE8F08154480020001000E0447C002091
:100DC00083DE1B4330B5044683B0154601910EF017
:100DD00079FC019920460EF083FC2046A9B20EF062
:100DE0001DFC204603B030BD10B584B0044603910D
:100DF00002921EF007FA00222046DDE9023100923D
:100E00001EF074FA204604B010BD00BF10B50023D8
:100E1000044610460D4A617223722260C4E9033011
:100E200019B18A00194625F02DF8094A136853B103
:100E30001A465B69002BFBD1546100232046636195
:100E40006360A37210BD1460F7E700BF804100200B
:100E500048D700200346002214494FF4807C10B488
:100E6000134C43F8184BA0F808C08261C0E9032373
:100E70000B6893B11A465B69002BFBD150610023CC
:100E80000C4A5DF8044B43614360837202608362E5
:100E90009FED047B80ED087B70470860EFE700BFA3
:100EA000AFF30080000000000000000048D70020E1
:100EB00080410020CC41002003460022134910B499
:100EC000134C43F8184B4FF4807482610481C0E9DD
:100ED00003230B68C3B11A465B69002BFBD1506139
:100EE00000230C4A4FF468140B494361436083723A
:100EF00002604FF000520377084BC0E90A41C0E995
:100F00000C235DF8044B70470860E9E748D70020E0
:100F100080410020944200200E00C10076061C0093
:100F200003460022144910B4144C43F8344B4FF4D8
:100F30000074C0E903230B680481C0E90D22CBB122
:100F40001A465B69002BFBD150610D4900230D4A05
:100F50000D4C01604FF4805182610C4A4361436043
:100F60008372C0E90741C0E909235DF8044BC0E979
:100F70000B3370470860E8E748D700208041002025
:100F80004C43002090298F0460EA8E0480F9855A32
:100F90000022034613494FF4806C10B4124C43F8FE
:100FA000284BA0F808C0C0E903230B68C0E90A2257
:100FB000C0E90C229BB11A465B69002BFBD1506142
:100FC00000224FF4803309495DF8044B42614260CE
:100FD00082720160C0E90633C0E9083370470860D7
:100FE000EEE700BF48D70020804100207441002078
:100FF00038B50022044603461449154D4FF40070DD
:1010000043F8185B2081C4E903230B68C4E9062276
:10101000D3B11A465B69002BFBD1546100230D4903
:101020004FF4004204F5107063616360A3722160A5
:10103000C4E90833C4E90A32C4E90C33C4E98E3385
:1010400018F052FC204638BD0C60E7E748D7002076
:1010500080410020704300200D49002210B40B682D
:101060000C4C026104600281C2607BB11A465B696C
:10107000002BFBD150610023074A5DF8044B43610C
:101080004360837202600376C36170470860F2E7D1
:1010900048D700208041002010430020F5EEC00A10
:1010A000F7EE007AF1EE10FAB4EEE70A4AD9F1EE63
:1010B00010FA28DD3A4ADFED3B7A60EEA70AFDEE32
:1010C000E07A17EE903ABBB372B6C1690262914200
:1010D00060D010B481FAA2F4EFF3008C1CF0006F22
:1010E00053D003F1010CBCF1020F04D992FBF3F4CD
:1010F00091FBF3F3E41A7CB344620123037662B6F6
:101100005DF8044B7047FFEE007AB4EEE70AF1EEAB
:1011100010FA28D4DFED237A60EEA70AFDEEE07A1C
:1011200017EE903ADFED207A20EE270AFDEEC07A26
:1011300017EE902A002BC7D172B60023C261037646
:1011400062B67047F1EE10FA0FDD154B72B6002251
:10115000C361027662B670479142B4BF01214FF07D
:10116000FF314162C9E7114AA5E7FFEE007AB4EE0C
:10117000E70AF1EE10FA11D4DFED0B7A20EE270A20
:10118000FDEEC07A17EE903AE0E794FBF3F4002C02
:10119000E2D0B1E70023037662B67047034BD5E790
:1011A0000000FF7F6666304200FEFF4E00000180B7
:1011B00000230246114930B4114D00F1280442F8D1
:1011C000245BC360436202614FF480720B6802814A
:1011D0008BB11A465B69002BFBD1506100230121C2
:1011E000084A04624361436083720176C36183628B
:1011F000026030BC70470860F0E700BF48D70020AD
:10120000804100202843002000230246114930B4C9
:10121000114D00F1280442F8245BC360436202616F
:101220004FF480720B6802818BB11A465B69002B08
:10123000FBD1506100230121084A046243614360ED
:1012400083720176C3618362026030BC70470860BC
:10125000F0E700BF48D70020804100201C43002059
:1012600000230246134930B4134D00F1280442F81C
:10127000245BC360436202614FF480720B68028199
:10128000B3B11A465B69002BFBD1506100234FF0CC
:101290007E524FF0010C094904624361436083723E
:1012A00080F818C0C36183620160C26230BC7047BD
:1012B0000860EBE748D7002080410020A0420020D2
:1012C00000230246164930B4164D00F1280442F8B6
:1012D000245BC360436202614FF480720B68028139
:1012E000E3B11A465B69002BFBD1506100234FF03C
:1012F0007E524FF0040C0C490462436143608372D8
:1013000080F818C0C36101608263C26302644264F2
:1013100030BCC0E90A33C0E90C3370470860E5E728
:1013200048D7002080410020D8410020F0B587B088
:1013300006460446071D05AD0391204601341FF003
:1013400023FB05F8010BBC42F7D1059C32460398FC
:1013500023460D4900900D4824F0C4FB0B4825F0AE
:1013600029F80A4902460A481EF0F6FD08481EF010
:1013700027FE039B9C4204D00422314603A81FF0A1
:10138000ADFC07B0F0BD00BFC82E0020846C022069
:10139000747D002038B51F4C24211F4DE288204663
:1013A00042F0100216F0C2F8E2882421204642F4EE
:1013B000807216F0BBF83021204616F02DF8024658
:1013C0003021204622F0800216F0B0F8134928465A
:1013D0000DF0DAFC28460DF025F828460DF02EF821
:1013E00014220F4B284611460DF0BEFC28460DF086
:1013F00025F84FF4C3701FF083F93021204616F012
:101400000BF802463021204622F01902BDE8384090
:1014100016F08CB8686A0220446D022084580020BF
:101420000C3000207C4BF0B51A7E83B0012A57D9CE
:1014300072B65A6962B67948002A017EB8BF033293
:1014400001294FEAA2065ED972B6416962B6002947
:10145000B8BF03318C10002E2FD036B272B60022E6
:101460005A6162B6002C39D024B272B600234361AF
:1014700062B644EA06076A480EF0D2F869480EF0F0
:10148000CFF867480EF014F9054666480EF010F9DB
:1014900003462FB915B90BB903B0F0BD0024264699
:1014A000614F3246009521463868F1F7B1FB386844
:1014B00003B0BDE8F040F1F7C3BD002CD4D15848CB
:1014C0000EF0AEF857480EF0ABF855480EF0F0F8B5
:1014D000054654480EF0ECF80346DBE73746CAE70A
:1014E00072B6D3E90024D3E90210126824681140CF
:1014F000044245D01A7C02F0030209B142F0040212
:1015000042F0080242E072B60168846809680C4043
:1015100041680D68C1680D4208D0017C01F00301EB
:101520000CB141F0040141F0080105E0017C01F03B
:1015300003010CB141F004018C08013904740D2938
:1015400083D801A454F821F07DED000075ED000072
:101550009DED000075ED0000D7EB000095ED00005B
:101560007DED00007DED000095ED0000D7EB000063
:1015700075ED00009DED000075ED00007DED0000B3
:101580001A7C02F0030209B142F004029108013A08
:1015900019740D2A3FF64DAF01A151F822F000BF9A
:1015A0006DED000065ED00008DED000065ED0000C3
:1015B000BFEB000085ED00006DED00006DED00005B
:1015C00085ED0000BFEB000065ED00008DED000033
:1015D00065ED00006DED00005A69013A5A6129E796
:1015E0005A6901325A6125E74169013941612DE7A4
:1015F00041690131416129E75A69023A5A6119E7A3
:101600005A6902325A6115E74169023941611DE7A1
:1016100041690231416119E7C4DD00201C6D0220DF
:10162000545002206C50022024590220024B1868AA
:1016300008B1F1F743BA70472459022010B5FBF7FF
:1016400045F9104A104B1168D2F804C019601169AD
:10165000906819610D4C117DD268C3F804C0986080
:10166000DA6019752068FAF701FD2068084B1860E8
:10167000FBF738F9074B186818B1BDE81040F1F7CF
:101680001DBA10BD085A022074880020685A022032
:101690002CE200202459022038B50D4CFBF716F936
:1016A0000C4D2068FBF7E6F82068FAF7DFFC2868A5
:1016B000FAF7DAFE2068FBF715F92868FBF712F94C
:1016C000054B186818B1BDE83840F1F7F7B938BDD7
:1016D000046D02202CE200202459022008B5FCF7FA
:1016E00021F9044B186818B1BDE80840F1F7E6B9D4
:1016F00008BD00BF2459022008B5064B014614223C
:10170000184624F0BDFC044A034601210020117054
:10171000187508BD085A022033890220704700BF9F
:101720002DE9F04F374D87B00E4695F99E30B5F84C
:1017300064A00393137895F9AE10002B58D089B2AA
:10174000314F1FFA80F8144604910835BDF80C108B
:101750000022BB46C146059104E0BB54013214F897
:10176000013F33B30A2BF8D14FF000030021284684
:101770001FFA86F8BB54039B1E440DF0C3FB059B68
:10178000002128460093049BA8EB0302534692B223
:101790000CF0AEFD012128460DF0B4FB5B4642463D
:1017A000494628460DF0E0FA14F8013F0022002BCC
:1017B000D8D1C84600241548B6B22146BC540DF015
:1017C000A1FB059B214611480093049BF21A534646
:1017D00092B20CF08DFD01210C480DF093FB0A4BE9
:1017E00032464146094807B0BDE8F04F0DF0BCBA9B
:1017F0008AB2054F1FFA80F80492BDF80C200592BA
:101800001A46D7E73C6D0220446C0220446D02204A
:10181000F6EE007A00B5B4EEE70A2DED028BF1EE9C
:1018200010FA8BB0B0EE408A28DBB0EE007A9FED64
:10183000250AFFEE007A28EE000AE8EE077AF0EEBD
:10184000678A22F0F7F9F0EE400ADFED1F7A9FED8C
:101850001F0A60EEA70A28EE000ACDED010A22F069
:10186000E9F9DFED1B7ADDED010A20EE271AB0EE73
:10187000680A0BB0BDEC028B5DF804FB9FED150A06
:1018800078EE678A28EE000A22F0D4F9F0EE400ADA
:10189000DFED117A9FED110A60EEA70A28EE000A2B
:1018A000CDED010A22F0C6F9F2EE047ADDED010A6F
:1018B00020EE271AB0EE680A0BB0BDEC028B5DF883
:1018C00004FB00BF295C13410AD7233CCDCC04C1E3
:1018D00000007E4219044E40CDCC4C3E333393C0C1
:1018E000DFED0D7A84B0B4EEE70AF1EE10FA0CDB0E
:1018F000B7EE007AF7EE046A70EE477AA7EEA67AA2
:10190000B0EE470A04B0FFF783BFDFED047A20EEA4
:10191000270A04B0FFF77CBF9A99193F5555553FE8
:10192000B7EE007A86B0F5EEC00A70EE206ACDED13
:10193000010A30EE476A8DED021A60EE017ACDEDB4
:10194000031AF1EE10FACDED056AA1EE867AF4EEF7
:10195000E67ACDED047AB0EE470A10DDF1EE10FA2A
:1019600009D405ABB4EEE60AF1EE10FA01DD93ED11
:10197000000A06B07047F0EE676A04ABF2E7F1EEDA
:1019800010FA09DBF0EE676A04ABB4EEE60AF1EE9A
:1019900010FAECD906B0704705ABF6E7F0EE607AC6
:1019A0009FED147AF0EE400AF4EEC77AF1EE10FAE9
:1019B00006DD9FED117AF4EEC77AF1EE10FA17D436
:1019C00008B52DED028BF7EE008A88EEA78A38EE77
:1019D000688A28EE088AB0EE480A22F09FF938EEAD
:1019E000688A70EE687A87EE880ABDEC028B08BDC3
:1019F000704700BFEE7CFF3E8941003FF5EEC01A04
:101A0000F1EE10FAB4EEE00A26D4F1EE10FA20DD81
:101A100030EE600AB7EEE07AB7EE005B60EE211AB6
:101A2000B7EEC16A35EE475BB7EEE17AF7EE004AF2
:101A300087EE050B30EE060BB7EEC00BB4EEE40AF2
:101A4000F1EE10FA26DCB5EEC00AF1EE10FA00D481
:101A500070479FED130A7047F1EE10FAF9D5C0EE0A
:101A6000207AB7EEC15AB7EEE16AB7EE007AB7EE68
:101A7000E70A30EE450B20EE060BB7EEC00BB4EED6
:101A8000C70AF1EE10FA08DCB5EEC00AF1EE10FA62
:101A9000DFD47047B0EE640A7047B0EE470A704773
:101AA00000000000AA4B1B7810B4042B00F2AE8398
:101AB000DFE813F04C00BE008400F8000500A54BE1
:101AC0009FEDAC7AD3ED007AF4EEC77AF1EE10FA1E
:101AD00000F31C819FEDA87AF4EEC77AF1EE10FABC
:101AE00000F17C83B0EE677ABEEEC87A17EE100A7A
:101AF00099490022994B0978C3E90602C3E90822F3
:101B0000002948D09FED9B7AF4EEC77AF1EE10FAE7
:101B100000F374839FED987AF4EEC77AF1EE10FA31
:101B200040F145838E4A8F4B00219A610A46C3E9F2
:101B300007118D495A620B78042B00F29A83DFE873
:101B400013F0C301F9018E0158011D0181490022E2
:101B50009FED887AD1ED007A804BF4EEC77A9A61D6
:101B6000F1EE10FA00F34B829FED837AF4EEC77A20
:101B7000F1EE10FA00F13083B0EE677ABEEEC87A6B
:101B800017EE100A74490022D8610978C3E90822C7
:101B9000002940F0C880754B1B78042B00F2598354
:101BA00001A252F823F000BFB3F4000003F40000D8
:101BB00091F3000073F4000091F2000065490022E7
:101BC0009FED6C7AD1ED007A644BF4EEC77AC3E9ED
:101BD0000622F1EE10FA00F32E829FED677AF4EE02
:101BE000C77AF1EE10FA00F1F582B0EE677ABEEE38
:101BF000C87A17EE100A584A002118621278596202
:101C0000002AC8D09FED5B7A0022564BF4EEC77ACB
:101C1000C3E90622F1EE10FA00F3F6829FED567A40
:101C2000F4EEC77AF1EE10FA40F1B0824C490DE2C1
:101C3000484A00219FED4F7AD2ED007A474BF4EEEF
:101C4000C77A1962F1EE10FAC3E9061100F3E781D1
:101C50009FED497AF4EEC77AF1EE10FA00F1B882FE
:101C6000B0EE677ABEEEC87A17EE101A3A4A596299
:101C70001378002B8FD09FED3F7A0022394BF4EE82
:101C8000C77A1A62F1EE10FAC3E9062200F3BA82AB
:101C90009FED397AF4EEC77AF1EE10FA40F16F82D7
:101CA0002F4A46E72B4900229FED327AD1ED007A88
:101CB0002A4BF4EEC77A9A61F1EE10FA00F3C9816B
:101CC0009FED2D7AF4EEC77AF1EE10FA40F17682AC
:101CD000234A144620480021DA6102785C621962C6
:101CE000002A3FF458AF9FED237AF4EEC77AF1EE65
:101CF00010FA00F380829FED207AF4EEC77AF1EEBD
:101D000010FA40F14A8216490A46ACE11248002115
:101D1000124B174A0078C3E90621C3E908110028CD
:101D20007FF401AF37E79FED137A00220D4BF4EEFD
:101D3000C77A9A61F1EE10FA00F362829FED0E7A93
:101D4000F4EEC77AF1EE10FA40F11282044961E133
:101D500014890220A88C0020CC8E0020345502204B
:101D6000000001806C550220128902201589022092
:101D70000000FF7F00FEFF4600FEFFC61FED037A56
:101D8000F4EEC77AF1EE10FA00F30A811FED067A3D
:101D9000F4EEC77AF1EE10FA00F1E881B0EE677A5E
:101DA000BEEEC87A17EE100ABA490022BA4B09787B
:101DB000C3E90602C3E90822002972D09FEDB77A71
:101DC000F4EEC77AF1EE10FA00F30A829FEDB47ACE
:101DD000F4EEC77AF1EE10FA40F1B181B14AB24B9C
:101DE00000219A610A46C3E907115DF8044B5A6263
:101DF00070479FEDAA7AF4EEC77AF1EE10FA00F37D
:101E00005D819FEDA77AF4EEC77AF1EE10FA40F10A
:101E1000A381A4490C469F4800229F4B0078C3E948
:101E20000621C3E9082400283BD09FED9C7AF4EEFC
:101E3000C77AF1EE10FA00F3DB819FED997AF4EEA8
:101E4000C77AF1EE10FA00F17781B0EE677ABEEE54
:101E5000C87A17EE101A40F13D81924A3BE19FED9E
:101E60008F7A00228C4BF4EEC77AC3E90622F1EE9A
:101E700010FA00F3FE809FED8A7AF4EEC77AF1EE55
:101E800010FA00F16781B0EE677ABEEEC87A17EEFD
:101E9000100A804A0021186212785962002A40F024
:101EA0008C80824B1B78042B00F2F78101A252F840
:101EB00023F000BF97F60000FFF6000047F7000090
:101EC000B7F5000049F500009FED747A0022724BCF
:101ED000F4EEC77A9A61F1EE10FA00F305819FEDF6
:101EE000707AF4EEC77AF1EE10FA00F13181B0EEBB
:101EF000677ABEEEC87A17EE100A66490022D861EA
:101F00000978C3E908220029CBD09FED647A00222A
:101F1000654BF4EEC77A9A61F1EE10FA00F3628134
:101F20009FED5F7AF4EEC77AF1EE10FA40F1EF80A0
:101F30005C49E4E09FED597A0021574BF4EEC77AF3
:101F40001962F1EE10FAC3E906114CDC9FED547AE8
:101F5000F4EEC77AF1EE10FA00F1F880B0EE677A8D
:101F6000BEEEC87A17EE101A4A4A59621378002B4F
:101F700097D09FED4A7A00224B4BF4EEC77A1A6253
:101F8000F1EE10FAC3E9062200F32E819FED447AA8
:101F9000F4EEC77AF1EE10FA40F1C080414A24E72E
:101FA0003C4800213C4B424A0078C3E90621C3E982
:101FB000081100287FF413AF73E79FED387A0022F1
:101FC000394BF4EEC77AC3E90622F1EE10FA00F3BA
:101FD0000D819FED337AF4EEC77AF1EE10FA40F1FD
:101FE000A480304950E02B48314A00785A620028DA
:101FF0003FF457AF2C4BC3E906111962F5E62D48A3
:102000002B490078D961C3E9082200283FF4C3AD09
:10201000294B9A610020D9610246186289E525485A
:10202000234A00785A6200283FF4B5AD224BC3E939
:10203000061119627DE51F481D4900785A62196230
:1020400000283FF4A8AD1C4BC3E906220022196208
:102050006FE5184816491A620278D9615962002A58
:102060003FF499AD0A46144B0020C3E906011862FB
:102070005FE508480E4900785A62196200283FF46B
:1020800010AF094BC3E9062200225DF8044B196228
:102090005A627047CB8E0020A455022000FEFF46F6
:1020A00000FEFFC600000180DC55022013890220DB
:1020B0000000FF7FCC8E00206C5502209948002242
:1020C000994B9A490078C3E90621C3E90821002801
:1020D0003FF4E7AE0A46964B00205DF8044B1862C9
:1020E0005A62C3E9060170478E4890490078D96169
:1020F000C3E9082200283FF4D4AE8D4B9A6100203A
:102100005DF8044BD961024618625A627047B0EE1E
:10211000677ABEEEC87A17EE101AF0E7B0EE677A6B
:10212000BEEEC87A17EE102A5FE6B0EE677ABEEE12
:10213000C87A17EE101AA7E77E490A46CBE7B0EE39
:10214000677ABEEEC87A17EE102A48E679490BE79F
:102150007848D2E677489CE6B0EE677ABEEEC87A59
:1021600017EE101A7FF556AE724C54E671481BE616
:10217000B0EE677ABEEEC87A17EE101A4AE7B0EEF4
:10218000677ABEEEC87A17EE102AD2E4B0EE677A0C
:10219000BEEEC87A17EE101A58E7B0EE677ABEEEB8
:1021A000C87A17EE101A7FF55DAF624A5BE7B0EEB2
:1021B000677ABEEEC87A17EE102AB4E4B0EE677AFA
:1021C000BEEEC87A17EE102A7FF583AD594C81E533
:1021D00058494BE557480EE55648D3E4554887E43F
:1021E000524AFCE551498AE7504AFEE54F494BE720
:1021F0004E490A466FE74D490A4634E74B4A92E496
:102200004A4907E7494A94E448491FE74A490022F6
:102210009FED4A7AD1ED007A494BF4EEC77A9A6184
:10222000F1EE10FA59DC9FED477AF4EEC77AF1EE41
:1022300010FA54D4B0EE677ABEEEC87A17EE102AC0
:1022400041480021DA610278C3E90811002A3FF40D
:10225000A2AC9FED3A7A00223C4BF4EEC77A9A6129
:10226000F1EE10FA29DD314A0021DA6119620A46DD
:102270005FE49FED327A00222B4BF4EEC77A9A612D
:10228000F1EE10FA2DDD294A26480021DA610278A4
:10229000C3E90811002A3FF404AE9FED287A00221A
:1022A000234BF4EEC77A9A61F1EE10FA29DD1F4A4A
:1022B0000021DA6119620A4697E59FED227AF4EE71
:1022C000C77AF1EE10FA01D51A4ACDE7B0EE677A77
:1022D000BEEEC87A17EE102AC6E7144AB0E7154AD0
:1022E000AEE79FED187AF4EEC77AF1EE10FA01D559
:1022F000104AC9E7B0EE677ABEEEC87A17EE102A28
:10230000C2E79FED107AF4EEC77AF1EE10FA01D52C
:10231000084ACDE7B0EE677ABEEEC87A17EE102A0B
:10232000C6E700BFCB8E0020A45502200000FF7F2F
:10233000DC55022000000180A88C002000FEFF4632
:102340003455022000FEFFC6CC8E00206C550220C2
:102350002D4A2E4B12781B78934200D0704707EE1F
:10236000903AB7EE007A2A4B0021FBEEEC7A294A2C
:1023700030B4F4EEC77A1970C2ED007AF1EE10FABB
:1023800040F3E281244B72B624490020CB610876E9
:1023900062B6234B92ED007AD3ED007AF5EEC07A67
:1023A000F1EE10FA40F26082F7EE006AB4EEE67ADF
:1023B000F1EE10FA3CDD184A9FED1B7A67EE877A42
:1023C000FDEEE77A17EE903A002B4BD072B6154926
:1023D000C8690A62824200F0F78280FAA2F4EFF341
:1023E00000852D0140F1B4825D1C022D04D992FBC1
:1023F000F3F490FBF3F3E41A002C00F099824C62A2
:1024000001230B7662B633E02B890220D78E0020A1
:1024100034890220208A00200000FF7F84E500200C
:10242000288D0020B0E500206666304200FEFF4E99
:10243000FFEE006AB4EEE67AF1EE10FA00F1A28245
:102440005FED076A67EEA67AFDEEE77A17EE903A3F
:102450005FED0A7A27EE277AFDEEC77A17EE902A0B
:10246000002BB3D172B6C14B0021DA61197662B686
:10247000BF4B0022BF49D3ED007AD1F800C0F5EE82
:10248000C07ABD480A60C0F800C0F1EE10FABB4C3B
:10249000BB49BC4822600A60026040F2CE819FEDD9
:1024A000C27A67EE877AFDEEE77A17EE902A002A65
:1024B00000F0EA8172B6B44C0020E5692062002D7C
:1024C00000F0998285FAA0F0EFF3008C1CF0006F09
:1024D00000F0538202F1010CBCF1020F02D995FB0E
:1024E000F2F25042002800F02A8260620122227635
:1024F00062B6D3ED007A91ED007AF5EEC07AF1EE96
:1025000010FA40F2A181F7EE006AB4EEE67AF1EE3D
:1025100010FA40F34D819D499FEDA37A67EE877ACB
:10252000FDEEE77A17EE902A002A00F05C8172B681
:102530009748C46901628C4200F0598284FAA1F57F
:10254000EFF3008C1CF0006F00F0148202F1010C1C
:10255000BCF1020F04D991FBF2F594FBF2F2AD1A33
:10256000002D00F0C28145620122027662B6D3EDF1
:10257000007AF5EEC07AF1EE10FA40F257819FED45
:102580008A7A67EE877AFDEEE77A17EE902A002ABC
:1025900000F0968172B67F480021C4690162002C68
:1025A00000F0228284FAA1F1EFF300852D0140F1C1
:1025B000DE81551C022D02D994FBF2F25142002912
:1025C00000F09A8141620122027662B6D3ED007A70
:1025D000F5EEC07AF1EE10FA40F221819FED727AA9
:1025E00067EE877AFDEEE77A17EE902A002A00F070
:1025F000608172B668480021C4690162002C00F055
:10260000F08184FAA1F1EFF300852D0140F1AC8156
:10261000551C022D02D994FBF2F25142002900F020
:10262000798141620122027662B6D3ED007AF5EE3D
:10263000C07AF1EE10FA40F2EB809FED5B7A67EE24
:10264000877AFDEEE77A17EE902A002A00F02A81B9
:1026500072B652480021C4690162002C00F0BE81AC
:1026600084FAA1F1EFF300852D0140F17A81551C28
:10267000022D02D994FBF2F25142002900F051815F
:1026800041620122027662B6D3ED007AF5EEC07A9D
:10269000F1EE10FA40F2AE809FED437A67EE877A52
:1026A000FDEEE77A17EE902A002A00F0F48072B669
:1026B0003B480021C4690162002C00F08C8184FA3F
:1026C000A1F1EFF300852D0140F14881551C022D49
:1026D00002D994FBF2F25142002900F014814162C8
:1026E0000122027662B6D3ED007AF5EEC07AF1EE01
:1026F00010FA40F286809FED2C7A67EE877AFDEE25
:10270000E77A17EE903A002B00F0E18072B6254987
:102710000022C8690A62002800F05A8180FAA2F2F9
:10272000EFF30084240140F116815C1C022C02D9D5
:1027300090FBF3F35A42002A00F0D0804A62012352
:102740000B7662B630BC7047BFEE007AF4EEC77A03
:10275000F1EE10FA00F1FA809FED147A67EE877AB5
:10276000FDEEE77A17EE903A0DE600BFB0E50020E7
:10277000C8890020845002204C6902208CE400208B
:10278000B8E40020B4E3002064E400200000FF7FF0
:1027900090E40020BCE30020E8E300205CE300209C
:1027A00088E3002034E300206666304200FEFF4EDE
:1027B000FFEE006AB4EEE67AF1EE10FA00F1E08086
:1027C0005FED076A67EEA67AFDEEE77A17EE902ACC
:1027D0005FED0A7A27EE277AFDEEC77A17EE901A98
:1027E000002A7FF4A4AE72B6864A0020D16110762A
:1027F00062B6BCE672B6844A0021D161117662B637
:1028000071E772B6814B0022DA611A7662B699E7F7
:1028100072B67F4A0021D161117662B634E772B692
:102820007C4A0021D161117662B6FEE672B67A4A20
:102830000021D161117662B6C8E672B6774A0020EF
:10284000D061107662B654E6F7EE007AB4EEE77A1D
:10285000F1EE10FA40F3A880714A72B6694900207F
:10286000CA61087662B682E6F7EE007AB4EEE77ADD
:10287000F1EE10FA40F38880694B72B6694A002184
:10288000D361117662B6F3E572B66448C0ED077A9B
:10289000027662B62DE672B65B49C1ED077A0A761A
:1028A00062B620E772B65A49C1ED077A0A7662B677
:1028B000EAE672B65749C1ED077A0A7662B6B4E61F
:1028C00072B65549C1ED077A0A7662B67EE672B6EF
:1028D0004E4AC2ED077A137662B633E70028B4BFDA
:1028E00001234FF0FF334B6229E78C42B4BF012430
:1028F0004FF0FF34446237E6002CB4BF01224FF0A2
:10290000FF3242625FE6002CB4BF01224FF0FF327B
:102910004262E5E6002CB4BF01224FF0FF32426272
:1029200080E6002CB4BF01224FF0FF324262A8E6DD
:102930008242CCBF01224FF0FF324A6260E5002D97
:10294000B4BF01224FF0FF326262CFE5364B1AE589
:1029500094FBF3F450E592FBF3F2ECE691FBF2F119
:10296000BAE691FBF2F188E691FBF2F156E691FBB3
:10297000F2F124E695FBF2F5F2E590FBF2F0B1E519
:102980002949C9E5284A17E5FFEE007AB4EEE77A4F
:10299000F1EE10FA32D4DFED257A27EE277AFDEE3C
:1029A000C77A17EE903A68E7FFEE007AB4EEE77A5E
:1029B000F1EE10FA24D4DFED1D7A27EE277AFDEE32
:1029C000C77A17EE902A48E700230B7662B64FE5E8
:1029D000087662B6B6E6047662B684E6047662B637
:1029E00052E6047662B620E6047662B6EEE5002290
:1029F000027662B6BBE5257662B67AE50A4B3CE71D
:102A0000094A2AE790E4002088E3002034E300200C
:102A10005CE30020E8E30020BCE3002064E4002045
:102A20000000FF7FB0E500200000018000FEFF4EA7
:102A3000E0292DE9F0410C4605469DF818C022D842
:102A40000CF1FF31C9B20F291FD820061DD51F4632
:102A50006B6D21431646186804F0EF0403681B6889
:102A600098476B6D06F07F01186803681B689847EC
:102A7000C02C0AD06B6D07F07F0118680368BDE8B1
:102A8000F0411B681847F72901D8BDE8F0810834E8
:102A9000DD23E4B2E340DB07F7D5436DEDE700BF8C
:102AA0000000000001282DE9F04F2DED028B85B0CC
:102AB00000F04184022800F04785002800F0C0841F
:102AC000DFF8288098F80050C02D01F0688000F2EF
:102AD000FF83A02D00F0AA830AD9B02D40F02584F1
:102AE000014B1B7800F072BD2B8902204389022024
:102AF000802D00F03186902D40F01784D44B1B7848
:102B0000002B00F02986D34D07EE903AD24A95ED7E
:102B1000004AF8EE677A92ED007A0022B5EEC04ADC
:102B2000CE4B67EE877AF1EE10FAC3ED007A41F2F0
:102B30002E80CB4B93ED007AB4EEC47AF1EE10FA0E
:102B400001F107809FEDC70AC74BC84FD3ED000ABC
:102B500093ED011AD3ED021AFEF7E2FEC44B87EDA6
:102B6000000A93ED007AB4EEC47AF1EE10FA1AD5A9
:102B700034EE475AB7EE006BB7EEC77AB7EEC55AD8
:102B8000F7EE004A36EE477B85EE070BB7EEC00B3B
:102B9000B4EEE40AF1EE10FA01F38E81B5EEC00A4C
:102BA000F1EE10FA01D59FEDAF0AB24BB24AD3ED68
:102BB000000A93ED011AD3ED021AFEF7B1FEAF4BF6
:102BC000F0EE407A92ED001AD3ED001AB0EE440A0E
:102BD000AB4BAC4AC3ED007AAB4BAC49D3ED000A2A
:102BE000AB4BFEF70BFF91ED001AF0EE403AD3ED40
:102BF000001AA84B82ED000AB0EE440AD3ED000A99
:102C0000A54BFEF7FBFEF0EE407ADFF83093D3EDF4
:102C1000001AB0EE440AA14BC9ED007A93ED001AF8
:102C20009F4BDFF81C83D3ED000A9E4BFEF7E6FEB8
:102C3000F0EE407A9C4CD3ED001AB0EE440A9B4B68
:102C4000C8ED007A93ED001A994B9A4ED3ED000A25
:102C5000FEF7D4FEF0EE407AD4ED000AB0EE630A3F
:102C60009548C6ED007AFEF719FA99ED000AD4ED01
:102C7000000A9248FEF712FA98ED000AD4ED000A15
:102C80008F48FEF70BFAD4ED000A96ED000A8D4846
:102C9000FEF704FAD5ED005A8B4BB0EE650ADFF86B
:102CA000A4B2D3ED000A93ED011AD3ED021AFEF798
:102CB00037FE864BF0EE407ADFF88CA2D3ED000AA7
:102CC000B0EE650A93ED011AD3ED021ACBED007A4E
:102CD000FEF726FE7E4BF0EE407AB0EE650ADFF896
:102CE0006C92D3ED000A93ED011AD3ED021ACAEDEE
:102CF000007AFEF715FE774BF0EE407AB0EE650AEB
:102D0000DFF84C82D3ED000A93ED011AD3ED021ADD
:102D1000C9ED007AFEF704FE6F4BF0EE407A6F4C7F
:102D2000B0EE650A6E4AD3ED000A93ED011AD3EDB9
:102D3000021AC8ED007AFEF7F3FD12782378694E87
:102D400007EE103A9B1A684A07EE903A674BBBEEC3
:102D5000EC7AF8EEE77A83ED000A0393644BF0EE29
:102D6000E77A82ED007AC3ED007A3378002B00F029
:102D70005487604BD3ED000A5F4BD3ED006A5F4B85
:102D800060EEA60A60EEA70AD3ED007A5C4BF4EE83
:102D9000E70AC3ED000AF1EE10FA03D5F0EE670A78
:102DA000C3ED007AB0EE470A5648FEF777F94E4A6F
:102DB000554B92ED000AD3ED000A5448FEF76EF928
:102DC000337823B1524B1B78002B41F08780514B55
:102DD000B5EE008ADFED508AD3ED000A97ED000AC8
:102DE00060EEA80A4D48FEF759F94A4B97ED000AE4
:102DF000D3ED000A4A4F60EEA80A4A48FEF74EF9A2
:102E0000D7ED000A9BED000A60EE880A4648FEF7FF
:102E100045F9D7ED000A9AED000A60EE880A4348AA
:102E2000FEF73CF9D7ED000A99ED000A60EE880A3A
:102E30003F48FEF733F9D7ED000A3E4F60EE880AAF
:102E400098ED000A3C48FEF729F9D7ED007A81E0B9
:102E50002C89022084500220287C002030E20020AF
:102E6000D8CC002000000000F87B00208CE400207B
:102E7000DCCC0020047C002000CE0020F0CD00201F
:102E8000B8E40020ACE2002020CE002004CE0020D8
:102E9000F4CD002024CE0020E8CD0020F8CD002085
:102EA00018CE0020ECCD0020C4890020FCCD0020ED
:102EB0001CCE002030E3002084E20020B0E200209D
:102EC000DCE2002008E30020107C00201C7C0020B5
:102ED000E07B0020EC7B00208C7C00202B890220F2
:102EE000D78E002034890220208A0020B4E30020FD
:102EF000C84A0220ACE50020DC8900204469022099
:102F00004869022084E50020288D0020B0E50020DB
:102F1000CA8E0020D089002085EB513F64E4002058
:102F2000C089002090E40020BCE30020E8E30020FA
:102F30005CE3002038CF002088E30020D8E20020A6
:102F400004E30020E4E3002010E4002084E30020F8
:102F5000B0E30020F5EEC07AF1EE10FA0ADD039B33
:102F6000B54893ED000AB54BD3ED000A60EEA80A10
:102F7000FEF794F8B24BD3ED007AF5EEC07AF1EE9D
:102F800010FA40F37E8795ED006AF7EE006AAD4BCC
:102F900086EE277A93ED000AB7EEC00AB4EEE67A21
:102FA000F1EE10FA00F39687FFEE007AB4EEE77ABE
:102FB000F1EE10FA01F12781B7EEC77AB7EE006B98
:102FC00036EE477B20EE070B9F4BDFEDA07AA04843
:102FD000B7EEC00BD3ED000A60EEA70AFEF75EF86D
:102FE0009C4BD3ED007AF5EEC07AF1EE10FA40F387
:102FF000508795ED007AF7EE006A974B87EE276AC7
:1030000093ED007AB7EEC77AB4EEE66AF1EE10FA05
:1030100000F35C87FFEE006AB4EEE66AF1EE10FAA8
:1030200001F1F580B7EEC66AB7EE005B35EE466B90
:1030300027EE067B844BDFED856AD3ED000A8748D7
:1030400060EEA60AB7EEC70BFEF728F8844BD3ED67
:10305000007AF5EE407AF1EE10FA1BD0B7EE007A66
:10306000F4EEC77AF1EE10FA41F3AE807D4B72B602
:103070007D4AD3610023137662B672B67B4803762D
:10308000784BC36162B67A4B9FED7A0AD3ED000AA2
:10309000FEF704F8784BD3ED007AF5EE407AF1EEC6
:1030A00010FA1BD0B7EE007AF4EEC77AF1EE10FA00
:1030B00041F379806B4B72B6704AD361002313766B
:1030C00062B672B66E480376664BC36162B66D4BEC
:1030D0009FED680AD3ED000AFDF7E0FFD7ED007A17
:1030E000F5EEC07AF1EE10FA40F3B186664BB7EE1A
:1030F000007AD3ED007AF4EEC77AF1EE10FA40F3DD
:10310000A687584B72B66148C3610023037662B646
:103110005F4B9FED580AD3ED000AFDF7BFFFDFF8C4
:10312000A881B7EE007AD8ED007AF4EEC77AF1EE16
:1031300010FA40F394864B4B72B6564AD361002383
:10314000137662B672B65448464D0376C56162B6D0
:10315000524F9FED480AD7ED000AFDF79FFF504BF5
:103160001B78002B00F09085B7EE007AD8ED007A3E
:10317000F4EEC77AF1EE10FA40F3E38772B6494AEB
:103180000023D561137662B672B647480376354B95
:10319000C36162B69FED370AD7ED000AFDF77EFFE7
:1031A000DFF82881B7EE007AD8ED007AF4EEC77A1E
:1031B000F1EE10FA40F339862A4B72B63B4AD361DE
:1031C0000023137662B672B63948264D0376C56180
:1031D00062B6384F9FED270AD7ED000AFDF75EFF74
:1031E000354B1B78002B00F02F85B7EE007AD8ED19
:1031F000007AF4EEC77AF1EE10FA40F3908772B6D7
:103200002E4A0023D561137662B672B62C48037637
:10321000144BC36162B69FED170AD7ED000AFDF7A4
:103220003DFF22780123274933700A7005B0BDECB9
:10323000028BBDE8F08F00BF34E30020B8E300202C
:10324000B8CC0020C0CC0020CC89002085EB513FB9
:1032500014E40020BCCC0020C4CC00203CE40020BE
:1032600078D400200000FF7FB8E7002068E7002046
:1032700090D40020000000007CD40020E0E7002073
:1032800090E7002094D40020D47D002008E800209E
:103290003CCF0020C8E6002028E6002098D400207B
:1032A000CC8E0020F0E6002050E6002018E7002039
:1032B00078E6002088D40020CB8E002040E7002054
:1032C000A0E60020D78E002080D4002070D40020FB
:1032D000E02D00F04783F02D25D1C34B0020C34CD7
:1032E0001B782278C24E02EB0321FAF78FFE98F882
:1032F000005094F800C037786346BE492A46BE485D
:10330000009722F0EFFBBC4823F054F8BA4902467C
:10331000BA481CF021FEB94805B0BDEC028BBDE8EF
:10332000F04F1CF04DBED02D80D0B04AB04B92F87B
:1033300000C01F78E0E7B24ADFF8DC8292F856500E
:10334000AB4E92F85570C02D92F857C0A74C92F82A
:103350005830DFF8949288F80050377084F800C035
:1033600089F8003000F03C8547D8A02D00F08D830F
:103370001ED9B02DC0D162462946A2480097FFF75A
:1033800057FB237899F800104BF20B0032781B049E
:103390000906013A03F4FE0301F0FE4112020B4359
:1033A00002F47062134318431EF0B2FF23780DE15C
:1033B000802D00F0D881902D9ED1327829469148F9
:1033C00000922278FFF734FB237899F8001049F235
:1033D000090032781B040906013A03F4FE0301F0E8
:1033E000FE4112020B4302F47062134318431EF0B5
:1033F0008FFF99F80030FFF783BBE02D00F0D682F5
:10340000F02D04D10CEB032102F159006DE7D02D12
:103410007FF472AF327800237A48294600922278EE
:10342000FFF706FB337822784DF20D00013B1204C2
:103430001B0202F4FE0203F47063134318433BE1E2
:103440007048DFF8D48190F87550694E674CC02DF4
:1034500090F8747090F876C090F87720DFF8889133
:1034600088F80050377084F800C089F8002000F018
:103470009A845FD8A02D00F0E2822AD9B02D7FF483
:103480003BAF4FEA0C417B1E12064BF20B0501F4D9
:10349000FE011B0202F0FE42594803F4706311431F
:1034A0001943294317F0AEFF207899F800203378AC
:1034B00000041206013B00F4FE0002F0FE421B0273
:1034C000104303F47063184328431EF021FF237850
:1034D0007CE0802D00F01781902D7FF40DAF2178D6
:1034E0001206337849F20905090402F0FE42013B55
:1034F000434801F4FE011B02114303F470631943B6
:10350000294317F07FFF207899F8002033780004D2
:103510001206013B00F4FE0002F0FE421B021043C3
:1035200003F47063184328431EF0F2FE99F800304C
:10353000FFF7E6BAE02D00F0D681F02D40F09E8036
:103540000CEB02217830D0E62F48304A057830491C
:10355000304BC02D92F800C0DFF8BC800F781A788D
:10356000234E224CDFF8809088F80050377084F8A2
:1035700000C089F8002000F0F18376D8A02D00F07B
:1035800045824BD9B02D7FF4B7AE99F800304FEAA1
:103590000C4C32784BF20B011B060CF4FE0C013A7A
:1035A000174803F0FE43120243EA0C0302F4706270
:1035B0001343194317F026FF307899F80030294655
:1035C000227800900F48FFF733FA23780B2B00F294
:1035D000F582002B3FF42AAE5A1F012A00F25A86C8
:1035E000DFE812F06802A7022C8902202B89022052
:1035F0002A890220EC2D0020846C0220747D00209A
:1036000080A2002028CE0020518902204F8902206C
:103610004E8902205089022043890220802D00F02B
:10362000C180902D7FF468AE2378120649F209011B
:10363000D4481B0402F0FE4203F4FE031343327825
:10364000013A120202F470621343194317F0DAFED2
:10365000307899F80030294622780090CA48FFF760
:10366000E7F999F80030FFF74BBAE02D00F0B7808A
:10367000F02D28D10CEB0221C44836E6D02D7FF482
:103680003BAE31784DF20D05237801391B04BD485E
:10369000090203F4FE0301F470611943294317F092
:1036A000B1FE3078237801381B04000203F4FE03D6
:1036B00000F470601843284305B0BDEC028BBDE8F0
:1036C000F04F1EF025BED02D7FF416AE33784DF2AC
:1036D0000D012278013B12041B0202F4FE0203F4E6
:1036E000706313431943A74817F08CFE3678002304
:1036F00022782946A4480096FFF79AF905B0BDEC58
:10370000028BBDE8F08F217848F2080599F8003067
:1037100009049C481B0601F4FE0103F0FE43194313
:103720003378013B1B0203F470631943294317F0FC
:1037300069FE207899F80020337800041206013BD6
:1037400000F4FE0002F0FE421B02104303F470631B
:10375000184328431EF0DCFD05B0BDEC028BBDE82C
:10376000F04FFEF7F5BD337829468748009399F866
:1037700000302278FFF75CF9237899F8001048F2BE
:10378000080032781B040906013A03F4FE0301F035
:10379000FE4112020B4302F47062134318431EF001
:1037A000B7FDD9E74FEA0C43013F120648F2080182
:1037B00003F4FE03734802F0FE4213433A0202F49C
:1037C00070621343194317F01DFE367899F80030E4
:1037D000294622786C480096FFF72AF9BCE7802733
:1037E00041F6FF73317817FB02C266480139A2F532
:1037F000005209029A4201F47061A8BF1A4602F50C
:1038000000521304D21103F4FE0343EA02630B4394
:103810004EF20E01194317F0F5FD337829465A4848
:103820000093227899F8003017FB032302F07F02FF
:10383000C3F3C613FFF7FCF8227899F8003007EEBF
:10384000903A534BB8EEE76B07EE902A514AB8EE28
:10385000E77B92ED005A9FED473B9FED484BB7EE5B
:10386000C55AA6EE037BD3ED006AF5EEC06AF1EE11
:1038700010FA37EE447B27EE057BB7EEC77BF7EEF9
:10388000007AB4EEE77A40F2D981F1EE10FA40F313
:10389000A181414BDFED417A66EEA76AFDEEE67A43
:1038A00017EE902A002A00F0B08172B63C49C86930
:1038B0000B62834200F0998480FAA3F4EFF3008551
:1038C0002D0140F1C183551C022D04D993FBF2F464
:1038D00090FBF2F2A41A002C00F0E3824C62012368
:1038E0000B7662B6A2E4802541F6FF7733784EF27C
:1038F0000E0815FB02C22348013BA2F500521B0231
:10390000BA4203F47063A8BF3A4602F500521104AC
:10391000D21101F4FE0141EA0261194341EA0801B2
:1039200017F070FD99F800102378327815FB0133F9
:10393000013AA3F500531202BB4202F47062A8BF21
:103940003B4603F500531804DB1100F4FE0040EA87
:103950000360104340EA08001EF0DAFC227899F870
:1039600000306CE70F4A104B12781B7867E700BFF6
:10397000AFF3008000000000000060400000000085
:103980000000C04080A2002028CE0020546E0220FB
:10399000D48900202C7C00200000FF7F6666304226
:1039A0005CE500202B8902202C89022029468025F5
:1039B00030780CF07F0215FB03C30090C3F3C613ED
:1039C000C148FFF735F899F8002023784EF20E0031
:1039D000317815FB023341F6FF720139A3F500532C
:1039E0000902934201F47061A8BF134603F5005326
:1039F0001A04DB1102F4FE0242EA03630B4318438C
:103A00001EF086FC227899F8003018E733784DF2E2
:103A10000D0122781B01AD481204DBB202F4FE0254
:103A2000134399F80020013A120202F47062134322
:103A3000194317F0E7FC367899F8003058E63178EA
:103A40004DF20D0523780901A0481B04C9B203F407
:103A5000FE03194399F80030013B1B0203F4706325
:103A60001943294317F0CEFC3178227899F80030B9
:103A700000297FF4DBAB581E1204000202F4FE02A0
:103A800000F470601043284316E6337829468E48C8
:103A9000009399F800302278FEF7CAFF3178227837
:103AA00099F8003000297FF4C1AB013B12044DF2BC
:103AB0000D00BDE4864A874B1278D3ED007A00EE04
:103AC000102AB8EE400A20EE270AB5EE400AF1EEC1
:103AD00010FA00F09583804BD3ED000A20F01EF918
:103AE0007E4B7F4A1B7882ED000A002B3FF49EAB91
:103AF0007C487D49D0ED006A91ED007A60EE260A9F
:103B00007A4A7B4BD2ED007A60EE870AF4EEE70A40
:103B1000C3ED000AF1EE10FA03D5F0EE670AC3ED2B
:103B2000007A744B744893ED000AFDF7B7FAFFF77B
:103B30007DBB674B714C1B782370FAF7C7F924786B
:103B40006F4B704A1B7812786F4970480094FFF7EA
:103B5000D8BB34EE475AB7EE006BB7EEC77AB7EE74
:103B6000C55AF7EE004A36EE477B85EE070BB7EEF7
:103B7000C00BB4EEE40AF1EE10FA00F39981B5EE51
:103B8000C00AF1EE10FA3EF5DDAFFEF7DDBF604B87
:103B9000B0EE674AC5ED007A1A60FEF7CABF5D4A0B
:103BA0005D4B5E481B7812785D4900922A4603609F
:103BB000012008705B495548FFF7A3BB622B00F05A
:103BC0007F81632B7FF432AB414A4E4B12781A70DF
:103BD000FFF72CBBFFEE007AB4EEE77AF1EE10FAB5
:103BE00000F14782DFED507A66EEA76AFDEEE67AD5
:103BF00017EE902ADFED4D7A27EE277AFDEEC77A91
:103C000017EE903A002A7FF450AE72B6484A00216F
:103C1000D361117662B6FFF709BBF7EE007AB4EE16
:103C2000E77AF1EE10FA40F3FE81424B72B6324968
:103C3000CB6100230B7662B6FFF7BAB8F1EE10FA4B
:103C400040F35C823B4BE0E73B4BB7EE007AD3EDB1
:103C5000007AF4EEC77AF1EE10FA40F3848272B67D
:103C6000364A0023D561137662B672B634480376BD
:103C7000304BC36162B6334B9FED330AD3ED000A7C
:103C8000FDF70CFAFFF7CDBA304BB7EE007AD3ED63
:103C9000007AF4EEC77AF1EE10FA40F3748272B64D
:103CA0002B4A0023D561137662B672B62948037693
:103CB000204BC36162B6284B9FED230AD3ED000A67
:103CC000FDF7ECF9FFF76CBA28CE002080A20020A7
:103CD0002C890220287C0020D889002034890220E9
:103CE000ACE50020DC890020C84A0220446902209B
:103CF00048690220208A002084E5002047890220AC
:103D00004889022049890220D82D0020846C022095
:103D10004C6902202A8902202B8902205469022042
:103D200037890220B42D00206666304200FEFF4E27
:103D30005CE500200000FF7F74D4002040E70020F5
:103D4000A0E600208CD400200000000084D40020D5
:103D5000F0E6002050E600209CD40020C94A012152
:103D600000976346C2F800C0C74AC84811702A4687
:103D7000C74921F0B7FEC54822F01CFBC3490246E3
:103D8000C4481CF0E9F8C3481CF01AF933782278CB
:103D90004CF20C01013B12041B0202F4FE0203F47C
:103DA000706313439EE4B749012000976346C1F84E
:103DB00000C02A46B4494CF20C050870B449B34817
:103DC00021F090FEB14822F0F5FAB0490246B14820
:103DD0001CF0C2F8AF481CF0F3F83178237854E4B3
:103DE000A84BA94AAA490097C3F800C063461070BF
:103DF0002A46A64821F076FEA44822F0DBFAA34921
:103E00000246A4481CF0A8F8A2481CF0D9F8327861
:103E10000023A148009229462278FEF709FE337854
:103E200022784CF20C00FFF701BBBFEE007AF4EEF3
:103E3000C77AF1EE10FA00F1DD819FEDAF7A67EEFF
:103E4000877AFDEEE77A17EE903AFFF7B6B972B6C9
:103E5000924B0022DA611A7662B6FFF760B9BFEEC4
:103E6000007AF4EEC77AF1EE10FA00F1C6819FED08
:103E7000A27A67EE877AFDEEE77A17EE903AFFF7BF
:103E80005BB972B6864B0022DA611A7662B6FFF72A
:103E9000A7B872B6834B0022DA611A7662B6FFF7D2
:103EA000D5B88342CCBF01234FF0FF334B6216E5F8
:103EB000B0EE640AFEF748BEB0EE640AFEF775BEC7
:103EC000794A7A4B12781A70FFF7B0B99FED6B6B95
:103ED000FFF7AEB89FED697BFFF774B8744B97EDB1
:103EE000000AD3ED000A7348FDF7D8F8704B724F03
:103EF000D3ED000A714B724893ED000AFDF7CEF83E
:103F00009BED000AD7ED000A6E48FDF7C7F89AED61
:103F1000000AD7ED000A6C48FDF7C0F899ED000AD9
:103F2000D7ED000A6948FDF7B9F8D7ED000A98ED1A
:103F3000000A6748FDF7B2F8664BD3ED007AF5EE5C
:103F4000C07AF1EE10FA08DD039B634893ED000A96
:103F5000624BD3ED000AFDF7A1F8614BD3ED007A77
:103F6000F5EEC07AF1EE10FA40F35D8195ED007A3E
:103F7000F7EE006A5B4B87EE276A93ED007AB7EEA7
:103F8000C77AB4EEE66AF1EE10FA00F36A81FFEE4A
:103F9000006AB4EEE66AF1EE10FA00F16B81B7EE5A
:103FA000C66AB7EE005B35EE466B27EE067B4E4BDE
:103FB0003B48D3ED000AB7EEC70BFDF76FF84B4B4C
:103FC000D3ED007AF5EEC07AF1EE10FA40F32381DA
:103FD00095ED007AF7EE006A454B87EE276A93ED80
:103FE000007AB7EEC77AB4EEE66AF1EE10FA00F3A3
:103FF0002681FFEE006AB4EEE66AF1EE10FA00F1F7
:104000003681B7EEC66AB7EE005B35EE466B27EE3B
:10401000067B354B2348D3ED000AB7EEC70BFDF7FF
:104020003DF8FFF7FEB8FFEE007AB4EEE77AF1EE66
:1040300010FA00F1FF80DFED307A27EE277AFDEEEF
:10404000C77A17EE903AF1E594FBF2F443E4BFEE41
:10405000007AF4EEC77AF1EE10FA00F1ED809FEDF0
:10406000267A67EE877AFDEEE77A17EE903AFFF749
:1040700049B8204B0EE400BFAFF300800000000001
:10408000000000005469022037890220846C02205D
:10409000B42D0020747D002028CE002008E80020E8
:1040A00014E400203CE400202C89022048890220EE
:1040B000D089002064E40020C0890020B8E40020FA
:1040C00090E40020BCE30020E8E300205CE3002053
:1040D00088E3002038CF002034E30020B8E300203C
:1040E000B8CC0020C0CC0020CC890020BCCC002063
:1040F000C4CC00200000018000FEFF4EFFEE007ADD
:10410000B4EEE77AF1EE10FA00F1A3805FED067AE3
:1041100027EE277AFDEEC77A17EE903A75E5BFEEE7
:10412000007AF4EEC77AF1EE10FA00F194801FEDF8
:104130000E7A67EE877AFDEEE77A17EE905AFFF770
:104140005EB8BFEE007AF4EEC77AF1EE10FA00F135
:1041500085801FED177A67EE877AFDEEE77A17EE16
:10416000905AFFF70BB8BFEE007AF4EEC77AF1EE83
:1041700010FA67D41FED207A67EE877AFDEEE77AB2
:1041800017EE905A6BE5BFEE007AF4EEC77AF1EEC7
:1041900010FA5CD41FED287A67EE877AFDEEE77A95
:1041A00017EE905A7BE5BFEE007AF4EEC77AF1EE97
:1041B00010FA59D41FED307A67EE877AFDEEE77A70
:1041C00017EE903AFEF777BFBFEE007AF4EEC77AAB
:1041D000F1EE10FA38D41FED387A67EE877AFDEEEB
:1041E000E77A17EE903AFEF742BF00230B7662B6ED
:1041F000FFF71CB8234BFEF7E0BF224BFEF79CBF36
:104200009FED210A6CE4B0EE007BFEF7DBBEB0EE62
:10421000006BFEF70DBF72B61C4B0022DA611A76F6
:1042200062B6FEF7FEBF72B6194B0022DA611A764B
:1042300062B6C4E6134BF9E4124BFEF763BF9FED81
:104240000F6BE4E60F4D0AE50E4BFEF710BF0D4D68
:1042500025E50C4BD9E40B4DFEF7D1BF094DFEF718
:104260008DBF9FED066BA0E6064BFEF724BFB0EEB8
:10427000006BCCE6B0EE006B97E600BF00000000DC
:104280000000000000000180000000003CE400206D
:1042900014E40020D94A12789A427EF4C7AFD84974
:1042A000D84A0978D2ED007A04EE101AD64BD748D6
:1042B000B8EE444AD64DD74AD0ED001A24EE274A2C
:1042C0001868D54CD54983ED004AB0EE440A95ED07
:1042D000001AD2ED000AD24B84ED004A0860FDF7C7
:1042E0008DFBF0EE403AD3ED001ACE4BB0EE440A0F
:1042F000CD49CE4AC3ED003ACD4B91ED001AD2ED37
:10430000000AFDF77BFBD3ED001ACA4BDFF8C4832C
:10431000C94AD3ED000AC94B92ED001A88ED000A94
:10432000B0EE440AFDF76AFBC54AD3ED001AF0EE81
:10433000407AC44BB0EE440AC34FD3ED000A92ED6D
:10434000001AC24DC7ED007AFDF758FBF0EE407A37
:10435000BF4EB0EE630AD5ED000ABE48C6ED007A46
:10436000FCF79CFE98ED000AD5ED000ABA48FCF770
:1043700095FED5ED000A97ED000AB848FCF78EFED1
:10438000D5ED000A96ED000AB548FCF787FED4ED9E
:10439000005AB44BB0EE650ADFF83CB3D3ED000A27
:1043A00093ED011AD3ED021AFDF7BAFAAE4BF0EE17
:1043B000407ADFF828A3D3ED000AB0EE650A93ED4A
:1043C000011AD3ED021ACBED007AFDF7A9FAA74B3B
:1043D000F0EE407AB0EE650ADFF80493D3ED000A00
:1043E00093ED011AD3ED021ACAED007AFDF798FA9F
:1043F0009F4BF0EE407AB0EE650ADFF8E882D3ED2D
:10440000000A93ED011AD3ED021AC9ED007AFDF707
:1044100087FA984BF0EE407AB0EE650AD3ED000AC9
:1044200093ED011AD3ED021AC8ED007AFDF778FA80
:10443000914BD3ED007A914BF5EEC07A039383ED67
:10444000000AF1EE10FA40F3638185EEA76A8C4B07
:1044500093ED000AF7EE007AB7EEC00AB4EEE76A11
:10446000F1EE10FA40F35B819FED627B20EE070BCB
:10447000844B8548B7EEC00BD3ED000AFCF70EFE67
:10448000824BD3ED007AF5EEC07AF1EE10FA40F3EC
:104490005081D4ED006AB7EE007A7D4B86EEA76AB4
:1044A00093ED000AB7EEC00AB4EEC76AF1EE10FA57
:1044B00040F346819FED4F7B20EE070B714B754813
:1044C000B7EEC00BD3ED000AFCF7E8FD724B1B788A
:1044D000002B00F04D81714BD4ED005A93ED007A22
:1044E000F4EEC75AF1EE10FA40F3878135EEC74A71
:1044F000B7EE006BB7EEC77AB7EEC44AB7EE005A14
:1045000036EE476B84EE060BB7EEC00BB4EEC50A71
:10451000F1EE10FA40F36B81B0EE450A604BD3ED3B
:10452000000A93ED011AD3ED021AFDF7F9F95D4B7C
:10453000B0EE405A93ED007A5B4BF4EEC75A83ED30
:10454000000AF1EE10FA40F3618135EEC76AB7EE6A
:10455000004BB7EEC77AB7EEC66AF7EE005A34EEF4
:10456000474B86EE040BB7EEC00BB4EEE50AF1EE56
:1045700010FA40F34581B0EE650A4C4B4C4ED3ED3A
:10458000000A93ED011AD3ED021AFDF7C9F9F0EE16
:10459000407A484DB0EE450A474CD6ED000A4748F0
:1045A000C5ED007AFCF77AFDD6ED000A95ED000A1C
:1045B0004348FCF773FD9BED000AD4ED000A414827
:1045C000FCF76CFDD4ED000A9AED000A3E48FCF7BA
:1045D00065FDD4ED000A99ED000A3C48FCF75EFD4C
:1045E000D4ED000A98ED000A3948FCF757FD7BE04E
:1045F000AFF300800000000000000000D58E002016
:104600002C890220287C002084500220F0CD00203C
:1046100000CE002020CE002030E200204C69022095
:10462000F4CD0020ACE2002004CE002024CE0020F7
:10463000E8CD002018CE0020F8CD0020ECCD0020E1
:10464000FCCD00201CCE002004E30020C489002003
:1046500030E3002084E20020B0E20020DCE2002011
:1046600008E30020107C00201C7C0020E07B002060
:10467000EC7B00208C7C0020B8CC0020B4E3002030
:10468000C0CC0020CC89002014E40020BCCC002049
:10469000C4CC00203CE4002034890220D8CC002087
:1046A000F87B0020DCCC00208CE40020047C00207F
:1046B000D0890020B8E40020C089002064E40020F4
:1046C00090E40020BCE30020E8E300205CE300204D
:1046D00088E30020D8E20020E4E3002010E400207A
:1046E00084E30020B0E300204A4BD3ED007AF5EEDE
:1046F000C07AF1EE10FA7EF799AD474B039A47481E
:1047000092ED000AD3ED000AFCF7C8FCFEF78EBD5F
:1047100072B6434B0022DA611A7662B6B0E6FFEE5B
:10472000007AB4EEE76AF1EE10FA1AD5B0EE007B2B
:104730009CE672B63B4B0022DA611A7662B6C5E699
:10474000FFEE007AB4EEE76AF1EE10FA02D5B0EEB1
:10475000007BB1E6B7EEC66AB7EE007B37EE467B6C
:10476000AAE6B7EEC66AB7EE007B37EE467B7DE67B
:104770009FED2D8A2D4B2E4CB0EE480A83ED008A1A
:104780002C4D039BD4ED000A2B4883ED008A85ED68
:10479000008AFCF783FCD4ED000A95ED000A274857
:1047A000FCF77CFCB0EE480AD4ED000A2448FCF784
:1047B00075FCB0EE480AD4ED000A2248FCF76EFC06
:1047C000B0EE480AD4ED000A1F48FCF767FCB0EED3
:1047D000480AD4ED000A1D48FCF760FCB0EE480A18
:1047E000D4ED000A0D48FCF759FCFEF71FBDB5EEED
:1047F000C00AF1EE10FA7FF591AE9FED0B0A8DE63F
:10480000B5EEC00AF1EE10FA7FF5B7AE9FED060ADD
:10481000B3E600BF38CF0020B8E3002034E3002027
:1048200014E400203CE40020000000008CE40020A0
:10483000C8890020B8E4002064E4002090E400204F
:10484000BCE30020E8E300205CE3002088E30020D4
:10485000036810B504460BB17430984794F875306E
:10486000803B7F2B44D8DFE803F04043434343437E
:1048700043434343434343434343C143434343438A
:1048800043434343434343434343BD43434343437E
:1048900043434343434343434343B143434343437A
:1048A00043434343434343434343AD43434343436E
:1048B00043434343434343434343A3434343434368
:1048C000434343434343434343438F43434343436C
:1048D00043434343434343434343827E6E664343E0
:1048E00062435E5A56524E434A44A368002B70D12D
:1048F00010BD236D002BFBD0BDE810401847E36CC2
:10490000002BF9D1F4E7A36C002BF5D1F0E7636C31
:10491000002BF1D1ECE7E36B002BEDD1E8E7236C42
:10492000002BE9D1E4E7A36B002BE5D1E0E7636B53
:10493000002BE1D1DCE7236B002BD9D094F8760073
:10494000BDE810401847E26A002AD1D094F87730C9
:1049500094F87600DB0100F07F0003F47E53BDE89D
:10496000104018431047A36A002BE7D1C0E7636AE1
:10497000002BBDD0B4F8761004F178008029BDE892
:10498000104028BF80211847226A002AB0D094F82E
:10499000771094F87630C90194F8740003F07F031F
:1049A00001F47E511943BDE81040A1F500511047B4
:1049B000E369002B9CD094F8761094F87400BDE85D
:1049C00010401847A369002BF5D191E76369002BCC
:1049D0008ED094F8772094F8761094F87400BDE89F
:1049E000104018472369002BF3D181E7E368002BBF
:1049F000EFD17DE738B5436D0446186803681B693D
:104A00009847002800F0CA8094F80D31626D23F0B9
:104A1000010384F80D31106803685B699847C3B2DD
:104A2000FD2B00F0BB80656E002D40F0B98094F83E
:104A3000592084F85B3002F10C01C9B2012940F21F
:104A40003881D10900F03581FD2A00F03281EF2A4A
:104A500094BF02F0F0011146B02904D040F23E812B
:104A6000E02940F02181000600F12581012184F830
:104A70005C30134684F85B20616603F0F702F52A88
:104A800000F01C81EF2B94BF03F0F0001846A0F15A
:104A900080027F2A00F21281DFE812F08D011001FE
:104AA000100110011001100110011001100110017E
:104AB0001001100110011001100110018D011001F1
:104AC000100110011001100110011001100110015E
:104AD0001001100110011001100110018D011001D1
:104AE000100110011001100110011001100110013E
:104AF0001001100110011001100110018D011001B1
:104B0000100110011001100110011001100110011D
:104B10001001100110011001100110019701100186
:104B200010011001100110011001100110011001FD
:104B30001001100110011001100110019701100166
:104B400010011001100110011001100110011001DD
:104B50001001100110011001100110018D01100150
:104B600010011001100110011001100110011001BD
:104B70001001100110011001100110019B0197019B
:104B80008D0197011001100179019B0179017901D3
:104B9000790179017901100179017901002038BD8D
:104BA00002065AD494F85B20F02A00F0A080F72A7D
:104BB00000F09D80621982F85B30226E511E8D429A
:104BC000C0F09C8094F85B50F02D00F0A980F72D88
:104BD00000F0A680EB0900F0E880F42D00F0E580FD
:104BE00005F0F703F52B00F0E080EF2D94BF05F002
:104BF000F0032B46B02B84F8753004D000F21A81F4
:104C0000A02B40F0118105F00F010131032A84F837
:104C100074104FF0000294F85C10C4E9182284F874
:104C200076104FF001020CBF94F85D100021B02BFC
:104C300084F8F82084F8771000F0DB8000F2D2804E
:104C4000A02B00F0D68003F0EF03802B00F0D18082
:104C50000023012084F8593038BDA3F1F0020F2A57
:104C6000A0D801A151F822F0DF2401003123010076
:104C700031230100312301003123010031230100E0
:104C800031230100DF24010091240100912401005F
:104C9000912401009124010091240100312301009D
:104CA000912401009124010001F0EF01C0293FF49B
:104CB000DAAE010602D5F42B7FF4DFAE94F90D01D4
:104CC000636840F0010084F80D0103B198470023A8
:104CD000184684F85930C4E9183338BDA0293FF488
:104CE000C2AE01F0EF0180293FF4BDAEE1E76219E9
:104CF00082F87830226E013A954211D201350020B7
:104D0000656638BD0122002184F875301046A4F88C
:104D1000761084F87410C4F8FC2084F8F82038BDAC
:104D2000F02180220123484894F8F750606720461C
:104D3000C4F8FC2084F8F83084F8F710FFF788FDF9
:104D4000F7220223002084F8782084F879506366E3
:104D500038BD94F87800F72818BFF0280CBF012060
:104D60000020ABD16A1C25444FF4704185F878309F
:104D70000023A4F87620C4F8FC200122A4F87410C3
:104D8000636684F8F820236684F8593038BD002320
:104D9000012284F8750084F874301046A4F8763047
:104DA00084F8F820C4E9183338BD00210B4684F894
:104DB000751000212AE7032202212266626E8A42D0
:104DC0001BD201320020626638BD02220121226618
:104DD000F4E78021002284F8780021667F2184F89E
:104DE0005920EBE7E02B04D003F0EF03C02B7FF456
:104DF0002FAF012084F8595038BD012203F00F0372
:104E0000002194F85C50134484F8750084F87650BF
:104E1000104684F8771084F87430C4F8FC2084F8C5
:104E2000F820C4E9181138BD03F0EF0180293FF4E0
:104E3000EAAEBEE7E02B3FF4E6AE03F0EF01C02997
:104E40003FF4E1AEB5E700BF00F0800090F87030AD
:104E5000DA0718D513F0FE0F15D090F875C08CF056
:104E60008002602AF0B5044683B00DD890F87450E3
:104E70008D4253D0002951D05B08012B55D0032B14
:104E800074D003B0F0BD7047BCF1F10F1CD90CF128
:104E90000E03012243F25071DBB202FA03F30B421C
:104EA0002BD00CF10803DBB2072BEAD8DD2222FA63
:104EB00003F3DB07E5D5436D6146186803681B689B
:104EC00003B0BDE8F0401847BCF1F00F37D0BCF19B
:104ED000F10FD6D194F876306146406D94F8772082
:104EE0001D01006802F00F0205F07005036815430C
:104EF0001B689847636D2946DFE7DA073FD4BCF1AA
:104F0000F30FBED1436D614690F876501868036880
:104F10001B689847636D05F07F01CEE7C3F3460336
:104F20007F3303F07F03012BABD894F877306146D1
:104F300094F8762020460095FDF77AFDA1E7B0F8B9
:104F40007630802B1F4628BF8027002B99D000F198
:104F50007706636D354616F8011F1868763D0368BD
:104F60002D1B1B689847AF42F3D88AE794F8773037
:104F7000614694F876200095FDF75AFD81E7426D71
:104F8000F22190F8773090F87650106845EAC31512
:104F900003681B689847636D05F07F011868036814
:104FA0001B689847636DC5F3C61186E7894B1A687D
:104FB000D1072DE9F04F884C884F2DED0A8B85B035
:104FC00003D40121226819603A60854B1A68D20720
:104FD00040F15882834E84480AF022FB82480AF04E
:104FE00063FB002801F0A78122683B687F4DD31A3C
:104FF0007F49DFF84C82202B2A600A6019D9D8ED4E
:10500000007A0D20DFF83C92F5EEC07AF1EE10FA4E
:10501000CCBF012100211BF0F1FB2B683B60FCF7AA
:1050200001FA99F80030002B41F083873A682B6829
:105030009B1AD8ED007A9FED6F7A67EE877AFCEEC7
:10504000E77A17EE902A9A4240F206816A4B6B4F3C
:1050500002933B78002B40F017812B68684D33603A
:10506000684E3378002B40F024812B78002B40F0E1
:105070002B81654BDFF8D0910193644B644F039310
:10508000DFF8C8A1634BDFF8C8B1DFF8C88100932F
:10509000029B40211A78604B93ED007A5F4BD3ED71
:1050A000007A5F4B27EE277A93ED006A5D4B83ED24
:1050B000006A5D4B83ED007A4FF0E023C3F888115E
:1050C000002A00F02782B7EEC66ADFED587A9FED1E
:1050D0003F5B26EE056BB7EEC66BB4EEE76AF1EE0A
:1050E00010FA01F37481DFED527AB4EEE76AF1EE63
:1050F00010FA02F1AE81F0EE467AFEEEC87A17EEB3
:10510000900AB7EEC77ADFED496A9FED305B27EE74
:10511000057BB7EEC77BB4EEE67AF1EE10FA01F349
:105120003784DFED437AB4EEE77AF1EE10FA02F15C
:105130006481F0EE477AFEEEC87A17EE902A03F10A
:10514000AF801146DFED397A3A4BB4EEE76AC3E936
:105150000602F1EE10FA01F34D84DFED357AB4EE7C
:10516000E76AF1EE10FA02F16081F0EE467AFEEEA7
:10517000C87A17EE902A03F190801046DFED2B7A63
:10518000B4EEE77AC3E90812F1EE10FA41F33C8479
:10519000294B1946DFED257A284AB4EEE76AC2E9C1
:1051A0000603F1EE10FA02F34E81DFED217AB4EE40
:1051B000E76AF1EE10FA02F14381F0EE467AFEEE74
:1051C000C87A17EE903ABFE1AFF300806666666674
:1051D0006666E63FB0D40020146D022048DA002055
:1051E000B4D400204CDA00205869022024E20020C8
:1051F00028E2002000000442328902203689022081
:105200004689022044890220CC8E0020CB8E0020CB
:1052100038730220687A0220305502201C8A002050
:10522000C48E0020F0540220F454022000FEFF46F9
:1052300000FEFFC6B85402200000FF7FF854022091
:10524000845002203789022098810220007E0220AB
:1052500030850220D076022000210D201BF0CEFAEE
:105260008B480AF0DDF98B480AF0DAF988480AF031
:105270001BFA002841F0C180874B884F02931870B9
:105280003B78002B3FF4E9AE854812F037FC8548A7
:1052900012F034FC844812F031FC2B6832689B1AFF
:1052A000452B01F29A80814E814D3378002B3FF4DB
:1052B000DCAE11227F49804812F0BCFD0023337020
:1052C0002B78002B3FF4D5AEFCF7ECFB7B4A7C4BF4
:1052D0001278DFED8F6A002A7A4A08BF0023D36173
:1052E000794BD3ED007A794B93ED007A4FF480330C
:1052F00027EE877A9361B4EEE67AF1EE10FA01F3C5
:105300006980DFED736AB4EEE67AF1EE10FA02F12D
:10531000D084F0EE476AFEEEC86A16EE903A6D4A07
:105320009FED7B7A93616C4BD3ED006A67EEA67AB2
:10533000F4EEC77AF1EE10FA01F306869FED647A77
:10534000F4EEC77AF1EE10FA02F1B684B0EE677AA5
:10535000BEEEC87A17EE103AD361604BD3ED007AF7
:10536000F5EEC07AF1EE10FA01F1F185B7EE007AB0
:10537000F4EEC77AF1EE10FA42F3BC844FF48033B6
:10538000574A1362574BD3ED007AF5EEC07AF1EE2F
:1053900010FA01F1E2859FED547AF4EEC77AF1EE4E
:1053A00010FA02F382809FED517A67EE877AFCEE65
:1053B000E77A17EE903AD3614D4BD3ED007AF5EED4
:1053C000C07AF1EE10FA01F1C585B7EE007AF4EE7D
:1053D000C77AF1EE10FA42F3C8844FF48033454A9D
:1053E0001362454BD3ED007AF5EEC07AF1EE10FA78
:1053F00001F1FA879FED3C7AF4EEC77AF1EE10FAEC
:1054000002F34C809FED397A67EE877AFCEEE77AFB
:1054100017EE903AD361394B93ED007AB5EEC07A2E
:10542000F1EE10FA01F19C85DFED2F6AB4EEE67A19
:10543000F1EE10FA02F32E80DFED2C7A304B67EE9E
:10544000277A30491A780193FCEEE77A17EE903A02
:10545000C1ED077A002A42F094842B4BD3ED007AF9
:10546000F5EEC07AF1EE10FA02F156859FED1E7A44
:10547000F4EEC77AF1EE10FA42F38C844FF0004359
:1054800001F077BD2268214E326001221A60A2E548
:10549000A850022090500220328902203689022032
:1054A000084A0220404A0220784A02204489022009
:1054B0004689022098870020C8880220D08E0020CC
:1054C0000000FEFF2C580220847C0020E0CD00204C
:1054D00000FEFFC684560220E4CD002068CF0020E5
:1054E000046B022070CF00200044AC46C637BE4794
:1054F0006CCF0020286B022074CF002010CE00203B
:10550000CC8E0020746A022014CE00204CDA0020D9
:1055100000FEFF465FED027AB4EEE76AF1EE10FAA4
:1055200040F30C87B4EEE77ADE4BDF48F1EE10FA79
:10553000986141F33B825A62C3E90702DA4B0021CA
:10554000DA4AC2E906030B46C2E90813D84B1B78B6
:10555000002B00F0EE87D74BDFEDD77A93ED077A7B
:10556000B8EEC77A9FEDC76B27EE277AB7EEC77AFA
:1055700027EE067BB8FE477BB7EEC77BCF4BDFED50
:10558000CE6A1B78002B00F06487CD4BD3ED077AF1
:10559000CC4BF8EEE77A67EEA67AD3ED006AA6EE7A
:1055A000A77AB8FE477AC84BB7EEC77AB2EE08AB17
:1055B000DFEDC12A93ED006AB0EE000BB0EE475B61
:1055C000C24BB7EEC66ADFEDC23A9FEDB0BBA6EEA6
:1055D0000A5B93ED006ABF4BB7EEC66A9FEDAD8BD9
:1055E000A6EE0A7B93ED006ABB4BB7EEC66A36EEB9
:1055F000056B93ED005AB94BB7EEC55A93ED009A7F
:10560000B74B36EE056B93ED003AB7EEC94AB54B92
:1056100093ED005A36EE046BB34BD3ED075AB34B00
:10562000F8EEE55A93ED002AB14B65EEA25AB7EEBB
:10563000C22AA5EEA39AB7EEC33A33EE077BD3EDA9
:10564000003AAC4B35EE099A37EE027BB7EEC55AFD
:1056500039EE239A37EE047B36EE056B37EE057B89
:10566000B7EEE35A36EE056B37EE057BB7EEC6CBE9
:10567000F7EEC79B83ED00CAB7EECC1A9E4B83EDC5
:1056800000CA31EE4B1B9D4B83ED009A81EE0A1B45
:105690009B4BC3ED009A9B4BC3ED009A1DF0BAFFE4
:1056A00020EE087B984BB7EEE91AB0EE000BB7EE90
:1056B000C77BD3ED007A31EE4B1B944B81EE0A1B76
:1056C00077EE27AAC3ED00AA1DF0A4FF20EE080B79
:1056D0008F4BD3ED007A8F4BB7EEC00B30EE27AA7D
:1056E00083ED00AA8C4B1B780F2B41F2A280B4EE05
:1056F000E9CADFED8A6AB2EE087AB0EE000BF1EE8D
:1057000010FA54BFF0EE697AF0EE4C7A77EEE67A52
:10571000834E87EE871AB7EEC11A1DF07BFF20EE8D
:10572000088B804B1B780F2BB7EEC88B86ED008A59
:1057300041F2C080B4EE69CA9FED787AF2EE087A41
:10574000B0EE000BF1EE10FA48BFF0EE4C9A39EED5
:10575000C77A87EE271AB7EEC11A1DF05BFF9FEDDF
:105760004D7B20EE070B704BD3ED009AF7EEC07B1C
:105770006E4BB0EE000B79EE699A93ED001A6C4B0C
:1057800029EE811AC3ED007A9FED448BB7EEC11A62
:1057900081EE081B1DF03EFF664BD3ED007AB7EE9D
:1057A000C0BB654B29EEA71AB0EE000B83ED00BA23
:1057B000B7EEC11A81EE081B1DF02CFF5F4BD3ED35
:1057C000009A5F4BF7EEC0BB79EE699A93ED001A31
:1057D000B0EE000B5B4B29EE811AC3ED00BAB7EEB9
:1057E000C11A81EE081B1DF015FF574BD3ED007A4F
:1057F000B7EEC0CB554B29EEA71AB0EE000B83EDE8
:1058000000CAB7EEC11A81EE081B1DF003FF504B12
:10581000D3ED007A4F4BF7EEC09BB4EEE79A93EDD1
:10582000007AB0EE000B4C4BF1EE10FA58BFF0EEE0
:10583000497A37EEC71AD3ED007A484B21EE271A82
:10584000C3ED009AB7EEC11A81EE081B1DF0E2FE0F
:10585000434BF5EEC0AAB7EEC05BF1EE10FA83ED54
:10586000005A00F1DE87DFED3F7AF4EEE7AAF1EEB1
:1058700010FA00F38580DFED3C7A3C4A6AEEA77AA5
:10588000009975E00000000000006040000000008A
:10589000004051400000000000807B4000000000FC
:1058A00000006240B85402200000FF7FF85402203C
:1058B0003589022084E50020000100301089022093
:1058C0005CE50020C47B002044CF002048CF0020AE
:1058D0000000004368D4002024CD00202CCD0020FF
:1058E0006CD40020A0D40020B0E5002028CD0020FA
:1058F0004CCF0020F88C0020F08C0020EC8C002095
:10590000FC8C0020F48C0020B0CC0020E48C002023
:10591000B4CC0020E88C0020DB8E002000008A42FE
:10592000DC8C0020D98E00201C8D0020787C00208B
:10593000E08C00207C7C0020648C0020208D0020E6
:10594000707C0020688C0020747C00206C8C00200F
:10595000C48C0020248D0020807C0020708C0020CE
:10596000748C00200044AC46C637BE470000FE7F62
:10597000FCEEE77A17EE903AC1ED097A934202D92C
:10598000D94B009A53629FEDD97AF4EEC7AAF1EE93
:1059900010FA0DDCDFEDD67AD34A6AEEA77AFCEE78
:1059A000E77A17EE903AC9ED097A934241F2818580
:1059B000DFEDCE7ACC4AF4EEE7AAC9F82420F1EE66
:1059C00010FA0BDCDFEDCA7A6AEEA77AFCEEE77A12
:1059D00017EE903AC7ED097A934201D9C24B7B6228
:1059E000B5EEC0AAF1EE10FA00F1EE86DFEDBF7A57
:1059F000B4EEE7AAF1EE10FA0CDCDFEDBD7ABA4A9C
:105A00006AEE277AFCEEE77A17EE903ACAED097A49
:105A1000934202D9B44BCAF824309FEDB47AB4EE65
:105A2000C7AAF1EE10FA0DDCDFEDB17AAE4A6AEEEC
:105A3000277AFCEEE77A17EE903ACBED097A93429B
:105A400041F24085DFEDA97AA74AB4EEE7AACBF888
:105A50002420F1EE10FA0BDCDFEDA57A6AEE277A4E
:105A6000FCEEE77A17EE903AC8ED097A934202D934
:105A70009D4BC8F824309F4BD3ED007A9E4B6BEEC4
:105A8000277A93ED007A9D4BF4EEC77AD3ED006A46
:105A9000F1EE10FA00F34985F4EE667AF1EE10FAB1
:105AA00048BFF0EE667A964BDFF890B2D3ED005A1D
:105AB000CBED007A6BEEA55AB4EEE57AF1EE10FA72
:105AC00000F12F85F4EE656AF1EE10FA76FEA55A24
:105AD0008C4BDFF86CA293ED006ACAED005A2CEEF5
:105AE000066AB4EEC67AF1EE10FA00F11685F4EE0D
:105AF000466AF1EE10FA36FE866A834B834FD3ED89
:105B0000005A87ED006A69EEA55AB4EEE57AF1EE27
:105B100010FA00F1FE84F4EEE56AF1EE10FA76FE7A
:105B2000A56A7B4BDFF81C9293ED006A794B25EE5A
:105B3000060AC9ED006AD3ED006AB4EEC07AF1EE50
:105B400010FA08D4B4EEE60AF1EE10FA54BFB0EE43
:105B5000407AB0EE667AF3EE046ADFF8EC8188ED05
:105B6000007AF4EEE67AF1EE10FA00F1CE849FEDC1
:105B70006A7AF4EEC77AF1EE10FA00F3D5869FED5B
:105B8000677A27EE870AF0EE407AFEEEE07ACDEDF6
:105B9000007A1EF053FAF0EE407A009BFEEEE07AB7
:105BA00017EE901A5E48B6EE007A5E4AD0ED007AA3
:105BB000F4EEC77AC2E90631F1EE10FA00F1A184E1
:105BC000B1EE047AF4EEC77AF1EE10FA00F3A9868A
:105BD000F7EE006A86EEA77AF0EE477AFEEEC17A1B
:105BE00017EE903A50495362504A91ED007AD2ED47
:105BF000007A9FED4F6A67EE276AF4EEC66AF1EE0F
:105C000010FA00F37A849FED4B6AF4EEC66AF1EE67
:105C100010FA00F18286B0EE666ABEEEC86A16EE31
:105C200010CA454BDFED426A93ED006ADFF81CE1D4
:105C300067EE867ACEF818C0F4EEE67AF1EE10FA46
:105C400000F35784DFED3B6AF4EEE67AF1EE10FAEA
:105C500000F15F86F0EE676AFEEEC86A16EE90CA43
:105C6000FFEE007ACEF824C0B4EEE77AF1EE10FA37
:105C700040F18485DFF8D8C072B6DFF8D8E0CEF8FE
:105C80001CC04FF0000C8EF818C062B6019D95F84C
:105C900000C0BCF1000F00F0E784B3EE047ADBED46
:105CA000007AF4EEC77AF1EE10FA00F12C869FED3F
:105CB0001A7AF4EEC77AF1EE10FA01F3D8839FED69
:105CC000177A27EE870AF0EE407AFEEEE07A17EEBA
:105CD00090AA1EF0B3F9F0EE407A1349164B104823
:105CE000FEEEE07A38E000BF0000FE7F0044AC46E4
:105CF000C637BE47587C0020848C0020BC8C002016
:105D0000607C0020487C0020507C002028880020F7
:105D10006C7C0020C08C002000D08946936515382B
:105D2000A87C0020CC4A0220D0CC00205C7C002043
:105D300000FEFF4600FEFFC6CC8C0020208800201D
:105D4000248800202C88002030880020C0520220A7
:105D50000000FF7F0CE50020DC4A17EE90CAB6EE8B
:105D6000007AD0ED007ADA48F4EEC77AC0E906ACE2
:105D7000F1EE10FA00F1F885B1EE047AF4EEC77A8C
:105D8000F1EE10FA01F34A83F7EE006A86EEA77A85
:105D9000F0EE477AFEEEC17A17EE90CA91ED007AE6
:105DA000D2ED007A9FEDCB6A67EE276AC0F824C077
:105DB000F4EEC66AF1EE10FA00F3D3859FEDC66AE1
:105DC000F4EEC66AF1EE10FA01F12583B0EE666AD0
:105DD000BEEEC86A16EE101A93ED006ADFEDBD6ADA
:105DE00067EE867ABD4A9161F4EEE67AF1EE10FA3A
:105DF00040F3AC84BA4BFFEE007A5362B4EEE77A1C
:105E0000F1EE10FA40F1E984B54B72B6B54AD361B0
:105E10000023137662B6B3EE047AD7ED007AF4EE7F
:105E2000C77AF1EE10FA00F11A849FEDAF7AF4EE22
:105E3000C77AF1EE10FA00F3A6859FEDAC7A27EE53
:105E4000870AF0EE407AFEEEE07A17EE90AA1EF096
:105E5000F5F8F0EE407AFEEEE07A17EE902AA448CC
:105E6000B6EE007AA34BD0ED007AF4EEC77AC3E920
:105E700006A2F1EE10FA00F17D84B1EE047AF4EEA0
:105E8000C77AF1EE10FA00F33485F7EE006A86EE79
:105E9000A77AF0EE477AFEEEC17A17EE902A96497D
:105EA0005A62964A91ED007AD2ED007A9FED896AA6
:105EB00067EE276AF4EEC66AF1EE10FA00F3CC83BF
:105EC0009FED856AF4EEC66AF1EE10FA00F11485D2
:105ED000B0EE666ABEEEC86A16EE10CA884BDFEDF9
:105EE0007D6A93ED006ADFF834E267EE867ACEF8D9
:105EF00018C0F4EEE67AF1EE10FA00F33784DFED25
:105F0000766AF4EEE67AF1EE10FA00F11A85F0EE18
:105F1000676AFEEEC86A16EE90CAFFEE007ACEF807
:105F200024C0B4EEE77AF1EE10FA40F16884DFF8AD
:105F3000B0C172B6DFF8E8E1CEF81CC04FF0000C3B
:105F40008EF818C062B6039D95F800C0BCF1000F32
:105F500000F00183B3EE047AD7ED007AF4EEC77A4D
:105F6000F1EE10FA00F1E8849FED5F7AF4EEC77A63
:105F7000F1EE10FA01F376829FED5C7A27EE870A44
:105F8000F0EE407AFEEEE07A17EE907A1EF056F8C8
:105F9000F0EE407A5A4B594A5548FEEEE07A56499F
:105FA00017EE90CAB6EE007AD0ED007A5548F4EEBE
:105FB000C77AC0E9067CF1EE10FA00F1B984B1EEBF
:105FC000047AF4EEC77AF1EE10FA01F35682F7EE96
:105FD000006A86EEA77AF0EE477AFEEEC17A17EEF7
:105FE000907A91ED007AD2ED007A9FED3A6A67EEF1
:105FF000276A4762F4EEC66AF1EE10FA00F3808475
:106000009FED356AF4EEC66AF1EE10FA01F13F82B7
:10601000B0EE666ABEEEC86A16EE101A93ED006A1C
:10602000DFED2C6A67EE867A374A9161F4EEE67A04
:10603000F1EE10FA40F30183294BFFEE007A536230
:10604000B4EEE77AF1EE10FA40F1AD83244B72B66C
:106050002E4AD3610023137662B6B3EE047AD8EDEC
:10606000007AF4EEC77AF1EE10FA00F171829FED3A
:106070001E7AF4EEC77AF1EE10FA00F336849FED43
:106080001B7A27EE870AF0EE407AFEEEE07A17EEF2
:10609000907A1DF0D3FFF0EE407AFEEEE07A17EE34
:1060A000902A1B4BB7EE007AD3ED007A194BF4EE31
:1060B000C77AC3E90672F1EE10FA00F171839FED21
:1060C000167AF4EEC77AF1EE10FA2DE05C7C00202F
:1060D000084B022000FEFF4600FEFFC630530220A0
:1060E0000000FF7F34E5002000D089469365153815
:1060F000A07C0020444B0220C8CC00204C7C002017
:10610000D48C0020804B022010540220E4E40020B4
:10611000687C0020344C02200010A446A0530220CA
:10612000BCE40020936515B900F3DC831FED037A0E
:1061300027EE870A1DF07EFDF3EE046AD6ED007AA5
:10614000B7EE007ACA4BF4EEE67A37EE400AF1EE8B
:1061500010FA83ED070A00F179819FEDC67AF4EE1B
:10616000C77AF1EE10FA00F318849FEDC37A27EE98
:10617000870AF0EE407AFEEEE07A17EE906A1DF0A4
:106180005DFFF0EE407AFEEEE07A17EE902ABB4B10
:10619000B6EE007AD3ED007AB94BF4EEC77AC3E9D4
:1061A0000662F1EE10FA00F14E81B1EE047AF4EEDF
:1061B000C77AF1EE10FA00F3EE83F7EE006A86EE8E
:1061C000A77AF0EE477AFEEEC17A17EE902AAD4933
:1061D000B3EE047A5A62D1ED007AF4EEC77AF1EEAA
:1061E00010FA00F12D819FEDA37AF4EEC77AF1EE5B
:1061F00010FA00F3D8839FEDA07A27EE870AF0EE1D
:10620000407AFEEEE07A17EE905A1DF017FFF0EE9E
:10621000407AFEEEE07A17EE902A9B4BB6EE007ABB
:10622000D3ED007A994BF4EEC77AC3E90652F1EE4A
:1062300010FA00F10281B1EE047AF4EEC77AF1EEC1
:1062400010FA00F3AE83F7EE006A86EEA77AF0EE5E
:10625000477AFEEEC17A17EE902A5A624FF0E02399
:106260004022C3F808218A4A236811685B1AB3F5F3
:10627000FA7F06D3874B197809B10021197023687A
:106280001360854D95F85860102E1AD8802728463F
:10629000FEF7B0FBA8B195F87530902B83F0800223
:1062A00000F0C380602A00F2B08095F87430B342E9
:1062B00000F0AB80002E00F0A88031467648FEF753
:1062C000C5FD764D01E0FCF7EDFB0021284615F0F9
:1062D000EBF803460120002BF5D100201CF026F935
:1062E0000346022043B1FCF7DDFB00201CF01EF941
:1062F00003460220002BF6D1694D2B78002B40F08D
:10630000F580684B1A68684B1B689A4200F08F83CF
:106310000123664A2B702368136021686448CB1AF6
:10632000644C00682160834280F0448405B0BDEC79
:106330000A8BBDE8F08FFBF72DF8FEE7DFED5E7A04
:10634000B4EEE76AF1EE10FA01F16C80F0EE467AF5
:10635000FEEEC87A17EE902ADFED587A584BB4EE6D
:10636000E77A9A61F1EE10FA40F32083B4EEE76A1F
:1063700000225448F1EE10FAD861C3E908223FF731
:10638000DDA8DFED4D7AB4EEE76AF1EE10FA01F127
:10639000F484F0EE467AFEEEC87A17EE900ADFED4E
:1063A000477AB4EEE77AF1EE10FA3FF7C7A8DFEDCF
:1063B000427AB4EEE77AF1EE10FA01F14780F0EE9E
:1063C000477AFEEEC87A17EE903AFFF7B8B83D4824
:1063D000FEF797BE3B4BFEF7A2BF00233A4D3B486A
:1063E0003B7001232B7011F061FB394811F05EFB0B
:1063F000384811F05BFBFEF733BE374809F054F91B
:1064000080F00100C0B2FEF737BF2846FEF720FA41
:1064100031462846FEF71AFD0020FCF743FB95F8AD
:106420005860102E3FF64DAF31E795F87730002BCE
:106430007FF43BAF85F8757037E76FF000420CE7EB
:10644000264A274DE9E66FF00042C0E6234A244E73
:106450009DE6244BD3ED077A234BF8EEE77A67EEFF
:10646000A67AD3ED006AA6EEA77AFFF79CB800BF24
:10647000405A022000D0894693651538987C002048
:10648000704C0220E08C00209C7C0020AC4C022050
:10649000506902201689022028CE002080A2002008
:1064A000458902202CE20020EC490220D849022034
:1064B000C44B0020D449022000FEFFC600FEFF4668
:1064C000B85402200000FF7F46890220084A0220BB
:1064D000404A0220784A022090500220DE571700DE
:1064E000DF5717005CE50020C47B0020D74A136803
:1064F00013E7DFF8B8C3FFF7B3BBDFF8B0C3FFF7AC
:1065000090BB6FF00043FFF76DBBD149D14BFFF754
:1065100049BBF0EE476AFFF704BBB0EE476AFFF7EE
:10652000ECBAF0EE475AFFF7D3BAF0EE477AFFF72E
:10653000BABAC94BDFEDC96A93ED077ADFEDC87AC5
:10654000B8EEC77A27EE267A27EE277AFFF716B835
:10655000BF4AC04FA5E5B3EE047AD9ED007AF4EE58
:10656000C77AF1EE10FA00F1F9819FEDBE7AF4EEF0
:10657000C77AF1EE10FA00F386879FEDBB7A27EE1B
:10658000870AF0EE407AFEEEE07A17EE907A1DF080
:1065900055FDF0EE407AFEEEE07A17EE903AB34AFF
:1065A000B6EE007AB248D2ED007AF4EEC77AC0E9CE
:1065B0000673F1EE10FA00F1CE81B1EE047AF4EE3A
:1065C000C77AF1EE10FA00F35B87F7EE006A86EE09
:1065D000A77AF0EE477AFEEEC17A17EE903A436260
:1065E000A44B9FEDA56A93ED007AA44BD3ED007AFE
:1065F00067EE276AF4EEC66AF1EE10FA00F3B8818E
:106600009FED9F6AF4EEC66AF1EE10FA00F1FD8686
:10661000B0EE666ABEEEC86A16EE103A994ADFED31
:10662000966A92ED006A984A67EE867A9361F4EE74
:10663000E67AF1EE10FA3FF7FFACDFED916AF4EE87
:10664000E67AF1EE10FA00F18381F0EE676AFEEE71
:10665000C86A16EE903AF0E4DFF850C23EE47C4A95
:10666000DFF8F0A1FFF7FBBBB3EE047ADAED007AB6
:10667000F4EEC77AF1EE10FA00F181819FED797A9C
:10668000F4EEC77AF1EE10FA00F3D5869FED767A34
:1066900027EE870AF0EE407AFEEEE07A17EE90AA37
:1066A0001DF0CCFCF0EE407AFEEEE07A17EE903A68
:1066B000764AB6EE007A7648D2ED007AF4EEC77AE2
:1066C000C0E906A3F1EE10FA00F15681B1EE047AAA
:1066D000F4EEC77AF1EE10FA00F3AA86F7EE006A3C
:1066E00086EEA77AF0EE477AFEEEC17A17EE903A80
:1066F0004362684B9FED606A93ED007A664BD3ED81
:10670000007A67EE276AF4EEC66AF1EE10FA00F33B
:1067100031819FED5B6AF4EEC66AF1EE10FA00F18A
:106720007786B0EE666ABEEEC86A16EE103A5B4A2D
:10673000DFED516A92ED006A594A67EE867A9361FD
:10674000F4EEE67AF1EE10FA3FF754ABDFED4C6A67
:10675000F4EEE67AF1EE10FA00F1F780F0EE676AF7
:10676000FEEEC86A16EE903AFFF745BBDFF83CC173
:10677000FFF7D3BB6FF00042FFF791BBF7EE007A53
:10678000B4EEE77AF1EE10FA00F3BB81DFED457A63
:1067900027EE677AFDEEC77A17EE90CAFFF76CBA5C
:1067A0009FED410AC6E4F7EE007AB4EEE77AF1EE27
:1067B00010FA00F3AA81DFED3B7A27EE677AFDEE4F
:1067C000C77A17EE903A42E40023CAF82430CBF897
:1067D0002430C8F82430FFF74EB9F7EE007AB4EE53
:1067E000E77AF1EE10FA00F38581DFED2E7A27EEDD
:1067F000677AFDEEC77A17EE903AFFF706BBF7EE21
:10680000007AB4EEE77AF1EE10FA00F37681DFED6C
:10681000257A27EE677AFDEEC77A17EE90CAFFF762
:1068200088BB0023009AC9F8243053627B62FFF7CB
:10683000D7B807EE903AB2EE087AB0EE000BDFED73
:106840001C6AF8EE677AFEF761BF00BFD8490220E4
:10685000DE571700DF57170084E5002000010030E5
:106860000000004300D0894693651538A47C0020C1
:10687000804B0220CCCC002000FEFF46547C002040
:1068800000FEFFC6D88C002010540220AC7C0020F3
:10689000084B0220D4CC0020647C0020D08C002047
:1068A0003053022000FEFF4E936515B90000FF7FB4
:1068B00000008A4207EE903A5FED036AB2EE087A72
:1068C000F8EE677AB0EE000B77EEE67A87EE871A7D
:1068D000B7EEC11A1CF09EFE9FED8E7B20EE070BDB
:1068E000FEF741BF9FED8D0A24E48D4A8D4FFFF7DF
:1068F000D8BB8D4AFFF7D3BADFF838C2FFF7EEBA3C
:106900008A49FFF78BBBDFF830C2DFF824A2FFF71C
:1069100026BADFF820C2FFF7A3B9DFF818C2FFF7E5
:1069200080B9814BFFF75EB97D497E4BFFF73AB9DD
:106930006FF00047FFF755BBDFF8FCC17C4FFFF756
:1069400031BBDFF8F0C1FFF7E8BA7A4BFFF753BA73
:10695000784BFFF772BB6FF0004340E6764B744F05
:106960001DE67249FFF738BA6FF0004CFFF716BA10
:106970006E4B53E66D4BDAE66FF00043B8E66E4BB4
:10698000DFF8ACA194E6664ADFF898A1FFF767BA92
:10699000664AFEF7D6BB644A19E4614A614EFFF7C6
:1069A000F6BB614A59E45E4A5E4D36E4DFED637A38
:1069B000B4EEE77AF1EE10FA00F11C85F0EE477ABA
:1069C000FEEEC87A17EE902ADFED5D7ADA610022DA
:1069D000B4EEE76AC3E90822F1EE10FA00F3078586
:1069E000DFED567AB4EEE76AF1EE10FA7FF5D1AC3E
:1069F0005048D4E4B4EEE77A19624C49F1EE10FA4B
:106A0000596200F329850846DFED4C7AB4EEE77A47
:106A1000F1EE10FA00F1F584F0EE477AFEEEC87A56
:106A200017EE903A7EF5B5AB4249FEF7B3BB454B46
:106A30001A78454B1B689A427FF46AAC434B1A782C
:106A4000434B1B689A427FF463AC424B1A78424B2B
:106A50001B689A427FF45CAC404B1A78404B1B6831
:106A60009A427FF455AC3F4B1A783F4B1B689A42D1
:106A70007FF44EAC3D4B1A783D4B1B689A427FF435
:106A800047AC3C4B1A783C4B1B689A427FF440ACB5
:106A90003A4B1A783A4B1B689A427FF439AC394B1F
:106AA0001A78394B1B689A427FF432AC374B1A780C
:106AB000374B1B689A427FF42BAC364B1A78364B17
:106AC0001B689A427FF424AC344B1A78344B1B6811
:106AD0009A427FF41DAC334B1A78334B1B689A42B1
:106AE0007FF416AC314B1A78314B1B689A427FF415
:106AF0000FAC1BE40F4BFFF788B9DFF838C0FFF786
:106B000018BADFF830C0FFF7B7B80A4BFFF79FBAE3
:106B1000AFF300800000000000807B40D17C3FC0CC
:106B2000008C3C4B00BE6C50D0CCCC0C0000FF7FE6
:106B3000DF57170000000180DE57170000FEFFC678
:106B400000FEFF4631890220E8490220C98E00205C
:106B5000DC490220DD8E0020188A0020CF8E002024
:106B6000E4490220CE8E0020E0490220D58E00208C
:106B7000008A0020D88E0020048A0020DB8E0020AE
:106B8000108A0020D98E0020088A0020DC8E002088
:106B9000148A0020DA8E00200C8A0020CD8E00207E
:106BA000F4890020D38E0020F8890020D48E0020A4
:106BB000FC890020AA4BAB4C11601A68AA49AB486B
:106BC00022601EF08FFFA9481FF0F4FBA749024680
:106BD000A74819F0C1F9A64819F0F2F92168002078
:106BE000A44CFAF7A3FBA44BA4491A789F4822604F
:106BF0001EF078FF9D481FF0DDFB9C4902469C4833
:106C000019F0AAF99A4819F0DBF9216804209C4C84
:106C1000FAF78CFB9B4B9C491A78944822601EF033
:106C200061FF92481FF0C6FB90490246904819F058
:106C300093F98F4819F0C4F921680820934CFAF7AA
:106C400075FB934B93491A78884822601EF04AFFDF
:106C500086481FF0AFFB85490246854819F07CF94C
:106C6000834819F0ADF921681C208B4CFAF75EFBC4
:106C70008A4B8B491A787D4822601EF033FF7B488F
:106C80001FF098FB79490246794819F065F9784870
:106C900019F096F921680C20824CFAF747FB824BD9
:106CA00082491A78714822601EF01CFF6F481FF05D
:106CB00081FB6E4902466E4819F04EF96C4819F096
:106CC0007FF9216810207A4CFAF730FB794B7A492A
:106CD0001A78664822601EF005FF64481FF06AFBC0
:106CE00062490246624819F037F9614819F068F9BB
:106CF0002168724C1420FAF719FB714922685B482D
:106D00001EF0F0FE6F4B59481B786F4E23601FF04A
:106D100051FB56490246564819F01EF9544819F0DD
:106D20004FF92168694C1820FAF700FB684922687E
:106D30004E481EF0D7FE4D481FF03CFB4B49024623
:106D40004B4819F009F94A4819F03AF9614B2020EB
:106D500019782160FAF7EAFA5F4C604922684348E3
:106D60001EF0C0FE41481FF025FB40490246404846
:106D700019F0F2F83E4819F023F9594B24201978FC
:106D80002160FAF7D3FA574C5749226837481EF06A
:106D9000A9FE36481FF00EFB34490246344819F06C
:106DA000DBF8334819F00CF9504B28201978216092
:106DB000FAF7BCFA32684E492C481EF093FE2B4875
:106DC0001FF0F8FA29490246294819F0C5F8284861
:106DD00019F0F6F8474B484C2C2019783160FAF737
:106DE000A5FA2268454921481EF07CFE1F481FF085
:106DF000E1FA1E4902461E4819F0AEF81C4819F087
:106E0000DFF83F4B3F4E382019782160FAF78EFAB1
:106E100032683D4915481EF065FE14481FF0CAFA55
:106E200012490246124819F097F8114819F0C8F8AB
:106E3000364B374C3C2019783160FAF777FA2268E4
:106E400034490A481EF04EFE08481FF0B3FA0749BD
:106E50000246074819F080F8054819F0B1F85BE0E0
:106E60002CE20020EC490220C84B0020846C022058
:106E7000747D0020188A0020DD8E0020F44B002055
:106E8000E849022031890220144C0020048A0020A5
:106E9000D88E0020384C0020DC490220C98E00200A
:106EA000604C0020E4490220CF8E0020884C002056
:106EB000E0490220CE8E0020AC4C0020008A002049
:106EC000CC4C0020D58E00200C8A0020108A002097
:106ED000F04C0020DB8E0020148A0020104D002092
:106EE000DC8E0020088A0020304D0020D98E002042
:106EF000504D0020DA8E0020F4890020704D0020D3
:106F0000CD8E0020F8890020944D0020D38E0020E3
:106F1000FC890020BC4D0020234B402019782160C3
:106F2000FAF704FA00232B7005B0BDEC0A8BBDE81C
:106F3000F08FF6F7FBFE1D4B1868002389F8003030
:106F4000ECF77EF8FEF772B8194BFEF705BA00238E
:106F5000FEF716BA0023FEF742BA0023FEF72BBA5B
:106F6000144A0023D361144A01921278002A3EF495
:106F700074AA124A11460392114AD3610B782BB3BB
:106F8000104BD3ED007AF5EEC07AF1EE10FA00F175
:106F9000C6879FED0D7AF4EEC77AF1EE10FA40F352
:106FA0000D874FF0004326E0D48E002024590220A4
:106FB0000000FF7F746A0220CC8E0020CB8E002060
:106FC000986A022008CE00200044AC46D24AD2ED96
:106FD000007AF5EEC07AF1EE10FA09D49FEDCF7A7F
:106FE000F4EEC77AF1EE10FA40F3DE864FF000437C
:106FF000CB4AD2ED007AF5EEC07ACA4AD361F1EEFF
:1070000010FA00F1E7819FEDC57AF4EEC77AF1EE50
:1070100010FA00F347829FEDC47A67EE877AFCEEA0
:10702000E77A17EE903AC14AD2ED007AC04AF5EEFF
:10703000C07AD361F1EE10FA00F1D481B7EE007A94
:10704000F4EEC77AF1EE10FA40F387864FF48033FE
:10705000B84AD2ED007AB84AF5EEC07A00921363CE
:10706000F1EE10FA00F1BC81B7EE007AF4EEC77AC7
:10707000F1EE10FA40F336864FF48033AF4ADFF872
:107080003093D2ED007AC9F83030F5EEC07AF1EEE7
:1070900010FA00F1A381B7EE007AF4EEC77AF1EEB0
:1070A00010FA40F317864FF48033A54ABFEE007AFA
:1070B000A44FD2ED007A3B63F4EEC77AF1EE10FAFA
:1070C00000F18A81B7EE007AF4EEC77AF1EE10FA99
:1070D00040F3F58547F6FF73A7F83C329A4BD3EDA2
:1070E000007AF5EEC07AF1EE10FA00F16F81B7EE9A
:1070F000007AF4EEC77AF1EE10FA40F31E864FF4F0
:107100008033924ADFF8ACA2D2ED007ACAF8303070
:10711000F5EEC07AF1EE10FA00F15681B7EE007A82
:10712000F4EEC77AF1EE10FA40F3FF854FF48033A6
:10713000874ADFF884B2D2ED007ACBF83030F5EE32
:10714000C07AF1EE10FA00F13D81B7EE007AF4EE6C
:10715000C77AF1EE10FA40F3E0854FF480337D4AB0
:10716000BFEE007ADFF85482D2ED007AC8F83030F2
:10717000F4EEC77AF1EE10FA00F1CB80B7EE007AA8
:10718000F4EEC77AF1EE10FA40F3BC8547F6FF73D0
:10719000A8F83C32704BD3ED007AF5EEC07AF1EEF0
:1071A00010FA00F11581B7EE007AF4EEC77AF1EE2D
:1071B00010FA40F3CA854FF48033684A9FED687A2D
:1071C000D2ED007A674AD2ED006A674A67EEA67A86
:1071D0009361664BF4EEC77AC3ED007AF1EE10FAD4
:1071E00000F393809FED627AF4EEC77AF1EE10FA25
:1071F00000F1C082B0EE677ABEEEC87A17EE103AA0
:107200005C4A9FED577AD2ED007A5B4AF4EEC77A7A
:107210009361F1EE10FA7ADC9FED557AF4EEC77ABD
:10722000F1EE10FA00F1A482B0EE677ABEEEC87AF1
:1072300017EE103AD361514B514E93ED007A514BFA
:10724000BDEEC77A96ED000AD3ED007A4E48FDEE0A
:10725000E77A17EE102A17EE901A10F033FD4B4B19
:1072600096ED000A93ED007A494BBDEEC77A494886
:10727000D3ED007AFDEEE77A17EE102A17EE901A9A
:1072800010F020FDDFF838C1DFED356A9CF80030E2
:10729000012B00F06586022B3F4B00F02D81D3EDD2
:1072A000007AF4EEE67AF1EE10FA00F365829FEDD3
:1072B000307AF4EEC77AF1EE10FA00F18B85B0EE79
:1072C000677ABEEEC87A17EE102A9FED347ADFEDAA
:1072D000246A27EE877A324B9A61B4EEE67AF1EEB1
:1072E00010FA40F37982F4EEE67A2E4ADA61F1EE92
:1072F00010FA00F34E82DFED1E6AF4EEE67AF1EE4C
:1073000010FA40F1B086284B9CE2264B78E7254BDB
:1073100090E7264B3CE700BF0CCE00200044AC4673
:1073200008CE0020E06A0220C637BE4764D40020A1
:10733000BC6A0220D87D0020687A022050CF00204D
:1073400060CF002038730220007D0020A4D40020EC
:1073500054CF002064CF002038CF0020B87B00201D
:1073600000FEFF46BC7B002024690220FC50022066
:1073700000FEFFC6C88C0020C4500220F4CC0020C0
:10738000F0CC0020E0CC0020A44F0220F8CC00205C
:10739000E4CC0020E04F0220307C00200000000000
:1073A000385102200000FF7F000001800180FFFFB4
:1073B00098810220007E022030850220D0760220B3
:1073C000C88E00200023CAE60023B1E6002398E619
:1073D0000023F2E6002326E63F4B7DE6002364E629
:1073E00000234BE6002333E60023FEF713B83B48A7
:1073F000FEF7D5BF3A4AFFF7E7BA394A1146FDF71B
:10740000A1BE374B1946FDF7C5BE354BFFF706B990
:10741000334BFFF78CB93249FEF7DEBCDFF8C4C04E
:10742000FEF7BCBC2E4AFEF797BF2D4AFDF7A5BE5E
:107430002C4BFFF75DB92C4BDFF8B4A0FFF738B940
:10744000274BFEF781B8254BFEF77EB8244BFEF79D
:1074500076B82348FDF755BE244A0B46C2E906110B
:10746000FEF772B8DFF880C0214FFEF79BBDDFF852
:1074700078C0DFF87CA0FEF772BC1A4FFEF7B1BDF2
:10748000184BFFF7ACB8184B194FFFF788B81449E1
:10749000FEF7C4BD174A4FF0004363E54FF00043C9
:1074A000FDF7B8BF4FF00043BDE54FF00043FDF7D7
:1074B00082BFF4EEC7AAF1EE10FA3EF78FAA7B6204
:1074C000FEF78EBAB4EEC7AAF1EE10FA3EF7D0AAD4
:1074D000C8F82430FEF7CFBA0180FFFF0000FF7F1D
:1074E00000000180D0CCCC0C008C3C4BF854022026
:1074F00000BE6C50746A022093ED007AA64BD3ED67
:10750000007A67EE277AF4EEE67AF1EE10FA00F3ED
:107510006484DFEDB06AF4EEE67AF1EE10FA00F181
:107520005D86F0EE676AFEEEC86A16EE902ADFED21
:10753000A86A9A4BB4EEE67A9A61F1EE10FA40F33B
:10754000B385F4EEE67A964ADA61F1EE10FA00F3CA
:107550004E84DFEDA06AF4EEE67AF1EE10FA40F127
:107560002786904B90499FED9A7AD1ED007A8F490A
:10757000F4EEC77AC1E90632F1EE10FA00F3D085D5
:107580009FED947AF4EEC77AF1EE10FA00F11786C7
:10759000B0EE677ABEEEC87A17EE102A844BB6EECC
:1075A000007A9FED8B6AD3ED006A824B26EE877AD4
:1075B0009A61B4EEC67AF1EE10FA00F3AE859FED53
:1075C000856AB4EEC67AF1EE10FA00F1FE85B0EEEF
:1075D000476ABEEEC86A16EE102AB6EE006A9FED44
:1075E0007C7ADA6167EE867AF4EEC77AF1EE10FA09
:1075F00000F390859FED777AF4EEC77AF1EE10FAFA
:1076000000F1EF85B0EE677ABEEEC87A17EE103A59
:10761000DFED6F7A684AF4EEE76A9361F1EE10FAF3
:1076200000F33D85DFED6B7AF4EEE76AF1EE10FAD8
:1076300000F1CE85F0EE667AFEEEC87A17EE903A4B
:10764000D3615E4BDFED627A93ED007AB4EEE77AB8
:10765000F1EE10FA00F32085DFED5E7AB4EEE77A02
:10766000F1EE10FA00F1D785F0EE477AFEEEC87A17
:1076700017EE903A524AB6EE006ADFED556AD2ED47
:10768000007A504967EE867A8B6167EE877AF4EE6E
:10769000E67AF1EE10FA00F3FC84DFED4E6AF4EEC8
:1076A000E67AF1EE10FA00F1A685F0EE676AFEEEDA
:1076B000C86A16EE903ADFED446A9FED456A67EEC0
:1076C000266ACB61F4EEC66AF1EE10FA00F3D684B6
:1076D0009FED406AF4EEC66AF1EE10FA00F198856B
:1076E000B0EE666ABEEEC86A16EE103A9FED386AD2
:1076F0000B62B4EEC67AF1EE10FA00F39A859FEDB4
:10770000356AB4EEC67AF1EE10FA40F18A85254B5F
:107710009FED2F7AF4EEC76AF1EE10FA00F3BA8506
:107720009FED2C7AF4EEC76AF1EE10FA00F176853F
:10773000B0EE667ABEEEC87A17EE102A9FED247A74
:107740002249F4EEC77AC1E90632F1EE10FA00F3ED
:10775000A9849FED207AF4EEC77AF1EE10FA00F1D9
:107760003A85B0EE677ABEEEC87A17EE102A12E1BB
:107770000C4B5FE50B4B43E59FED137A074B27EE70
:10778000877A074A9A61B4EEE67AF1EE10FA23DDC1
:10779000DA61134656E000BFE8CC002038510220E1
:1077A0000000FF7F00000180FCCC0020705102200F
:1077B00000CD00201852022050520220347C0020BC
:1077C000ECCC0020A851022000000000E051022073
:1077D00000FEFF4600FEFFC65FED026AB4EEE67AE9
:1077E000F1EE10FA00F1F482F0EE476AFEEEC86A9C
:1077F00016EE902A5FED0A6ADA61F4EEE67AF1EEAF
:1078000010FA00F338845FED0D6AF4EEE67AF1EEDB
:1078100010FA40F12884D34BDFEDD37AB4EEE77A47
:10782000F1EE10FA00F3CE84DFEDD07AB4EEE77A11
:10783000F1EE10FA00F11484F0EE477AFEEEC87A09
:1078400017EE902ACA499FEDCB6AD1ED007ADFEDA1
:10785000C66A67EE867AC849C1E90632F4EEE67A6E
:10786000F1EE10FA00F341839FEDC07AF4EEC77A8F
:10787000F1EE10FA00F1F283B0EE677ABEEEC87A4C
:1078800017EE102ABD4B9FEDBB6A93ED007ADFED3A
:10789000B66A27EE067AB4EEE67AB94B9A61F1EE53
:1078A00010FA40F3D982F4EEE67AB64ADA61F1EEE4
:1078B00010FA00F32883DFEDAD6AF4EEE67AF1EE1C
:1078C00010FA40F1A983A74BAF49DFEDA77A91EDFC
:1078D000007AAE49B4EEE77AC1E90632F1EE10FA69
:1078E00000F3B882DFEDA17AB4EEE77AF1EE10FA98
:1078F00000F19D83F0EE477AFEEEC87A17EE903ADB
:10790000A34AB6EE006ADFED986AD2ED007AA1498B
:1079100067EE867A8B6167EE877AF4EEE67AF1EEAF
:1079200010FA00F38C82DFED916AF4EEE67AF1EE64
:1079300010FA00F17A83F0EE676AFEEEC86A16EE7E
:10794000903A00F1E2841E46DFED876ACB61B4EE27
:10795000E67AF1EE10FA40F363828A489FED827A6C
:10796000F4EEC77AF1EE10FA00F353839FED7F7ABD
:10797000F4EEC77AF1EE10FA00F15583B0EE677AB3
:10798000BEEEC87A17EE103A00F1BC841A460E62B9
:107990008149C1E90603814B0A6293ED007AB5EE95
:1079A000C07AF1EE10FA00F13682F7EE007AB4EE0A
:1079B000E77AF1EE10FA40F38D849FED6E7A72B69D
:1079C000774BC3ED447A83ED457A62B6754AD2EDC2
:1079D000007AF5EEC07AF1EE10FA00F11982F7EEB6
:1079E000006AF4EEE67AF1EE10FA05DC67EEE76A7B
:1079F000B0EE007AE7EE876ADFED6B7A4FF07C52EB
:107A000093EDDC7AC3F80C2137EE677AE7EE267A3D
:107A1000C3EDDE7A72B6C3F80821C3EDDD7A62B633
:107A2000624A92ED007AB5EEC07AF1EE10FA00F1FA
:107A3000EC81F7EE007AB4EEE77AF1EE10FA40F35B
:107A40006482DFED5B7A72B6C3ED467AC3ED497AA4
:107A500062B6584AF7EE007A92ED007AB5EEC07A37
:107A6000F1EE10FA08D4B4EEE77AF1EE10FAD4BFD2
:107A700077EEC77ADFED3F7AC3ED5C7A72B6C3ED7D
:107A80005B7A62B64C4BD3ED007AF5EEC07AF1EE3C
:107A900010FA00F1B781B7EE007AF4EEC77AF1EE92
:107AA00010FA01DC27EEA77A444BDFED326A1A6B3D
:107AB000803A07EE902AF8EE677A36EEE76AE6EE4D
:107AC000077A72B6C3ED557A62B63D4A92ED007AF6
:107AD000B4EEE67AF1EE10FA00F18F81F7EE007A5B
:107AE000B4EEE77AF1EE10FA40F3DD83B0EE667A99
:107AF00072B6C3ED4B7A83ED4C7A62B693F82121CE
:107B00000ABB304AB7EE007ADFED1A7AD2ED006A8E
:107B1000F4EEE76AF1EE10FA09D4F4EEC76AF1EE7A
:107B200010FA40F38E829FED287ADFED287AD3EDAC
:107B30004A6A83ED5E7A67EEA67A72B6C3ED497A39
:107B400083ED4D7A62B6224AB7EE007AD2ED007A22
:107B500077EE677AF5EEC07AF1EE10FA00F14A811D
:107B60003AE000BF0000018000FEFF4600FEFFC6B5
:107B7000FCCC0020000000007051022000CD00204D
:107B8000185202200000FF7F347C00205052022057
:107B9000ECCC0020A8510220E05102201CCD002096
:107BA000986F022020CD0020CDCC4C3E18CD002077
:107BB0006666263F14CD002010CD002030E800205E
:107BC00008CD002004CD0020CCCCCC3E8FC2753F28
:107BD000387C002000000000F4EE477AF1EE10FA45
:107BE00077FE277A72B6C3ED517A62B693F8211107
:107BF00092ED007A002940F06681B5EEC07AF7EE8A
:107C0000007AF1EE10FA08D4B4EEE77AF1EE10FA49
:107C1000D4BF77EEC77A5FED117AC3ED607A72B6A2
:107C2000C3ED4F7A62B692ED007ABE4A93F8211105
:107C3000D2ED007AF5EEC07AF1EE10FACCBF012059
:107C4000002083F86801A9B9B5EEC07AF7EE007A92
:107C5000F1EE10FA08D4B4EEE77AF1EE10FAD4BFE0
:107C600077EEC77ADFEDB07AC3ED607A72B6C3ED16
:107C70004F7A62B69CF80030022B00F03181F6EEAC
:107C8000007AD2ED006AB0EE677AA6EEA77AE6EE49
:107C9000E77AA64BA64A83ED0E7AC3ED0F7AA54B81
:107CA000C3ED0E7A83ED0F7A00232B701370FDF76E
:107CB000EFB9A14BFDF733BB9F4BFDF74DBB9FEDDC
:107CC0009F7A67EE877AFDEEE77A17EE903A1BB25D
:107CD000FFF702BAB0EE677ABEEEC87A17EE103A36
:107CE000FFF7E3B9B0EE677ABEEEC87A17EE103A46
:107CF000FFF7C4B9B0EE677ABEEEC87A17EE103A55
:107D0000FDF73EBB9FED8D7A67EE877AFDEEE77A51
:107D100017EE903A1BB2FFF73BBAB0EE677ABEEEB1
:107D2000C87A17EE103AFFF71ABAB0EE677ABEEECD
:107D3000C87A17EE103AFFF7FBB9B0EE677ABEEEDD
:107D4000C87A17EE103AFFF7DCB9B0EE677ABEEEEC
:107D5000C87A17EE103AFFF730BAB0EE677ABEEE87
:107D6000C87A17EE103AFFF773B9B0EE677ABEEE35
:107D7000C87A17EE103AFDF732BB03466E48FDF79E
:107D8000DEBBB4EEE67AF1EE10FAC8BF4FF0004366
:107D9000FFF7EFB89FED6A7A67EE877AFCEEE77A35
:107DA00017EE903AFFF7E5B89FED657A67EE877AB0
:107DB000FCEEE77A17EE903AFFF71AB99FED607A7A
:107DC00027EE877ABCEEC77A17EE103AFFF713B9A1
:107DD000594A0FE5584AFFF778BAB4EEE67A594B9C
:107DE000594AF1EE10FA9A6140F35E81DA61134666
:107DF000FFF7B8BBDFED4C7AF4E6B7EE007AF0EEB1
:107E0000667A75E69FED487A4EE6DFED507A1AE61F
:107E1000DFED456AF0E5B7EE007ADFED437ACEE5B7
:107E2000DFED4B6AB4EEE67AF1EE10FA00F1018173
:107E3000F0EE476AFEEEC86A16EE900A8EE5B4EEE2
:107E4000E67A41480646C861F1EE10FAE8DD0346DD
:107E500002469CE53C4B53E5DFED3D6AB4EEE67A25
:107E6000F1EE10FA00F1EB80F0EE476AFEEEC86A20
:107E700016EE902ADFED316ADA61F4EEE67AF1EE81
:107E800010FA00F3DA80DFED326AF4EEE67AF1EE12
:107E900010FA40F1C180284BDFED287AB4EEE77A82
:107EA000F1EE10FA00F38181DFED297AB4EEE77A82
:107EB000F1EE10FA00F1BF80F0EE477AFEEEC87ADC
:107EC00017EE902A00E5174AD2ED007AF5EEC07A57
:107ED000F1EE10FACCBF0121002183F86811C9E648
:107EE000B7EE007ADFED107AD3E61A4B93ED007A05
:107EF00027EE067AB4EEE67A174B134AF1EE10FA43
:107F00009A61A9DDDA611346DEE4DFED146ADFED84
:107F10000F7AE7EE267A96E50023FFF72AB80023CA
:107F2000FFF769B80CCD0020000000002C5702209C
:107F300016890220745702200000018000FEFF46CF
:107F4000C637BE47385102200000FF7F0AD7A33B47
:107F500000FEFFC600CD002018520220B81E253FAB
:107F6000C04B93ED007AC04BD3ED007A67EE277AD1
:107F7000F4EEE67AF1EE10FA00F30C81DFEDBB6A65
:107F8000F4EEE67AF1EE10FA00F15681F0EE676A4F
:107F9000FEEEC86A16EE902ADFEDB56AB54BB4EE78
:107FA000E67A9A61F1EE10FA40F3C180F4EEE67AD7
:107FB000B14ADA61F1EE10FA00F3F580DFEDAB6A59
:107FC000F4EEE67AF1EE10FA40F13881AB4BAC49B1
:107FD000DFEDA76AD1ED007AAA49F4EEE67AC1E9AD
:107FE0000632F1EE10FA00F39E809FEDA07AF4EED7
:107FF000C77AF1EE10FA00F12881B0EE677ABEEE92
:10800000C87A17EE102AA04BDFED996A93ED007A3B
:1080100041E4994B1A46BAE4F0EE676AFEEEC86A8C
:1080200016EE903A38E7954BB0E4944B8BE4934BC3
:1080300066E4924892E4914A46E48F4B2CE78F4ADB
:1080400018E726EEA66A9FED915ADFED915AE6EE0B
:10805000857A66EE266AA6EEA57A68E5874A11E477
:10806000864AFFF7EFBBF0EE676AFEEEC86A16EECF
:10807000903AFFF7D1BB804BFFF7CEBBB4EEC67A88
:108080007D4A0A62F1EE10FA40F3B8801346FFF71A
:1080900055BB794BFFF70FBB774BFFF7EBBA764B2E
:1080A000FFF7CEBA744A76E4DFED706AB4EEE67A92
:1080B000F1EE10FA00F19D80F0EE476AFEEEC86A1C
:1080C00016EE902ADFED6A6ADA61F4EEE67AF1EEF6
:1080D00010FA00F38C80DFED656AF4EEE67AF1EEDB
:1080E00010FA65D5654BDFED627AB4EEE77AF1EE12
:1080F00010FA00F3B480DFED5D7AB4EEE77AF1EECA
:1081000010FA71D4F0EE477AFEEEC87A17EE902A94
:10811000FFF728BA584BFFF77BBA574AFFF75DBA0B
:10812000554AFFF73BBA584B93ED007AE2E6DFED94
:108130004F6AB4EEE67AF1EE10FA00F18C80F0EEC0
:10814000476AFEEEC86A16EE902ADFED496ADA61E8
:10815000F4EEE67AF1EE10FA7BDCDFED446AF4EE41
:10816000E67AF1EE10FA69D5444BDFED417AB4EED0
:10817000E77AF1EE10FA70DCDFED3C7AB4EEE77AE4
:10818000F1EE10FA63D4F0EE477AFEEEC87A17EEFD
:10819000902A1CE7B4EEE67A364B374AF1EE10FA35
:1081A0009A61C4DDDA61134611E7334AFFF78CBBED
:1081B000F0EE676AFEEEC86A16EE903A93E72F4A31
:1081C000FFF7ECB92C4AFFF73DBB2C4AFFF705BA85
:1081D0002A4BFFF735BA294AFFF7DDBB274AFFF7DD
:1081E000A6B9264BFFF714BA244AFFF7BBB9224BB6
:1081F00079E7224A66E7214BFFF75DBA9FED1B6ADC
:10820000B4EEC67AF1EE10FA0BD51C4BFFF796BA16
:108210001A4BFFF76BBA194BFFF72CBA174AFFF747
:108220008DBAB0EE476ABEEEC86A16EE103AFFF796
:108230006FBA114BFFF76CBA104AADE6F0EE676A01
:10824000FEEEC86A16EE903A8FE70C4ADBE60B4A60
:10825000BDE6094B89E7094A77E7074AB7E6064AC8
:10826000FFF780B9307C0020E8CC002000FEFFC67C
:1082700000FEFF46385102200000FF7F0000018011
:10828000FCCC00207051022000CD00208FC2753F31
:108290009A9919BF1E4AFFF751BA1E48FCF76EBFE4
:1082A0001C49FCF74FBF77EEC76A9FED1B5A27EEBC
:1082B000266AE6EE057AF0EE675AF0EE477AB0EEFF
:1082C000667AE6EE257AA6EE257A67EEA77A27EE9D
:1082D000077A0DE477EEC76A9FED0F5A27EE266AFC
:1082E000E6EE057AF0EE675AF0EE477AB0EE667A7F
:1082F000E6EE257AA6EE257A67EEA77A27EE077ACC
:10830000FFF75DBB034AFFF742BB024EFFF71CBB02
:108310000000FF7F00000180AF94B53F2DE9F04FD2
:1083200083B0C74C18F00CFBC648F8F795FEC6485A
:10833000F8F792FE00222046C44D1146DFF80CB437
:10834000F8F764FD4FF48043C14823622560F8F7D5
:1083500083FEC048F8F780FEBF48F8F77DFEBF4AAD
:108360000023BF4913611381D360DBF80030116033
:10837000002B02F0DB8219465B69002BFBD14A61BE
:10838000B8490024B84B4FF48049B84F13600B88AC
:108390003846B74E0133DFF8B88354610B800221B1
:1083A000D36154609472946107F11802F8F72EFDBE
:1083B0003E60B048F8F750FE08F11802022140462E
:1083C000F8F724FDC8F80060AB48F8F745FEAB4865
:1083D000F8F742FEAA48F8F73FFEAA48F8F73CFE35
:1083E000DFF870A3A848F8F737FEDFF86C83A748DA
:1083F000F8F732FEA64F224621465046F8F706FD12
:1084000008F1180202214046CAF80050CAF820902C
:10841000F8F7FCFC07F1180202213846C8F80060A2
:10842000F8F7F4FC3E609B48F8F77AFD9A48F8F7B5
:1084300013FE9A48F8F710FE994F9A48F8F70CFE89
:108440009948F8F707FDDFF814A307F11802022195
:108450003846DFF80C83F8F7D9FC3E609348F8F70C
:10846000FBFD934F0AF1180202215046F8F7CEFCAB
:1084700008F1180202214046CAF80060F8F7C6FC6D
:10848000224621463846C8F80060F8F7BFFC3D6038
:10849000C7F820908748884FF8F77AFD8748F8F7A3
:1084A000DBFDDFF8C08207F1180202213846F8F739
:1084B000ADFC3E608248F8F76BFD824F22462146B4
:1084C0004046F8F7A3FC8048C8F82090C8F8005050
:1084D000F8F7C2FD07F1180202213846F8F796FCBA
:1084E0003E607A48F8F7B8FD794F7A48F8F7B4FD5E
:1084F0007948F8F7B1FD07F1180202213846F8F77C
:1085000085FC764A564913463E60D46043F8181BF2
:1085100013614FF4807394611381DBF80030002BFA
:1085200002F0148219465B69002BFBD14A616C4B47
:1085300000276C484FF4804913606B4B5761D3613F
:108540005760977282F82070F8F722FDDFF81882E2
:108550006648F8F781FD664C6648F8F77DFD3A46B7
:1085600039464046F8F752FC04F118020221C8F8D7
:1085700000502046C8F82090F8F748FC26605E4876
:10858000F8F706FD5D4C5E48F8F766FD5D48F8F7C4
:1085900063FD04F1180202212046F8F737FC26603B
:1085A0005948F8F7F5FC5948F8F756FD5848F8F7D8
:1085B00053FD5848F8F7ECFCDFF8B0815648F8F75F
:1085C0004BFD5648F8F7E4FC554C08F1180202211F
:1085D0004046F8F71BFCC8F800605248F8F73CFD2D
:1085E000DFF88C813A4639462046F8F70FFC2560C3
:1085F000C4F820904C484D4CF8F72CFC08F11802B8
:10860000022140464A4DF8F701FC04F1180202210C
:108610002046C8F80060F8F7F9FB26604548F8F7EF
:108620001BFD4548F8F718FD4448F8F715FD444C84
:108630004448F8F7ADFC4448F8F70CFC9AE000BF5A
:10864000BC6A022078E60020DCE2002040430020E3
:1086500068E7002090E7002018E700202469022046
:1086600080410020FE88022004430020E46B0220A9
:10867000AC420020BCE400205CE30020B0E5002018
:1086800008E8002084E500205CE5002084E200206A
:10869000846B0220344C0220B8E70020E0E7002081
:1086A000A458022028E6002000CB002034E300205C
:1086B000046B02208852022004E20020D8E500204A
:1086C000A0530220285902200CE50020C8E6002013
:1086D000A46B0220BCE3002000E60020405A0220E8
:1086E00088420020BC570220492F713F08E3002038
:1086F000E458022014E40020005102200459022012
:1087000034E200203CE40020F45702205CE2002028
:10871000A0E60020D853022050E60020C0520220DC
:10872000986A0220B0E20020E0C9002088590220A7
:10873000C46B022088E30020E4E4002040E700202E
:10874000046C0220BC56022010CA002048D700202A
:1087500068590220746A0220646B0220246C022093
:10876000E4E10020286B0220E06A02206458022025
:10877000E859022004F1180202212046F8F746FBCE
:108780002660CF48F8F704FCCE4CCF48F8F764FCDD
:1087900005F1180202212846F8F738FB04F1180207
:1087A000022120462E60F8F731FB2660C748F8F713
:1087B00053FCC748F8F750FCC648F8F7E9FBC64831
:1087C000F8F748FBC548F8F7E3FBC548F8F7F0FCB5
:1087D000C448F8F7EDFCC448F8F7DAFBC348F8F7EB
:1087E00007FCC34DC348F8F703FCC348F8F700FC87
:1087F000022105F118022846F8F708FBBF482E6051
:10880000F8F7F6FBBE48F8F7F3FBBE4CBE48F8F7A6
:10881000EFFBBE48F8F784FB04F118020221204662
:10882000F8F7F4FA012240F2F6412660B84813F056
:1088300025FDB84AB849B6481BF0CCFDB748F8F753
:10884000A7FBB748F8F708FCB648F8F705FCB648A8
:10885000F8F700FBB548B64CF8F79AFBB548F8F7BF
:1088600097FBB548F8F794FB2246B449DBF8003093
:1088700042F8241B22614FF48072E7606762228114
:10888000002B02F05F801A465B69002BFBD154611C
:10889000DFF818C30025DFF818E30127C4F800C08B
:1088A0004FF00208DFF80CC340F26660A4490023D1
:1088B0004FF07E5265612162A2496560A572E56153
:1088C00084F82C50E564A56565662567E567C4F8FE
:1088D0008850C4F89450C4F8A050C4F8AC50C4F800
:1088E000B850C4F8C450C4F8D050C4F8E050C4F82C
:1088F000DC7084F81880DFF8C092DFF8C0A2C4E909
:108900000EEC0CF1717C0CF5803CC4F840C0DFF833
:10891000B0C2C4F844C04FF0141CC4F8D8C0DFF88B
:10892000A4C2C4E93A01C4F8E4C0C4E90C55C4F8CF
:10893000F070C4F85C32C4F89832C4F89C22C4F8D1
:10894000D832C4F8DC22C4F8E032C4F81C33C4F8CE
:108950002023C4F8F45084F83851C4F8305184F816
:108960004851C4F8405184F85851C4F8505184F823
:108970006851C4F8605184F89C5184F8C05184F85F
:10898000E45184F8085284F8345284F8585284F838
:108990009452C4F8605284F8D452C4F8A05284F8B7
:1089A0001853C4F8E452C4E93F016749C4F8F81009
:1089B00084F85853C4F85C33C4F88833634B604977
:1089C000C4F86023C4F8802301F54D7CC4F88C23DF
:1089D000C4F870335E4A5F4BC4F82453C4F8843340
:1089E000802384F89053A4F8923307CAACE80300BC
:1089F0008CF80020ACF55B7015F01AFE5049454A22
:108A0000A1F1300054491BF0E5FC5448F8F7C0FAD6
:108A10005348F8F7BDFA5348F8F7BAFA5248F8F74E
:108A20001FFC5248F8F71CFC514B414603F1180259
:108A30001846F8F7EBF94E4B4E481E60F8F70AFA65
:108A40004D4B414603F118021846F8F7DFF94A4B3F
:108A50004A481E60F8F764FA4948F8F799FA494815
:108A6000F8F796FA4848F8F72BFC4848F8F728FC3E
:108A70004748F8F755FA4748F8F78AFA4648F8F7AA
:108A80004FFA4648F8F784FA09F118023946484681
:108A9000F8F7BCF9424B394689F83870C9F800300C
:108AA000404B03F1180218461E46F8F7AFF93C4A4E
:108AB0003D48326086F83870F8F7A6FB84E000BFC6
:108AC000F456022048590220F0E6002034E5002048
:108AD000E8E3002080540220D0CA0020F85202208F
:108AE000B4CD002088CD00201054022098810220AF
:108AF000C4580220687A0220387302203085022090
:108B0000007E022084580220D0760220444B0220AE
:108B100030E800200882002009BE00003053022007
:108B200064E4002090E4002040CA00201456022093
:108B3000986F02204C560220A4550220804100204C
:108B4000C86F02206F7C010047550200EC51783F4E
:108B5000781F0020CDCC4C3D29BE00004854022097
:108B60002C5802206853022094DD002064DD002090
:108B7000C859022070CA0020A8590220CC4A0220FD
:108B8000E0510220A8510220745702202C570220E5
:108B9000804B022084560220084B022034550220CC
:108BA0007C420020A44F022030CD002064430020EE
:108BB000C900910069071801E04F0220E84C02202B
:108BC000E7010C0395010200AB48F8F71DFBAB4829
:108BD000F8F7DEF9AA48F8F7DBF9AA48F8F7A0F9A0
:108BE000A948F8F737F9A948F8F7D2F9A848F8F7EB
:108BF00063F9A848F8F7CCF9A748F8F75DF90AF146
:108C0000180239465046F8F701F9A44BA448CAF8AF
:108C10000030CAF81C50F8F783F9A248F8F7B8F901
:108C2000A148F8F749F9A148F8F77AF9A048F8F708
:108C300077F9A04AA04B15611360DBF8003015816D
:108C4000D560002B01F07A8619465B69002BFBD1B9
:108C50004A610025994B9A4E1360964855615560BC
:108C600095720FF0E9FB06F1180201213046F8F782
:108C7000CDF8944B944A304694493360F5611BF02B
:108C8000A9FB9348F8F784F99248F8F781F99248DC
:108C9000F8F77EF99148F8F77BF9914A8648114632
:108CA000DBF80030D56041F8180B11614FF400710A
:108CB000C2E906551181002B01F03C8619465B691B
:108CC000002BFBD14A610025864B85480126556162
:108CD0004FF003085560022795724FF480791360B6
:108CE0000FF0D8FE804816F08DFA804B2A46804956
:108CF00000957D4816F0FAFA734A7E497A481BF0CF
:108D000069FB7D4816F07EFA784B2A460096784932
:108D1000794816F0EBFA6C4A764977481BF05AFB13
:108D2000764816F06FFA764B2A46009675497348D6
:108D300016F0DCFA644A6F4970481BF04BFB72482E
:108D400016F060FA6E4B2A46704900956E4816F090
:108D5000CDFA5D4A67496C481BF03CFB6C4816F045
:108D600051FA6C4B2A466C490095694816F0BEFAD8
:108D7000554A604966481BF02DFB684816F042FAD8
:108D8000644B2A4600966449644816F0AFFA4E4A8E
:108D9000584962481BF01EFB614816F033FA614BDC
:108DA0002A4600965C495E4816F0A0FA464A5149A8
:108DB0005B481BF00FFB5C4816F024FA5B4B2A461D
:108DC0005B490095584816F091FA3F4A4949564880
:108DD0001BF000FB574816F015FA544B2A46009634
:108DE0005349544816F082FA374A424951481BF019
:108DF000F1FA514816F006FA504B2A4600964C49B3
:108E00004D4816F073FA304A3A494B481BF0E2FAE3
:108E10004B4816F0F7F94B4B2A4600964A4948480A
:108E200016F064FA284A334945481BF0D3FA474AFA
:108E300047494848F7F7D8FF234A2E4945481BF0D1
:108E4000C9FA454816F0DEF9444B2A4640490095D8
:108E5000414816F04BFA1C4A26493F481BF0BAFA23
:108E60003F4816F0CFF9374B2A46204900953C4839
:108E700016F03CFA76E000BF5CCD0020DC55022005
:108E80006C550220704C0220A0CA002050520220D3
:108E9000404A022018520220784A022098410020BD
:108EA000AC4C0220C4500220084A0220F84B022099
:108EB000BC4B02203C500220804100208C4100200D
:108EC000C88802203443002008820020A9550200EF
:108ED0003851022070510220B8540220F854022068
:108EE0001C500220A4410020745A0220E46B02208E
:108EF00078E600202DCB0200A461022080620220CF
:108F000068590220DCE200205C630220BC6A022077
:108F100038640220646B022068E700201465022098
:108F2000F0650220E4E10020CC660220846B022080
:108F300090E70020A8670220885A022004E200205F
:108F40005C5B0220A458022018E7002000CB002020
:108F500024690220305C0220FC5C0220344C022098
:108F6000D05D0220A64AA749A7481BF033FAA748BC
:108F700016F048F9A64B2A46A649CDF80080A3482A
:108F800016F0B4F99E4A9F49A0481BF023FAA24864
:108F900016F038F99E4B2A460096A0499E4816F0D6
:108FA000A5F9974A97499C481BF014FA9C4816F07B
:108FB00029F9974B2A469B490095994816F096F94E
:108FC0008F4A904996481BF005FA974816F01AF90F
:108FD000964B2A469649CDF80080934816F086F9BC
:108FE000874A884990481BF0F5F9924816F00AF92B
:108FF000914B2A46914900958E4816F077F9804AA0
:1090000080498C481BF0E6F98D4816F0FBF88A4B36
:109010002A46009689498A4816F068F9784A7949BB
:1090200087481BF0D7F9874816F0ECF87F4B2A46A3
:1090300085490097834816F059F9714A714981486A
:109040001BF0C8F9814816F0DDF8784B2A460096E7
:109050007F497E4816F04AF9694A6A497B481BF005
:10906000B9F97C4816F0CEF87B4B2A4600967B492E
:10907000784816F03BF9624A624976481BF0AAF933
:10908000774816F0BFF8744B2A4676490095744825
:1090900016F02CF95A4A5B4971481BF09BF972484B
:1090A00016F0B0F8714B2A46714900956E4816F0DB
:1090B0001DF9534A53496C481BF08CF96D4816F062
:1090C000A1F86D4B2A466D4900956A4816F00EF9D5
:1090D0004B4A4C4967481BF07DF9694816F092F8F5
:1090E000684B3A4668490095654816F0FFF8444ACF
:1090F000444963481BF06EF9644816F083F8644BEA
:109100002A4600966349614816F0F0F83C4A3D490A
:109110005E481BF05FF9604816F074F85F4B2A4612
:1091200000965F495C4816F0E1F8354A35495A48DF
:109130001BF050F95B4816F065F85B4B2A465B491B
:109140000095584816F0D2F82D4A2E4955481BF084
:1091500041F9574816F056F8534B2A4600965349A2
:10916000534816F0C3F8264A264951481BF032F9F5
:10917000504816F047F8504B2A46504900954D4844
:1091800016F0B4F81E4A1F494A481BF023F94C4810
:1091900016F038F84B4B2A464B490095484816F0D4
:1091A000A5F8174A174946481BF014F9474816F026
:1091B00029F8444B2A4600961F49444816F096F871
:1091C0000F4A104941481BF005F9414816F01AF8BA
:1091D0002F4B2A46254900953D4816F087F8084A46
:1091E00008493B481BF0F6F83A4816F00BF83A4BA2
:1091F0002A4600963949374816F078F870E000BFE3
:10920000088200202DCB0200D05D0220AC5E02203F
:10921000A0530220BCE40020885F0220685902208D
:10922000646002205CE3002040610220885202203A
:10923000B0E5002090610220246C022008E80020A4
:10924000B8610220CC61022084E50020E0610220A8
:109250005CE50020F46102202859022084E200200D
:1092600008620220746A02201C620220E4E10020ED
:10927000646B02203062022004E20020846B022032
:1092800044620220405A0220344C022058620220DC
:10929000E4580220B8E700206C6202200459022042
:1092A000E0E7002094620220A46B022028E6002060
:1092B000A8620220BC620220D8530220A4580220D7
:1092C000D06202200051022034E30020E462022038
:1092D000F86202200C630220BC570220046B0220BB
:1092E000A54AA649A6481BF075F8A64815F08AFFBE
:1092F000A54B2A46A5490095A24815F0F7FF9E4ABE
:109300009E49A0481BF066F8A14815F07BFFA14BD1
:109310002A46A14900959E4815F0E8FF964A9749CC
:109320009B481BF057F89D4815F06CFF9C4B2A4654
:1093300000969C49994815F0D9FF8F4A8F49974864
:109340001BF048F8984815F05DFF984B2A460096A8
:109350009749954815F0CAFF874A884992481BF0FB
:1093600039F8944815F04EFF934B2A469349CDF8AF
:109370000080904815F0BAFF7F4A80498D481BF065
:1093800029F88F4815F03EFF8B4B2A4600968D49F1
:109390008B4815F0ABFF784A784989481BF01AF8DA
:1093A000894815F02FFF894B2A4600968849864840
:1093B00015F09CFF704A714983481BF00BF88548F3
:1093C00015F020FF7C4B2A4683490095814815F013
:1093D0008DFF694A69497F481AF0FCFF7F4815F004
:1093E00011FF724B2A467E4900957C4815F07EFF9E
:1093F000614A624979481AF0EDFF7A4815F002FF98
:10940000724B2A4678490095764815F06FFF5A4A04
:109410005A4974481AF0DEFF744A75497548F7F7DF
:10942000E3FC554A554973481AF0D4FF724815F0C9
:10943000E9FE724B2A466E4900956F4815F056FFBB
:109440004D4A4E496C481AF0C5FF6D4815F0DAFEDA
:109450006C4B2A4600964C49694815F047FF464A2E
:10946000464967481AF0B6FF674815F0CBFE674BD0
:109470002A4600966649644815F038FF3E4A3F493F
:1094800061481AF0A7FF634815F0BCFE624B2A46FC
:10949000009662495F4815F029FF374A37495D4811
:1094A0001AF098FF5E4815F0ADFE584B2A465D490C
:1094B00000955B4815F01AFF2F4A304958481AF0BA
:1094C00089FF594815F09EFE534B2A46574900958F
:1094D000554815F00BFF284A284953481AF07AFFDF
:1094E000534815F08FFE454B2A4600965149504887
:1094F00015F0FCFE204A21494D481AF06BFF4E4AF8
:109500004C494E48F7F770FC1B4A1C494B481AF06F
:1095100061FF4B4815F076FE3F4B2A4649490097BC
:10952000474815F0E3FE144A144945481AF052FF23
:10953000454815F067FE454B2A4600964449424887
:1095400015F0D4FE0C4A0D493F481AF043FF41483C
:1095500015F058FE3D4B2A460E4900953D4815F042
:10956000C5FE054A05493B481AF034FF3A4815F054
:1095700049FE3A4B2A4673E0088200202DCB0200B8
:109580000C63022020630220BC570220D8E5002093
:10959000346302200459022004E2002048630220C0
:1095A000D8530220A053022070630220F4570220F7
:1095B000286B022084630220C05202200CE50020A8
:1095C0009863022028590220AC63022064580220CC
:1095D000C8E60020C0630220BCE30020D463022060
:1095E00000E60020E8630220A46B0220E0C900200E
:1095F000405A0220FC63022010640220E859022035
:1096000024640220387302204C640220885902200E
:1096100008E3002060640220BC56022014E400200D
:1096200074640220E06A022088640220E458022068
:109630009C6402200051022010CA0020B064022065
:10964000C464022034E20020D8640220F4560220D0
:109650003CE40020EC64022000650220D076022069
:109660000096A549A54815F041FEA54AA549A3487D
:109670001AF0B0FEA44815F0C5FDA44B2A46A44933
:109680000097A14815F032FE9D4A9E499E481AF067
:10969000A1FEA04815F0B6FD9F4B2A469F490095B4
:1096A0009C4815F023FE964A96499A481AF092FE75
:1096B0009B4815F0A7FD984B2A4600969749984875
:1096C00015F014FE8E4A8F4995481AF083FE95488E
:1096D00015F098FD944B2A4600969449914815F050
:1096E00005FE874A87498F481AF074FE904815F0A6
:1096F00089FD904B2A46904900958D4815F0F6FD5E
:109700007F4A80498A481AF065FE8C4815F07AFD38
:10971000884B2A4600968849884815F0E7FD784A24
:10972000784986481AF056FE854815F06BFD854B42
:109730002A4600968449824815F0D8FD704A71493E
:109740007F481AF047FE814815F05CFD7D4B2A46A4
:109750007F4900957D4815F0C9FD694A69497B48F4
:109760001AF038FE7B4815F04DFD7B4B2A460096DB
:109770007A49784815F0BAFD614A624975481AF08D
:1097800029FE774815F03EFD734B2A467549009532
:10979000734815F0ABFD5A4A5A4971481AF01AFE3F
:1097A000714815F02FFD714B2A46714900956E489E
:1097B00015F09CFD524A53496B481AF00BFE6D4A56
:1097C0006B496D48F7F710FB4D4A4E496A481AF04D
:1097D00001FE6A4815F016FD694B2A460096694954
:1097E000664815F083FD464A464964481AF0F2FD82
:1097F000654815F007FD624B2A46644900956248AA
:1098000015F074FD3E4A3F495F481AF0E3FD604899
:1098100015F0F8FC5A4B2A465E49CDF800805C48AA
:1098200015F064FD364A374959481AF0D3FD5A48B5
:1098300015F0E8FC594B2A4600965949564815F050
:1098400055FD2F4A2F4954481AF0C4FD554815F0CC
:10985000D9FC554B2A4655490095524815F046FD0E
:10986000274A28494F481AF0B5FD514815F0CAFC5F
:10987000504B2A464D4900954D4815F037FD204A7A
:1098800020494B481AF0A6FD4B4815F0BBFC4B4B4A
:109890002A4646490095484815F028FD184A1949B6
:1098A00045481AF097FD464815F0ACFC3B4B2A465C
:1098B00019490095424815F019FD114A11494048CF
:1098C0001AF088FD3F4815F09DFC3F4B2A460F4992
:1098D00000953C4815F00AFD094A0A4939481AF032
:1098E00079FD3A4815F08EFC394B2A460749009518
:1098F000364815F0FBFC6DE0F457022000650220AD
:10990000088200202DCB020028650220F456022098
:109910005CE200203C650220046C0220A0E60020EE
:109920005065022064650220444B0220D853022077
:1099300078650220C46B022050E600208C6502206E
:10994000A0650220F8520220C0520220B465022015
:1099500064580220C865022048590220B0E2002065
:10996000DC650220986A02200466022080540220EE
:10997000E8590220D0CA0020186602202C66022076
:1099800010540220885902204066022088E30020FB
:1099900054660220E4E4002068660220C4580220D5
:1099A00040E700207C660220687A0220BC56022034
:1099B0009066022098810220A4660220387302205B
:1099C000B8660220E0660220007E0220F4660220D3
:1099D00030850220A64AA749A7481AF0FBFCA748F1
:1099E00015F010FCA64B2A46A6490095A34815F091
:1099F0007DFC9F4A9F49A1481AF0ECFCA24815F053
:109A000001FCA24B2A460096A1499F4815F06EFC26
:109A1000974A98499C481AF0DDFC9E4815F0F2FBE5
:109A20009A4B2A469C4900959A4815F05FFC904A4B
:109A3000904998481AF0CEFC984815F0E3FB984BF3
:109A40002A4600969749954815F050FC884A89495E
:109A500092481AF0BFFC944815F0D4FB904B2A466C
:109A60009249CDF80080904815F040FC804A814929
:109A70008D481AF0AFFC8E4815F0C4FB884B2A467F
:109A80008C4900958A4815F031FC794A7949884813
:109A90001AF0A0FC884815F0B5FB884B2A46884987
:109AA0000095854815F022FC714A724982481AF0E7
:109AB00091FC844815F0A6FB834B2A46804900950B
:109AC000804815F013FC6A4A6A497E481AF082FC05
:109AD0007E4A7B497E48F7F787F9654A65497C48A5
:109AE0001AF078FC7B4815F08DFB7B4B2A460096DC
:109AF0007A49784815F0FAFB5D4A5E4975481AF0D4
:109B000069FCDFF840A27648764BC560C0F804A037
:109B1000A0F80890036012F057F97348734BC0F82F
:109B200004A003600581C56012F04EF9704815F07D
:109B300069FB704B2A4600966F496D4815F0D6FBBD
:109B40004B4A4C496A481AF045FC6C4815F05AFBE0
:109B50006B4B2A4600966B49684815F0C7FB444A90
:109B6000444966481AF036FC674815F04BFB644BD5
:109B70002A4666490095644815F0B8FB3C4A3D49C1
:109B800061481AF027FC624815F03CFB5C4B2A4602
:109B9000604900975E4815F0A9FB354A35495C4895
:109BA0001AF018FC5C4815F02DFB524B2A465B4915
:109BB0000095594815F09AFB2D4A2E4956481AF03F
:109BC00009FC574815F01EFB564B2A46009656498D
:109BD000534815F08BFB264A264951481AF0FAFBE8
:109BE000524815F00FFB4F4B2A46514900954F48FC
:109BF00015F07CFB1E4A1F494C481AF0EBFB4D4800
:109C000015F000FB474B2A461D490097494815F0BF
:109C10006DFB174A174947481AF0DCFB464815F018
:109C2000F1FA294B2A4600962449434815F05EFB79
:109C30000F4A104940481AF0CDFB404815F0E2FAAF
:109C4000214B32461D4900973C4815F04FFB084A0E
:109C500008493A481AF0BEFB394815F0D3FA1A4BB6
:109C60003A461649CDF80080354815F03FFB6BE0C9
:109C7000088200202DCB0200F46602200867022033
:109C8000D0760220F45602201C670220845802205D
:109C9000F0E6002030670220C46B022044670220F7
:109CA00030530220485902205867022034E5002032
:109CB0006C670220E8E3002080670220444B02200A
:109CC0008054022094670220A455022040CA00203C
:109CD000BC670220D0670220CC4A0220F852022042
:109CE000E4670220B4CD0020F467022088CD002074
:109CF00004680220485402201054022018680220F0
:109D000014560220988102202C680220687A0220D2
:109D1000406802203873022054680220C458022090
:109D2000686802204C560220308502209C5A02208E
:109D3000007E0220B05A0220C45A0220D85A0220C3
:109D4000EC5A022030E80020A94AAA49AA481AF091
:109D500041FBAA4815F056FAA94B2A46A949009595
:109D6000A64815F0C3FAA24AA249A4481AF032FB49
:109D7000A548DFF840B30581C560C0E900A412F032
:109D800023F8A24840F20113C5600381C0E900A492
:109D900012F01AF89E4815F035FA994B2A460096AB
:109DA0009C499B4815F0A2FA914A924998481AF0AA
:109DB00011FB994815F026FA984B2A4698490095C8
:109DC000954815F093FA8A4A8A4993481AF002FB9B
:109DD000944815F017FA944B2A46944900959148F7
:109DE00015F084FA824A83498E481AF0F3FA9048B3
:109DF00015F008FA894B2A4600968C498C4815F0D4
:109E000075FA7B4A7B498A481AF0E4FA894815F0CA
:109E1000F9F9894B2A4600968849864815F066FA72
:109E2000734A744983481AF0D5FA854815F0EAF95F
:109E30007D4B2A4600968349814815F057FA6C4AB3
:109E40006C497F481AF0C6FA7F4815F0DBF97F4B62
:109E50002A467F4900957C4815F048FA644A6549CE
:109E600079481AF0B7FA7B4815F0CCF97A4B2A46B4
:109E700077490095774815F039FA5D4A5D4975488C
:109E80001AF0A8FA754A72497548F6F7ADFF584AB4
:109E9000584973481AF09EFADFF81CA27148046012
:109EA0000581C560C0F804A011F08EFF6E48046003
:109EB0000681C560C0F804B011F086FF6B4815F04C
:109EC000A1F9654B2A4600966949684815F00EFAD3
:109ED000474A484965481AF07DFA664815F092F9F4
:109EE000554B2A464D490095624815F0FFF9404A06
:109EF000404960481AF06EFA5F4815F083F95F4BED
:109F00002A4600963E495C4815F0F0F9384A39492E
:109F100059481AF05FFA5A4C5A48C0F800B0A0F8F5
:109F20000890C560446011F04FFF5748A0F80890B2
:109F3000DFF88891C0F800B0C560C0F8049011F057
:109F400043FF5248C0E900A40581C56011F03CFF01
:109F50004F48C0E900A90581C56011F035FF4D48A3
:109F600015F050F94C4B2A4600962F49494815F0F8
:109F7000BDF91F4A1F4947481AF02CFA474815F007
:109F800041F9454B2A462C490095444815F0AEF955
:109F9000174A184941481AF01DFA414815F032F99C
:109FA000404B2A46009640493D4815F09FF9104A1B
:109FB00010493B481AF00EFA3C4815F023F9394B8A
:109FC000324639490097394815F090F9084A09494D
:109FD00036481AF0FFF9364815F014F9314B3A4675
:109FE0003149CDF80080324815F080F968E000BFB3
:109FF000088200202DCB0200EC5A0220005B0220D8
:10A000006853022084580220145B0220245B022043
:10A01000345B022030530220485B02202C5802207F
:10A0200064E40020705B0220C859022090E4002004
:10A03000845B0220985B0220A8590220145602205B
:10A04000AC5B02204C560220C05B0220DC55022093
:10A05000A4550220D45B0220804B022070CA00204D
:10A06000E85B0220FC5B02200C5C02201C5C0220EE
:10A0700048540220445C0220585C0220084B022015
:10A080002C5702206C5C02207C5C02208C5C02203D
:10A090009C5C0220AC5C022084560220C05C022042
:10A0A000D45C022034550220CC4A0220E85C022015
:10A0B000105D022094DD002064DD00207457022032
:10A0C000A54AA649A6481AF085F9A64AA649A7486E
:10A0D000F6F78AFEA04AA149A4481AF07BF9A44ADF
:10A0E000A449A548F6F780FE9B4A9C49A2481AF06D
:10A0F00071F9A248C0F80090DFF81C930581C56093
:10A10000C0F8049011F060FE9D4804609D4C0581EC
:10A11000C560446011F058FE9B4815F073F89B4BE6
:10A120002A4600969A49984815F0E0F88A4A8B49E1
:10A1300095481AF04FF9974815F064F8934B32465A
:10A1400093490097934815F0D1F8834A8349914881
:10A150001AF040F9904815F055F88C4B3A468C4966
:10A16000CDF800808C4815F0C1F87B4A7B498A48BD
:10A170001AF030F9894815F045F8894B2A46894983
:10A180000095864815F0B2F8734A744983481AF06E
:10A1900021F9854815F036F8844B2A460096844903
:10A1A000814815F0A3F86C4A6C497F481AF012F9FF
:10A1B000804815F027F87D4B32467D4900977D4851
:10A1C00015F094F8644A65497A481AF003F97A4818
:10A1D00015F018F8754B3A467549CDF80080764869
:10A1E00015F084F85C4A5D4973481AF0F3F8734837
:10A1F00015F008F86E4B2A46714900956F4815F026
:10A2000075F8554A55496D481AF0E4F86D4814F050
:10A21000F9FF664B2A466A4900956A4815F066F8C8
:10A220004D4A4E4967481AF0D5F8674814F0EAFFDE
:10A23000664B2A4600964B49634815F057F8464A44
:10A24000464961481AF0C6F8614814F0DBFF614BDB
:10A250002A46009643495E4815F048F83E4A3F4971
:10A260005B481AF0B7F85C4814F0CCFF574B2A460D
:10A270003F490095584815F039F8374A374956484C
:10A280001AF0A8F8554814F0BDFF524B2A46384939
:10A290000095524815F02AF82F4A30494F481AF0D5
:10A2A00099F821464E4A4F48F6F79EFD2A4A2B4917
:10A2B0004C481AF08FF849464B4A4C48F6F794FD43
:10A2C000254A264949481AF085F8494814F09AFF6A
:10A2D000484B2A4600962D49454815F007F81E4A76
:10A2E0001E4943481AF076F8434A28494348F6F78E
:10A2F0007BFD194A194941481AF06CF8404A2B492C
:10A300004048F6F771FD144A14493E481AF062F8C5
:10A310003D4814F077FF3D4B3A46214900953A48B5
:10A3200014F0E4FF0C4A0D4937481AF053F8384846
:10A3300014F068FF0F4B2A4626490097344814F062
:10A34000D5FF054A054932481AF044F8314814F05F
:10A3500059FF054B2A4661E0088200202DCB020000
:10A36000105D0220E04F0220E0510220245D022017
:10A37000A44F0220A8510220385D02204C5D02202B
:10A380005C5D022030CD00206C5D0220DC55022097
:10A39000804B0220805D0220945D0220A85D022097
:10A3A000704C022084560220BC5D02206C550220B5
:10A3B000084B0220E45D0220F85D02200C5E0220C2
:10A3C00034550220205E0220345E02201852022002
:10A3D000485E0220505202205C5E0220705E022025
:10A3E000404A0220845E0220784A0220985E0220C1
:10A3F000C05E0220C4500220A0CA0020D45E022009
:10A40000E84C0220E85E0220FC5E0220AC4C0220F8
:10A41000105F0220245F02205CCD0020A649009737
:10A42000A64814F063FFA64AA649A44819F0D2FF33
:10A43000A54814F0E7FEA54B2A4600969E49A2487F
:10A4400014F054FF9E4A9F499F4819F0C3FFA0484B
:10A4500014F0D8FE9F4B2A469F4900959C4814F063
:10A4600045FF974A97499A4819F0B4FF9B4814F062
:10A47000C9FE9B4B2A4600969A49984814F036FF2D
:10A480008F4A9049954819F0A5FF974814F0BAFEF5
:10A49000964B2A4600969349934814F027FF884A22
:10A4A0008849914819F096FF914814F0ABFE914B02
:10A4B0002A4600968B498E4814F018FF804A81493D
:10A4C0008B4819F087FF8C4814F09CFE8B4B2A4672
:10A4D0008B490095884814F009FF794A79498648E4
:10A4E00019F078FF874814F08DFE874B2A4687497C
:10A4F0000095844814F0FAFE714A7249814819F0B7
:10A5000069FF834814F07EFE824B3A4682490095EB
:10A510007F4814F0EBFE6A4A6A497D4819F05AFFF9
:10A520007E4814F06FFE7E4B3A467B4900957B488F
:10A5300014F0DCFE624A6349784819F04BFF794A0F
:10A5400071497948F6F750FC5D4A5E49764819F042
:10A5500041FF764814F056FE614B2A467449009537
:10A56000724814F0C3FE564A5649704819F032FF3B
:10A57000704814F047FE5D4B2A466D4900956D48C2
:10A5800014F0B4FE4E4A4F496A4819F023FF6A4856
:10A5900014F038FE4D4B2A4665490095664814F084
:10A5A000A5FE474A4749644819F014FF634814F070
:10A5B00029FE504B2A465E490095604814F096FEED
:10A5C0003F4A40495D4819F005FF5D4814F01AFE06
:10A5D0005C4B3A4649490095594814F087FE384A81
:10A5E0003849574819F0F6FE574814F00BFE574B00
:10A5F0003A464249CDF80080534814F077FE304A7D
:10A600003049514819F0E6FE514814F0FBFD4F4B1C
:10A610003A46304900954E4814F068FE284A2949C8
:10A620004B4819F0D7FE4B4814F0ECFD454B3A4629
:10A630002849CDF80080474814F058FE204A2149A7
:10A64000444819F0C7FE444814F0DCFD3F4B2A464D
:10A6500000964249404814F049FE194A19493E48BB
:10A6600019F0B8FE3E4814F0CDFD364B2A463B4962
:10A6700000973B4814F03AFE114A1249384819F045
:10A68000A9FE384814F0BEFD2E4B324600963349E1
:10A69000344814F02BFE0A4A0A49324819F09AFE4F
:10A6A000314814F0AFFD294B32462C4900972E4813
:10A6B00014F01CFE5AE000BF50520220245F02201A
:10A6C000088200202DCB0200385F0220705102204A
:10A6D0004C5F0220BC4B0220404A0220605F0220F7
:10A6E0003851022018520220745F0220A851022023
:10A6F0009C5F0220E0510220B05F0220F84B022054
:10A70000784A0220C45F0220C4500220E84C022094
:10A71000D85F022034550220AC4C0220EC5F0220AE
:10A72000CC4A0220C8880220006002201460022067
:10A73000084A0220286002203C600220506002206B
:10A7400078600220F85402208C600220B854022065
:10A75000A0600220B4600220C86002203C500220A9
:10A76000DC600220F060022004610220794A7A490C
:10A770007A4819F02FFE7A4A7A497B48F6F734FB7B
:10A78000744A7549784819F025FE784A784979481D
:10A79000F6F72AFB6F4A7049764819F01BFE764A95
:10A7A00076497748F6F720FB6A4A6B49744819F0F6
:10A7B00011FE744814F026FD734B2A467349009528
:10A7C000704814F093FD634A63496E4819F002FE25
:10A7D0006F4814F017FD6C4B2A4600966D490A2607
:10A7E0006B4814F083FD5C495A4A694819F0F2FD40
:10A7F000694B6A4A6A4C1E721A6004F10800694B80
:10A8000065602360684BC4F8B850C4F8B43004F0F5
:10A81000AFFC2046654B664A40F8083B6549664BED
:10A8200003F07EFEFF2304F10800644C1A4619462B
:10A8300003F088FC252224216148F6F769FA1E22DC
:10A840001F216048F6F764FA324620215E48F6F789
:10A85000B9FA32461D215D48F6F7B4FA01221921F2
:10A860005B48F6F7AFFA642221215A48F6F7AAFAB4
:10A87000642205215848F6F7A5FA584A584B29464C
:10A88000584E04F1780013604FF6FF736265802222
:10A89000A560A4F8585084F85A5084F87080656711
:10A8A000C4F8F850C4E91A33C4E90055C4E90355A3
:10A8B000C4E90555C4E90755C4E90955C4E90B5570
:10A8C000C4E90D55C4E90F55C4E91155C4E9135540
:10A8D000C4E918551BF0D6FA1E4A43492046C4F86D
:10A8E0000851A4F80C51C4E9405519F073FD06F560
:10A8F0009F6206F5A7633D4906F5AF603662316099
:10A9000006F5B761B06330463164C6E90C234022D6
:10A910005023C6E90155A6F84830A6F8462010F0A5
:10A92000F1FC334B336003B0BDE8F08FCBF800206F
:10A93000FDF726BDCBF80020FEF7C5B9CBF8002007
:10A94000FEF787B9CBF80040FDF7A2BFCBF8002097
:10A95000FDF7EDBD088200202DCB0200046102202E
:10A96000084A0220C88802201861022088CD0020F1
:10A97000385102202C610220B4CD002070510220F9
:10A9800054610220686102201C500220B854022049
:10A990007C610220F8540220686A0220E84200200C
:10A9A0003C6D0220C0430020EDC801007C43002024
:10A9B000E1B801007858002081B7010028CE0020BE
:10A9C000C4DD00201C6D0220545002206C50022077
:10A9D00058690220A850022090500220646A022088
:10A9E000147D002080A2002099BD0000B04100200D
:10A9F0003441002001210D202DE9F04788B015F0E9
:10AA000039FF184B1968002903F0148116481BF010
:10AA100069F8164B1968002903F00F8114481BF0E0
:10AA200061F800221349144814F0D0FE02212020BE
:10AA3000124E15F01FFF02211D20114D15F01AFFB7
:10AA4000104BD3F89021D3F89411D3E966045368DE
:10AA500023EA04030C4C536015230C4A02600B607C
:10AA6000376818E02C730220846C02204C6B0220A3
:10AA7000C46C022040420F00747D0020146D02203F
:10AA80006C500220544800205450022038B001007D
:10AA900004F00AFE78B9C82015F032FE284604F00A
:10AAA000BFFD204604F0BCFD284604F0FDFD034632
:10AAB0002046002BECD0336840F2DB52DB1B934284
:10AAC00000D9FBBEF0F71EFFCB4804F0A9FDCB4830
:10AAD00004F0A6FDCA4CC84804F0EAFDC74804F0DB
:10AAE000E7FD302120460CF0D9FC47F26003054613
:10AAF000984202F0FA81C34905A815F0B1FBC2499A
:10AB000005A815F04DFC014602A815F0A9FB05A803
:10AB100015F0C2FB0299002903F000812A46BB48C8
:10AB20001AF0E0FF02A815F0B7FBE2882421B44830
:10AB300042F010020CF0FAFCE2882421B04842F402
:10AB400080720CF0F3FC55222021AD480CF0EEFC95
:10AB5000002842F0CF81AA4800250CF0A3FE0D2169
:10AB6000A7480CF0ADFE0022A54811460CF014FEDB
:10AB7000E2882421A24822F480720CF0D7FCE288FB
:10AB800024219F4822F01002A14C0CF0CFFC672139
:10AB90009B480CF00DFE64219E4820F06FFAC820FF
:10ABA00011F038F84FF0E023402204F51070C3F89C
:10ABB00088210A23616A84F83E32A5620EF0ECFD1A
:10ABC000954BD3ED007AF5EEC07AF1EE10FA02F172
:10ABD0006181B7EE007AF4EEC77AF1EE10FA42F333
:10ABE0003B804FF480338D4D2363D5ED007AF5EE35
:10ABF000C07AF1EE10FA02F149819FED957AF4EEF8
:10AC0000C77AF1EE10FA0CDC9FED927A844A67EE77
:10AC1000877AFCEEE77A17EE903AC4ED097A934210
:10AC200001D97F4B6362DFF82092B2EE087AD9ED4A
:10AC3000007AF4EEC77AF1EE10FA02F3FA809FED93
:10AC4000797AF4EEC77AF1EE10FA02F184839FED7F
:10AC5000767A67EE877AFCEEE77A17EE903A00276D
:10AC6000E3620A2384F83F72704C616A04F5107045
:10AC700084F83E32A7620EF08FFD6D4BD3ED007A63
:10AC8000F5EEC07AF1EE10FA09D4B7EE007AF4EEE0
:10AC9000C77AF1EE10FA42F396834FF480372763B8
:10ACA000644F97ED007AB5EEC07AF1EE10FA02F13A
:10ACB000C780DFED677AB4EEE77AF1EE10FA0CDCCC
:10ACC000DFED647A564A67EE277AFCEEE77A17EEF4
:10ACD000903AC4ED097A934201D9514B6362DFF88F
:10ACE0006C81F2EE086AD8ED007AF4EEE67AF1EEC5
:10ACF00010FA02F39A80DFED4B6AF4EEE67AF1EE99
:10AD000010FA02F1E182DFED486A67EEA66AFCEE16
:10AD1000E66A16EE903AE3620022474B082184F877
:10AD20003F22D3ED006A454BF5EEC06A9A6283F884
:10AD30003E12F1EE10FA09D4B7EE006AF4EEC66ADC
:10AD4000F1EE10FA42F337834FF48032D5ED006A0A
:10AD50001A63F5EEC06AF1EE10FA02F175809FED0C
:10AD60003C6AF4EEC66AF1EE10FA0CDC9FED396A2B
:10AD70002B4966EE866AFCEEE66A16EE902AC3ED73
:10AD8000096A8A4201D9264A5A62B2EE086AD9EDA6
:10AD9000006AF4EEC66AF1EE10FA02F33A809FED13
:10ADA000216AF4EEC66AF1EE10FA02F165829FEDB7
:10ADB0001E6A66EE866AFCEEE66A16EE902ADA6293
:10ADC00008211F4AD2ED006A0022F5EEC06A83F81E
:10ADD0003F221C4BF1EE10FA9A6283F83E123BD4EC
:10ADE000B7EE006AF4EEC66AF1EE10FA42F303839E
:10ADF0004FF4803230E000BF545002206C500220EB
:10AE0000686A0220806F0220844E0020C46C0220F9
:10AE1000687A0220004D202064D40020E48C0020B9
:10AE20000000FE7FCDCCCC3D00008045007E02209E
:10AE3000007D0020E88C0020D87D00209881022031
:10AE4000A4D4002030850220108D0020148D002015
:10AE50000044AC46C637BE47B5EEC07A1A63F1EE81
:10AE600010FA01F1FF875FED066AB4EEE67AF1EEC3
:10AE700010FA0CDC5FED096AD04927EE267ABCEEA9
:10AE8000C77A17EE102A83ED097A8A4201D9CB4A94
:10AE90005A62B2EE087AF4EEC77AF1EE10FA01F3D4
:10AEA000C0879FEDC77AF4EEC77AF1EE10FA02F18F
:10AEB00047829FEDC47A67EE877AFCEEE77A17EE59
:10AEC000902A4FF0000AC04CDA624FF0004283F83B
:10AED0003FA20C23616A04F5107084F83E32C4F876
:10AEE00028A00EF0BDFCB94BD3ED007AF5EEC07A88
:10AEF000F1EE10FA01F1BE87B7EE007AF4EEC77AF0
:10AF0000F1EE10FA42F392824FF48033D5ED007ADD
:10AF10002363F5EEC07AF1EE10FA01F1A7879FEDF9
:10AF2000AC7AF4EEC77AF1EE10FA0CDC9FEDA97A58
:10AF3000A24A67EE877AFCEEE77A17EE903AC4ED04
:10AF4000097A934201D99D4B6362B2EE087AD9ED3A
:10AF5000007AF4EEC77AF1EE10FA01F35E879FED06
:10AF6000987AF4EEC77AF1EE10FA02F1ED819FEDD6
:10AF7000957A67EE877AFCEEE77A17EE903AE3620D
:10AF80000023BFEE007A84F83F32934BD3ED007A72
:10AF9000F4EEC77AF1EE10FA01F15D87B7EE007AB0
:10AFA000F4EEC77AF1EE10FA42F32D8247F6FF7302
:10AFB0004FF00042A4F83C3200250C23A262874CDB
:10AFC000616A04F5107084F83E32A5620EF048FC08
:10AFD000834BD3ED007AF5EEC07AF1EE10FA09D486
:10AFE000B7EE007AF4EEC77AF1EE10FA42F3FB8185
:10AFF0004FF48035D7ED007A2563F5EEC07AF1EE97
:10B0000010FA01F12B879FED727AF4EEC77AF1EE18
:10B0100010FA0CDC9FED6F7A684A67EE877AFCEED7
:10B02000E77A17EE903AC4ED097A934201D9634B5F
:10B030006362B2EE087AD8ED007AF4EEC77AF1EEE8
:10B0400010FA01F3E2869FED5E7AF4EEC77AF1EE34
:10B0500010FA02F19F819FED5B7A67EE877AFCEE32
:10B06000E77A17EE903A5F49BFEE007A0022E3627A
:10B07000D1ED007A84F83F22F4EEC77AF1EE10FAAF
:10B0800001F11E87B7EE007AF4EEC77AF1EE10FAFE
:10B0900042F3DC8147F6FF7353494FF00042A4F8B6
:10B0A0003C32D1ED007AA262F5EEC07AF1EE10FAF0
:10B0B00001F10C87B7EE007AF4EEC77AF1EE10FAE0
:10B0C00042F389814FF48033484A936172B6484A0B
:10B0D0000023D361137662B6464AD2ED007AF5EECC
:10B0E000C07AF1EE10FA09D4B7EE007AF4EEC77A1E
:10B0F000F1EE10FA42F392814FF480333E493F4A19
:10B10000D1ED007A1362F5EEC07AF1EE10FA01F19A
:10B11000DA869FED2F7AF4EEC77AF1EE10FA01F39A
:10B1200012879FED2C7A67EE877AFCEEE77A17EEAE
:10B13000903AD36172B6324A0023D361137662B675
:10B14000304AD2ED007AF5EEC07AF1EE10FA09D469
:10B15000B7EE007AF4EEC77AF1EE10FA42F381818D
:10B160004FF480332849294AD1ED007A1362F5EE75
:10B17000C07AF1EE10FA01F16B869FED157AF4EECC
:10B18000C77AF1EE10FA01F3E2869FED127A67EECC
:10B19000877AFCEEE77A17EE903A1D499FED1D7A0B
:10B1A000D1ED007A1C48F4EEC77AD3610023F1EEAA
:10B1B00010FA836101F3268632E000BF0000FE7FB3
:10B1C000CDCCCC3D000080453873022050CF00200C
:10B1D0000044AC46C637BE4760CF0020D076022080
:10B1E00054CF002064CF002038CF002024690220F3
:10B1F000D8E5002068CF002070CF0020046B02202B
:10B2000000E600206CCF002074CF0020286B0220C5
:10B21000AC8C002000FEFF46BC57022000FEFFC69B
:10B220001FED027AF4EEC77AF1EE10FA02F12F80E8
:10B23000B0EE677ABEEEC87A17EE103A02F1E585F5
:10B240001C46DC499FEDDC7AD1ED007ADB4AF4EE56
:10B25000C77AC361DA4900204FF48033D461F1EE3C
:10B2600010FA90618B6101F3CA859FEDD67AF4EEF6
:10B27000C77AF1EE10FA01F1FC87B0EE677ABEEE04
:10B28000C87A17EE103AD04A4FF480309FEDCA7A50
:10B29000D2ED007ACD4AF4EEC77ACB6108629061B4
:10B2A000F1EE10FA01F3A8859FEDC67AF4EEC77AA5
:10B2B000F1EE10FA02F15780B0EE677ABEEEC87A6E
:10B2C00017EE103A4FF48031C2E9073172B6C04A26
:10B2D0000023D361137662B672B6BE4AD361137689
:10B2E00062B6BD4BF3EE047A93ED000AB4EEE70AC2
:10B2F000F1EE10FA01F17C85DFEDB87AB4EEE70AE1
:10B30000F1EE10FA02F32B80DFEDB57A20EE270A7A
:10B31000F0EE407AFEEEE07A17EE904A18F08EFEDC
:10B32000F0EE407AFEEEE07A17EE902AAD49B6EEE6
:10B33000007AAD4BD1ED007AF4EEC77AC3E906424C
:10B34000F1EE10FA01F15085B1EE047AF4EEC77A0D
:10B35000F1EE10FA01F3C087F7EE006A86EEA77AE5
:10B36000F0EE477AFEEEC17A17EE902A9F495A62B4
:10B37000D1ED007AF5EEC07AF1EE10FA01F1AC856C
:10B380009FEDA77AF4EEC77AF1EE10FA01F3C385C8
:10B39000B0EE677ABEEECA7A17EE102A9449F3EE41
:10B3A000047A1A6291ED000AB4EEE70AF1EE10FA9F
:10B3B00001F11685DFED897AB4EEE70AF1EE10FAB5
:10B3C00001F38687DFED867A20EE270AF0EE407AD9
:10B3D000FEEEE07A17EE904A18F030FEF0EE407A7A
:10B3E000FEEEE07A17EE902A8249B6EE007A824BA2
:10B3F000D1ED007AF4EEC77AC3E90642F1EE10FA15
:10B4000001F1EA84B1EE047AF4EEC77AF1EE10FAB3
:10B4100001F3B087F7EE006A86EEA77AF0EE477A7E
:10B42000FEEEC17A17EE902A74495A62D1ED007A85
:10B43000F5EEC07AF1EE10FA01F154859FED787ABD
:10B44000F4EEC77AF1EE10FA01F37985B0EE677A7F
:10B45000BEEECA7A17EE102A6949F3EE047A1A6230
:10B4600091ED000AB4EEE70AF1EE10FA01F1B084B2
:10B47000DFED5A7AB4EEE70AF1EE10FA01F37687BF
:10B48000DFED577A20EE270AF0EE407AFEEEE07A02
:10B4900017EE904A18F0D2FDF0EE407AFEEEE07A18
:10B4A00017EE902A5749B6EE007A574BD1ED007A45
:10B4B000F4EEC77AC3E90642F1EE10FA01F1848492
:10B4C000B1EE047AF4EEC77AF1EE10FA01F3DC86FD
:10B4D000F7EE006A86EEA77AF0EE477AFEEEC17AC2
:10B4E00017EE902A49495A62D1ED007AF5EEC07AFA
:10B4F000F1EE10FA01F1F3849FED497AF4EEC77A88
:10B50000F1EE10FA01F30B85B0EE677ABEEECA7A5F
:10B5100017EE102A3E49F3EE047A1A6291ED000A02
:10B52000B4EEE70AF1EE10FA01F14A84DFED2B7A6E
:10B53000B4EEE70AF1EE10FA01F3A286DFED287A05
:10B5400020EE270AF0EE407AFEEEE07A17EE904AFF
:10B5500018F074FDF0EE407AFEEEE07A17EE902AD5
:10B560002C49B6EE007A2C4BD1ED007AF4EEC77A76
:10B57000C3E90642F1EE10FA01F11E84B1EE047A3D
:10B58000F4EEC77AF1EE10FA01F3AD86F7EE006A39
:10B5900086EEA77AF0EE477AFEEEC17A17EE902A91
:10B5A0001E495A62D1ED007AF5EEC07AF1EE10FA3A
:10B5B00038E000BF8850022000FEFF46F45702200A
:10B5C000BC56022000FEFFC68C500220F45602201A
:10B5D00034E200205CE20020587C002000D0894644
:10B5E00093651538A87C0020CC4A0220008D0020ED
:10B5F000607C0020AC7C0020084B0220048D0020E1
:10B60000487C0020A07C0020444B0220088D0020B4
:10B61000507C0020A47C0020804B02200C8D002058
:10B620005DFEFF4001F155841FED037AF4EEC77A09
:10B63000F1EE10FA01F37784B0EE677ABEEECA7AC3
:10B6400017EE102ACE49F3EE047A1A6291ED000A41
:10B65000B4EEE70AF1EE10FA01F1AA83DFEDC97A40
:10B66000B4EEE70AF1EE10FA01F33986DFEDC67A9F
:10B6700020EE270AF0EE407AFEEEE07A17EE904ACE
:10B6800018F0DCFCF0EE407AFEEEE07A17EE902A3D
:10B69000BE49B6EE007ABE4BD1ED007AF4EEC77A21
:10B6A000C3E90642F1EE10FA01F17E83B1EE047AAD
:10B6B000F4EEC77AF1EE10FA01F3F185F7EE006AC5
:10B6C00086EEA77AF0EE477AFEEEC17A17EE902A60
:10B6D000B048F3EE047A4FF480515A6290ED000ABC
:10B6E0001962B4EEE70AF1EE10FA01F15983DFEDC9
:10B6F000A57AB4EEE70AF1EE10FA01F3CC85DFED9E
:10B70000A27A20EE270AF0EE407AFEEEE07A17EEFB
:10B71000904A18F093FCF0EE407AFEEEE07A17EED5
:10B72000902A9D49B6EE007A9C4BD1ED007AF4EE5A
:10B73000C77AC3E90642F1EE10FA01F12D83B1EEAA
:10B74000047AF4EEC77AF1EE10FA01F31A86F7EEF6
:10B75000006A86EEA77AF0EE477AFEEEC17A17EE1F
:10B76000902A8F48F3EE047A4FF480515A6290ED9C
:10B77000000A1962B4EEE70AF1EE10FA01F108834B
:10B78000DFED807AB4EEE70AF1EE10FA01F3F58509
:10B79000DFED7D7A20EE270AF0EE407AFEEEE07AC9
:10B7A00017EE904A18F04AFCF0EE407AFEEEE07A8E
:10B7B00017EE902A7B497C4BD1ED007A7B49F5EE60
:10B7C000C07A9C61DA615962F1EE10FA01F1698385
:10B7D0009FED777AF4EEC77AF1EE10FA01F39783D2
:10B7E000B0EE677ABEEECA7A17EE102A7149F7EE0C
:10B7F000007A714D91ED000A1A620123B4EEE70A56
:10B8000085F82030F1EE10FA01F14783DFED6B7A15
:10B81000B4EEE70AF1EE10FA01F37583DFED687A12
:10B8200020EE270A18F006FAB7EE007A654A664B52
:10B83000664937EE400A664C6648516259624FF4D9
:10B84000805185ED070A11621962C2E90640C3E919
:10B85000064072B6604A0023D361137662B672B6B0
:10B860005E4AD361137662B672B65D4AD3611376CF
:10B8700062B672B65B4AD361137662B672B65A4A42
:10B88000D361137662B672B6584AD361137662B644
:10B89000574AD2ED007AF5EEC07AF1EE10FA07D4ED
:10B8A000F4EEC77AF1EE10FA41F3C8854FF4803315
:10B8B0005049514AD1ED007A1362F5EEC07AF1EEAB
:10B8C00010FA01F1FA829FED537AF4EEC77AF1EEA5
:10B8D00010FA01F32C839FED507A67EE877AFCEE25
:10B8E000E77A17EE903A4549D361D1ED007AF5EE4B
:10B8F000C07AF1EE10FA01F1DD82B7EE007AF4EED3
:10B90000C77AF1EE10FA41F3BC854FF480333C491D
:10B910003C4AD1ED007A1362F5EEC07AF1EE10FAEE
:10B9200001F1C5829FED3B7AF4EEC77AF1EE10FA91
:10B9300001F301839FED387A67EE877AFCEEE77AB0
:10B9400017EE903A3049D361D1ED007AF5EEC07A26
:10B95000F1EE10FA01F1A882B7EE007AF4EEC77AA0
:10B96000F1EE10FA41F395854FF480332749284AC8
:10B97000D1ED007A1362F5EEC07AF1EE10FA4DE0E7
:10B98000DC8C002000D0894693651538987C002017
:10B99000704C0220E08C00209C7C0020AC4C0220EB
:10B9A00030880020188D0020344C022080F9855A00
:10B9B0005DFEFF40687C0020405A02200010A44633
:10B9C000936515B9BC4B0220F84B022000B76D5BA4
:10B9D000DF571700DE57170068E7002090E70020C8
:10B9E00084E20020B0E20020DCE2002008E3002036
:10B9F000908C002010CE0020746A0220948C0020CD
:10BA000014CE0020986A0220888C002008CE0020E6
:10BA1000BC6A02200044AC46C637BE4701F13382FF
:10BA20001FED047AF4EEC77AF1EE10FA01F3938277
:10BA30001FED077A67EE877AFCEEE77A17EE903A09
:10BA4000D049D361D1ED007AF5EEC07AF1EE10FA6B
:10BA500001F11682B7EE007AF4EEC77AF1EE10FA31
:10BA600041F307854FF48033C749C84AD1ED007AC6
:10BA70001362F5EEC07AF1EE10FA01F1FE819FED4E
:10BA8000C47AF4EEC77AF1EE10FA01F368829FED02
:10BA9000C17A67EE877AFCEEE77A17EE903ABE49F4
:10BAA000D3610B784FF48031DFEDBC6A002BBC4BC7
:10BAB000BC48D3ED007A08BF0020BB4BBB4A93EDD6
:10BAC000007ABB4C27EE877ABA4BA161E06147F25E
:10BAD0004174B4EEE67A45F29D601162196200216C
:10BAE000F1EE10FA51625962C2E90640C3E906401C
:10BAF00001F34B81DFEDB06AB4EEE67AF1EE10FAB5
:10BB000001F1DF83F0EE476AFEEEC86A16EE903A66
:10BB1000AA4A9FEDA27AD2ED006AA94867EEA67AFA
:10BB20008361F4EEC77AF1EE10FA01F32B819FEDF9
:10BB3000A27AF4EEC77AF1EE10FA01F1BF83B0EE0B
:10BB4000677ABEEEC87A17EE103A4FF48032C361BE
:10BB50009C4900209C4B9D4C9FED907AA2611862FD
:10BB6000C1E90622C3E90622994AD2ED007AF4EE31
:10BB7000C77AF1EE10FA01F302819FED8F7AF4EEAD
:10BB8000C77AF1EE10FA01F10284B0EE677ABEEEE8
:10BB9000C87A17EE102A8F499FED807AD1ED007A8E
:10BBA0005A62F4EEC77AF1EE10FA01F3E5809FEDE8
:10BBB000827AF4EEC77AF1EE10FA01F1E583B0EE85
:10BBC000677ABEEEC87A17EE103A834A00214FF426
:10BBD0008030DFED726A93615162804BC2E90701E8
:10BBE0007F4A196292ED007AB4EEE67AC3E9060064
:10BBF000F1EE10FA01F3BD80DFED6F6AB4EEE67A84
:10BC0000F1EE10FA01F15783F0EE476AFEEEC86AD2
:10BC100016EE902A9FED617A5A62F4EEC77AF1EE41
:10BC200010FA01F3A3809FED647AF4EEC77AF1EE87
:10BC300010FA01F13D83B0EE677ABEEEC87A17EED6
:10BC4000103A684A00214FF48030DFED546A936166
:10BC50005162654BC2E90701644A196292ED007AAC
:10BC6000B4EEE67AC3E90600F1EE10FA01F37B8048
:10BC7000DFED516AB4EEE67AF1EE10FA01F11583C8
:10BC8000F0EE476AFEEEC86A16EE902ADFED436AD0
:10BC90005A62F4EEE67AF1EE10FA01F34B809FED72
:10BCA000467AF4EEC77AF1EE10FA01F17E83B0EE37
:10BCB000677ABEEEC87A17EE102A4D4B00214FF47A
:10BCC0008030DFED366A9A6159624A4AC3E907015A
:10BCD000494B116293ED007AB4EEE67AC2E90600B0
:10BCE000F1EE10FA41F31680444B9FED2C7A53622B
:10BCF000F4EEC77AF1EE10FA01F3D4829FED2E7ABA
:10BD0000F4EEC77AF1EE10FA01F14C83B0EE677AE7
:10BD1000BEEEC87A17EE103A394900209FED1F7A1F
:10BD20004FF48034D1ED007A364AF4EEC77A3649C2
:10BD300093615062F1EE10FA8861C2E9074000F3A6
:10BD400093879FED1D7AF4EEC77AF1EE10FA01F1B8
:10BD50002583B0EE677ABEEEC87A17EE102A02F19C
:10BD60005780104600239FED0D7AC1E907234B62EF
:10BD70002649C1E90632C1E908332549C1E906323D
:10BD800048E000BF8C8C00200CCE0020E06A02202E
:10BD90000044AC46C637BE47D08E002000FEFF46AA
:10BDA000847C00200000FEFFE0CD0020145602201D
:10BDB0002C5802204C56022000FEFFC6E4CD002085
:10BDC0008456022000510220C052022080540220DA
:10BDD000CC8C0020B88C0020F85202203053022076
:10BDE000D08C002068530220A0530220D48C002065
:10BDF000D853022010540220D88C00200000FF7F6E
:10BE0000A88C002048540220345502206C55022092
:10BE1000A4550220D14AC1E90833C2E90630C2E97B
:10BE20000833CF4A0120CF4BD2ED007AD3ED006A20
:10BE3000CD4967EEA67AC861F4EEC77AF1EE10FA42
:10BE400000F3FB879FEDC97AF4EEC77AF1EE10FAA2
:10BE500001F17E82B0EE677ABEEEC87A17EE103A34
:10BE6000C3494FF480301122C24CC34F0025C1E9B1
:10BE70000630C249C2480BF0DDFFC24AC24B204621
:10BE8000D2ED007A4FF4B04293ED007AFDEEE77AFE
:10BE900097ED000ABDEEC77ABC49CDED007A17EEEA
:10BEA000103A0BF0D7FEBA4ABA4BD2ED007A4FF4F3
:10BEB000B04293ED007AFDEEE77A84F83850BDEE9B
:10BEC000C77AB54C97ED000AB449204617EE103AF0
:10BED000CDED007A0BF0BEFEB14B84F838501B78E4
:10BEE000012B01F0DE82022B01F05280AD4BDFED21
:10BEF000AE6A93ED007AB4EEE67AF1EE10FA01F351
:10BF00006F81DFED9A7AB4EEE77AF1EE10FA01F183
:10BF10006583F0EE477AFEEEC87A17EE902ADFEDE1
:10BF2000A37ADFEDA16A67EE277AA14B9A61F4EE5E
:10BF3000E67AF1EE10FA41F36481B4EEE67A9D49B7
:10BF4000D961F1EE10FA01F39D87DFED886AB4EE56
:10BF5000E67AF1EE10FA41F1D986974A0B469748F6
:10BF60009FED926AD0ED007ADFED8F6A67EE867AF8
:10BF70009349C1E90623F4EEE67AF1EE10FA01F3F3
:10BF80001B869FED7A7AF4EEC77AF1EE10FA01F192
:10BF9000A386B0EE677ABEEEC87A17EE103A8949EA
:10BFA0009FED826A91ED007ADFED7F6A27EE067AD7
:10BFB000854A9361B4EEE67AF1EE10FA41F3C48556
:10BFC000F4EEE67A7B49D161F1EE10FA01F3848751
:10BFD000DFED666AF4EEE67AF1EE10FA41F1898659
:10BFE000754B0A467948DFED707A90ED007A784912
:10BFF000B4EEE77AC1E90632F1EE10FA01F35985A1
:10C00000DFED5A7AB4EEE77AF1EE10FA01F16E86BE
:10C01000F0EE477AFEEEC87A17EE903A6D4AB6EE29
:10C02000006A6D48DFED606AD2ED007A836167EEE9
:10C03000867A67EE877AF4EEE67AF1EE10FA01F38B
:10C040003D84DFED4A6AF4EEE67AF1EE10FA01F192
:10C05000EB85F0EE676AFEEEC86A16EE903A01F1E3
:10C0600038871C46DFED506AC361B4EEE67AF1EE24
:10C0700010FA41F309844F4A9FED4B7AF4EEC77AE8
:10C08000F1EE10FA01F316849FED387AF4EEC77AD8
:10C09000F1EE10FA01F1CB85B0EE677ABEEEC87A08
:10C0A00017EE103A01F11287194604624B48C0E9B5
:10C0B00006234B4B016293F81E2142B1002283F804
:10C0C0001E2172B6D3F87821C3F8342162B6454AEE
:10C0D000D2ED007AF5EEC07AF1EE10FA01F1D083DC
:10C0E000F7EE006AF4EEE67AF1EE10FA01DC67EEA4
:10C0F000A76A1A6B9FED2D7A803A07EE902AF8EE28
:10C10000677A37EE676AE6EE267A72B6C3ED557A3D
:10C1100062B693F82121002A6CD1334AF7EE007AF7
:10C12000D2ED006AF4EEC76AF1EE10FA09D4F4EE2B
:10C13000E76AF1EE10FA41F38385DFED2C7A9FED8B
:10C140002C7AD3ED4A6AC3ED5E7A27EE267A72B670
:10C1500083ED497AC3ED4D7A62B64BE0DC5502209F
:10C16000B87B0020BC7B0020E84C022000FEFFC60C
:10C17000C4500220A44F0220F0CC00209887002059
:10C18000C8880220F4CC0020E0CC0020D4E90020B4
:10C19000F8CC0020E4CC0020E04F0220D49901200C
:10C1A000C88E0020307C002000FEFF46000000000A
:10C1B000385102200000FF7F00000180FCCC0020ED
:10C1C0007051022000CD002018520220347C002043
:10C1D00050520220ECCC0020A8510220E051022055
:10C1E00030E8002010CD002004CD0020CCCCCC3E87
:10C1F0008FC2753FCC4A92ED007AB5EEC07AF1EE6F
:10C2000010FA01F13783F7EE007AB4EEE77AF1EE37
:10C2100010FA41F318869FEDC57A72B6C3ED4B7ADA
:10C2200083ED4C7A62B6C24AD2ED007AF5EEC07A5E
:10C23000F1EE10FA01F11A83B7EE007AF4EE477AC4
:10C24000F1EE10FA77FE277A72B6C3ED517A62B634
:10C2500093F82111B9B992ED007AF7EE007AB5EEB4
:10C26000C07AF1EE10FA08D4B4EEE77AF1EE10FAE3
:10C27000D4BF77EEC77ADFEDAD7AC3ED607A72B6E0
:10C28000C3ED4F7A62B6AB48AB4B90ED007A93F8B2
:10C290002820B5EEC07AD3F80C116FF30002C3F872
:10C2A0000811F1EE10FA83F8282001F1D982F7EE97
:10C2B000007AB4EEE77AF1EE10FA41F3AC859FED27
:10C2C0009B7A72B6C3ED447A83ED457A62B69B4A97
:10C2D000D2ED007AF5EEC07AF1EE10FA01F1BC82EF
:10C2E000F7EE006AF4EEE67AF1EE10FA05DC67EE9E
:10C2F000E76AB0EE007AE7EE876ADFED917A4FF0F9
:10C300007C5293EDDC7AC3F80C2137EE677AE7EEC6
:10C31000267AC3EDDE7A72B6C3EDDD7AC3F8082162
:10C3200062B6884A92ED007AB5EEC07AF1EE10FA64
:10C3300001F18E82F7EE007AB4EEE77AF1EE10FAB0
:10C3400041F36784DFED807A72B6C3ED467AC3EDC0
:10C35000497A62B67D4AF7EE007A92ED007AB5EE40
:10C36000C07AF1EE10FA08D4B4EEE77AF1EE10FAE2
:10C37000D4BF77EEC77ADFED6D7AC3ED5C7A72B623
:10C38000C3ED5B7A62B64FF00042C3F8782172B613
:10C390004FF07E51C3F87421C3F87C1362B672B6B5
:10C3A0000021C3F80C1262B672B6C3F8102262B64E
:10C3B00072B667489FED677AD0ED0C7A67EE877AA0
:10C3C000FCEEE77AC3ED9B7AC3EDAB7A62B672B648
:10C3D000C3F86412C3F8A412C3F85C1262B693F8EF
:10C3E0002820920707D472B6C3F8E812C3F82813BE
:10C3F000C3F8E01262B672B69FED567AD0ED0C7AB1
:10C4000067EE877AFCEEE77AC3EDBC7AC3EDCC7AAF
:10C4100062B65148002519F0CDFF4F4902464F48FA
:10C420004F4C13F099FD4D4813F0CAFDC82014F08D
:10C4300067F9636D47F6122100221868494F0368B7
:10C44000DB6998474FF6FF733268A4F85850656768
:10C45000C4F8002184F85A5084F8F850C4F8FC500D
:10C46000C4E91A33032384F87030C4E918553C46F4
:10C470000DF0BEFAF0F7CCFBF0F75CFF2846013573
:10C4800014F082FA04F8010B042DF7D136493A680A
:10C49000314819F027FB304819F08CFF2E4902462D
:10C4A0002E4813F059FD2D4813F08AFD3A687F2A73
:10C4B00001F2D082DFF8C8800C24464620460134C1
:10C4C00014F062FA06F8010B102CF7D1D8F800200E
:10C4D0002649214819F006FB1F4819F06BFF1E4939
:10C4E00002461E4813F038FD1C4813F069FDD8F8C9
:10C4F0000020A2F10E03642B01F29182D2B29FEDD3
:10C500001C7ADFED1C6A07EE902A1B4BDFF8748063
:10C51000F8EE677A1A704646184B77EEC77A87EEC0
:10C52000A67A83ED007A2FE008CD002000000000FD
:10C53000387C00201CCD0020986F022020CD0020E8
:10C54000CDCC4C3E18CD00206666263F14CD002091
:10C55000E44D002000008049846C0220747D00209E
:10C5600028CE0020EC490220944E0020EC4E002002
:10C57000000080420000C842C98E00202CCD00205F
:10C58000DC490220E44902202046013414F0FCF981
:10C5900006F8010B142CF7D1D8F80020C949CA4875
:10C5A00019F0A0FAC84819F005FFC7490246C74864
:10C5B00013F0D2FCC54813F003FDD8F80020A2F117
:10C5C0003403182B01F21082D2B2DFEDC16AB2EE51
:10C5D000087AC04B07EE902ADFF854831A70F8EE01
:10C5E000677ABD4B464677EEE67A67EE877AC3ED0B
:10C5F000007A2046013414F0C7F906F8010B182C14
:10C60000F7D1D8F80020B549AF4819F06BFAAE4819
:10C6100019F0D0FEAC490246AC4813F09DFCAB4883
:10C6200013F0CEFCD8F80020A2F13E03042B01F257
:10C63000C081D2B2DFEDA66AB2EE087AA84B07EE4F
:10C64000902ADFF8F0821A70F8EE677AA54B46461A
:10C6500077EEE67A67EE877AC3ED007A20460134FA
:10C6600014F092F906F8010B1C2CF7D1D8F8002031
:10C670009D49954819F036FA934819F09BFE924966
:10C680000246924813F068FC904813F099FCD8F8E1
:10C690000020531E0A2B01F27181DFF89C920826BC
:10C6A000924BC8461A703046013614F06DF908F8FE
:10C6B000010B0C2EF7D1D9F800208D49824819F0D2
:10C6C00011FA814819F076FE7F4902467F4813F03F
:10C6D00043FC7E4813F074FCD9F80030642B01F25F
:10C6E0004181DBB2DFED836ADFF8509207EE903ACA
:10C6F000814A824EC846F8EE677A137087EEA67AB2
:10C7000086ED007A2846013514F03EF908F8010B51
:10C71000082DF7D1D9F8002079496B4819F0E2F9D2
:10C72000694819F047FE68490246684813F014FC4E
:10C73000664813F045FCD9F80030642B01F20681FD
:10C74000DBB29FED6C7ADFF8C49107EE903A6D4A48
:10C75000DFF8EC814D46F8EE676A1370C6EE877A13
:10C7600067EEA77A77EEA77AC8ED007A2046013403
:10C7700014F00AF905F8010B202CF7D16249D9F819
:10C780000020514819F0AEF94F4819F013FE4E49F8
:10C7900002464E4813F0E0FB4C4813F011FCD9F868
:10C7A0000030012B09D9012304221C215748C9F864
:10C7B000003014F093FAD9F80030DFF88891544A29
:10C7C0004D4613702046013414F0DEF805F8010BD5
:10C7D000242CF7D14F49D9F800203B4819F082F9B1
:10C7E000394819F0E7FD38490246384813F0B4FBE0
:10C7F000364813F0E5FBD9F800305A1E0F2A01F233
:10C800009980DFF84491444A4D4613702046013424
:10C8100014F0BAF805F8010B282CF7D13F49D9F8E4
:10C820000020294819F05EF9274819F0C3FD264970
:10C830000246264813F090FB244813F0C1FBD9F8B8
:10C8400000305A1F7A2A01F26980DFF80091344AD9
:10C850004D4613702046013414F096F805F8010B8C
:10C860002C2CF7D12F49D9F80020174819F03AF9A4
:10C87000154819F09FFD14490246144813F06CFB4B
:10C88000124813F09DFBD9F800305A1E0F2A01F20E
:10C890003980DFF8BC90244A4D461370204601349D
:10C8A00014F072F805F8010B302CF7D1D9F80020FC
:10C8B0001E49054819F016F9034819F07BFD024995
:10C8C000024647E03C4F0020846C0220747D00202B
:10C8D00000008042CF8E0020A0D40020844F002092
:10C8E000CE8E00204CCF0020C44F0020D58E0020DB
:10C8F0000C5000200000C84231890220305502202F
:10C900002C500020DD8E002044500020048A00209E
:10C91000D88E002068500020DB8E00208050002040
:10C92000DC8E002098500020D98E0020B4500020CA
:10C93000E0490220008A0020E8490220188A0020ED
:10C94000C48E0020108A0020148A0020088A00204B
:10C950000C8A0020C64813F0FFFAC54813F030FBDC
:10C96000D9F800305A1F7A2A00F2C087DFF8949372
:10C970003824C04A4D4613702046013414F004F8A0
:10C9800005F8010B3C2CF7D1BB49D9F80020BB4876
:10C9900019F0A8F8B94819F00DFDB8490246B44895
:10C9A00013F0DAFAB24813F00BFBD9F80030A3F118
:10C9B0003C02282A00F28E87DFF84C93B04A4D469D
:10C9C00013702046013413F0DFFF05F8010B402CF3
:10C9D000F7D1AC49D9F80020A84819F083F8A74846
:10C9E00019F0E8FCA5490246A14813F0B5FAA048A1
:10C9F00013F0E6FAD9F80030A34DA3F13802102A5B
:10CA000001F24B80DFF804932B704D462046013431
:10CA100013F0BAFF05F8010B442CF7D1D9F8002028
:10CA20009A49964819F05EF8944819F0C3FC934966
:10CA300002468F4813F090FA8D4813F0C1FAD9F8E6
:10CA40000030934CA3F13802102A01F21A802370AF
:10CA5000F6EE007A8F4B90491B68F0EE676A98ED0E
:10CA6000007ACB628D49DFED8E5ACB628D49B4EEF0
:10CA7000E57A8D4A91ED006AF1EE10FA8B4BE6EE05
:10CA8000276AE6EE677AC2ED0E6AC2ED0F7AC3ED51
:10CA90000E7AC3ED0F6A00F38986DFED9D7AB4EE5E
:10CAA000E77AF1EE10FA01F19980F0EE477AFEEEA6
:10CAB000C87A17EE901A7E4AD6ED007A92ED006A97
:10CAC000DFED776A67EE867A7A4B9961F4EEE67A63
:10CAD000F1EE10FA40F38186B4EEE67A0022764950
:10CAE0005A62F1EE10FAC3E9071201F3D381DFEDC8
:10CAF000886AB4EEE67AF1EE10FA41F183806F4A6B
:10CB00000B4600256E486F494026826145623A68AF
:10CB10006D4CC0E90735594818F0E4FF574819F043
:10CB200049FC56490246524813F016FA504813F091
:10CB300047FA38684FF080472060EEF7B7FEECF711
:10CB40007DF9226861494D4818F0CCFF4B4819F037
:10CB500031FC4A490246464813F0FEF9444813F0B6
:10CB60002FFA5B4CEDF7B4FA5A4A4FF0E02301215B
:10CB700059481170C3F808611EF074FA04F10800F6
:10CB800002F0FEFC04F1080001F0B2FC294604F1B9
:10CB9000080002F0FFFC04F1080001F043FC04F17E
:10CBA000080001F04BFC04F108004C4902F0ECF8DD
:10CBB0004B4A8023294604F10800CDE900622A4649
:10CBC000484E01F08DFB04F1080001F037FC4FF4F2
:10CBD000FA6013F095FD04F1080001F023FC424ACD
:10CBE00094F99E102846F4F79BFD04F1080001F02B
:10CBF00025FC3E4904F108004FF0A61502F0C4F8E8
:10CC00002046E7F701F83068394CE5F7DDFE394892
:10CC10008462C0E90C750AF049FF37488462C0E9B4
:10CC20000C750AF043FF35488462354CC0E90C7539
:10CC30000AF03CFF204602F0F3FC204602F034FDEF
:10CC40000028F7D04FF4FA6013F05AFD306808B0AE
:10CC5000BDE8F047E6F7F4B9B0EE677ABEEEC87A01
:10CC600017EE103AFDF7BFBF134AFFF77AB800BFBF
:10CC7000747D0020DA8E0020D0500020846C0220C9
:10CC8000CD8E0020F0500020D38E002014510020C3
:10CC9000D48E0020C44A022094DD002064DD0020F0
:10CCA00000FEFF460CCD00202C57022074570220B6
:10CCB0001C8A0020B85402200000FF7F0000018081
:10CCC000F8540220385100202CE200205851002056
:10CCD0003C6D0220468902201C7F002084580020E1
:10CCE0001422006024590220C46C0220E86800204D
:10CCF0004B01A600084A0220404A0220784A02203E
:10CD000058690220F4890020F8890020FC8900205D
:10CD100000FEFFC65FED026AB4EEE67AF1EE10FAAD
:10CD200000F14683F0EE476AFEEEC86A16EE903ACE
:10CD3000FEF7DBBF8C4B00214FF480308B4C5962E7
:10CD40009C618B4AC3E907018A4B116293ED007A1B
:10CD5000B4EEE67AC2E90600F1EE10FADADD234617
:10CD60005462FEF7D9BF814AFEF790BF7F4BFEF7B2
:10CD700068BF7E4AFEF74EBF7C4BFEF726BF7B4A5C
:10CD8000FEF709BF794BFEF7E0BE784BFEF7C0BE59
:10CD9000794A7A4CFEF70EBD6FF00042FEF7E1BC17
:10CDA000754A764CFEF7BDBC6FF00042FEF790BCB2
:10CDB000714A724CFEF76CBC6FF00042FEF7F0BB9C
:10CDC0006D4A6E4CFEF7CCBB6FF00042FEF78ABB9B
:10CDD000694A6A4CFEF766BB6FF00042FEF724BB5F
:10CDE000654A664CFEF700BB6FF00042FEF7BEBA24
:10CDF000614A624CFEF79ABA5C4BFEF763BA5B4B32
:10CE0000FEF741BA594BFEF71BBA4FF44043FEF709
:10CE10002AB94FF44042FDF7D2BF4FF44043FEF72A
:10CE2000AEB84FF44042FEF74CB84FF44043FDF724
:10CE300072BF4FF44043FDF712BF4C4BFFF710B8E1
:10CE400000236362FDF74BBF00225A62FDF79DBFCE
:10CE50000023FEF7A2B94A4BFEF7AAB8002363628B
:10CE6000FEF7E7B800225A62FEF713B800236362A8
:10CE7000FEF76BB85346FEF749B80023FEF70FBE26
:10CE80000023FEF7F1BD0023FEF7DABD0023636245
:10CE9000FDF7C9BE2B46FDF7A6BE9FED3A0AFEF789
:10CEA000C1BC0022FEF7A2BC0023FEF75FBD002339
:10CEB000FEF748BD0023FEF72ABD0023FEF713BD91
:10CEC0002F4BFEF7E9B80023FEF733B90023FEF736
:10CED000FBB80022FEF7B6BB0022FEF75FBA0022C5
:10CEE000FEF718BB0022FEF7B7BA20460AF00EFC88
:10CEF000FDF71BBEE2882421234842F004020AF019
:10CF000015FBFDF728BE9FED210AFEF78BBC47F607
:10CF1000FF72FEF76BBC47F6FF72FEF73FBA47F6AB
:10CF2000FF72FEF7F7BA47F6FF72FEF78BBB4FF0C2
:10CF30000043FEF7D8BC4FF00043FEF703BD47F6B1
:10CF4000FF72FEF789BA4FF00043FEF7F2B84FF0D8
:10CF50000043FEF722B94FF00043FEF771BD4FF0DA
:10CF60000043FEF79CBD00BFD85302200000FF7FA6
:10CF700010540220D88C0020DE571700DF5717000E
:10CF80000180FFFF936515B9686A0220D17C3FC01C
:10CF9000D64AD74B92ED007AD3ED007ADFEDD56A11
:10CFA00067EE277AF4EEE67AF1EE10FA40F3D182DA
:10CFB000B4EEE67AD04BD149F1EE10FA996140F324
:10CFC0005986D9610A460B46CD489FEDCA7AD0ED05
:10CFD000007ACC49F4EEC77AC1E90623F1EE10FAE3
:10CFE00000F345869FEDC87AF4EEC77AF1EE10FAA9
:10CFF00000F1B786B0EE677ABEEEC87A17EE101A67
:10D00000C24B9FEDC37AD3ED006A9FEDBA6A26EE5C
:10D01000877AC04A9161B4EEC67AF1EE10FA00F355
:10D0200023869FEDB96AB4EEC67AF1EE10FA00F1EC
:10D03000B386B0EE476ABEEEC86A16EE103A9FEDB0
:10D04000B46A9FEDAC7A67EE867AD361F4EEC77A64
:10D05000F1EE10FA00F305869FEDAB7AF4EEC77A95
:10D06000F1EE10FA00F19586B0EE677ABEEEC87A5E
:10D0700017EE103ADFED9F7AA74AF4EEE76A936164
:10D08000F1EE10FA00F3EA85DFED9F7AF4EEE76A3D
:10D09000F1EE10FA00F15786F0EE667AFEEEC87AED
:10D0A00017EE903A9D49DFED937A91ED007AD361C6
:10D0B000B4EEE77AF1EE10FA00F30186DFED927A32
:10D0C000B4EEE77AF1EE10FA00F15786F0EE477A07
:10D0D000FEEEC87A17EE902A914B9FED926AD3ED3F
:10D0E000007ADFED846A67EE867A8F48826167EEA8
:10D0F000877AF4EEE67AF1EE10FA00F3DD85DFEDE3
:10D10000826AF4EEE67AF1EE10FA00F14B86F0EE68
:10D11000676AFEEEC86A16EE903ADFED7D6A9FED13
:10D12000756A67EE266AC361F4EEC66AF1EE10FA1C
:10D1300000F3C8859FED746AF4EEC66AF1EE10FA4A
:10D1400000F11E86B0EE666ABEEEC86A16EE103AB0
:10D150009FED686A0362B4EEC67AF1EE10FA00F34E
:10D1600012869FED696AB4EEC67AF1EE10FA00F10C
:10D170003686B0EE476ABEEEC86A16EE103A9FEDEC
:10D180005D7AF4EEC76AF1EE10FA00F333869FED94
:10D190005E7AF4EEC76AF1EE10FA00F10086B0EEA6
:10D1A000667ABEEEC87A17EE102A9FED527A5F4873
:10D1B000F4EEC77AC0E90632F1EE10FA00F3798591
:10D1C0009FED517AF4EEC77AF1EE10FA00F1CE85B8
:10D1D000B0EE677ABEEEC87A17EE101AFEF769BF96
:10D1E000DFED4B7A444B67EE277A44499961F4EEC0
:10D1F000E67AF1EE10FA04DDD9610A460B46FEF735
:10D20000AEBEDFED416AF4EEE67AF1EE10FA00F11F
:10D21000E881F0EE676AFEEEC86A16EE902ADFED4E
:10D22000356ADA61B4EEE67AF1EE10FA00F3688559
:10D23000DFED356AB4EEE67AF1EE10FA40F166857C
:10D240003B4A9FED2C7AF4EEC77AF1EE10FA00F328
:10D25000AF859FED2D7AF4EEC77AF1EE10FA00F16A
:10D260005285B0EE677ABEEEC87A17EE103AFEF736
:10D2700076BE2F4BFEF707B840F29912FDF79FBD1F
:10D280002C4A2D4CFEF76CB92C4AFEF72BB9284BD3
:10D290001C46FDF7D6BF274A274CFEF742BA274A5D
:10D2A000FEF716BA154BFEF737BD214AFEF7EEBC66
:10D2B0001F4BFEF7C6BC1E4AFEF7ACBC1C4BFEF76C
:10D2C00044BC1B4BFEF724BC40F29913FDF723BD71
:10D2D000184A194CFEF788B8184AFEF747B8154A9D
:10D2E000154CFEF7D5B9154AFEF75AB9307C002027
:10D2F000E8CC002000FEFF46385102200000FF7FEE
:10D30000FCCC00207051022000FEFFC600CD0020A2
:10D31000000000001852022050520220347C0020ED
:10D32000ECCC00203333333FA8510220E0510220DF
:10D3300000000180008C3C4B00BE6C50D0CCCC0C6B
:10D3400040F29912FDF7BDBD40F29913FDF717BEEB
:10D35000D74BFEF785BD40F29913FDF780BCD54A47
:10D36000D54CFDF7E3BFD24BFDF7ACBFD14AD24C51
:10D37000FEF798B8D14AFEF757B8CE4ACE4CFEF722
:10D3800019BACE4AFEF7EDB9C94BFEF71EBCC84A22
:10D39000FEF701BC40F29913FDF765BEC44A104682
:10D3A000FEF7E0BCC24BFEF7B7BCC14AFEF785BC36
:10D3B000BF4BFEF79ABCB0EE666ABEEEC86A16EEC8
:10D3C000102AFDF7C3BCB0EE677ABEEEC87A17EE3E
:10D3D000107AFDF764BCB0EE677ABEEEC87A17EE3D
:10D3E000103AFDF771BEB0EE677ABEEEC87A17EE5E
:10D3F000105AFDF7FFBDB0EE666ABEEEC86A16EEC3
:10D40000102AFDF729BD9FEDB67A67EE877AFDEE0B
:10D41000E77A17EE903A1BB2FDF7CABDB0EE677A15
:10D42000BEEEC87A17EE103AFDF768BEB0EE677A26
:10D43000BEEEC87A17EE103AFDF768BDB0EE677A17
:10D44000BEEEC87A17EE103AFEF732BA9FEDA47A14
:10D4500067EE877AFDEEE77A17EE903A1BB2FDF79A
:10D460001BBEB0EE677ABEEEC87A17EE103AFDF733
:10D4700079BEB0EE677ABEEEC87A17EE103AFEF7C4
:10D48000F3BAB0EE677ABEEEC87A17EE103AFEF73E
:10D490003EBAB0EE677ABEEEC87A17EE103AFEF7E3
:10D4A00065BA874A874B92ED007AD3ED007ADFEDBB
:10D4B0008C6A67EE277AF4EEE67AF1EE10FA40F322
:10D4C0009280B4EEE67A804B8049F1EE10FA9961D1
:10D4D00040F3B280D9610A460B467D48DFED806A91
:10D4E000D0ED007A7B49F4EEE67AC1E90623F1EE4D
:10D4F00010FA00F318849FED7B7AF4EEC77AF1EE10
:10D5000010FA00F15C84B0EE677ABEEEC87A17EECE
:10D51000103A7149DFED726A91ED007A6F4AB4EE0C
:10D52000E67A9361F1EE10FA40F3DE80F4EEE67AEB
:10D530006649D161F1EE10FA00F3A184DFED696A6A
:10D54000F4EEE67AF1EE10FA40F1ED80584B0A461F
:10D5500005E1DFED646AF4EEE67AF1EE10FA00F12F
:10D560000384F0EE676AFEEEC86A16EE902ADFEDDD
:10D570005C6A554BB4EEE67A9A61F1EE10FA40F32C
:10D580007983F4EEE67A5149D961F1EE10FA00F3AD
:10D590007D84DFED546AF4EEE67AF1EE10FA00F1E4
:10D5A0002184F0EE676AFEEEC86A16EE902ADFED7F
:10D5B0004C7AB4EEE77AF1EE10FA00F31E84DFED58
:10D5C000497AB4EEE77AF1EE10FA00F1DF83F0EE7B
:10D5D000477AFEEEC87A17EE903AF5E4344AFEF741
:10D5E0009EBC334A1BE6DFED3F6AF4EEE67AF1EECD
:10D5F00010FA00F1E083F0EE676AFEEEC86A16EEFC
:10D60000902ADFED376A304BB4EEE67A9A61F1EE9C
:10D6100010FA11DDF4EEE67A2C49D961F1EE10FA38
:10D6200000F32984DFED2F6AF4EEE67AF1EE10FACA
:10D6300021D51F4A0B4650E7DFED2A6AB4EEE67AA1
:10D64000F1EE10FA00F1C983F0EE476AFEEEC86A07
:10D6500016EE902ADFED226ADA61F4EEE67AF1EE58
:10D6600010FA00F3B883DFED1F6AF4EEE67AF1EE0C
:10D6700010FA00F1BB83F0EE676AFEEEC86A16EEA0
:10D68000902ADFED177AB4EEE77AF1EE10FA00F3A4
:10D69000B983DFED147AB4EEE77AF1EE10FA00F117
:10D6A0009783F0EE477AFEEEC87A17EE903A14E7C9
:10D6B00000000180008C3C4B00BE6C50D0CCCC0CE8
:10D6C000307C0020E8CC0020385102200000FF7F91
:10D6D000FCCC00207051022000CD00201852022006
:10D6E00000FEFF4600FEFFC65FED026AB4EEE67A7A
:10D6F000F1EE10FA00F16883F0EE476AFEEEC86AB8
:10D7000016EE903A5FED0A6AD361F4EEE67AF1EE36
:10D7100010FA00F357835FED0D6AF4EEE67AF1EE4E
:10D7200010FA00F16583F0EE676AFEEEC86A16EE45
:10D73000903A5FED157AB4EEE77AF1EE10FA00F365
:10D740005F835FED187AB4EEE77AF1EE10FA00F13C
:10D750003483F0EE477AFEEEC87A17EE902AD64868
:10D76000DFEDD67A90ED007AD549B4EEE77AC1E9DB
:10D770000632F1EE10FA00F3D482DFEDD27AB4EE85
:10D78000E77AF1EE10FA00F12183F0EE477AFEEE2F
:10D79000C87A17EE902ACC4BCC489FEDCD6ADFEDCE
:10D7A000C76AD3ED007A8261FEF741BCC94AD6ED63
:10D7B000007AD2ED006AC84B67EEA67AC749996134
:10D7C000F4EEE57AF1EE10FA07DD00200A46C3E92F
:10D7D000071058620B46FFF794B9DFEDBA6AF4EE12
:10D7E000E67AF1EE10FA00F10B82F0EE676AFEEED7
:10D7F000C86A16EE901ADFEDB16A0022B4EEE67A3E
:10D800005A62C3E90712F1EE10FA00F3ED81DFED81
:10D81000AD6AB4EEE67AF1EE10FA40F1F381B04A67
:10D820009FEDA67AF4EEC77AF1EE10FA00F3E581E7
:10D830009FEDA47AF4EEC77AF1EE10FA00F1D181EF
:10D84000B0EE677ABEEEC87A17EE103AFFF759B914
:10D85000DFEDA47AFEF778BDDFEDA36AFEF74DBDDC
:10D86000B7EE007ADFEDA07AFEF72BBDDFED9E7AF2
:10D87000FEF7EABCB7EE007ADFED9B7AFEF7CDBC8F
:10D88000DFED996AFEF735BCDFED8E6AB4EEE67A1D
:10D89000F1EE10FA00F1C581F0EE476A9FED877A4C
:10D8A000F4EEC77AFEEEC86AF1EE10FA16EE902A90
:10D8B0007EF7EAAB894B1946FEF7F7BBB4EEE67A82
:10D8C000864CC461F1EE10FADEDD22462346214685
:10D8D000FEF7EBBB5723042238218448C9F80030F7
:10D8E00013F0FCF9D9F80030FFF766B808230422DA
:10D8F0002C217F48C9F8003013F0F0F9D9F8003036
:10D90000FFF734B81023042228217A48C9F80030E0
:10D9100013F0E4F9D9F80030FEF7BBBF0823042266
:10D9200024217548C9F8003013F0D8F9D9F800302F
:10D93000FEF78BBF1023042220217048C9F8003065
:10D9400013F0CCF9D9F80030FEF75BBF04220023B6
:10D950006B481146C9F8003013F0C0F9D9F800300F
:10D96000FEF7EEBE0023042208216648C9F8003005
:10D9700013F0B4F9D9F80030FEF7B3BE624963483A
:10D9800018F0B0F8614818F015FD6049024660488B
:10D9900012F0E2FA5E4812F013FB0223042218216F
:10D9A0005C48C8F8003013F099F9D8F80020FEF769
:10D9B00074BE5949554818F095F8544818F0FAFCC7
:10D9C00052490246524812F0C7FA514812F0F8FA8A
:10D9D0004023042214215148C8F8003013F07EF986
:10D9E000D8F80020FEF725BE4D49484818F07AF8CF
:10D9F000464818F0DFFC45490246454812F0ACFAAB
:10DA0000434812F0DDFA4023042210214548C8F8AB
:10DA1000003013F063F9D8F80020FEF7D5BD424975
:10DA20003A4818F05FF8394818F0C4FC3749024604
:10DA3000374812F091FA364812F0C2FA4023042215
:10DA40000C213A48C8F8003013F048F9D8F8002003
:10DA5000FEF754BD36492D4818F044F82B4818F00D
:10DA6000A9FC2A4902462A4812F076FA284812F000
:10DA7000A7FA00212A462F48396013F02FF9FEF744
:10DA800019BD2378042240212B48C9F8003013F037
:10DA900025F9D9F80030FEF7DABF2B7804223C21B3
:10DAA0002648C9F8003013F019F9D9F80030FEF70C
:10DAB000A9BF0A4BFEF7B2BA347C002000FEFF4635
:10DAC0005052022000FEFFC6ECCC0020A8510220DC
:10DAD0003333333F1C8A0020B85402200000FF7FFC
:10DAE000000001800AD7A33B00000000F489002059
:10DAF0000C8A0020088A0020148A0020108A002046
:10DB0000188A0020E8490220E44F0020846C02209B
:10DB1000747D0020008A0020A04F0020E0490220F0
:10DB20005C4F0020E4490220104F0020DC49022015
:10DB3000B44E0020EC490220FC890020F889002026
:10DB400000FEFF4600FEFFC65FED026AB4EEE67A15
:10DB5000F1EE10FA00F1C880F0EE476AFEEEC86AF6
:10DB600016EE903A5FED0A6AD361F4EEE67AF1EED2
:10DB700010FA00F3B7805FED0D6AF4EEE67AF1EE8D
:10DB800010FA40F1B680C54BDFEDC57AB4EEE77A06
:10DB9000F1EE10FA00F30981DFEDC27AB4EEE77A14
:10DBA000F1EE10FA00F19B80F0EE477AFEEEC87AB3
:10DBB00017EE902AFEF716BABB4BBC4A93ED007ADB
:10DBC000BB4927EE067A9161B4EEE67AF1EE10FADF
:10DBD000BADDD1610B460A46FEF704BAAF49FEF73B
:10DBE0006ABFAE4BFEF78DBF9FEDAD7AB04AF4EE43
:10DBF000C77AF1EE10FA7FF71BAEAD4BFEF781BF8F
:10DC0000A649F8E5F0EE476AFEEEC86A16EE902ADD
:10DC100006E6DFEDA86ADFEDA87AE7EE267AFEF7E2
:10DC200093BB9E4AFEF728BA9C4BFEF71ABA9B4B51
:10DC3000FEF73ABAA149FCF7E9BEA049FCF7EEBEEF
:10DC400026EEA66A9FED9E5ADFED9E5AA6EE857AD5
:10DC500066EE266AE6EEA57AFEF773BA944BFFF7F6
:10DC600021BA934BFFF706BA914BFFF7E8B99049F9
:10DC7000FFF7C6B9DFED8B6AB4EEE67AF1EE10FA83
:10DC800079D4F0EE476AFEEEC86A16EE902ADFED10
:10DC9000846ADA61F4EEE67AF1EE10FA69DCDFED1F
:10DCA000816AF4EEE67AF1EE10FA7FF57AAC7B4AFF
:10DCB0007DE47F49FEF7FDB97D4BFFF72EBA7C4A24
:10DCC000FFF70ABAB4EEC67A794A0262F1EE10FAA8
:10DCD0003CDD1346FFF769BA704BFEF760B96F4A37
:10DCE000FEF780B9724B4FE76C4B3BE76B4BFEF78F
:10DCF00095B9F0EE676AFEEEC86A16EE903A43E711
:10DD00006B4AFFF79EBA654BFEF729B9F0EE476AFA
:10DD1000FEEEC86A16EE902AFFF793BA6749FCF741
:10DD2000FDBE634A37E5604B604A93ED007A604977
:10DD3000B4EEE67A9161F1EE10FA7FF7D5ACD161DD
:10DD40000B460A460BE5554BFFF7ACB99FED556AFC
:10DD5000B4EEC67AF1EE10FA7FF50BAA4F4BFFF73F
:10DD600024BA4E49FFF74CB94C4A00E44B49FEF740
:10DD7000A0B94F4A1BE4494A89E7484AFFF7ACB9C2
:10DD8000464BFFF7E5B94A4BFFF7F9B9434BFFF7AD
:10DD90001BB9424BFFF76EB9404BFFF750B93F4AF2
:10DDA000FFF703BA3D4BFFF7B8B9414AFEF71AB97E
:10DDB0003F4BFEF7D4B8394A23E4384ACFE4374B17
:10DDC000FFF7A7BB3A4BB4E4344B9BE4334AE2E49D
:10DDD000324BFFF782BB364A53E4304A3AE42F4BCA
:10DDE000FFF7CDB92D4A0B46FFF7EEB82B4A48E4B2
:10DDF0002A4B9EE42E4AFFF7D8B92D4BFFF7E4B823
:10DE00002B4AACE42A4BFFF768BB244CFDF719BA48
:10DE10002248FDF7A7BF77EEC76A9FED2B5A27EE82
:10DE2000266AE6EE057AF0EE675AF0EE477AB0EE33
:10DE3000667AE6EE257AA6EE257A67EEA77A27EED1
:10DE4000077AFEF73EBA77EEC76A9FED1F5A27EEB4
:10DE5000266AE6EE057AF0EE675AF0EE477AB0EE03
:10DE6000667AE6EE257AA6EE257A67EEA77A27EEA1
:10DE7000077AFEF7D2B90A460B46FFF72EBB0B46D0
:10DE80000A466CE40A460B46FEF769B80A460B469A
:10DE9000FFF79AB80A460B46FEF733BE0000018032
:10DEA00000FEFF4600FEFFC600CD002018520220F3
:10DEB0000000FF7FB81E253F0AD7A33B4073002018
:10DEC0008FC2753F9A9919BFAF94B53F0449FEF7C9
:10DED000ECB8034CFEF7C6B80B460A46FEF782B80C
:10DEE0000000018030B482B00C4602AB03E90600AA
:10DEF000C37C002B30D072B6C37CDA0708D54FF054
:10DF0000E0214569D1F880212A408262C1F8802150
:10DF10009D0708D54FF0E0218569D1F884212A407A
:10DF2000C262C1F88421590708D54FF0E021C569C4
:10DF3000D1F888212A400263C1F888211A0708D540
:10DF40004FF0E021056AD1F88C212A404263C1F8E4
:10DF50008C21DB062FD462B683689C4235D0224BDD
:10DF600084609B69214AC3F30111C3F3826352F8B1
:10DF700021100133B1FBF3F2CCB1944227D8B2FBAC
:10DF8000F4F3B2FBF3F294422CD3B3F5817F20D3A8
:10DF9000174CC460036803220020019918615A627B
:10DFA00001221C6419661A6102B030BC70479942A4
:10DFB000EFD3531CE9E74FF0E022416AD2F89031E9
:10DFC0000B408363C2F89031C5E7C468E2E70024E0
:10DFD000DFE7022BFBD9023B5A08140244EA024451
:10DFE0001C43D6E71A46E4E700C00F406045002016
:10DFF000FF7F7F00A1F1280330B5054683B0252BB4
:10E0000028D8DFE803F052652424136B272727273D
:10E010002727272727272727272727272727272790
:10E02000272727272727272727273F3F4249003A27
:10E03000424B434C18BF012248681B68A4FB0343B2
:10E040009B0C03FB02F24B681B1A9A42FBD801207F
:10E0500003B030BD3F295AD901F03F03E81890F8CA
:10E060002C00FF28F3D011F0300F5CD0102B5ED0C5
:10E0700012F0EEFB03460120003B18BF012385F898
:10E080002730E5E70192002A43D101F03F04012146
:10E090002C4494F82C0012F0EDFB019A94F82C001B
:10E0A000114612F0ABFB0120D2E72B35012405E02D
:10E0B0000F2A26D812F0DEFB0134E4B215F8013F36
:10E0C000621E0121FF2B1846F2D1162CF4D1BEE7B7
:10E0D000104612F015FB012003B030BD174C032A87
:10E0E0001549174B4868226834BF05240224A3FB56
:10E0F0000232920C04FB02F24B681B1A9A42FBD8C4
:10E10000A5E7022112F0B6FB162CD5D19FE700201F
:10E110009EE701F03F0302212B4493F82C0012F0FC
:10E12000A9FB012094E7114612F068FB8FE70190EC
:10E1300014F092FF01989BE7001000E0447C00205F
:10E1400083DE1B4380F8371080F8382080F83930A0
:10E15000704700BFA1F1140C38B50446BCF10C0F98
:10E1600008D8DFE80CF015070709220F0707070793
:10E1700007070D00002038BD1946154810F096FC21
:10E18000012038BD0121124810F052FD012038BD98
:10E1900083692BB903680F4A5B7B02FB03F383613E
:10E1A0000B481CF05FFF012038BD094D81692846EE
:10E1B00010F0D6FE94F82420012302F0FE02184647
:10E1C00085F8303185F8A52085F82F3138BD00BF9E
:10E1D0001C7F0020A08601002DE9F04F1E46531C35
:10E1E00085B081469BB292460F46DDF83880009399
:10E1F0008B1990F8AAB09BB200F08AFE98B386B350
:10E20000BBFA8BF301255B09039398F8003003EA0E
:10E21000050100230A465C1C07F1010C06F1FF3ED4
:10E22000680082B961BB10F0FF05A3B21FFA8CF73A
:10E230001FFA8EF602D108F101080125B6B198F84F
:10E2400000102940E7E70029EDD189F8AAB00022A3
:10E25000F91A4846009289B2524600F0DDFD002EC0
:10E26000D3D189F8AAB005B0BDE8F08F002AECD16F
:10E2700099F8A9100029F4D1039A89F8AA20E6E7B1
:10E2800099F8A920002AC0D1F6E700BF2DE9F04790
:10E2900082B01E460B448146BDF828A014469BB2AE
:10E2A000884602EB0A070B9DBFB2009700F030FED4
:10E2B00090B1BAF1000F0FD006F1070ACAF3CC0AE9
:10E2C0002246013400953346A4B24146484655449F
:10E2D000FFF782FFA742F3D102B0BDE8F08700BF8D
:10E2E00010B4BDF8044001945DF8044BFFF7CEBFB5
:10E2F0002DE9F04383B01F46CB188046BDF8289027
:10E3000014469BB20E4602EB0905ADB2009500F033
:10E31000FFFD80B1B9F1000F0DD04FF0000922468A
:10E3200001343B463146A4B24046CDF8009000F09F
:10E3300073FDA542F3D103B0BDE8F0832DE9F043AE
:10E3400085B0CF181E468046BDF83090BFB20D464E
:10E35000144602EB09039BB200933B4600F0D8FD44
:10E3600010B905B0BDE8F083002322462946404697
:10E370000093334600F050FDB9F1010FF1D9A9F136
:10E380000209621C1FFA89F492B24CB90024334688
:10E39000294640460C9405B0BDE8F04300F03CBD72
:10E3A0004FF00109234629464046CDF800900392DC
:10E3B00000F032FD791E039A2346404689B2CDF81B
:10E3C000009000F029FD039A224492B2DEE700BFDC
:10E3D00003682DE9F043064683B090F8509000247E
:10E3E00090F8515093F8118000E033681B7C2A4666
:10E3F000F76C002104FB03FC0134304601354FEA81
:10E40000CC0CE4B21FFA8CFCEDB2BC44CDF800C0D9
:10E4100001F09AF8A14501D9A845E6D803B0BDE8B6
:10E42000F08300BF0268002190F85030127CC06C6D
:10E4300012FB03F2D20017F025BD00BF10B5044651
:10E44000FFF7C6FF2046BDE8104001F0ADB800BFA1
:10E45000836C10B5044680F851101B689847A36C74
:10E4600020465B68BDE81040184700BF10B590F823
:10E47000AB3004462BB920460021BDE81040FFF721
:10E48000E7BF0268002190F85030127CC06C12FB8C
:10E4900003F2D20017F0F6FC20460021BDE8104040
:10E4A000FFF7D6BF38B50446FFF792FF94F85150F6
:10E4B00094F8503022681D44517CEDB2A94211D924
:10E4C00094F8AB1029B920462946FFF7C1FF012077
:10E4D00038BD127C0021E06C12FB03F2D20017F071
:10E4E000D1FCF0E7204601F05FF8002038BD00BF06
:10E4F00010B50446FFF7BAFF2046FFF7D3FF002808
:10E50000FAD101462046BDE81040FFF7A1BF00BF89
:10E510000346082201481A70704700BFE0DD002062
:10E5200030B51C4685B0134605460A4A00940C4691
:10E53000094901F04BF80DF10F00FFF7E9FF074B18
:10E5400001469DF80F202846009400F0E1FD05B03B
:10E5500030BD00BF71CA010029CC0100F9C601001D
:10E560004218435C507800EB032080B2704700BF34
:10E570000020704738B50D46044611212B782846F7
:10E5800023706B786370AB78A370EB78E3702B79B2
:10E5900023716B796371AB79A371EB79E3712B7A9A
:10E5A00023726B7A6372AB7AA372EB7AE3722B7B82
:10E5B00023736B7B6373AB7BA373EB7BE3732B7C6A
:10E5C0002374FFF7CDFF0346132128466382FFF72C
:10E5D000C7FF034615212846A382FFF7C1FFE0824B
:10E5E00038BD00BF012B05D0022B09D02BB1411A39
:10E5F00088B27047014488B27047024490B27047B5
:10E60000821A90B2704700BF012B05D0022B09D0AF
:10E610002BB1024490B27047821A90B27047014405
:10E6200088B27047411A88B2704700BF2DE9F04F99
:10E6300087B004460E4690F8807090F881B005923D
:10E640000FE094F88510002949D0F319AE420BF180
:10E65000010BA3EB0A033AD35FFA8BFB002703F00D
:10E66000FF0694F882A04FFA87FC31464FFA8BF9E7
:10E67000AAEB070594F888304A46B4F87C00EDB25E
:10E68000B4F87E80CDF80CC0AE4228BF2946049174
:10E690006146FFF7B9FF02460399404690464A4655
:10E6A000FFF7A0FF059902460029CAD00093414612
:10E6B00094F886C02046049B0BF1010B84F8AAC095
:10E6C00000F0AAFBF319AE42A3EB0A03C4D23E4406
:10E6D00084F8819084F8806007B0BDE8F08F0093E3
:10E6E000414694F88700049B84F8AA00204600F075
:10E6F00093FBAAE72DE9F04F044690F89000002321
:10E7000085B00728A16784F884300D7840F24E81E7
:10E71000A0F108030131DBB2A1674FF0FF3294F89A
:10E72000916084F88430824025EA0205F2186DB2C7
:10E73000D2B284F88250072A087840FA03F000F237
:10E740002781C3B24FF0FF3084F88420B04094F8A2
:10E75000926023EA000394F8AA0084F88600B0FAD5
:10E7600080F04FFA83F9400984F8839084F8870099
:10E77000B0180F78C0B21741072800F2F6805FFA90
:10E7800087FE94F893C084F884000CEB00020F78A5
:10E79000D2B20741072A00F2D880F8B294F894A0C8
:10E7A00084F884200AEB020891F800B05FFA88F838
:10E7B0004BFA02FBB8F1070F00F2B8805FFA8BF753
:10E7C0004FF0FF3284F884800121002D0AEB02080B
:10E7D00002FA0AFA5FFA88F827EA0A0701FA08F843
:10E7E000A7EB08074FFA87FB40F39C800CEB02086D
:10E7F00002FA0CFCB240013E20EA0C0C5FFA88F0F1
:10E800002EEA020EF6B201FA00F2B4F87C00B14032
:10E81000D21A94F88830AEEB0101A2EB0C0249B297
:10E8200052B202910392FFF7EFFEA4F87C00064675
:10E83000B4F87E00DDE90212FFF7D4FE0246A4F828
:10E840007E00032B00F2EC80DFE803F0B2B8C102D7
:10E85000C5F10103411C034489B29AB206EB0903D6
:10E860009BB200912046314600F052FB002859D05F
:10E87000002294F884304FF0FF38A4F8802094F8F8
:10E880008E50A16FEA180878D2B21841072A00F218
:10E89000B880C6B294F88F0008FA05F584F8842091
:10E8A000831891F800C026EA0506DBB24CFA02FC98
:10E8B000072B00F299805FFA8CF508FA00F084F8D3
:10E8C000843025EA0005314620460022FFF7AEFEDF
:10E8D000012229462046FFF7A9FE94F88420A76F5D
:10E8E000531CC2F108003978A2F1070EDBB207F120
:10E8F000010A1141C0B2072BCAB207D9C4F878A0E7
:10E900005FFA8EF37A7882400A43D2B2D20784F853
:10E910008430D8D494F981204A45B0DB94F886300D
:10E9200084F8AA30584605B0BDE8F08F4F1CC2F1FC
:10E930000802A8F10808D2B2A7674F785FFA88F8F2
:10E94000974047EA0B07FFB23AE701F10108C0F12F
:10E950000800083AC0B2C4F878804978D2B201FA07
:10E9600000F041463843C0B218E701F1010CC2F192
:10E9700008020838D2B2C4F878C091F801E0C0B2F9
:10E9800061460EFA02FE4EEA070E5FFA8EFEF8E6C8
:10E990004F1CC3F10803083ADBB2A7674978D2B22B
:10E9A00001FA03F339460343DBB2CBE60346B4E690
:10E9B000731900EB09019BB289B252E74119C9F101
:10E9C0000100731C304489B29BB286B249E7C5F19D
:10E9D0000101C9F10100731C314410449BB28EB295
:10E9E000511C82B289B23CE74D1CC2F10802083BBF
:10E9F000D2B2A5674D78DBB2954045EA0C05EDB281
:10EA00005BE701F1010CC3F10803083ADBB2C4F87B
:10EA100078C04E78D2B261469E400643F6B239E7DE
:10EA2000014633461DE700BF70B5FF29046F0D4650
:10EA300004F117040ED8602930D9B0F8A0301C4476
:10EA4000607830B12378AB422ED00444607800283F
:10EA5000F8D170BDB0F8A2301C44264600213046E3
:10EA6000FFF77EFD0346022130461C44FFF778FD88
:10EA7000854206F10406F1D8208840BA80B2002809
:10EA8000E7D0854208D0A3781C44208840BA80B2E1
:10EA90000028DED08542F6D1E01C70BD4029D5D9D2
:10EAA000B0F89E301C44D1E7A01C70BD38B50446B8
:10EAB000FFF7BAFF00287AD094F890C00023A0672F
:10EAC000BCF1070F84F88430027871D863464FF0A8
:10EAD000FF3184F8843001FA0CF194F891C022EAF5
:10EAE000010284F882200CEB030290F800E0D2B21D
:10EAF0004EFA03FE072A6FD85FFA8EF394F8AA1035
:10EB000084F8842084F88610B1FA81F1490984F8E8
:10EB100087104FF0FF3101FA0CF194F892C023EA0C
:10EB2000010384F883300CEB020390F800E0DBB2C1
:10EB30004EFA02FE072B41D85FFA8EF24FF0FF31FA
:10EB400001FA0CF10CF1FF3C22EA01025FFA8CFCA5
:10EB5000012101FA0CF1521A94F893100B4484F835
:10EB6000A820DBB2072B03D9083B0130DBB2A0673A
:10EB700094F894C084F884300CEB030190F800E022
:10EB8000C9B24EFA03FE072935D85FFA8EF34FF06B
:10EB9000FF3084F8841001220CEB000100FA0CF025
:10EBA000C9B223EA000002FA01F3C01A40B238BD2C
:10EBB0000130ACF10803A067DBB288E7C2F10802BC
:10EBC000451C083BD1B2A5674278DBB228468A4093
:10EBD00042EA0E02D2B2B1E7451CC3F10803083A7B
:10EBE000DBB2A5674178D2B2284601FA03F343EAC3
:10EBF0000E03DBB282E7C3F108030839DAB2431C23
:10EC0000C9B2A3674378934043EA0E03DBB2BEE781
:10EC10002DE9F04700256FF03F094FF6FF774FF6DB
:10EC2000FE782E4680F8825082464C1E00F0A0FAF4
:10EC300014F8011F5046DAF804309847034650464E
:10EC4000BB4219460CD04345F2D0FFF72FFF19F114
:10EC5000400F85B208BF9AF9A8902E44B6B2E7E7F4
:10EC60009AF9822062B19AF9A830B9F1000F1344E1
:10EC70003344A3EB05039EB202DDB1441FFA89F6CB
:10EC80003046BDE8F08700BF70B50E46194690F8D3
:10EC9000883082B004461546032B09D8DFE803F01C
:10ECA000251E0217436F01919847281A019985B2D2
:10ECB0002046A4F87C60A4F87E50FFF7B5FE20B192
:10ECC00001462046FFF716FD80B202B070BD436FCB
:10ECD000019198473044019986B2E9E7436F019169
:10ECE0009847301A019986B2E2E7436F019198473D
:10ECF0002844019985B2DBE72DE9F0474FF0000980
:10ED00004FF6FF784FF6FE7A04460F4616465D1E14
:10ED100000F02EFA15F8011F2046636898478446D4
:10ED200032463946C445204663461AD0D445F1D010
:10ED3000FFF7AAFF94F88830032B05D8DFE803F02B
:10ED40000B080E02361AB6B248441FFA80F9E1E702
:10ED50000644B6B2F8E70744BFB2F5E73F1ABFB2C0
:10ED6000F2E74846BDE8F08710B4034C44605DF814
:10ED7000044BFFF7C1BF00BFEDC80100014B436763
:10ED8000704700BFFDBC0100026F8A4222D010B55F
:10ED900004468C302167FFF7EDFB236FCBB194F96C
:10EDA000991094F99A2094F8A53084F8A61084F864
:10EDB000A72073B1012B0ED094F9980094F99630E6
:10EDC00003449942B8BF84F8A630824201DD84F83A
:10EDD000A70010BD704794F99B3094F99C008B42BA
:10EDE000B8BF0B46824284F8A630F0DC10BD00BFED
:10EDF000014B4360FFF70CBFEDC8010010B49DF854
:10EE000004400194B0F85640121B446C92B2A446E0
:10EE10005DF8044B604700BF30B590F8A4409DF802
:10EE20000CC004B103B930BD012B05D0BCF1020FF9
:10EE30002CD0BCF1030F5CD01CF0010F29D0B0F82E
:10EE400060408C42EFD8B0F862408C42EBD913445A
:10EE5000B0F86450B0F866401FFA83FC944505D2C0
:10EE600094424AD904F1FF3C1FFA8CFC9442DAD94F
:10EE70006545D8D2AA4238BF2A46644594BFC2EB42
:10EE80000403C2EB0C0301249BB22BE00131C91A2D
:10EE900089B2B0F864409442C5D8B0F86640944254
:10EEA000C1D90B44B0F86050B0F862E01FFA83FC9F
:10EEB0008C4505D28E4522D90EF1FF3C1FFA8CFC01
:10EEC0006545B0D28E458CBF00240124002CAAD108
:10EED000A94238BF2946E64594BFC1EB0E03C1EBFA
:10EEE0000C039BB20394846CA468A446BDE8304034
:10EEF00060470132D21A92B2A1E72A46B6E7294604
:10EF0000DEE700BF032928BF012180F8AA1070475F
:10EF100010B5B0F86640BDF808C09442B0F864E09F
:10EF200016D9E64504D3624594BF002201229AB166
:10EF3000B0F86240B0F860208C420FD9994294BF7B
:10EF4000002101219A422CBF084641F0010010BD6A
:10EF5000E64501D26245EBD8002010BD994294BF2E
:10EF6000002001209A4228BF002010BD70B54FF04C
:10EF7000010C02F0070490F8AA500CFA04FC9DF86A
:10EF80001060012D5FFA8CFC46D94FF0000E056829
:10EF900022F007022D7C02FB05F54FF6F8722A409D
:10EFA0001144C26C11449EB95A1E92B201320A44F5
:10EFB0000B784EEA03038CEA030301F8013B91420C
:10EFC000F6D170BD5FFA86FE5FFA85FC002BF8D0A3
:10EFD0000A780134013B4FEA4E064EEA020214F071
:10EFE00007049BB28CEA02024FEA4C050A70E9D191
:10EFF00090F8AA20B0F85250012A294404D94FF0C1
:10F00000010C002BE4D1DCE79646DFD04FF0010C79
:10F01000E646002BDCD1D4E7E646B8D14FF0000C31
:10F02000B5E700BF10B49DF8044001945DF8044BAF
:10F03000FFF7E4BE10B5B0F86E1082B0B0F86A30D9
:10F040000446B0F86C200091B0F86810FFF760FF3C
:10F0500018B984F8A40002B010BDB4F868300121DA
:10F06000B4F8602084F8A4109A42B4F8622038BF43
:10F07000A4F86030B4F86A309A42B4F8642088BFCB
:10F08000A4F86230B4F86C309A42B4F8662038BF05
:10F09000A4F86430B4F86E309A4288BFA4F86630A1
:10F0A00002B010BD4FF0000CB0F85C10826DA0F8FB
:10F0B00060C0A0F862104266FFF7BCBF90F850C075
:10F0C00001684FEACC0310B5A0F854300A7CD20096
:10F0D000A0F8522090F85120D4009444A0F8564053
:10F0E00091F811E0F44506DD92B2AEEB020E4FEA64
:10F0F000CE0E1FFA8EF3B1F814C02344CA8AA0F8CA
:10F100005840A0F85A30A0F85CC0A0F85E2010BDAE
:10F1100038B5436440F2011300250446A0F8AA3034
:10F12000049B80F85020C16480F8515080F88550CD
:10F1300080F8A55080F8A950836405671B6898473C
:10F14000A26C064B2046C4E91A3353689847204600
:10F15000FFF714FE84F8885038BD00BF0000FFFFA1
:10F1600019B10A2901D088B270474FF6FF70704775
:10F17000002380F82630704710B40C461346172140
:10F1800022460469A4465DF8044B604700B583B08D
:10F190000B4601210DF107028DF80730FFF7ECFF58
:10F1A00003B05DF804FB00BF10B40023046918210C
:10F1B000A4461A465DF8044B604700BF10B4002314
:10F1C00004691921A4461A465DF8044B604700BF44
:10F1D00030B5044683B001920091FFF7E5FF40216E
:10F1E0002046FFF7D3FF172120462569DDE90023DC
:10F1F000A847204603B0BDE83040FFF7DFBF00BF9F
:10F2000010B4C4680A4600231521A4465DF8044BD7
:10F21000604700BF10B4C4680A4600231621A44604
:10F220005DF8044B604700BF10B40C46134617212D
:10F230002246C468A4465DF8044B604710B400231E
:10F24000C4681821A4461A465DF8044B604700BF05
:10F2500010B40023C4681921A4461A465DF8044B73
:10F26000604700BF70B5054682B00C4694F800C0F8
:10F27000BCF1190F13D8BCF1170F2BD80DF10702F1
:10F280004FF00101284617D1637802348DF807301A
:10F29000FFF7CAFF94F800C0BCF1190FEBD9BCF11D
:10F2A000FE0F4FF02901284609D1627802348DF80B
:10F2B000072000F083F9D9E7BCF1140F01D802B0A0
:10F2C00070BD627861460023EE688DF80720023435
:10F2D000B047CBE7002361462846EE681A46013462
:10F2E000B047C3E714392DE9F041064614461D46E0
:10F2F00005295CD8DFE801F00C1C4C2F46032D4F8C
:10F300003B78002B4AD1002301203B70BDE8F081FF
:10F3100090F82430FF2B02D1782380F8243037690D
:10F320002B4622463046BC461421BDE8F0416047DA
:10F33000204F3B78C3BB3046FFF736FF00213046F5
:10F34000FFF724FF21463046FFF720FF0123184630
:10F350003B70BDE8F081174F3B783BB121E0183C92
:10F3600018213046E4B20D44FFF732FF182C2A462C
:10F37000F5D830462146FFF72BFF002301203B70D4
:10F38000BDE8F0810B4B002201201A70BDE8F0812E
:10F390001146FFF7FBFE0120BDE8F081FFF70EFFED
:10F3A000B1E7FFF70BFFE1E7FFF708FFC3E7002036
:10F3B000ACE700BF2F8902200B39F8B50646154689
:10F3C0001C46042952D8DFE801F0415147320300BE
:10F3D000FFF734FF637996F822704021304607EB3F
:10F3E000C307FFF70DFF304607F0FF07390941F06B
:10F3F0001001FFF705FF07F00F013046FFF70AFF86
:10F40000A179304641F0B001FFF704FF2179304681
:10F410002268C90001F0F801FFF706FF6A1E12F02A
:10F42000FF05F3D13046FFF713FF0120F8BDFFF7CA
:10F4300005FF81213046FFF7E3FE29463046FFF7FE
:10F44000E9FE3046FFF704FF0120F8BDCAB90F49B5
:10F45000FFF708FF0120F8BD52B90D49FFF702FF81
:10F46000336801209B7C86F82230F8BD0020F8BD6F
:10F470000849FFF7F7FE33680120DB7C86F822306D
:10F48000F8BD0549FFF7EEFE0120F8BD8C720020A3
:10F49000447200204C7200209472002038B505465A
:10F4A0000C46FFF789FF98B9092C0BD00A2C00D025
:10F4B00038BD284600F018F828460649FFF7D2FE66
:10F4C000012038BD2846044900F008F8012038BD65
:10F4D000012038BD547200209C72002001608B7C9A
:10F4E00080F82230704700BF38B5002328214569D5
:10F4F00004461A46A8470023142120461A46E56808
:10F50000A847204601224B2100F058F823682046E6
:10F5100029211A7900F052F8204600224B2100F0F0
:10F520004DF82368204629211A7900F047F8204633
:10F5300001224B2100F042F82368204629215A7904
:10F54000BDE8384000F03AB830B583B084688DF833
:10F5500005101946069D6B468DF8062001228DF890
:10F5600004100F210095A04703B030BD10B4002354
:10F5700084680921A4461A465DF8044B604700BF21
:10F5800010B4002384680A21A4461A465DF8044B8F
:10F59000604700BF10B484680A4600230B21A446CC
:10F5A0005DF8044B604700BF10B40023846810214D
:10F5B000A4461A465DF8044B604700BF10B4446986
:10F5C0000023A4465DF8044B604700BF03614FF081
:10F5D000FF33C362036343638363C363A0F84030B4
:10F5E0000023C0E902120360FF2280F8233080F874
:10F5F00026308361009B80F8242080F82820436116
:10F60000FFF7B4BF08B5007D11F022F9003818BF2C
:10F61000012008BDC8B2D1B211F02CB901817047E8
:10F6200038B5837A0446016823F004031C4A8372C8
:10F630000B68934231D1007D11F00AF9003818BFF0
:10F640000120A37AC3F34002904208D0154A83F008
:10F6500002031268C3F38000A372626038BD1149CF
:10F6600065680A68B4F808C0521B624512D303F0FB
:10F67000010290420ED0086883F001030A68E56831
:10F6800043F004030968521B6060E16001202261BD
:10F69000A37238BDC3F3800038BD9847D1E700BFDF
:10F6A00091CD0100146D0220807A00F001007047B6
:10F6B000807A00F00500A0F10500B0FA80F0400962
:10F6C000704700BF00224FF00A0C04494260A0F8C6
:10F6D00008C0827201600275704700BFD8430020E5
:10F6E0004FF0000CC9B203680E4A10B5017504460C
:10F6F00080F80AC01B6893420BD1084611F0A8F8A5
:10F7000018B1A37A43F00303A372074B1B6863602D
:10F7100010BD98470028F8D0A37A43F00303A372E2
:10F72000F3E700BF91CD0100146D0220704700BFC8
:10F7300030B583B005460C4611F008FD1C4B9842CD
:10F7400004D800232B80238003B030BD694610F01D
:10F750006BFC9DF805309DF8062001339DF80410E0
:10F76000503ADBB292B21F2998BF0C2B01D87F2AE6
:10F7700018D900219DF802209DF801302980172A10
:10F7800098BF3B2B9DF8001001D83B2903D90023DB
:10F79000238003B030BD5B0143EAC22343EA510337
:10F7A0009BB2F5E741EA431141EA422189B2E1E720
:10F7B000FFA5CE1210B5044640F2D44111F0DAFB99
:10F7C000204610BD012BF0B5054695B03DD0022B6B
:10F7D00040F2022001F104010CBF034600236846F9
:10F7E00005F0A8F8129B002B38D05C20002611F001
:10F7F000BBFB214B04AF0446C0E90036019B3946F0
:10F80000183040F80C3C1D4B40F8103C029B40F86F
:10F81000083C9DF80C3000F8043C04F02FFF184B16
:10F820004FF47A72A665A360164B6E602B60636816
:10F830002E730133AA602C616360134B384600932A
:10F8400004F05EFF284615B0F0BD44F202230431F7
:10F85000684605F06FF8129B002BC6D1139B002B56
:10F86000C3D14FF47A71074A04AF2B732A602B611E
:10F87000C5E90131E1E700BF0C44002068440020E5
:10F88000E8430020944300205041002010B5D0F8F8
:10F8900084448EB00A4644B1002321466846009352
:10F8A00002F01EFE80B90EB010BDD0F8881441B130
:10F8B000234668460C9400F031FF50B900200EB08A
:10F8C00010BD08460EB010BD684603F05DF80EB0DE
:10F8D00010BD684600F0E0FF0028EFD0E3E700BF6E
:10F8E00070B5D0F884548EB016465DB105F58965C3
:10F8F00000230A4668462946009302F06FFD90B93E
:10F900000EB070BDD0F888040028F9D000F58964E5
:10F910000A462B46684621460C9500F083FE48B9FE
:10F9200000200EB070BD32462946684602F036FF10
:10F930000EB070BD32462146684601F001F900283C
:10F94000EED0DDE710B5D0F884448EB00A464CB155
:10F950000020012321460090684602F0C1FD80B9D5
:10F960000EB010BDD0F8881441B1012368460C9444
:10F9700000F0D4FE50B900200EB010BD08460EB005
:10F9800010BD684603F0B2FE0EB010BD684600F030
:10F9900029FF0028EFD0E3E730B5D0F884448FB0DA
:10F9A0000A464CB10025012304F58961684600959B
:10F9B00002F09EFC0FB030BDD0F888040028F9D0CA
:10F9C00000F58961012368460C9401F03BF90FB002
:10F9D00030BD00BF10B5D0F884448EB00A463CB1AB
:10F9E000002321466846009302F07AFD0EB010BD58
:10F9F000D0F8881431B1234668460C9400F08EFE8E
:10FA00000EB010BD08460EB010BD00BFF8B50546DB
:10FA100090F8D00408B90146F8BDD5F88434002B1D
:10FA20004CD0DC69D5F89004013C002854D0036820
:10FA3000DB6B9847E0B1D5F8900478B303681B6C92
:10FA40009847A8B9D5F8900440B3036801215B6CCE
:10FA50009847074610B3D5F8840458BBD5F8886496
:10FA600033466EB9D5F8900490B900200146D3E72B
:10FA7000D5F88404E8B9D5F88834002BF5D00746CA
:10FA8000184602F0B3F906463FB1D5F8900428B104
:10FA9000036800215B6C984700B1A41BD5F884343F
:10FAA000FBB19B794FF40071994089B2A1FB04012D
:10FAB000F8BD002704F06CFC0646E5E7D5F888346D
:10FAC000D5F89004B3B1D3F830440028AFD118462C
:10FAD00002F08CF90646E0E7184604F059FC0646A9
:10FAE000DBE7D5F88864002EBFD0D6F83C14A1FB24
:10FAF0000401F8BD0028B8D01C4698E790F8D0342F
:10FB000063B1D0F8843463B19A794FF40070D96945
:10FB10009040013980B2A0FB0101704718460146B0
:10FB20007047D0F888040028F9D0D0F83C14D0F8F9
:10FB30003004A1FB000170472DE9F043D0F8905448
:10FB40008DB04DB198462B6804462846DB6998472E
:10FB5000B0F5405F064604D8002630460DB0BDE83B
:10FB6000F0834FF4007014F0D1FF07460028F3D063
:10FB70000DF10409B6F1806F024643462946484616
:10FB80002ED901F0FFFB0646384614F0C7FF002EC1
:10FB9000E2D02B682846271D1B6A984794F8C0348A
:10FBA000FF2B21D0D4F8C43404F594650293284681
:10FBB000D4F8C8340393B4F8C034ADF8043099E8ED
:10FBC0000E0005F07DFD94F8B134C4F89054002B7C
:10FBD000C3D10123294638461A4604F039FEBCE752
:10FBE00004F09CF80646CFE704F2944594F8CC1450
:10FBF000284606F0ADFB2846C4F8905405F00AFEEE
:10FC00000028AAD10123D4F8901438461A4604F0EB
:10FC10001FFEA2E7F0B5D0F8906485B00446002E30
:10FC200042D090F8D05490F8D13485B1FE2B63D0F7
:10FC300094F8D20436283DD93368694630469B6C27
:10FC400098470546284684F8D05405B0F0BDFE2BF1
:10FC500026D090F8D204362849D994F8C034271D0C
:10FC6000FF2B2DD0D4F8C43404F59466D4F8C824FE
:10FC700001933046B4F8C0340292ADF800306B46C0
:10FC80000ECB05F01DFD94F8B134C4F8906463B94F
:10FC90000123314638461A4604F0DAFD054604E0F1
:10FCA0001F4B9B689B03D8D40025284684F8D0546A
:10FCB00005B0F0BD10F0CCFD051E18BF0125F4E71E
:10FCC00004F2944694F8CC14304606F041FB3046DA
:10FCD000C4F8906405F09EFD0028E6D10123D4F815
:10FCE000901438461A4604F0B3FD0546DDE710F0DF
:10FCF000AFFD0028B1D1D7E7336830465B6D984738
:10FD0000421C034694D00028CFD194F8D124FE2A77
:10FD1000CAD103212E201D4610F0ACFDC5E700BF5F
:10FD200000800042F0B50D46044685B0304806F02C
:10FD3000C7FFFE2D84F8D15426D0362D02D90020DD
:10FD400005B0F0BD00262B4B04F594678DF80450E8
:10FD5000C4F8C4348DF80560384684F8C05484F87B
:10FD6000C164C4F8C864CDE9023604AB13E90E00DF
:10FD700005F0A6FC94F8B134C4F8907483B330460F
:10FD800084F8D00405B0F0BD04F294450023FF22AE
:10FD90001946284684F8CC3484F8C02406F0D8FAF2
:10FDA0002846C4F8905405F035FD70B90123D4F805
:10FDB0009014201D1A4604F04BFD30B101222E2371
:10FDC00084F8D02484F8D234BAE72E200025032109
:10FDD00084F8D20484F8D05410F04CFD2846AFE7E4
:10FDE00001233946201D1A4604F032FDC8E700BF42
:10FDF000BDCE010040787D0118484FF0290C184A0B
:10FE00000023184910B4C0F89424072280F8B1C424
:10FE10004FF0FF0CC0F8A8144FF47F41124CC0F80B
:10FE2000AC24124AA0F8D014A0F89C3480F8B53461
:10FE300080F8CC3480F8D2C40460C0F8A0240C4907
:10FE40000C4A5DF8044BC0F88434C0F88834C0F81C
:10FE5000903480F8BC3414F0BDBA00BF78CF0020D5
:10FE6000E844002000093D008C440020E4410020CB
:10FE7000B9CE01000882002070B500F1240384B0DF
:10FE80008C46044601AD164693E8070085E8070056
:10FE90004FEA4C122946206A01F0C4FE012806D11F
:10FEA00032462946206A01F0A1FE04B070BD002050
:10FEB00004B070BD10B5044600F0BAFD002384F80C
:10FEC000313084F8333010BD38B514460D46002269
:10FED00000F12401006A01F089FE034620B1428945
:10FEE00001202A801B89238038BD00BF38B5144605
:10FEF0000D46002200F12401006A01F077FE03465E
:10FF000020B1C28901202A809B89238038BD00BF8F
:10FF100038B50D4690F8311009B1002038BD3822AF
:10FF2000044615F0AFFF012340222562184684F8ED
:10FF3000333084F8312038BDF0B40D4609782029DB
:10FF400003D115F8014F202CFBD0156095602C785B
:10FF50002F2C11D084B16E1C3C2C1D4F35462AD855
:10FF6000212C12D804F1FF3CBCF11E0F16D8002042
:10FF7000F0BC704715F8014F202CFBD02F2CF9D086
:10FF80001D601146F0BC01F01FBDA4F1220C5FFA08
:10FF90008CFC27FA0CFC1CF0010FE8D12E2C01D0B0
:10FFA000202C0DD116F8014B002CE5D02F2CE3D0DE
:10FFB0003C2C3546D4D95C2CD9D003D97C2CD6D056
:10FFC0009660EFE73E3C012CFAD80020F0BC704769
:10FFD000012100052DE9F04F90F8333083B005463C
:10FFE000DC0774D558060F46904640F1B080D5E93D
:10FFF0000023D5E9041018EB020443F10003A142E9
:02000004600298
:1000000070EB0303C0F0A980B8F1000F5BD0464647
:1000100005F11809D5E90032D5F820A0DAF83844FE
:100020001C40C4F3080B002C70D1134370D195F819
:1000300031305A064CBFDAF83424EA69AA619AF8DA
:100040004504023ADAF82C14630A824001EB542189
:100050001144BBF1000F45D1B6F5007F42D3DAF869
:100060001C2291423ED0B6F5806F58D34FF0010B61
:100070000BFA00FBABEB030B730A9B4528BF9B46B7
:1000800091424FEA4B240AD801EB0B039A4206D265
:100090000AF50470019106F0B5FD0199B8B1DAF8DE
:1000A00014025B460268D2F814A03A46D04770B1F9
:1000B00023462744D5E900125B1842F10002361BA3
:1000C000C5E90032A8D1404603B0BDE8F08F95F8ED
:1000D00032304FF0FF3043F0020385F8323003B086
:1000E000BDE8F08FCBF5007400220AF50470B4422D
:1000F00028BF344606F0B2FD0028E8D000EB0B0123
:100100002246384610F096FE2346D2E7AA6996E7C3
:1001100095F833305B060ED5AA6901328EE7DAF81E
:1001200014023A4603681B6998470028CFD04FF461
:1001300000731C46BDE74A465046A96901F0B4FD6C
:100140000028C4DB0CD0D5F820A0AA6977E795F881
:10015000313019077FF558AF49E7A1EB020853E7A3
:1001600095F8313013F0500FB1D0A8EB0608404697
:10017000AAE700BFF0B583B00122044685690DF1FE
:100180000701D0E90067FFF725FF0128A5610CBF33
:100190009DF807004FF0FF30C4E9006703B0F0BDE1
:1001A0002DE9F04F1F4690F8313083B00446D0F867
:1001B0001880002B51D01646D0E9001CBC4508BF62
:1001C00091425CD056EA07024DD01D0704D5D0E914
:1001D0000402B042BA4140D394F83320751ED4F8DB
:1001E00020A0019247F1FF309AF845240932D2B29B
:1001F000C2F1200ED540A2F1200900FA0EFB20FA30
:1002000009F045EA0B0505430198400633D4481E22
:1002100020FA02F24CF1FF3051EA0C0C00FA0EFE0B
:1002200020FA09F042EA0E0242EA000201D09542A9
:1002300029D25B064CBFDAF83434E369A36104F1D8
:10024000180906E0A169013D206A01F02DFD002892
:1002500003DD4A46002DF5D107E00020C4F81880E0
:1002600003B0BDE8F08F002383610120C4E900677B
:1002700003B0BDE8F08FE3692B44A361F5E70120EB
:1002800003B0BDE8F08FAD1AD9E700BF2DE9F04FFC
:10029000174690F831208FB00546002A40F0D780ED
:1002A0008B4691F8311011F0500F00F0D08003F020
:1002B00003019A46032900F0CA80013103F00800C7
:1002C00041EA00030293002F00F0CB80396901F16D
:1002D0000E08B649A1FB0818DBE900104FEAD80860
:1002E000014308F102085FFA88F805D000200021D8
:1002F000CBF81820CBE900010024029B264643F0EE
:1003000040030393202206A95846FFF763FE00B37B
:10031000202840F09C809DF918209DF81830002A74
:10032000C0F2A28034B9DBF80020A2F12009DBF88A
:1003300018200192444501D20134E4B2002B00F0B0
:100340001381202206A958460026FFF743FE002805
:10035000DED11AF4007F7AD0029B9B0777D5002F5D
:1003600075D0444517D2DDF804A0202206A95846CE
:10037000FFF730FE631C002861D0202867D12CB91C
:10038000DBF80020DBF818A0A2F12009DCB2A045C0
:10039000EBD8CDF804A03822002128469BF8334042
:1003A00015F070FDDBF82030C4F38014019A2B6245
:1003B0000823002685F82C4085F831303B68C5E9D4
:1003C00009297B60BE81B8F1000F33D008F1FF39F5
:1003D000B346DFF8DCA15FFA89F9012259462846C5
:1003E000FFF74AFD044690B390F90020002A2EDB67
:1003F0002022002115F046FD002E00F0BC80BBF14C
:10040000010F00F0D780C123A3461E3404F81E3C20
:10041000BB8938461BB9D7E901239A4205D006F0BB
:100420005BFC2BF8020FA345F2D101365FFA86FB85
:10043000D845D2D8284600F0FBFA06460DE05846CB
:10044000DBF8186000F024FB002840F091800023C6
:100450001E4685F8313085F8333030460FB0BDE8A0
:10046000F08F4FF0030847E756BB444538BF0024E0
:10047000852B7FF447AF314638222846012615F0F8
:1004800001FD9DF81C209DF8193085F8303002F0F0
:100490003703D20658BF43F0080385F83130DBF844
:1004A0000030DBF82020203B2A62DBF81820C5E969
:1004B00009239BF83330C3F3801385F82C3021E7F0
:1004C000C02B28D0C12B7FF43CAF3A4606A9284662
:1004D00001F0EEF9E8B1BB89DBB9D7E901329A4204
:1004E00017D11AF4006FB2D11AF4884F70D195F871
:1004F000333098076CD41AF4806FA8D11AF4804F67
:10050000ABD02846D5E90423FFF74AFE0028A4D142
:100510009DE70646F6E6029B85F833309DF81930D4
:100520009B0702D5039B85F833300B9BEB61DDE91C
:100530000823C5E90423DDE90C23C5E90223002FC4
:10054000CFD04FF000033A69BB813B687B609DF8D8
:100550001B309A427FF4F5AEBE8ABDF81C30F61A05
:10056000B6FA86F67609CDE6002F7FF4F2AE6EE796
:10057000CBF818600BE78523237085F8309084F85A
:100580000190DAF80030002B46D00DF113020DF186
:10059000160105A89847BDF814306381BDF81630E0
:1005A00023819DF8133023753FE700BF8988888831
:1005B0003CD70020C02384F801B02370029B63F075
:1005C0007F0385F833303B69E370BB8AA3802CE757
:1005D00095F83130D9063FF53AAF13F001017FF4B9
:1005E00036AF1AF4806F89D095F8332092077FF5E3
:1005F0002EAF002B3FF42BAFD5E90032134304D0CC
:1006000000220023A961C5E90023284600F042FC2E
:1006100000283FF41CAF20E745F621436381E381C6
:10062000638202E72DE9F043002597B0994690F8E0
:10063000313001921495ADF81450002B3ED191F851
:1006400031300F4613F0500F38D013780446164659
:100650002F2B37D04FF0000801AB02AA31462046BD
:10066000FFF76AFC50B3019E3378002B3ED0002385
:1006700002AA39462046FFF709FEF8B1A44608ADA4
:1006800004F13007DCF800000CF1100C5CF80C1CD5
:10069000AE465CF8082C10355CF8043CBC45AEE86E
:1006A0000F00EFD1DCF8000008AF2860204600F012
:1006B000BFF984F8318084F83380CDE7002017B08B
:1006C000BDE8F08316F8011F2F29FBD00196B1B9C0
:1006D000382220463D6A15F0D5FB012340222562D1
:1006E000184684F8333084F83120E8E74B4602AAF4
:1006F00039462046FFF7CAFD17B0BDE8F08338221F
:10070000002108A83D6A15F0BDFB012308AF109534
:100710008DF8533040238DF851309BE719B101F526
:100720008961FFF77FBF0846704700BF90F83130FE
:1007300063B991F8313013F0500F07D00B6813F004
:100740001F0C03D113466246FFF7A0BD002070477F
:100750008169F8B50446006A01B10131012201F056
:1007600069F90128054632D901230146206A1A4653
:1007700001F0C0F9064650B3A3695BB394F8332087
:10078000510612D5591CA94218D022F04002E16945
:1007900084F8332005E0206A01F0A8FA3946B0B1A8
:1007A000A3694F1C99423A46F5D34FF0FF322946D0
:1007B000206A01F09BFA50B1A16911B93046A561D8
:1007C000F8BD2A46206A01F091FA0028F6D10026E9
:1007D0003046F8BD94F8333043F0400384F83330AA
:1007E000ECE700BF90F833309A0736D5C16970B591
:1007F0000546A1B90024214607E0037803F07F03F2
:10080000037095F830308B4229D3013401222846F9
:10081000FFF732FBE1B20028EFD1002070BD5B068C
:10082000006A34D590F84534D5E902240933013AF9
:10083000DBB244F1FF34C3F1200CDA40203B04FA70
:100840000CFC24FA03F342EA0C021A43002301329F
:1008500001F050F90028CDD1DFE7002070470023D8
:100860002C6A85F83130204685F8333006F0CAF915
:100870000028D2D004F5047006F0C4F90028CCD0CA
:10088000D4F840040368BDE870401B6A184701F0C3
:100890004DFA0028AED1C0E790F83130DB0601D424
:1008A0000020704710B5002288B000230446FFF7EF
:1008B00077FC08E020281BD19DF900309DF800202E
:1008C000002B15DB32B1202269462046FFF782FB60
:1008D0000028EFD194F833300822204643F0020379
:1008E00084F8312084F83330FFF77CFF08B010BD66
:1008F000002008B010BD00BF2DE9F0414FF0000806
:1009000082B04A4F06464446414600223046FFF731
:10091000B3FA054630B10178C02969D0C1292BD07E
:10092000852909D096F83230002043F0010386F87B
:10093000323002B0BDE8F08196F8313003F0370371
:1009400083803B6883B10DF103020DF1060101A81C
:100950009847BDF80630AB812B82BDF80430EB819F
:100960006B829DF803306B75326A92F8103243F057
:10097000010382F810322978A1F185000022B0FA33
:1009800080F0400901E00422A95CE303012A02F19E
:10099000010243EA540311FA83F39CB201D1002807
:1009A000F1D11F2AF0D908F1010896F830305FFA2A
:1009B00088F18B42A9D2012206F12401306A01F0AC
:1009C00015F90028AED0356A4480284606F01AF999
:1009D0000028A7D005F5047006F014F90028A1D06E
:1009E000D5F8400403681B6A98470028A1D199E70D
:1009F00096F8333013F0400F437814BF43F00203EE
:100A000003F0FD034370D6E90401D6E90732C5E9D6
:100A10000201D6E902016B61C5E9060192F81032C4
:100A200043F0010382F810322978A5E73CD7002073
:100A300038B590F8313043B390F93320044690F83C
:100A40003330002A0CDB056A284606F0DBF878B95B
:100A500094F83230002043F0010384F8323038BD7E
:100A600003F07F0380F83330BDE83840FFF744BF20
:100A700005F5047006F0C6F80028E9D0D5F8400462
:100A800003681B6A98470028E2D0012038BD00BFE8
:100A900070B590F8313005465A064CD480682B6A00
:100AA000D3F83C341844B0F1806F01D3002070BDFE
:100AB0002846FFF74DFE0028F8D0286A0024AE69CA
:100AC00090F84534023E9E40D0F82C341E44311933
:100AD000052200F50470013406F0C0F84FF40072EE
:100AE00000210028E2D015F0CDF9286A012390F802
:100AF000452493409C42EAD395F831305B0615D4E7
:100B000095F8332062F07F02D5E9023185F8332071
:100B1000D0F83C249B1841F10000AB60D5E90431CA
:100B2000E8609B1841F10001C5E904312846BDE8A1
:100B30007040FFF77DBF006A01F0FEF9AFE700BF2C
:100B400070B5044690F831009CB0002310F0180FE7
:100B50000C931A9303D0206A0B6A984202D00020AB
:100B60001CB070BD40F601236846FFF75BFD00280E
:100B7000F5D0A44604F130060EADDCF800000CF10F
:100B8000100C5CF80C1CAE465CF8082C10355CF8B8
:100B9000043CB445AEE80F00EFD1DCF8000009AA30
:100BA00004F1240328609DF8305007CA83E8070049
:100BB00094F83330204684F8305063F07F0384F893
:100BC0003330FFF735FF0028C9D000210222082367
:100BD0000EA815918DF86B208DF86930FFF702FE95
:100BE000BEE700BF38B591F8313013F0500F02D195
:100BF0000025284638BD40F602230446FFF746FB91
:100C00000028F5D01023204684F83130FFF740FF4C
:100C100005460028ECD0A169002200232046E161AE
:100C2000FFF7BEFAC12294F8313084F83320002B4C
:100C3000DFD04123204684F83330BDE83840FFF749
:100C40005BBE00BFF0B5002597B01F4690F831306D
:100C50000192ADF814501495002B46D191F8313023
:100C60000E4613F0500F40D01378044611462F2B38
:100C70003ED001AB02AA2046FFF75EF9002834D02F
:100C8000019B1B78002B41D0002302AA314620464D
:100C9000FFF7FCFA30B947B302AA31462046FFF706
:100CA000A1FF10B3A44608AD04F13006DCF8000043
:100CB0000CF1100C5CF80C1CAE465CF8082C1035DE
:100CC0005CF8043CB445AEE80F00EFD1DCF800005E
:100CD00008AE28602046FFF7EDF8019901AB02AAA3
:100CE0002046FFF729F90028CAD1002017B0F0BD2F
:100CF000013101910B782F2BFAD0316A08A8FFF748
:100D000007F90028F1D0019908AEB2E702AA3146EE
:100D10002046FFF767FF17B0F0BD00BF2DE9F04F89
:100D20000E4690F8311083B009079DF830B09DF859
:100D300034909DF838809DF83C7040F18580A2F297
:100D4000BC7294B27F2C7FD85A1E0B2A7CD80BF130
:100D5000FF321E2A78D8B8F13B0F98BFB9F1170FB0
:100D60008CBF4FF0010A4FF0000A3B2F88BF4AF0BA
:100D7000010ABAF1000F67D105460193FFF758FE4B
:100D8000002861D0019B51464BEA431B7B0817F0BA
:100D900001074BEA4424D34643EA481818BF6427A6
:100DA000A4B248EAC92806F001091FFA88F800220F
:100DB0002846FFF761F8002846D090F800C0BCF143
:100DC000850F45D00CF14003DBB2012B3CD8ACF1D0
:100DD00085010023B1FA81F1490902E0042310F8EA
:100DE00003C04FEACB32012B03F1010342EA5B025D
:100DF0001CFA82F21FFA82FB01D10029EED11F2BCF
:100E0000EDD90AF1010A95F830305FFA8AF18B4288
:100E1000CDD2012205F12401286A00F0E7FE98B145
:100E20002C6AA0F802B0204605F0ECFE60B104F593
:100E3000047005F0E7FE38B1D4F8400403681B6A7B
:100E400003B0BDE8F04F1847002003B0BDE8F08FB5
:100E500095F831302A6A03F03703838092F8103214
:100E600043F0010382F81032B9F1000F02D0A0F86C
:100E700010804482B20703D50775A0F8088044812A
:100E8000730703D54775A0F80C80C48190F800C0A3
:100E90009DE700BF90F833309A0762D570B5C569F9
:100EA00082B00446A5B313F0400634D0006AA268AD
:100EB00090F845C4013AE1680CF1090C41F1FF31A9
:100EC0005FFA8CFCCCF1200E22FA0CF2ACF1200C73
:100ED00001FA0EFE21FA0CFCA16942EA0E0242EA76
:100EE0000C02013219B3013D6D1A01312A440191FE
:100EF00072BB63F07F03204694ED007B84F83330AF
:100F000084ED027B84ED047BFFF792FD02B070BD9F
:100F1000012002B070BD816961B90195C1612946A6
:100F2000206A00F003FFC8B194F83330E1E701957F
:100F3000E161DDE701AA006A019600F0B5FE002834
:100F40000CDB10D1019D002DE9D194F83330D0E7AE
:100F50000023019900F0CEFD0028E5D1002002B069
:100F600070BD002070474FF0FF32A169206A00F089
:100F7000BDFE0028E6D1F1E72DE9F04390F83330CB
:100F800083B004469D0740F1A18091461A070E46A2
:100F900000F19580B9F1000F00F0288123684D46DB
:100FA000206AA169D0F8382402EA0308C8F30807C8
:100FB000B8F1000F40F09480002900F0D48094F83C
:100FC00033305B0640F1EC8090F845C4D4E902323E
:100FD0000CF1090C013B5FFA8CFC42F1FF32CCF1C1
:100FE000200E23FA0CF3ACF1200C02FA0EFE22FACA
:100FF0000CFCE26943EA0E0343EA0C0313449942F2
:1010000080F0D5800131A16190F845240239D0F8F3
:101010002C3491401944B5F5007FC0F08A80B5F5B5
:10102000806FC0F0A680012393406A0AA3EB0803F7
:10103000934228BF1346D0F81C228A424FEA432825
:1010400009D35F18BA4206D2002280F810224FF06E
:10105000FF32C0F81C22D0F8140232460768BF6A7B
:10106000B84798B343464644A5EB0805D4E9007257
:10107000D4E90401DB1942F1000298429141C4E92C
:10108000003207D294F8331061F07F01C4E90432D2
:1010900084F83310002D83D1D4E9020198429141A4
:1010A000C0F09680534B1B68002B00F09D8094F895
:1010B0003330484663F07F0384F833300DE0D0E9E5
:1010C0000423FFF76DF800287FF464AF94F8323002
:1010D000002043F0010384F8323003B0BDE8F08310
:1010E00090F8452402394FEA5828D0F82C34914022
:1010F00041441944002F8ED0C7F50078012200F535
:101100000470A84528BFA84605F0A8FD0028DDD03A
:1011100038444744424631460FF08CFEB7F5007F15
:10112000206A9FD100F5047005F06CFD002899D16C
:10113000CCE7626863690092019322692368934255
:10114000DDE900239A4112D2012200F5047005F076
:1011500085FD0028BAD02A4631463844A8460FF00B
:1011600069FE2B467FE7E16949B3A1614CE705229F
:10117000EBE7D0F81C328B4206D1002380F8103206
:101180004FF0FF33C0F81C32D0F814023246036827
:101190005B6A9847002899D04FF40073984662E73D
:1011A00004F1180200F080FD00288FDB04D12046F6
:1011B000FFF7CEFA002889D0A169206A24E72046EB
:1011C000FFF7C6FA002881D0A169206AE1611BE718
:1011D00094F833104846C4E9023261F07F0384F882
:1011E000333003B0BDE8F083484676E7D4E90032F7
:1011F00052E700BF3CD7002069B170B505460846EC
:101200000C4615F0D7F82B680246214628465B6845
:10121000BDE87040184770478368C3F3080383B183
:10122000002110B40269D1540133B3F5007FF9D124
:101230000168D0E903321C681846636A5DF8044B04
:1012400018470120704700BF82680346006940F2DA
:10125000FF1CC2F3080281546245586801EB70011B
:10126000986800F10100C3E9011001D00120704726
:10127000D868196810B404684A1C646A1A601A694C
:1012800023465DF8044B184738B58368CAB20D464B
:101290000169C3F3080340F2FF1C0446CA546345C6
:1012A000416802EB71024260826802F101028260D1
:1012B00005D0290A2046BDE83840FFF7C5BF0168C0
:1012C000C0684A1C03685B6A22602269984700284C
:1012D000EFD138BDF8B50023064601601D46C0E9D0
:1012E0000133A8B205F00CFEA842044607D0C1B2F3
:1012F0003046FFF7A9FF00283BD10020F8BD6C1C49
:10130000B4F5803F04D12AE00134B4F5803F04D025
:10131000A0B205F0F5FDA042F6D0671BB7F5007F3F
:101320001DD34FF6FF713046FFF7AEFF0028E4D023
:10133000B9B23046FFF7A8FF0028DED02546B5F544
:10134000803FCED13046BDE8F840FFF765BFC5F31A
:10135000072130460135FFF777FF0028CDD0A542A1
:10136000E9B23046EBD2FFF76FFF0028EFD1002043
:10137000F8BDC4F307213046FFF766FF0028BCD054
:101380000135DCE72DE9F04F1F4689B00B680D46AB
:1013900004901446C16002610846DB699847B0F5C5
:1013A000801F0090C0F0D88000230122009E0133EE
:1013B0005200DBB201D09642F9D81C2B009640F2C5
:1013C000B780A3F10B08012248FA02F1C8F34708DD
:1013D0008A4002910792013301225B109A400692E3
:1013E00004229A400392022202FA03F30193009A24
:1013F0000021039B2046029E4FF0010AD31A4FF4AE
:1014000000724AF6552BF34003FA06F90593019E44
:1014100014F038FDFF2384F8BFA184F8C0A1B144C3
:1014200084F8C431224684F8C531072300212846B8
:1014300084F8C231FE23C4F8C66184F8C3312B6836
:10144000C4F8CA915B6AA4F8FEB19847002863D03B
:101450004FF400720021204614F014FD009B84F824
:101460006D804FF000086366F421059B04F178005D
:10147000069AE3652023266423726372A372EB232A
:10148000A665464623707623C4F84890637090237F
:1014900084F86EA0A3704523E3705823237146237C
:1014A00063714123A3715423E371042323664FF432
:1014B0008073A4F86830092384F86C308023C4E971
:1014C000142284F86F304FF4C37214F0DBFCA4F8DC
:1014D000FEB1A8F16A03012B06D9B8F1700F03D051
:1014E00014F8083003EB760608F10108B8F5007F20
:1014F000EFD12B682246DDF8049028465B6A494606
:10150000984748B12B684946224628465B6A0C3109
:10151000CDF80490984740BB2FB13B680F22B849E3
:1015200038465B6898470026304609B0BDE8F08F22
:101530001A2B4FF0080800F2A6814FF48043CDF833
:10154000088001934FF4004303934FF48073079393
:101550004FF4005306934AE7002FE4D03B6815226E
:10156000A84938465B689847D7E74246002120469D
:1015700009F1010A14F086FC4AF6552309F1090223
:1015800004F2FF19A4F8FE3100239346A04601E0BF
:1015900018F8013FC14503EB7606F9D12B682246C6
:1015A000514628465B6A98470028B5D02B682246EA
:1015B0000AF10C0128465B6A98470028ACD00AF172
:1015C00001039B4502D09A462378DFE74FF400726F
:1015D000002120469B4614F055FC00220AF1030A24
:1015E0001146234601E013F8011F984501EB7606EA
:1015F000F9D12B682246594628465B6A984700284D
:101600008AD02B6822460BF10C0128465B6A98476A
:10161000002881D00BF101018A456AD1231F04F50E
:10162000FE7243F8046F9A42FBD12B68224628468B
:101630005B6A984700283FF46FAF2B680BF10D01F0
:10164000224628465B6A984700283FF465AF2FB1D1
:101650003B680C226C4938465B689847069A002123
:10166000019B2046002613444FF400729946059BC7
:101670004FEA830814F006FC23464FF0FF3208F2CD
:101680000728F821B7F1000B4FEA582A03F8011B8D
:101690004FEA9838C4F8012018BF4FF0010BDA6008
:1016A0005A609A60C3F80F2002E00136B24523D099
:1016B000B6FBF8F308FB136343B9BBF1000F05D089
:1016C0003B680122514938465B6898472B6809EB13
:1016D0000601224628465B6A984700283FF41CAF63
:1016E000002EE2D131464FF40072204614F0CAFBBE
:1016F000DBE78B46217874E7002F34D03B68022269
:10170000434938465B689847059E079A0736F608AE
:1017100006F2FF13B2EB532F4FEA5329FFF4FDAE4D
:101720004FF400720021204614F0ACFB0723237015
:10173000B9F1000F00F08A804FF0000808E0B8F11E
:10174000000F01D184F8008008F10108C1457BD960
:10175000039A28462B6802EB080122465B6A9847E9
:101760000028ECD1D8E6059E079A0736F60806F25F
:10177000FF13B2EB532F4FEA5329FFF4D4AE4FF4CB
:1017800000723946204614F07DFB07232370B9F11F
:10179000000FD1D1039B079A04989918FFF79AFD7F
:1017A00000283FF4C0AE029A4FF400739340049AAD
:1017B00092689A423FF6B7AE4FF00208029B4FF490
:1017C0000072002108FA03F9039B2046994414F0A3
:1017D00059FB81220323049909F1FF3984F8202061
:1017E0008222237084F84020C4E90D864A684FF0B5
:1017F0000108636562648B68A3650023E3650EE0FE
:1018000094400020344000204C400020E857002045
:1018100070400020079B98453BD208F101082B68D7
:1018200009EB0801224628465B6A984706460028CD
:101830003FF472AEB8F1010FECD14FF40072002109
:10184000204614F01FFBE8E7002FA3D03B681622C8
:10185000144938465B689847039B079A049899187F
:10186000FFF738FD00283FF458AE029A4FF400739A
:101870009340049A92689A423FF64FAE0A4938461E
:10188000FFF7BAFC98E74FF48072CDF80880079212
:10189000A1E5002F3FF448AE04493846FFF7ACFC01
:1018A00042E600BF5C4000207440002084400020DD
:1018B0002DE9F0410C46154601F11E08AB8928467A
:1018C00034F8027F1BB9D5E901239A420ED005F006
:1018D00003FA05F015FB0646384605F011FB864273
:1018E00009D14445EAD10120BDE8F081B7FA87F07B
:1018F0004009BDE8F0810020BDE8F0812DE9F04FFE
:1019000090F8313083B08846002B4FD090F83030BB
:101910000746012B53D9013A0B464FF0020A002427
:101920008E18DFF8A0B00022514638460193FEF72A
:10193000A3FA00283AD00278C12A37D1054600F12F
:101940001E09019B35F8020F24B300F5105292B224
:10195000B2F5806F2AD20BEA8424C0F30900204339
:1019600000F580301946324605F02CFA0346E8B1FE
:1019700000244D45E6D10AF1010A97F830205FFABC
:101980008AFA5245CFD2A3EB08009846002388F884
:1019900000300FE000F5205292B2B2F5006F02D392
:1019A0000028DFD1EFE7B2F5806F06D30023184699
:1019B00088F8003003B0BDE8F08F0446D9E7002076
:1019C000E4E700BF00FC0F0070B50C4600234FF6A3
:1019D000FF75226819461E46A3812361626017E0E5
:1019E00005F07AF9A84222D005F08AFA2369F203B9
:1019F000A189013342EA5602060A236152FA80F0B5
:101A000083B2C0F34E0040EAC33016FA80F086B2CB
:101A100020460029E4D1D4E901239A42E0D120698B
:101A2000A6820138FE288CBF0020012070BD002056
:101A300070BD00BF2DE9F84F07468A469146002940
:101A400042D0A1F10208D7F83034434542D908F01A
:101A500007030125C8F3C80B9D40EDB24646444636
:101A6000D7F82C140022384601EB143105F0F6F8B3
:101A7000E8B10BF1FF3B834400F2FF101BF8011F9C
:101A80000AE04A452BD0A04510D0D7F83054A542E3
:101A900014D913F0FF050CD0013429424FEA450355
:101AA000A4EB0602EDD0A0452646EED10120BDE80C
:101AB000F88F58454FF00105E0D101E0002634468B
:101AC00001254FF0000BCBE7D0F82084D7F8303455
:101AD0004345BCD84FF000080125C346BEE7BAF124
:101AE000000F04D1B9F1010F08BFC7F82064B01C82
:101AF000BDE8F88F2DE9F8438046881E15461E463E
:101B00008318D8F83024934237D8CEBBD8F8203485
:101B1000834288BFC8F8200400F007030124D8F8E6
:101B20002C74C0F3C8099C4007EB1031E4B20122C9
:101B300040468F1805F092F8F8B109F1FF3E86444F
:101B400000F2FF101EF801CF1CEA040F8CEA040C0F
:101B50004FEA440414BF01220022B2420DD0013DDD
:101B60008EF800C018D014F0FF04EDD17045A146E6
:101B70004FF00104E6D13946D9E70020BDE8F883EB
:101B8000D8F820148B42C7D98142C5D3934228BFCD
:101B90000023C8F82034BFE70120BDE8F88300BF68
:101BA000F8B5D0F8303401338B4201D20020F8BDB3
:101BB00007460C4600F50476002505E0D7F83034DA
:101BC00001350133A342F1D3D7F824140022304663
:101BD00001EBD41105F042F8A4000028E6D0C4F3CC
:101BE00008040459631CE9D1681CF8BD38B50C46DB
:101BF0000B6890F845C400F50470D0F82812023B39
:101C0000656803FA0CF3294003EB5123D0F81C124A
:101C1000194405F023F818B16368C3F308031844A6
:101C200038BD00BF2DE9F8430C46D0F83834496878
:101C30000B4011446160134490F8451401F109020E
:101C4000D2B2D3402BB380465D1E00F5047905E087
:101C50002368013D03F1010323601AD3267A002E85
:101C6000F6D1D8F8303432462768484601339F42CF
:101C700012D8D8F8241401EBD71104F0EFFFBF00FD
:101C800050B1C7F30807C3595A1C09D0013D23605E
:101C9000E4D20120BDE8F8834FF0FF30BDE8F883BF
:101CA0003046BDE8F88300BF38B5D0F83034013392
:101CB0008B4202D24FF0FF3038BD0C46D0F82414CE
:101CC000154600F50470002201EBD41104F0C6FFA4
:101CD0000028EFD0A400C4F3080403595A1C02D012
:101CE00001202B6038BD002038BD00BF01291BD961
:101CF00038B5D0F830340C4601338B4201D2002085
:101D000038BDD0F82414154600F50470012201EB0B
:101D1000D41104F0A3FF03460028F0D0A400012052
:101D2000C4F308041D5138BD00207047D0F830348A
:101D30000133994201D9002070472DE9F04F054643
:101D400083B00C4600F504790F464FF00008D5F833
:101D50002414002248464FEAD41B01EBD41104F0AE
:101D60007DFF90B1A300C3F30803C2580193531C35
:101D700016BF16464FF0000A4FF0010A012C04D995
:101D8000D5F830240132944203D9002003B0BDE8D5
:101D9000F08FD5F8241401224846594404F05EFF20
:101DA0000028F2D0019B40F80380BAF1000F12D056
:101DB0000134B44208D00023E21B39462846FFF71D
:101DC00099FE0028E1D03746D5F830340133B342CC
:101DD000DBD33446BBE7621C534639462846D21B48
:101DE00003B0BDE8F04FFFF785BE00BF2DE9F84313
:101DF00000250646D0F82C1400F504782C46002265
:101E000040464F1C04F02AFFA8B100F1FF3E04F544
:101E10008059D6F8300405E079B90834844209D2F3
:101E20004C4516D01EF8011FFF29F5D1083408359E
:101E30008442F5D3401BBDE8F883082201231942F0
:101E40004FEA430C18BF0135013A5FFA8CF3F6D123
:101E5000E3E73946D3E700BFF8B500234FF0FF367C
:101E600000F504771546C0F84014044641601A4650
:101E7000C0F81412194680F844340370C66080F824
:101E80001032C0F81C62384604F0E8FE042D0DD86C
:101E9000064658B1BDB16B1E00EB031393F8BE218B
:101EA00012F07F0202D193F8C2310BB90020F8BDC5
:101EB00000EB05163846D6F8B651294604F0CEFE9A
:101EC00006460028F2D005221A49F01C14F092F8B8
:101ED0000028EBD196F86C30092BE7D1336D014621
:101EE0002B44C4F82434736DC4F82834B36D2B44E8
:101EF0000125C4F82C34F36DC4F83034336EC4F8C3
:101F0000343496F86D20C4F82004204602F1090309
:101F100084F8452405FA03F35A1EC4F83C34C4F887
:101F200038242A46FFF786FD4023284684F84434A7
:101F3000F8BD00BFA440002010B50446D0F834140A
:101F4000FFF72EFE94F845340933DBB2984010BDFC
:101F500070B590F9023082B00446002B0DDBA56805
:101F600005F1280004F04EFE00283BD163780020E4
:101F700043F00103637002B070BD80680122A16963
:101F8000283004F06BFE0028F0D0A58805F00F057E
:101F90006B0100EB4515C35CE52BE7D023781B07ED
:101FA00001D5E369EB61236A15491A0C6B830E684E
:101FB000AA8266B10DF103020DF1060101A8B04736
:101FC000BDF80430BDF806202B836B82EA82A3782B
:101FD000A56803F07F0305F12800A37004F012FE4A
:101FE0000028C3D005F50E7004F00CFE0028BDD00B
:101FF000286803681B6A98470028B7D0BBE700BF72
:102000003CD70020024638B552F8105F044680687D
:10201000294602F021F950B155B123690135AB428F
:10202000A37818BF03F0BF0363F07F03A37038BD2C
:10203000A37843F04003F7E7F8B5047814F02004E0
:1020400004D11A4B054642699A4202D3002738460A
:10205000F8BDFFF7D7FF07460028F7D0A8682E691C
:102060008279023E416996400E440179A9B1214628
:1020700006E013F007FFA868E1B202798A420BD9A3
:10208000314405222830013404F0E8FD4FF4007299
:1020900000210028EDD1D9E782794FF400736969F6
:1020A0003846934011FA83F36B61F8BD00FE1F00C0
:1020B00010B5044680680A462830A16904F0CEFDB8
:1020C00020B1A38803F00F0300EB431010BD00BF45
:1020D00010B5037804462BB1FFF73AFF00232370B5
:1020E000A37010BD002301202370A37010BD00BF9A
:1020F00038B5037805460C4613B1FFF729FFF0B158
:10210000A8680022A969283004F0A8FDB8B1AA88FF
:1021100002F00F0200EB421352015D68805899688B
:10212000DA6820606560A160E26018695D6999699C
:10213000DA69206101206561A161E26138BD00209A
:1021400038BD00BF30B589B00D4614466946FFF76B
:10215000CFFF28B1BDF81020BDF80E302A802380B3
:1021600009B030BD30B589B00D4614466946FFF759
:10217000BFFF28B1BDF81820BDF816302A80238093
:1021800009B030BD0B7813F0700F01D100207047FB
:10219000F0B540F6022389B00D46044601F0F0F890
:1021A00038B1012210232046A2702370FFF744FFAC
:1021B00010B9002009B0F0BD2269237822626BB10A
:1021C000636933B1A378002223F02003C4E9042219
:1021D000A3702046FFF7BCFE0028EAD0A0680122C9
:1021E000A169283004F03AFD0028E2D0B4F804C018
:1021F00010220CF00F0C4FEA4C1300EB4C1C8CF827
:102200000B20C058A768236A97F806E09E1EDCF8EA
:102210000410DCF80820DCF80C3006FA0EF6EE4666
:10222000AEE80F00DCF81000DCF81410DCF8182021
:10223000DCF81C30AEE80F007B6907F128000122B2
:10224000F1184FF02033CDF80130CDF80530ADF85E
:10225000093004F003FD84460028AAD02E27EE465C
:102260008DF800707646BEE80F00CCF80000CCF880
:102270000410CCF80820CCF80C308DF80170BEE8C2
:102280000F00CCF81000CCF81410CCF81820CCF8C3
:102290001C302B6A1A0CADF81A30ADF814200FCE92
:1022A000CCF82000CCF82410CCF82820CCF82C3026
:1022B0000FCECCF83000CCF83410CCF83820CCF865
:1022C0003C30A46804F1280004F09CFC00283FF492
:1022D00070AF04F50E7004F095FC00283FF469AF70
:1022E000206803681B6A09B0BDE8F040184700BFCA
:1022F0002DE9F041002694B0984603780192ADF89C
:1023000014600B96002B41D10B780D4613F0700F23
:102310003CD01378044616462F2B3BD0002728E0EC
:10232000019E3678002E50D001F02AF8034602AA0A
:10233000294620462BB9B8F1000F27D0FFF722FF1E
:1023400020B3A6460DF12C0CBEE80F00ACE80F0040
:10235000BEE80F00ACE80F00DEF8005020462378FE
:10236000CCF800500BB1FFF7F3FD019E0BAD2770C9
:10237000A770314601AB02AA204601F04DF906468E
:1023800002AA294600232046002EC9D1002014B0FD
:10239000BDE8F0810136019633782F2BFAD0AD6875
:1023A000242200210BA813F06DFD0D95EB79102B65
:1023B00003D0202B0FD00C2BE8D120238DF82C300C
:1023C00001230BAD8DF82E30A8E702AAFFF7DAFE45
:1023D00014B0BDE8F0814023F0E700BF2DE9F041E3
:1023E000002594B09846037801920295ADF83850D4
:1023F000002B37D10B780E4613F0700F32D01378C4
:10240000044615462F2B31D000271EE0019D2D7864
:10241000002D40D000F0B4FFA6460DF1080C08B323
:1024200066462578BEE80F00ACE80F00BEE80F0056
:10243000ACE80F00DEF800302046CCF800300DB1DB
:10244000FFF786FD019D2770A770294601AB0BAAF7
:10245000204601F0E1F805460BAA3146002320464C
:10246000002DD3D1002014B0BDE8F08101350195D5
:1024700029782F29FAD0A9B9B5682422204613F06B
:1024800001FDA560EB79102B03D0202B22D00C2B63
:10249000E8D120221FE043460BAA00F071FF14B0E0
:1024A000BDE8F081B6682422002102A813F0EAFCFE
:1024B0000496F379102B03D0202B03D00C2BD1D111
:1024C000202300E040238DF80830012302AE8DF870
:1024D0000A3099E74022012322701846A370C2E710
:1024E00019B101F58961FFF779BF0846704700BF50
:1024F000CB6870B50D46044693B906780EB1184600
:1025000070BD8D682422314613F0BCFCA560EB79C8
:10251000102B18D0202B10D00C2B14D0304670BDAF
:102520002422002113F0AEFC01201023A0702370A0
:10253000D5E90223A260236270BD402201232270EC
:102540001846A37070BD2022F8E700BF70B505786B
:102550000DB1002070BD0E4604462422294613F01A
:1025600091FCA660F379102B0BD0202B03D00C2B01
:1025700007D0284670BD4022012322701846A37060
:1025800070BD2022F8E700BF2DE9F04F2DED028B42
:10259000837883B00546DF0740F18C808846017858
:1025A00092460E0700F191808C0608D583685A89FF
:1025B0004369C3EB42139BB29A4528BF9A46BAF1CE
:1025C000000F00F0AF806A6905F1100388065646D7
:1025D0004FF0000908EE103AAF68C2F3080B3DD582
:1025E000396A01EB5221BBF1000F51D1B6F5007FE2
:1025F0004ED37A6B91424BD0B6F5806FC0F082809B
:102600002878730A800605D43879A0EB0900834244
:1026100028BF034691424FEA43240CD8C81882428F
:1026200009D207F12800CDE9001304F0EBFADDE947
:10263000001300283ED0F86A026857694246B8473E
:10264000002837D06A69361BA04422446A6169D0E9
:102650002978C2F3080BAF688806C1D497F80590B3
:1026600009EA5229BBF1000F36D1B9F1000F33D17D
:10267000002A33D14A064CBF3A6A2A6A2A61023AD2
:10268000B8797969824049441144BBF1000FADD05B
:10269000CBF50074002207F12800B44228BF34466D
:1026A00004F0DCFA30B100EB0B01224640460EF09C
:1026B000C1FBC7E76B784FF0FF3043F002036B704C
:1026C00003B0BDEC028BBDE8F08FC36942699B1A71
:1026D0009A4528BF9A4672E72A69D0E70B0705D5C5
:1026E000AA78540602D52A690132C7E718EE102AE3
:1026F0003846296901F0FEFD0028DBDB0CD0AF680D
:102700002A69BCE7F86A424603681B6998470028B3
:10271000D0D04FF4007495E72B7813F0700FC9D028
:10272000AAEB060A504603B0BDEC028BBDE8F08F61
:1027300070B582B0012204460DF10701D0E90456BC
:10274000FFF722FF01280CBF9DF807004FF0FF3074
:10275000C4E9045602B070BD436913F4F07F30B58C
:10276000044683B0C3F3431509D0012907D12033B0
:102770004361A068383000EB451003B030BD012242
:102780000DF107012046FFF7FFFE40B2012803D1FB
:1027900063691F336361ECE70020EEE72DE9F04148
:1027A00003789AB0002613F0180F0896119606D0F9
:1027B000174683688A6804460D469A4203D0002073
:1027C0001AB0BDE8F081FFF7C3FBA6460DF1440C3B
:1027D000BEE80F00ACE80F00BEE80F00ACE80F0049
:1027E000DEF800303246A169CCF80030A36803F16E
:1027F000280004F033FA0028E1D0A288EC4694F8CF
:10280000008002F00F0200EB421E5201DEF80410BD
:102810008058DEF80C30DEF80820ACE80F00DEF857
:102820001410DEF81820DEF81C30DEF81000ACE8DA
:102830000F0018F008033A46294640F09B8008A88C
:10284000FFF756FD0028BAD0109EBDF824300025B1
:102850000E990122A3809DF82330A068E3700B9BA2
:102860002830A161E3608DF820508DF8225004F0EB
:10287000F5F90028A3D0A38803F00F0300EB431061
:10288000DDF80D30C0F80D30DDF81130C0F8113032
:10289000DDF81530C0F81530DDF81930C0F8193002
:1028A000BDF81D30A0F81D309DF81F30C3779DF88E
:1028B0000B30C372002E3BD0A068B31E2A4681792C
:1028C00028308B4050F8141C194404F0C7F9054611
:1028D00000283FF474AF006A6F46696AAA6AEB6A1F
:1028E0000FC7286B696BAA6BEB6B0FC73146A068EB
:1028F00001F022FD00283FF462AFA068236A8279CC
:102900002830023B50F8141C93400122194404F073
:10291000A5F9064600283FF452AF6D460FCD306250
:102920007162B262F3620FCD30637163B263F363BD
:1029300000210222082311A819918DF846208DF854
:10294000443000F0D3FE00283FF439AFA46804F10E
:10295000280004F057F900283FF431AF04F50E7059
:1029600004F050F900283FF42AAF206803681B6A7E
:10297000984725E740F601236046FFF72FFD002822
:102980007FF463AF1BE700BF0378DA0601D40020B1
:102990007047436930B5044683B033B18378002271
:1029A00023F02003C0E90422837000230FE0636159
:1029B000A3686A0138339A5C03EB4513EAB1E52A50
:1029C00004D02E2A02D0DB7A1B0722D5636913F4C8
:1029D000F07FC3F3431503F12003E8D101220DF189
:1029E00007012046FFF7D0FD40B2012803D16369FB
:1029F0001F336361DCE763785BB9A3780822204664
:102A000043F002032270A37003B0BDE8304000F031
:102A10006DBE002003B030BD2DE9F04103780446BF
:102A20000769002B39D00D464169A94242D0002DDB
:102A300037D018072AD5E269AA422ED3D4F808C0A5
:102A40006E1EA2789CF8060012F0400F00F10900FB
:102A5000C0B226FA00F630D14A1EC24009B19642F1
:102A60002FD25B064CBFDCF82030236A236104F1CF
:102A7000100806E02169013EA06801F03BFC002837
:102A80000BDD4246002EF5D1A2780CE09A06D5D592
:102A9000A3685B89B5EB431FF6D900202761BDE829
:102AA000F0818278056122F0200201206561A27028
:102AB000BDE8F0810120BDE8F081236A3344236141
:102AC000F1E7B61AD3E700BF2DE9F0410E461546EF
:102AD00000212422044698469DF8187013F0D2F97C
:102AE000B068336A00F13802A58005F00F0502EBEB
:102AF0004512C4E90203D17A0B0711D401F0170182
:102B00002170D37A13F0180F02D141F0080121701F
:102B100008F00303E770012B38D0022B06D0F3B185
:102B2000002318462370A370BDE8F08103232178A9
:102B3000CD06F5D4CE07F3D408F0080118F4806F61
:102B400043EA0103A370416B958AA161518B41EA6D
:102B5000054112D019BB63F07F03A37010E018F495
:102B6000806FDDD108F0080343F00103A370416BCF
:102B7000938AA161518B41EA03412162D369E361E8
:102B800018F4804F04D10120BDE8F0810223CEE784
:102B9000E1692046FFF740FF0028F4D1C0E701F0CB
:102BA000CBFB0028BCD0A378D5E700BF0378002B6F
:102BB00045D12DE9F0470B7884B00C4613F0700F27
:102BC00030D04B6913F01F052CD106469046A9461C
:102BD00001220DF10F012046C3F3431A5F09FFF7ED
:102BE000D3FC40B24FEA4A1201281BD16369A168A5
:102BF0001F3301F1380C63611CF802200CEB4A1CF6
:102C000082B12E2A12D0A2F1E500B0FA80F040097C
:102C100060B99CF80B1011F0080E12D00F2907D0E4
:102C20000546D5E7002004B0BDE8F0870025CFE7D2
:102C30005106CDD502F01F059CF80D90C8E7002085
:102C4000704785B10CF10A0101E01CF8012F4FEA31
:102C5000CE13614543EA5E0352FA83F35FFA83FEC3
:102C6000F3D1CE45DED14346BAB221463046009577
:102C7000FFF72AFFD7E700BF03780BB1FFF768B96A
:102C8000012070472DE9F0470E46017882B0090710
:102C90009DF828709DF82C909DF830A09DF8348008
:102CA00018D5A2F2BC7294B27F2C13D85A1E01938D
:102CB0000B2A0FD87A1E1E2A0CD8BAF13B0F98BFE8
:102CC000B9F1170F06D8B8F13B0F03D80546FFF747
:102CD0003FF918B9002002B0BDE8F087A8680122CA
:102CE000A969283003F0BAFF0028F3D0019B4FEA0E
:102CF0005802A98847EA4313F70701F00F0142EA97
:102D00004A1243EA442300EB41109BB242EAC92233
:102D100048BF4382B40792B208D518F00108038275
:102D2000C28118BF4FF0640880F80D80710701D58B
:102D30000383C282AC6804F1280003F063FF00281B
:102D4000C8D004F50E7003F05DFF0028C2D02068E3
:102D500003681B6A02B0BDE8F047184783789B07F9
:102D600027D5036A10B5044682B0ABB1016911BB27
:102D7000019301621946A06801F0DEFAB0B1A378B0
:102D8000616963F07F032278E161A37022B120467C
:102D9000FFF7DEF802B010BD012002B010BD6FF0E9
:102DA00070422169A06801F0B7FA68B9002002B04A
:102DB00010BD00207047002301AA8068019301F034
:102DC00099FA0028F2DBEAD1019B002BD7D0D1E79A
:102DD0002DE9F047837805469C0777D58846190783
:102DE000914600F1B5806B6913EB09026ED2B9F11F
:102DF000000F40D04F464FF0000AA868C3F3080602
:102E00002969447914EA53243FD1002E3DD1002989
:102E10006ED0AA78520676D5EA699A4273D9013102
:102E2000296102398279436991401944B7F5007FDD
:102E300053D3B7F5806F70D303797A0A1B1B934283
:102E400028BF1346426B8A424FEA432407D35E18D9
:102E5000B24204D24FF0FF3280F828A04263C06A29
:102E600042460668B66AB04780B36B693F1BA04410
:102E700023446B61C1D1EA699A4276D2AA78484666
:102E8000EB6162F07F03AB7025E082790239436920
:102E9000914019442144002EC8D0C6F50074012287
:102EA000BC4228BF3C46283003F0D8FE70B1304405
:102EB0002644224641460DF0BDFFB6F5007FA868C6
:102EC000D3D1283003F09EFE0028CED16B780020AD
:102ED00043F001036B70BDE8F087C6F500746A69C2
:102EE000EB69BC4228BF3C469A4205D30522DAE78B
:102EF000296A21B3296194E7AB7813F0200F14BF3E
:102F000005220122CFE705F1100201F0F3F90028B4
:102F1000DCDB24D0A868296983E7436B8B4204D1AA
:102F20004FF0FF3380F828A04363C06A424603682D
:102F30005B6A98470028C9D04FF4007495E728468B
:102F4000FFF760F80028C1D02969A868296268E7FE
:102F5000C169FFF761FD00287FF445AFB6E7284659
:102F6000FFF750F80028D5D1B0E7054B1B682BB10F
:102F7000AB78484663F07F03AB70ACE74846AAE7FE
:102F80003CD700202DE9F04F84468DB014461568DB
:102F900098460646894603AF01934FF0000EBCE801
:102FA0000F000FC7BCE80F000FC7DCF800306560EA
:102FB0003B604346A4F80CE0002B3FD04FF0010AE1
:102FC000A9EB0A0103A889B24901FFF725FD50B317
:102FD000002103A8FFF7C0FB074620B300250DE042
:102FE00003F07AFE8046584603F08AFF8346404647
:102FF00003F086FF834516D10D2D18D0EAB239466D
:103000003046013500F0E4FEA38983462046002BBC
:10301000E6D1D4E901329342E2D1BBFA8BF0400908
:103020000DB0BDE8F08F00200DB0BDE8F08F0AF1C3
:10303000010A019B5FFA8AFA5345C1D20120EFE7EA
:103040002DE9F04F07468DB016469A460DF10C0C4F
:1030500002F1150402F1200501914FF000090FCF94
:10306000ACE80F000FCFACE80F003B68CCF80030A5
:103070004FEAC91314F8012F43EA5903A54252FA43
:1030800083F35FFA83F9F3D133684FF0000873607C
:10309000A6F80C80BAF1000F4ED00127019B03A8BF
:1030A000D91B89B24901FFF7B7FC002855D0002190
:1030B00003A8FFF751FB00284FD0059A574500F1B0
:1030C000010B4FF0010492F828304FF0000543F057
:1030D000010382F828304FF00F030CBF47F0400285
:1030E0003A46C3724FF00003027003734FF00003BF
:1030F00080F80D90438306E0ABF800000134013501
:103100000BF1020BE4B2B08918B9D6E901239A4257
:1031100016D0304603F0E0FD042DEBB2ECD90A2BBB
:1031200002D8ABF80300E9E70D2CABF80500E5D1B8
:103130000137FFB2BA45B1D201200DB0BDE8F08F22
:10314000B8F1000F06D008F101084FF6FF705FFAE2
:1031500088F8E1E74FF00108DEE700200DB0BDE898
:10316000F08F00BF02464FF0203152F8163B2DE998
:10317000F043C0F81610864684685160C2F8071004
:103180001A782E2A14BF0120002003D113F8012F32
:103190002E2AFBD0611E99420BD90A4602E09342C7
:1031A000114606D01146013A91F800C0BCF12E0F2D
:1031B000F5D19C424FF0000540F286800726082793
:1031C000A946A84606E001330A264FF00809102751
:1031D0009C425BD91A782E2A08BF9942F3D0222A42
:1031E0000DD07C2A0BD0A2F15B0CBCF1020F06D9EA
:1031F000A2F12A0CBCF1050F21D82D2A1FD002F014
:10320000C002802A5DD04E452FD299422CBF0020AB
:1032100001200A2E08BF40F00100002847D09EF888
:103220001630202B40D09EF8143001207E21312210
:1032300073448EF815009975DA75BDE8F083A2F134
:103240003A0CBCF1050FDAD9A2F1210CBCF15D0FEB
:10325000D5D84E45D9D3A2F1610CBCF1190F28D8AD
:10326000203A3D43D2B2EDB201E000205F2209F1E5
:10327000010CF144013389F816205FFA8CF2062A1A
:10328000914698BF8EF814209C42A3D89EF8163021
:10329000202B09D00028C6D018EA050F18BF022538
:1032A0008EF81550BDE8F0830020BDE8F0830B4692
:1032B0008EE7A2F1410CBCF1190F98BF47EA08084C
:1032C000D5E70133002083E7A846DFE72DE9F84F73
:1032D0004FF0620900250F460446DFF8A0B04FF01A
:1032E0007E0A91F8148001F11606B8F1030FDBF89D
:1032F000003028BF4FF003082B449DB208F10403AF
:10330000DBB205F00F02581E2D09092A02F1370120
:1033100098BF02F13001FA18C3B291759845F0D107
:1033200007EB08030021204683F816A0FFF774FB83
:1033300001212046FFF710FA03460B2230469BB1CD
:1033400093F800C01946BCF1000F13D0DB7A1B07BD
:10335000EED412F0EBFC0028EAD109F1FF3919F0A4
:10336000FF09C2D1484603E06078B0FA80F0400916
:10337000BDE8F88F0120BDE8F88F00BF146D022072
:103380002DE9F04F2DED028B8BB0CDE902038B6858
:1033900007930B7813F0700F53D0029B1B78002B10
:1033A0004FD1136990469A4A0E460C33A2FB032371
:1033B000C3F3870298F815309807049200F0A780AD
:1033C000571CFFB20023304619461C460693FFF7F0
:1033D00023FB08F11603A346A146A24608EE103AC5
:1033E0000594756900213046FFF7B6F9C5F34F150E
:1033F000034620B30278E52A29D042B3BC4238BF45
:1034000000242E2A2BD090F80BC0BCF10F0F54D003
:103410001CF0080C23D1B9F1000F40F0D5800B222D
:1034200018EE101A12F082FC0028DAD198F8153044
:1034300013F0010300F0E48001230593D1E77378D2
:1034400083B100200BB0BDEC028BBDE8F08F002CE7
:1034500008BFAA46BC4201D20134E4B212B14FF017
:103460000009BEE7039B9A05EBD503F00303013B7C
:10347000012BE6D8002C08BFAA46BC4203D348E083
:10348000DCB2A74245D000213046FFF765F9631C46
:103490000028F5D17378002BD3D1A74239D9079DE5
:1034A00005E02B7904EB0314E4B2A74231D930468E
:1034B000FEF7C2FD0028F4D1C3E7B9F1000F19D11E
:1034C00002F01F0B049959458BD112F0400988D0A6
:1034D000437B89460693BBF1010F82D1691C4B46A1
:1034E0004246304689B2FFF74DFD002808BF4FF035
:1034F000000976E70BF1FF3B5FFA8BFB5A45AED133
:10350000437B069A9342E6D04FF0000969E7012712
:1035100058E7059B2BB141463046FFF7D7FE002800
:103520008FD0013F42463046FBB20AEB03051F46EF
:10353000ADB22946FFF784FD002882D069013046EC
:10354000FFF76AFA00283FF47CAF00213046FFF70E
:1035500003F9044600283FF474AF2022002112F042
:1035600091FCD8F81620D8F81A302260636098F8D9
:103570002030B8F81E20A372228198F8153003F08D
:1035800018032373234B1B68002B3BD00DF1230240
:103590000DF1260109A89847BDF824302382BDF813
:1035A0002630E3819DF823306373079A92F8283020
:1035B00043F0010382F82830039B2A4631460298E3
:1035C0000097FFF781FA3DE7BBF1010F7FF439AFB8
:1035D0000A3001E013F8012F4FEACC11984241EA7A
:1035E0005C0152FA81F25FFA82FCF3D1069B6345DB
:1035F0007FF427AF4F46039B19053FF522AFDBE76A
:103600001F46F8E745F62143238223836382CCE7F4
:103610004FECC44E3CD700202DE9F0411F460B78FB
:1036200082B00C46202B154603D114F8013F202B05
:10363000FBD02C60237863B32F2B2AD04FF00008E7
:10364000294E211D204601AA03F00EFC044670B14C
:10365000019BB3F5803F40D27F2B08F1010831D8A0
:103660003C2BD9B229D8212905D81F2909D80020F7
:1036700002B0BDE8F0812239C9B226FA01F1CA07C9
:10368000F5D42E2B01D0202B1CD123780BB12F2B5E
:10369000D7D12B69013BFE2BE9D82378202B03D10E
:1036A00014F8013F202BFBD02F2BF9D028463C608B
:1036B00002B0BDE8F041FFF755BD5C29D7D005D970
:1036C0007C29D4D0C5F81080AC60DEE73E390129F2
:1036D000F8D8002002B0BDE8F08108F10208AC6023
:1036E000C5F81080D1E700BF01210005F0B5002327
:1036F0008BB0019383789A0724D5016A054619B1E6
:10370000806800F019FEE8B101212846FEF7D0FCE0
:10371000C0B1421E00F10A0C0024E30112F8011F9F
:1037200043EA5403944551FA83F3DCB2F5D1E5261C
:1037300000230670AF682B7007F12800AB7003F010
:1037400061FA10B900200BB0F0BD07F50E7003F060
:1037500059FA0028F6D0386803681B6A9847002891
:10376000F0D0EB78002BEED0294601A8FEF7C0FE82
:103770000028E7D0EB78002BE4D0012721E001A856
:10378000FEF7EAFF7B1CF9B20028DBD0C27A0F2AD1
:10379000D8D102785FFA83FC9FB202F01F038B42FC
:1037A000D0D1437BA342CDD10670A96891F82830CF
:1037B00043F0010381F8283053060DD4EB786345BC
:1037C000C0D3A98801A8C91B89B24901FFF724F910
:1037D00000210028D3D1B5E7AC6804F1280003F03C
:1037E00011FA0028AED004F50E7003F00BFA002891
:1037F000A8D0206803681B6A9847A4E72DE9F8431E
:10380000DDF82090A2B105460C469846571801E015
:10381000BC420DD02B68204649465E6AC04721460F
:10382000024628460134B0470028F1D1BDE8F883AC
:103830000120BDE8F88300BF486810B50C4630B1E0
:103840000B894A8901339BB29A420B8101D92068C6
:1038500010BD0368012203495B6898470023206874
:10386000238110BDE85700202DE9F04F054687B0B1
:103870008846924600214FF40072406A12F002FB23
:10388000286A28B103680C223A495B689847286A7D
:103890006B6A4FF00009EE690AF1FF32DFF8E0C011
:1038A000E968ADF814904C1CCDE903304FEA5A1387
:1038B000ADF816303368DF6A674526D16AB301EB8D
:1038C0000A07DFF8C0A00AE02146039A3046013417
:1038D000D84700283FD0A7421ED033680498D3F8B9
:1038E00024B00028F0D0BDF81430BDF81620013304
:1038F0009BB29A42ADF81430E6D8036851460122D3
:103900005B689847ADF81490DEE703AB214630467C
:103910000093194BB847F0B1286A20B1036802221E
:1039200016495B689847B8F1100F4FF0F8016A6AC2
:103930004FF001030CBF04200C201170FF216A6AB4
:10394000D15401339842FAD1E8696A6A0368E96898
:103950005B6A984718B9002007B0BDE8F08FD5E939
:103960000231E86919446A6A03685B6A984707B0DC
:10397000BDE8F08F4C400020C50F020070400020D1
:10398000890F0200E857002038B5436A4FF40075EC
:10399000044600212A46184612F074FA4FF02031EE
:1039A000EB22A0F80B50C0F803100346C0F8071034
:1039B00090210270762099700222587094F82B1092
:1039C00059734AF65521208D1A74F822D8815A75F8
:1039D0002269DA61A269A3F8FE111A6238BD00BF3C
:1039E00070B504464FF400720021406A12F04AFAA2
:1039F000656A2269216805F2BF1003F093F9A36993
:103A0000226905F2C31021681A44013A03F08AF9C9
:103A100094F82A204AF6552385F8C2212269E069E4
:103A2000C5F8C621626AA169A5F8FE310368C5F828
:103A3000CA1100215B6ABDE87040184770B546693D
:103A40004FF4807390F82BE00446A6F58072456A27
:103A50004360B2FBFEF202F2011C4FEA1C214FEA66
:103A6000410C81600CF1A10098420ED98033F21A0A
:103A7000B2FBFEF202F20111090A4FEA410C0CF10D
:103A8000A1008342F2D3C4E901311B1AA2F6F571F9
:103A900003F18000B1F5704F20614FD20CF1210C81
:103AA0008133204602FB0EC2E360B2F5803FA26183
:103AB00034BF0423062384F82A3001232385FFF72B
:103AC0008FFF08B9002070BD2046FFF75DFF292257
:103AD000A1684FF0203385F826204622C5F82F3004
:103AE000802085F836205422C5F82B30C5F83230B6
:103AF000312385F838203622E982412185F8393092
:103B000085F837104FF4007185F8240085F83A20C5
:103B10000F4BE069C5F827300368A5F81110626AF9
:103B200021695B6A98470028CCD062682046E36828
:103B30001021D21ABDE87040FFF796BE206A002817
:103B4000C0D00368132203495B689847002070BD0A
:103B500087D6120020400020F8B546694FF4005384
:103B600090F82BC04FF48042A6F58041036142F2E9
:103B7000090E0446456A4260B1FBFCF101F1810384
:103B8000DB0983600EEB4300904240F2B68002F501
:103B90000052B11AB1FBFCF101F18103DB090EEB1C
:103BA00043005F008242F2D3C4E901234FF6F4736D
:103BB000994240F2978001FB0C2CA2F5005220465E
:103BC000D21B92B202F5005322854D4AE360ACF558
:103BD0000053944594BF4FF00B0C4FF00C0CA361B5
:103BE00084F82AC0FFF7FCFE08B90020F8BD204683
:103BF000FFF7CAFEA16829224FF0203380206962B6
:103C000085F8422054214622C5F84B3085F8400003
:103C10004120C5F84730C5F84E30022385F85220C0
:103C2000332285F85410322185F8552085F8530049
:103C300085F85610EB62E069324B334A2B63036818
:103C4000C5F843205B6A626A216998470028CCD096
:103C5000E069216903680631626A5B6A9847002857
:103C6000C3D04FF400720021606A12F00BF9E069D2
:103C7000264A0368C5F8FC2121695B6A0231626A41
:103C800098470028B1D0E069216903680831626A69
:103C90005B6A98470028A8D04FF0FF33E0691C4AC0
:103CA000C5E97A331B4B2A60C5F8E4310368216902
:103CB000626A5B6A01319847002896D0E069216901
:103CC0000368626A07315B6A984700288DD0A26852
:103CD000204694F82B30202103EB4202BDE8F84047
:103CE000FFF7C2BD206A00283FF47FAF03681322AC
:103CF00009495B6898470020F8BD5F0056E700BFA0
:103D00000004FB000100060087D61200000055AA3F
:103D100052526141727241612040002038B5044620
:103D20000D68C16108466262EA692362904700F249
:103D3000FF736061DB0A062B236024D9102B13D894
:103D40000223B0F5800F84F82B3020462ED2FFF7E7
:103D500075FE0546206A05B320B103680D22194996
:103D60005B689847284638BD202B23D9402B23D9A0
:103D7000802B23D9B3F5806F22D9B3F5004F8CBFC8
:103D800080234023DDE7206A20B1036814220E4916
:103D90005B6898470025284638BD0028FAD003689C
:103DA0000F220A495B689847284638BDFFF7D4FEC2
:103DB0000546CFE70423C4E70823C2E71023C0E782
:103DC0002023BEE700400020E83F002010400020F4
:103DD000042A04D801EB4202B2F8010070470A2A13
:103DE00003D801EB4202908870470C2A03D801EBFC
:103DF0004201C88870470020704700BFF8B50478BA
:103E00000E467CB114F06004174607D0012A09D988
:103E10002F22002301200A704B70F8BD2146FEF7C7
:103E200047F918B9002318463370F8BD0346A44675
:103E3000082111E0027B114203D00EF1200E5FFA3F
:103E40008EFE651CBD42EDD20CF1010C06F804E0BB
:103E5000ECB2BCF10C0F10D0BCF1080F11D013F86C
:103E600001EBAEF14102192AE4D9BEF1200FE8D1ED
:103E70000CF1010CBCF10C0FEED1002320463355A0
:103E8000F8BD1A78202AF8D010214FF02E0ED8E76E
:103E90002DE9F04F00248BB0037889460194002B64
:103EA00055D0C3780646002B58D0014601A890464D
:103EB000FEF71EFB00284AD0F078002843D008F116
:103EC000FF38CB464FF0010AC844B18801A8A1EBE6
:103ED0000A0189B24901FEF79FFDC0B3002101A884
:103EE000FEF73AFC98B3C37A0F2B30D103785FFA10
:103EF0008AF103F01F038B4229D1471C0025042DB2
:103F0000EBB23FD83B8874BB03F5205189B2B1F5C1
:103F1000006F3ED3A3B118465946424602F052FF05
:103F20008346A0B10024013502370D2DE7D10AF1F7
:103F3000010AF1785FFA8AF31FFA8AFA9942C4D229
:103F4000ABEB0900D946002389F8003003E00023D9
:103F5000184689F800300BB0BDE8F08FFFF74EFF30
:103F60000BB0BDE8F08F03F5105189B2B1F5806F49
:103F7000EDD20A4AC3F3090302EA8420184300F58C
:103F80008030C9E70A2B94BFB7F80330B7F8053083
:103F9000B9E7B1F5806FDAD21C46C4E700FC0F0028
:103FA000FFF776BF2DE9F843DDE90887C3B1814605
:103FB0000C4615465E1802E0C047B44210D0D9F84E
:103FC000003021462A4648461B69984703463A4630
:103FD000204629460134002BEED11846BDE8F8836F
:103FE00001231846BDE8F88310B41468B4F5807F47
:103FF000A44628BF4FF4807C01EB4C00814207D2DD
:1040000031F8023B13B95368013353608842F7D843
:10401000A4EB0C0414605DF8044B704710B41468F2
:10402000802CA44628BF4FF0800C01EB8C0081420D
:1040300007D251F8043B13B95368013353608842E7
:10404000F7D8A4EB0C0414605DF8044B704700BF74
:104050002DE9F843C37904460D461746202B59D065
:10406000102B30D00C2B51D1027AC1F34E01836951
:1040700000F50E7911FA85F1A2F1020248468EB2DE
:10408000B2FA82F2C1F34621520901EB0308520051
:10409000414602F0E3FD002838D0C6F30806731C41
:1040A000865DB3F5007F23D018440378EA07E26900
:1040B00046EA03234CBF1B09C3F30B039A4240D2C9
:1040C0000020BDE8F883027AC1F30721836900F577
:1040D0000E70A2F102021944B2FA82F252095200A1
:1040E00002F0BCFD90B16D0005F4FF75435B25E067
:1040F000227A08F101014846A2F10202B2FA82F2E4
:104100005209520002F0AAFD0028CED14FF0FF3034
:10411000BDE8F883027A816900F50E70A2F102020F
:1041200001EBD511B2FA82F25209520002F096FD6B
:104130000028EBD0AD0005F4FE754359E2699A42C0
:10414000BED301203B60BDE8F88300BF2DE9F843F2
:10415000C37905460C461646202B48D0102B2DD08F
:104160000C2B41D1C1F34E01836900F50E7911FA90
:1041700084F11FFA81F8C1F34621CF18037A48462B
:10418000022B394614BF0122032202F067FD58B307
:1041900014F00104C8F308033FD0C25C02F00F0220
:1041A00042EA0612C2540133B3F5007F3AD0C6F397
:1041B0000712034401201A70BDE8F883027AC1F3A4
:1041C0000721836900F50E70022A194414BF0122E9
:1041D000032202F043FD034630B16400012004F4E1
:1041E000FF741E53BDE8F8830020BDE8F883037A0E
:1041F000816900F50E70022B01EBD41114BF01226E
:10420000032202F02BFD03460028EDD0A40001207C
:1042100004F4FE741E51BDE8F883C6540133B3F5AF
:10422000007F15D12B7A791C4846022B14BF01223E
:10423000032202F013FD03460028D5D0C6F307126F
:10424000002CB7D1197821F00F0141EA1212B1E721
:10425000C6F307120344F5E72DE9F041C46882B0C4
:1042600005460E468C42904640D301270134EB6947
:1042700001AA2846A34205D29FBBEC6801273C4413
:10428000A3422ED3A64218BF012C214629D9FFF7FD
:10429000DFFE002825DBE9D0019B002BE6D107B12A
:1042A000EC60EB69A3421CD36FF0704221462846B4
:1042B000FFF74CFF0746A0B13EB96B6A002B01DB4C
:1042C000013B6B62C8F800400CE0012E09D0EB699D
:1042D0009E4206D8314622462846FFF737FF00287F
:1042E000EBD10027384602B0BDE8F0810C4600272C
:1042F000BCE700BF01290CD910B4C4698C4203D3B8
:104300005DF8044BFFF7A4BE4FF0FF305DF8044B9F
:1043100070474FF0FF30704701290BD910B4C469C2
:104320008C4203D35DF8044BFFF710BF00205DF80B
:10433000044B70470020704770B5054682B00C46AC
:104340001DE0EB699C421FD8FFF782FE064621461E
:104350000022002E284617DBEB699C4214D8FFF799
:10436000F5FE621E80B16B6A002B03F10103A8BF4A
:104370006B62EB68A342019C88BFEA602EB1012CFE
:10438000214601AA2846DCD8002002B070BD00BF3B
:104390002DE9F0470646406A84B000281BDAF2791E
:1043A0000C2A1BD1F7697B1C022B40F2CD80022422
:1043B0000025214602AA3046FFF74AFE002804F1F4
:1043C000010306DB57D1A7421C465CD0F269934239
:1043D000EFD94FF0FF3004B0BDE8F087F16900205D
:1043E00096F8383201313469DB07CDE9021000F16B
:1043F000858000214FF0FF33202A06F5127786F8DA
:104400003812C6F8443242D0D6F800804F4BD8F864
:104410000020D6F818A095699D4278D1002C00F0B4
:1044200082800AEB0409136951463A464046984790
:104430000028CED00299B1F5807F8E4628BF4FF478
:10444000807E07EB4E0CBC450BD9039D3B460022FA
:1044500033F8024B0CB9013502469C45F8D802B13D
:1044600003950AF1010AA1EB0E01D14502915AD040
:10447000D8F80020D7E7029A002AA4D1A74205F174
:1044800001051C46A2D1284604B0BDE8F087D6F845
:1044900000A02E4BDAF80020D6F8189095699D42BE
:1044A00046D1002C3FD009EB0408136949463A462F
:1044B0005046984700288CD0DDF808C0BCF1800F2A
:1044C000E64628BF4FF0800E07EB8E02BA420BD9AA
:1044D000039D3B46002153F8044B0CB901350146BE
:1044E0009A42F8D801B1039509F10109ACEB0E032A
:1044F000C845029317D0DAF80020D6E706F50E700B
:1045000002F080FB00283FF464AFF27971E72346A4
:1045100002AC3A465146019440460D4C0094A847DF
:1045200000283FF456AF0398706204B0BDE8F087EE
:10453000234602AC3A46494601945046054C009445
:10454000A8470028EFD144E7002044E731170200D4
:1045500075170200A917020070B50023044615461E
:1045600001204FF0FF3204F128062160E371E06082
:10457000E162C4F83C1284F8283084F8383262636F
:10458000C4F84422CDB1042D01D9002070BD1A46D3
:104590001946304602F062FB6FF0704300F5DF729F
:1045A0002B441D0102EB03130028EED019790029DA
:1045B000EBD0525D5206E8D19D6800222946304674
:1045C00002F04CFB0028E0D0B0F80B30B3F5007FD0
:1045D000DBD1037C5A1E2372012AD6D8417B4B1EA5
:1045E0000129217163714FF00003A37144D00122AE
:1045F00052000133D2B2DBB2914204D0082BF7D182
:104600000020A37170BD1E46A371C18A216109B942
:10461000416A2161C289B0F811302A4463815B018B
:10462000A26190F810C003F2FF1301FB0C2202EB11
:1046300053232262B0F81320636102B9026AED1AB3
:10464000AB18F3405A1CE2614FF0FF32626240F651
:10465000F47293420CD94FF6F47293420AD9C26AAB
:10466000202322620120E3712163C4F8401270BD4F
:104670000C23F7E71023F5E71E46C6E7F8B500263A
:104680008F6B0D460446C0E90E669FB1014624209B
:1046900000F0DCF8068086708446AD6BA0630FCD19
:1046A000ACE80F000FCDACE80F002B68CCF8003061
:1046B0002046F8BDCB6B002BFAD00146382000F025
:1046C000C5F880F8317047860246EB6BE06303F172
:1046D00030071E68103353F80C5C103253F8080C86
:1046E00053F8041CBB4242F8106C42F80C5C42F8D0
:1046F000080C42F8041CECD11B6820461360F8BD7E
:1047000010B50446806B10B1FDF7E2FC30B9E06BE8
:1047100010B1FBF7CFFB20B9002010BD0023A3632D
:1047200010BD0023E36310BD002952D02DE9F041F4
:104730000446806B0D4617461E4610B1FDF7C8FCB7
:10474000A0BBE06B10B1FBF7B5FBB8BBD5F880841C
:10475000B8F1000F11D02146242000F077F833463D
:1047600000263A4606808670A063D5F88014FDF7CF
:10477000B7FE58BBA063BDE8F081D5F8843493B18F
:104780002146382000F062F8334680F831803A46FE
:10479000A0F83280E063D5F88414FBF7BFFFA8B916
:1047A000E063BDE8F0810020BDE8F0810023D5F88A
:1047B0008084A363B8F1000FCDD1DEE70023D5F8E4
:1047C0008084E363B8F1000FC5D1D6E70120BDE8CE
:1047D000F0810020704700BFF8B50446806B0D469D
:1047E000174610B1FDF774FC38BBE06B10B1FBF756
:1047F00061FB38BBAE6B76B12146242000F026F871
:1048000000213A4601808170A063A96BFEF7CEF9C2
:1048100088B9A063F8BDE86B0028FBD0214638209A
:1048200000F014F83A4680F831604686E063E96BA0
:10483000FBF77CFF20B10120F8BD0023A363D9E77B
:10484000E063F8BD0023E363D4E700BF0846704788
:104850002DE9F041002604469846C0F88814C0F8B7
:10486000806401464FF490601746FFF7EFFF424621
:1048700080F84464054680F87964A0F87A64C4F846
:104880008404D4F88814FDF7E7FAA0BB002621467B
:1048900040F26C40C4F88464FFF7D8FF0223C6716D
:1048A0004246A0F84864054680F84A640372C4F89A
:1048B0008004D4F88814FFF74FFE38B900231A4A51
:1048C00018461360C4F88034BDE8F08105F58966A8
:1048D0003046FDF7FDFB29463046FDF737FE002840
:1048E000ECD0124B1A68AAB91D600F4BAFB1012072
:1048F0001C60BDE8F08105F589663046FBF7DAFA01
:1049000029463046FBF704FB0028BFD0084B1A6845
:10491000002AE9D0044B002FE9D11A68002AE6D01A
:104920000120BDE8F08100BF3CDA002040DA002021
:10493000C0D7002070B500254FF47A760446456054
:1049400005738660C0E91255034D40F8105BFFF710
:10495000EBFE204670BD00BFE84300204FF0FF3063
:10496000704700BF407C7047007D7047407D7047B6
:1049700001207047007F70472DE9F0471E46C37C39
:1049800005460C46022B9146089F28D02B682146ED
:1049900028461B6E984798B1AC61B9F1000F12D050
:1049A00004EB090801E0A0450DD039462046B04788
:1049B0002B6801462846DB6D013498470028F2D168
:1049C0000020BDE8F087AB69287F4B44AB6100282D
:1049D000F7D12B6828465B6EBDE8F047184783691E
:1049E0008B42D3D1D9E700BF704700BF043002F03B
:1049F000B5B800BF10B5044620210CF0BBFA204624
:104A000010BD00BF2DE9F0411F46C37C05460E4690
:104A1000022B144624D02B68314628461B6E98473B
:104A200078B1AE6187B1002601E0B7420CD02A68A8
:104A3000214628460136D26D04F5007490470028BF
:104A4000F3D10020BDE8F081AB69287F3B44AB6126
:104A50000028F7D12B6828465B6EBDE8F041184767
:104A600083698B42D7D1DDE72DE9F041204E07461F
:104A700000F10408356805F51675ADB203E033683A
:104A8000EB1A1B0410D4404602F06CF8FF280446D1
:104A9000F5D1FD21404602F083F8BB7CCBB9002361
:104AA0000120FB74BDE8F0811E23B87C7B740028D4
:104AB000F8D0387C012102F009F8FF21404602F0CD
:104AC0006FF8404602F022F800231846BB74BDE898
:104AD000F0810121387C01F0F9FF2146404602F0C7
:104AE0005FF8404602F012F80023BB74D7E700BF1E
:104AF000146D02202DE9F041C37C012B35D0867C5A
:104B000004464EB1043002F02DF8B0F1FF0518BF95
:104B100001252846BDE8F081071D4FF00108384601
:104B200001F0D6FF3146207C01F0D0FFFF2138464E
:104B300002F036F8384684F8128002F013F8A37CAD
:104B4000B0F1FF0518BF0125002BE2D04146207CC3
:104B500001F0BCFFFF21384602F022F8384601F090
:104B6000D5FF2846A674BDE8F08100252846BDE89B
:104B7000F08100BF2DE9F843204F04468846914656
:104B80003D68061D05F59675ADB203E03B68EB1A6E
:104B90001B040DD4304601F0E5FFFF282075F5D049
:104BA000FE281AD01823A07C637430B9BDE8F883BE
:104BB0001D23A07C63740028F8D0207C012101F023
:104BC00085FFFF21304601F0EBFF304601F09EFFEC
:104BD00000231846A374BDE8F8834A464146304690
:104BE00001F0CCFF207538B9304601F0BBFF3046EC
:104BF00001F0B8FF0120D9E72523D4E7146D022086
:104C0000F0B5002783B00C2104463A46C77400F083
:104C10005BF8B0B9A67C1EB90126304603B0F0BDE2
:104C200005460121207C01F051FF201DFF2101904C
:104C300001F0B6FF019801F069FF3046A57403B09A
:104C4000F0BD0923A67C6374002EE6D0251D207CD0
:104C500001213E4601F03AFFFF21284601F0A0FF66
:104C6000284601F053FF3046A77403B0F0BD00BFE3
:104C7000C27C022A03D0012A04D0012070470368B5
:104C80005B6E1847FFF7BCBF38B503680D460D498A
:104C900004461A6A8A420CD1C27C022A04D0012A34
:104CA0000BD00120257738BD5B6E98470028F8D1DE
:104CB00038BD90470028FBD0F3E7FFF7A1FF00289D
:104CC000F6D0EEE7FD2302002DE9F041036882B043
:104CD0000F463549019206461A6A8A425ED1C27C65
:104CE000022A41D0012A5BD0B47C002C47D0351D6C
:104CF0000C2F11D0DFF8B480D8F8004004F596747A
:104D0000A4B204E0D8F80030E31A1A0434D42846D8
:104D100001F028FFFF28F5D10DF1040802AC47F09F
:104D20004001284601F03CFF14F8011D284601F01F
:104D300037FFA045F8D1002F28464FF00A040CBFDA
:104D40009521872101F02CFF284601F00BFF284612
:104D5000013C01F007FF0306A4B2307501D5002C19
:104D6000F5D102B0BDE8F0815B6E98470028BBD159
:104D7000FF2002B0BDE8F081002FCDD0F8E7351D4F
:104D8000284601F0A5FE2146307C01F09FFEFF2160
:104D9000284601F005FF0123B374A9E79047E5E732
:104DA000FFF72EFFE2E700BFFD230200146D022093
:104DB0002DE9F04788B005464FF00008174601ACD2
:104DC0002E1D85F8128085F8118085F8158084E8FD
:104DD0000E009DF80400287401F074FE0121287C67
:104DE00001F074FE6C490723C5E9021394E807003B
:104DF00005AB83E8070030460ECB01F073FEAC7CB8
:104E000085F81380002C67D00A240121287C01F04A
:104E10005DFEFF21304601F0C3FE611E11F0FF046C
:104E2000F7D121460A24287C01F050FE00222846B2
:104E30001146FFF749FF012804F1FF3304460AD069
:104E400013F0FF04F2D10123A87C6B74002851D128
:104E500008B0BDE8F0874FF4D57208212846FFF767
:104E600033FF420757D56C752B68DFF830A19B6D77
:104E7000534561D1687DA0F10204DFF82491B4FAB2
:104E800084F4D9F80030640903F5FA68A4071FFA1E
:104E900088F805E0D9F80030A8EB03031B0449D4D7
:104EA000372100222846FFF70FFF224629212846F6
:104EB000FFF70AFF0028EDD12B689B6D534565D1A4
:104EC000687D022849D0AB7CCBBB07230120C5E914
:104ED000027308B0BDE8F087304601F0F9FD2146C5
:104EE000287C01F0F3FDFF21304601F059FE01233B
:104EF000AB7489E7287C012101F0E8FDFF213046F1
:104F000001F04EFE304601F001FE00231846AB745E
:104F100008B0BDE8F087022304246B75304601F029
:104F200021FE631E287513F0FF04F7D1AA289BD039
:104F3000062389E7172387E7284698479BE701213F
:104F4000287C01F0C3FDFF21304601F029FE3046E8
:104F500001F0DCFD0023AB74B7E700223A212846BC
:104F6000FFF7B2FEA8B9304601F0FCFD00F0C0002A
:104F7000C02801D103236B75304601F0F3FD3046A4
:104F800001F0F0FD304601F0EDFD9CE72846984722
:104F900097E7122358E700BF801A0600F9200200A5
:104FA000146D0220F8B500220D463A210646FFF79F
:104FB0008BFEE0B9371D2C1D384601F0D3FD04F8F7
:104FC000010DA542F8D1B47C14B901242046F8BDE6
:104FD000307C012101F07AFDFF21384601F0E0FD2F
:104FE000384601F093FD00232046B374F8BD122328
:104FF000B47C7374002CE9D0341D307C012101F0A5
:1050000065FDFF21204601F0CBFD204601F07EFD2D
:1050100000231C46B3742046F8BD00BF70B5164689
:1050200082B000220446FFF74FFEB0B11B23637429
:10503000A07C08B902B070BD251D207C012101F0C3
:1050400045FDFF21284601F0ABFD284601F05EFD3D
:1050500000231846A37402B070BD054610223146E5
:105060002046FFF787FD0028E2D0A67C002EE1D085
:10507000207C012101F02AFD201DFF21019001F07B
:105080008FFD019801F042FD3046A57402B070BD5D
:105090000368254ADB6C934200B585B00FD16A46A0
:1050A0000921FFF7BBFF38B19DF8003013F0C003B2
:1050B00008D0402B27D0002005B05DF804FB6946DE
:1050C0009847F0E79DF809309DF80A2003F00303A4
:1050D0009DF806109DF807005B0001F003018000B9
:1050E0009DF808C043EAD2139DF8052040EA8120CC
:1050F00002F00F0240EA9C1013440130073B984035
:1051000005B05DF804FB9DF809009DF807300130FB
:105110009DF8082003F03F0300EB034000EB022062
:10512000800205B05DF804FBD92B020003680A4633
:1051300030B59B6D83B0164D0446AB4224D1407D03
:1051400003284FF01201204618BF5202FFF7BCFDA2
:1051500020B901231846E37403B030BD0C23A07CB2
:1051600063740028F8D0251D207C012101F0AEFCDD
:10517000FF21284601F014FD284601F0C7FC00235A
:105180001846A37403B030BD01919847019AD7E740
:10519000F9200200F8B51446C27C06460D46012AE5
:1051A0001F4602D183698B4205D029463046FFF75E
:1051B000BDFF80B1B56187B1002501E0AF420CD0E1
:1051C00021464FF400723046013504F50074FFF7B4
:1051D000D1FC0028F2D10020F8BDB369307F3B44F8
:1051E000B3610028F8D13046BDE8F840FFF708BDAC
:1051F0002DE9F84F9B46C37C06460C46012B15460D
:10520000DDF82890DDF82C8002D183698B4205D02F
:1052100021463046FFF78AFFB0B1B461BBF1000F01
:1052200015D004EB0B0A02E0C847A2450FD04FF49B
:10523000007229463046FFF79DFC0746424620464D
:1052400029460134002FEFD10020BDE8F88FB36963
:10525000307F5B44B3610028F7D13046BDE8F84F9A
:10526000FFF7CEBC03682DE9F0415F69164B9F4202
:105270001FD1C37C04460D461646012B02D183691B
:10528000994205D029462046FFF750FF70B1A5612D
:105290004FF4007231462046FFF76CFC30B1A36931
:1052A000207F0133A36148B1BDE8F0810020BDE853
:1052B000F081BC460123BDE8F04160472046BDE8CF
:1052C000F041FFF79DBC00BF2129020003680A4698
:1052D00030B59B6D83B0164D0446AB4224D1407D62
:1052E00003284FF01901204618BF5202FFF7ECFCCB
:1052F00020B902230120E37403B030BD0E23A07C4B
:1053000063740028F8D0251D207C012101F0DEFB0C
:10531000FF21284601F044FC284601F0F7FB00235A
:105320001846A37403B030BD01919847019AD7E79E
:10533000F920020003682DE9F043DB6C1746414A6F
:1053400085B004460E46934245D16A460921FFF7CF
:1053500065FE0546B5B19DF80A305A0618D5637D3D
:10536000032B01D076027F02324620212046FFF730
:10537000ABFC28B93A4621212046FFF7A5FC70B3C3
:1053800026236374A57C9DB9284605B0BDE8F0834B
:1053900003F03F039DF80B205B0043EAD2137A1C15
:1053A00032431342DBD02723A57C6374002DEBD05E
:1053B000251D207C012101F089FBFF21284601F0F9
:1053C000EFFB284601F0A2FB00231D46A3742846EC
:1053D00005B0BDE8F083694698470546BAE702463E
:1053E00026212046FFF770FC0028C9D1DFF858803D
:1053F00042F2107704F10409D8F800301F44BFB21C
:1054000004E0D8F80030FB1A1B0417D4484601F01A
:10541000A9FBFF280646F4D1A37C002BB4D00121C0
:10542000207C1D4601F052FB3146484601F0B8FB96
:10543000484601F06BFB0023A374A5E7282363749F
:10544000A0E700BFD92B0200146D022070B5002226
:1054500082B00E4609210446FFF736FCB0B11B238B
:105460006374A07C08B902B070BD251D207C0121A9
:1054700001F02CFBFF21284601F092FB284601F0A9
:1054800045FB00231846A37402B070BD05461022E8
:1054900031462046FFF76EFB0028E2D0A67C002EA6
:1054A000E1D0207C012101F011FB201DFF210190A2
:1054B00001F076FB019801F029FB3046A57402B09B
:1054C00070BD00BF70B5002282B00E460A210446AE
:1054D000FFF7FAFBB0B11B236374A07C08B902B0DC
:1054E00070BD251D207C012101F0F0FAFF21284626
:1054F00001F056FB284601F009FB00231846A3746F
:1055000002B070BD0546102231462046FFF732FB3F
:105510000028E2D0A67C002EE1D0207C012101F001
:10552000D5FA201DFF21019001F03AFB019801F00E
:10553000EDFA3046A57402B070BD00BF70B5051D10
:1055400016460446284601F02BFB4FF40072314604
:10555000284601F02FFBFF21284601F021FBFF2107
:10556000284601F01DFB284601F0FCFA00F01F035D
:105570002075052B04D02023A07C637410B970BD66
:10558000012070BD207C012101F0A0FAFF212846F6
:1055900001F006FB284601F0B9FA00231846A3746F
:1055A00070BD00BF2DE9F041174D06460F4600F1D2
:1055B00004082C6804F51674A4B203E02B68E31AFF
:1055C0001B040CD4404601F0CDFAFF28F6D13A4630
:1055D000FC213046FFF7B2FF18B1BDE8F08124236B
:1055E0007374B07C0028F8D0307C012101F06EFA91
:1055F000FF21404601F0D4FA404601F087FA00232B
:105600001846B374BDE8F081146D0220036870B5CC
:105610009B6D1646224A82B004460D4693423CD109
:10562000407D03284FF01801204618BF6D022A461E
:10563000FFF74AFB0546B0B10D236374A07C08B99F
:1056400002B070BD251D207C012101F03FFAFF2131
:10565000284601F0A5FA284601F058FA002318461A
:10566000A37402B070BD3246FE212046FFF766FFEC
:105670000028E3D0A67C002EE2D0207C012101F09E
:1056800025FA201DFF21019001F08AFA019801F00E
:105690003DFA3046A57402B070BD9847C1E700BF1F
:1056A000F920020010B4047F34B104680123A46A15
:1056B000A4465DF8044B60475DF8044BFFF7A6BFB6
:1056C00010B584B004460DF1040C8CE80E009CE883
:1056D0000E00FFF76DFB20B19DF8053003F00103CC
:1056E000237704B010BD00BF002070470020704732
:1056F00000207047704700BF084B0021084A094846
:1057000010B499631C6B146012685DF8044B1A6343
:105710009A6C22F081029A640170704700002C405C
:1057200038D700201C890220034B586A80F0807013
:10573000C0F30060704700BF00002C40014B187898
:10574000704700BF1C8902202B4A2C4B526AD3F8A9
:1057500000312B49C2F3C22203F03F03013270B57E
:10576000284C4FF47A75A4FB034305FB00F09B081B
:10577000B1FBF3FEBEFBF2FEB0EB1E1F35D20123E0
:105780001E465B001A01BEFBF2F2824201D9FF2BDA
:10579000F6D9BEFBF3F2360290422AD24FEA430C0E
:1057A000012200E0A446154603EB0C040132BEFBC7
:1057B000FCF1814217D9102AF4D1F0254FF47A7305
:1057C0001149124A03FB0CFCBEFBFCF30B60104BAF
:1057D000D16A0B402B43334343F46023D362536AB3
:1057E0001B07FCD570BD2D01E8E77246002601239A
:1057F000D2E79C460025E1E700C00F4000800D4045
:1058000000EC695EABAAAAAAB8D4002000002C4024
:105810000F00F0FF014B1878704700BFD18E0020B9
:10582000014B1868704700BF38D7002010B4074CF0
:105830008C460FCCCCF800000120CCF80410CCF83A
:105840000820CCF80C305DF8044B704704D70020DA
:1058500010B4074C8C460FCCCCF800000120CCF8DB
:105860000410CCF80820CCF80C305DF8044B7047DD
:1058700014D70020024B01201B680B60704700BF4B
:1058800024D70020704700BF10B504460C210BF050
:1058900071FB204610BD00BF044B1B7823B1044BA5
:1058A00018780230C0B27047012070471889022072
:1058B0001A890220184B1A7812F0C0020FD0402A21
:1058C00001D000207047587ADA79197A013002F055
:1058D0003F0300EB034000EB0120800270475A7A3F
:1058E0009979D87902F0030293F808C001F0030116
:1058F0008000520040EA812000B593F80AE040EAB7
:105900009C105B7942EADE12013003F00F0313446E
:10591000073B98405DF804FB14D70020404A05205F
:10592000404938B5D2F800413F4B44F080043F4D28
:10593000C2F80041D2F8004124F03F04C2F800410F
:10594000D2F8004144F01804C2F80041D2F80041F6
:1059500024F08004C2F80041D3F8802042F00C0209
:10596000C3F880205A6A22F460525A62DA6942F41B
:105970008032DA615A6A42F400625A62C1F8CC019C
:10598000C1F8D001C1F8BC01C1F8C001C1F8C4011F
:10599000C1F8C801AA6C264B42F00042AA64EA6A28
:1059A0001343EB62EC6A14F08074FBD14FF4C870BF
:1059B000FFF7CAFE1B4B47F2B80241F2B801C3F829
:1059C000CC411C48C3F8D041C3F8BC41C3F8C04126
:1059D000C3F8C441C3F8C841C3F8BC23C3F8C0230B
:1059E000C3F8AC23C3F8B013C3F8B4231249C3F807
:1059F000B823124B6863C1F8F8314FF0E0234FF43D
:105A000080420F49602081F86E00C3F80C21EB6AD8
:105A1000064A43F00063EB62D36A1B01FCD438BD35
:105A200000800D4000801F4000C00F4000002C404F
:105A3000008000010B007F1100900020852E0200E5
:105A400000E400E02DE9F0410AF0AEFE174E184DDB
:105A50000746DFF8748004E00AF0A6FEC01B40454C
:105A60001BD8346B2C40F7D0124A0021124B117016
:105A7000326B1A601968114A31631B68134209D0EE
:105A80000F491F240F4B40F27A2200200C701A603D
:105A9000BDE8F0810120BDE8F081064A064B147094
:105AA000326B1A601B683363EAE700BF00002C40CA
:105AB00002007F111B89022038D7002000007F11CF
:105AC000D18E0020A4D5002040420F002DE9F843DC
:105AD000264C0F462378002B38D1254B5A6AD20525
:105AE0002BD5234DDFF89480AB6A43F48033AB624F
:105AF0000AF05AFE064604E00AF056FE801B4045B6
:105B00002AD86B6A13F48069F6D007F13C0C184868
:105B100007F50F77436A5B05FCD5ACF1400353F8FA
:105B2000042F9C450262FAD10CF1400CBC45F1D126
:105B3000012318462370BDE8F8839A6A22F4803264
:105B40009A629A6A42F400329A62CAE7FFF77AFFD1
:105B50000028C2D1BDE8F88306492124064B4FF442
:105B60007E7248460C701A60BDE8F8831B890220DB
:105B700000002C40D18E0020A4D5002040420F0010
:105B80002DE9F041074688461F4C0AF00DFE1F4ED6
:105B9000054604E00AF008FE431BB34224D8636ABA
:105BA000D907F7D4BB02C4F8088020D427F0FF033C
:105BB000154C174EE3600AF0F7FD144F054604E05C
:105BC0000AF0F2FD401BB8420ED8236B3342F7D0E7
:105BD000226B104B1A601A6822631A68D20703D529
:105BE0001B6813F4702F0BD00020BDE8F081A26C6D
:105BF000FBB222F0FF02A264A26C1343A364D5E7B8
:105C00000120BDE8F08100BF00002C4040420F00A1
:105C100001000F0038D70020154B30B50D4685B078
:105C20001968FFF7ADFF08B3124B05F10F041A69AD
:105C300000925969019199690291DB6903930023EC
:105C400001E05EF8102C03F0030C01334FEACC0C9A
:105C500023F0030E0F2B22FA0CF20EF1100104F8C0
:105C6000012D0DEB010EECD10023EB7305B030BD1F
:105C700028D7002000002C4010B5037ADB0705D59B
:105C8000154B1B68B3B1BDE810401847134B1B7888
:105C90003BB9134B5C6A84F08074C4F30064204603
:105CA00010BD0F4B0F4C1B6B1C40B4FA84F46409FD
:105CB000204610BD0C4B1C78002CF0D00B4B0C4830
:105CC0001968FFF75DFF0028E9D0054B1C6984F4D3
:105CD0008074C4F30024E2E734D700201B8902203B
:105CE00000002C4002007F111789022028D70020D5
:105CF00000001A0D08B5044B04481968FFF740FF6F
:105D000008B1034B186908BD28D7002000001A0D00
:105D100000002C4008B5074B07481968FFF730FF13
:105D200030B1064B186980F48070C0F3002008BDC4
:105D3000012008BD28D7002000001A0D00002C40CB
:105D40002DE9F047294B8946DFF8C0A0284ECAF854
:105D500000300AF029FD274D0446DFF8B480264FB5
:105D600006E00AF021FD001BB84229D80DF074F9B5
:105D700031682846FFF704FF0028F2D0D8F8103029
:105D8000DB05EED500234FF40072CAF80030D8F8D6
:105D9000283023F48033C8F82830184BC8F8042082
:105DA0001B78CBB149461648FFF7EAFE30B91549D2
:105DB0000E24154B40F257420C701A60BDE8F08774
:105DC000104A0A210020104B117040F24B42CAF8D1
:105DD00000001A60BDE8F0874FEA492908484946A3
:105DE000FFF7CEFE0028E9D1E1E700BFA1340200B1
:105DF00028D7002000001A0D40420F001A89022007
:105E000020003A19D18E0020A4D5002034D70020DC
:105E100000002C402DE9F041254C00212548A36AC3
:105E200023F48033A362FFF7ABFE054648B922494D
:105E30000920224B40F23D2208701A602846BDE836
:105E4000F0811F4BDFF88080C8F800300AF0ACFC0E
:105E5000636A0646D80118D41A4F04E00DF0FCF826
:105E6000636AD90111D40AF09FFC831BBB42F5D9A8
:105E7000114A0A210025114B11704FF41072284667
:105E8000C8F800501A60BDE8F0810022084BC8F83D
:105E900000205A6A9207D1D5586B9A6AD96A22F4BF
:105EA000803241F08061D96258639A62C6E700BFD0
:105EB00000002C400000DB0CD18E0020A4D5002077
:105EC000B52E020040420F0034D700202DE9F047E4
:105ED00082468946364E0AF067FC364D0446DFF8A6
:105EE0000081354F04E00AF05FFC031BBB4227D85A
:105EF00031682846FFF744FE0028F4D0D8F8103067
:105F0000DA05F0D501232D4D2D4F51462B7000237E
:105F10002C483B602C4BC8F80090C8F804302B4B41
:105F2000C8F83830FFF72CFE0446A0B928490420F1
:105F3000284B40F29F12087020461A60BDE8F08797
:105F400023490A20234B4FF4CC72002408701A60B6
:105F50002046BDE8F087204BDFF88890C9F8003074
:105F60000AF022FC2B780646BBB1DFF84C8003E038
:105F70000DF072F82B7883B10AF016FC831B4345B1
:105F8000F6D90023C9F8003011492520114B4FF4F0
:105F9000D172002408701A60DAE73B6800229B0780
:105FA000C9F80020F0D53A680C4B1A42D0D0EBE784
:105FB00028D7002000001A0D40420F001C89022043
:105FC00038D7002011003A064000010002007F117E
:105FD000D18E0020A4D50020C92E020000007F1120
:105FE00000002C4034D700202DE9F041324D1446FA
:105FF000AB7A13F0400012D103F03F03EA7A5B0062
:1060000043EAD213621C0A43134208D02B492724C7
:106010002B4B40F202320C701A60BDE8F081294B24
:106020001B780BB9490264022748FFF7A9FD40B964
:1060300022490F24224B40F20A320C701A60BDE84C
:10604000F08121462148FFF79BFD40B91B491024F0
:106050001B4B40F20D320C701A60BDE8F08100213C
:106060001B48FFF78DFD38B914491124144B4FF428
:1060700044720C701A60E2E70AF096FB154E164D5A
:106080000446DFF85C80154F31682846FFF778FD3D
:1060900018B1D8F81030DB05D1D40AF085FB001B0D
:1060A000B842F1D905492824054B40F213320020AB
:1060B0000C701A60C3E700BF14D70020D18E0020F7
:1060C000A4D500201A89022000001A2000001A21FD
:1060D00000001B2628D7002000001A0D40420F00A8
:1060E00000002C402DE9F04F12F0030483B018BFDC
:1060F000012401900093002B08BF44F001045CB11F
:1061000040492520404B40F2F512002408701A60E7
:10611000204603B0BDE8F08F3C4B15463C4A0E4686
:10612000DFF80C9113600AF03FFBDFF808810746A7
:10613000DFF804B1DFF8F0A006E00AF035FBC01B81
:10614000504544D80CF088FFD9F800104046FFF7BE
:1061500017FD0028F1D0DBF81030DA05EDD5009AF4
:106160002C4B2B4903EA024300222B4F0A6043F4D5
:1061700000730121DFF8C4803970C8F80020CBF823
:106180000050CBF80430254BCBF83830244B1B782B
:1061900043B331460198FFF7F3FC81460028B7D09E
:1061A000204B1B4A13600AF0FFFA3B780546DBB12F
:1061B0001D4E03E00CF050FF3B78ABB10AF0F4FA4F
:1061C000401BB042F6D90023114A1360A0E70D4BE3
:1061D0000A2200210E481A704FF4FC720A4B01602B
:1061E0001A6095E77602D4E70023094A1360D8F8CD
:1061F00000309B078CD5D8F800200C4B1A4208BF02
:106200004C4685E7D18E0020A4D50020A1340200A1
:1062100034D700200000FF1F1C89022002007F11DC
:106220001A890220C92E020040420F0000007F118F
:1062300028D7002000001A0D00002C4038D700207D
:10624000F8B50646007A0C461546C0071F4613D41B
:1062500083B10F4401E0BC420CD033682A4621468A
:1062600030461B69013405F5007598470028F2D1C6
:106270000020F8BD0120F8BD900712D0002BF9D006
:106280000F4401E0BC42F5D033682A46214630462F
:106290001B69013405F5007598470028F2D10020EC
:1062A000E7E70648FFF71EFF0028E3D104490C2466
:1062B000044B40F2A1320C701A60F8BD37003A125C
:1062C000D18E0020A4D50020F8B50646007A0C46F1
:1062D0001546C0071F4613D483B10F4401E0BC42EA
:1062E0000CD033682A46214630465B6A013405F5F6
:1062F000007598470028F2D10020F8BD0120F8BDB4
:10630000900712D0002BF9D00F4401E0BC42F5D029
:1063100033682A46214630465B6A013405F500752C
:1063200098470028F2D10020E7E70648FFF7DAFE99
:106330000028E3D104490E24044B40F23D420C7086
:106340001A60F8BD27003A19D18E0020A4D500208C
:106350002DE9F04F0025DFF8C0929B4C91B0DFF89B
:10636000BC829A4E0172457289F80050257088F8F7
:1063700000503570FFF7D2FA29462846FFF700FC97
:1063800050B90121924B40F28E22054621701A60CD
:10639000284611B0BDE8F08F03258E4F4FF4D5711C
:1063A0003846FFF7EDFB00284ED1013DF6D133789A
:1063B000002B3DD0DFF868B20AF0F6F9864E0546AC
:1063C000DFF860A2854F00213046FFF7D9FB50B9B6
:1063D000002517217E4B4FF42A72284621701A603F
:1063E00011B0BDE8F08F59465046FFF7C9FB0028B1
:1063F000EED00AF0D9F9401B794BB842E8D81A69B7
:10640000002AE0DA1969774A11601B695A0002D53F
:10641000012388F8003000217348FFF7B1FB0546DF
:1064200010BB02216A4B40F2B12221701A60AFE723
:10643000FFF774FA29462846FFF7A2FB3378002BB2
:10644000B8D14FF4401BB7E7654B1B69B3F5D57F57
:1064500007D006215E4B4FF42572002521701A608B
:1064600096E701233370A5E700216048FFF788FB1A
:10647000054630B90321564B4FF42D7221701A6036
:1064800086E7574E5A4B32695A4F13405A495B4878
:106490003B60FFF7C1FB054630B907214C4B40F28A
:1064A000B92221701A6073E755495648FFF7B4FBCB
:1064B000054630B90821464B4FF42F7221701A60FF
:1064C00066E739685048FFF75BFB054630B90521A0
:1064D0003F4B40F2BF2221701A6059E739683E48AD
:1064E000FFF74EFB38B91421394B40F2C322002587
:1064F00021701A604CE702214448FFF741FB054632
:106500000028F0D0B36A69466FF07F4023F006039D
:10651000B362B36A43F00203B3624FF010137364C3
:10652000FFF7D4FC9DF80D309B0743D5002841D0E0
:10653000274E6946364894F800803768FFF7C6FC56
:106540009DF8103003F00F03012B36D1A8B34CF2A5
:106550005030304C0523C4F8CC31C4F8D031C4F8E5
:10656000BC31C4F8C031C4F8C431C4F8C831FFF735
:10657000EBF8002347F2B802C4F8CC31C4F8D031AC
:10658000C4F8BC31C4F8C031C4F8C431C4F8C8314F
:1065900041F2B803C4F8BC23C4F8C023C4F8AC2348
:1065A000C4F8B0330123C4F8B423C4F8B82389F87D
:1065B0000030EDE646F2A810CBE746F2A81084F8CA
:1065C00000803760C5E700BFD18E00201889022007
:1065D000A4D5002000001A0800001A3740420F001E
:1065E00000002C4024D700200000090200001A03FC
:1065F0000000FFFF28D7002014D700200000090961
:1066000004D700200000090A00001B0700001A063A
:10661000F1FFFF8000801F40178902201A890220A5
:106620000000304000000229374B5A6A92052DE9DC
:10663000F0410F460DD49A6A22F480329A6272B603
:106640009A6A42F400329A629A6A42F480329A62FA
:1066500062B60AF0A9F82C4EDFF8C480054604E0C3
:106660000AF0A2F8431B434537D8746A14F4006457
:10667000F6D007F13C0C244807F50F77436A1B0559
:10668000FCD5ACF14003026A43F8042F9C45FAD1D3
:106690000CF1400C6745F1D10AF086F81A4F1B4DFA
:1066A0000646DFF87C8004E00AF07EF8831B434551
:1066B0001DD83C6B2C40F7D03B6B154A1360136818
:1066C0003B63136813F002031BD01268114B1A428C
:1066D0000CBF01200020BDE8F0810F491A250F4BA7
:1066E00040F2563220460D701A60BDE8F0810A492A
:1066F0001D250A4B40F2613220460D701A60BDE83C
:10670000F0811846BDE8F08100002C4002007F11A6
:1067100038D7002000007F11D18E0020A4D50020A2
:1067200040420F002DE9F047294B8946DFF8C0A011
:10673000284ECAF800300AF037F8274D0446DFF833
:10674000B480264F06E00AF02FF8001BB84229D883
:106750000CF082FC31682846FFF712FA0028F2D0CC
:10676000D8F81030DB05EED500234FF40072CAF8DC
:106770000030D8F8283043F48033C8F82830184B5C
:10678000C8F804201B78CBB149461648FFF7F8F942
:1067900030B915490C24154B40F2BD320C701A600B
:1067A000BDE8F087104A0A210020104B117040F21A
:1067B000B132CAF800001A60BDE8F0874FEA4929F3
:1067C00008484946FFF7DCF90028E9D1E1E700BFB6
:1067D000A134020028D7002000001A0D40420F000B
:1067E0001A89022030003A12D18E0020A4D5002050
:1067F00034D7002000002C402DE9F04100221D4C30
:106800000D4642721146A36A1B4823F48033A362EB
:10681000FFF7B6F940B919490924194B40F2D332B0
:106820000C701A60BDE8F081002DFBD0154B164EA0
:10683000336009F0B9FF636A0746DA0116D4DFF85E
:106840004C8004E00CF008FC636ADB010ED409F014
:10685000ABFFC01B4045F5D9084A0A210020084B70
:10686000117040F2D73230601A60DBE7002328460F
:106870003360D7E700002C400000DB0CD18E0020F5
:10688000A4D50020B52E020034D7002040420F00CE
:106890000A4B1B7810B504461BB9637A43B9012033
:1068A00010BDFFF7CFF80028FAD0637A002BF6D09E
:1068B00020460121BDE81040FFF79EBF1B89022042
:1068C0002DE9F0410446007AADF5007D164610F042
:1068D000010513D093073CD0012338486A46FFF7DF
:1068E00001FC00283AD04FF40072694630460AF0A5
:1068F000A1FA28460DF5007DBDE8F081DFF8CC80D7
:106900000F4698F80030002B35D1637A012B39D02F
:1069100022682B49126A8A424AD198F80020002A3C
:1069200034D1002B39D139462046FFF7FBFEE8B1C0
:1069300001236760637231462046FFF775FEA8B1F8
:10694000636805460133284663600DF5007DBDE8A8
:10695000F08101231948FFF7C5FB38B919490B200D
:10696000194B4FF45D72002508701A6028460DF52A
:10697000007DBDE8F081FFF765F80028F6D0637A66
:10698000012BC5D16268BA42C2D1D4E7FFF75AF8E9
:106990000028EBD0637A002BC5D001212046FFF7F9
:1069A0002BFF0028BFD128460DF5007DBDE8F08102
:1069B000204690470028F6D0B5E700BF11003A11F5
:1069C0001D400200D18E0020A4D500201B8902208A
:1069D0002DE9F041047AADF5007D0F46904614F0A4
:1069E00001041DD012F0030F06D0684611464FF483
:1069F000007280460AF01EFA0123424639462C48AE
:106A0000FFF770FB044630B92A490D202A4B40F2AB
:106A1000114208701A6020460DF5007DBDE8F08136
:106A2000264D06462B782BBB737A022B29D0326871
:106A30002349126A8A4236D12A7832BB002B2BD1E5
:106A40003368394630461B6E98470028E3D002234E
:106A500077607372336841463046DB6D9847002893
:106A6000D9D0736804460133204673600DF5007D6C
:106A7000BDE8F081FEF7E6FF0028CCD0737A022B48
:106A8000D5D17268BA42D2D1E4E7FEF7DBFF002825
:106A9000C1D0737A002BD3D001213046FFF7ACFE72
:106AA0000028B8D0CCE7304690470028B3D0C7E7DD
:106AB00001003A18D18E0020A4D500201B890220A5
:106AC0001D400200012109F0D5BE00BF09F096BEAD
:106AD00008B5034653F8040B93E80600F7F702FAEB
:106AE00008BD00BF84B00DF1100C0CE90E00024689
:106AF00023B11846136004B000F008BB024B1846DF
:106B0000136004B000F002BBB07C00200268D37CAC
:106B100013B3D80704D5906A4FF0E021C1F8000103
:106B2000990704D5D06A4FF0E021C1F80401580755
:106B300004D5106B4FF0E021C1F80801190704D506
:106B4000506B4FF0E021C1F80C01DB0604D5926BCD
:106B50004FF0E023C3F81021704700BF006800F039
:106B6000F3BB00BF0268FF2312685366D36D13F4B2
:106B7000F81FFBD0506FC0B2704700BF30B50C4655
:106B800083B00546FF21204601920FF07BF928686B
:106B9000019B2246214600F0D3FB002003B030BD0C
:106BA00003681A685166D36D13F4F81FFBD0536F56
:106BB000704700BF531EB3F5007F30B51446ADF5E6
:106BC000017D054611D36AB10368481E1968821811
:106BD00010F8013F4B66CB6D13F4F81FFBD09042C9
:106BE0004B6FF5D10DF5017D30BD68460AF022F9F5
:106BF0006A4623462868114600F0A2FB0DF5017D88
:106C000030BD00BF30B5037883B0DC071DD5044626
:106C1000406804F110020368E16801925B6A9847DA
:106C2000019A0546A8B12378990708D56068D4E988
:106C30000231194403685B6A984750B1237823F006
:106C400001032846237003B030BD0125284603B058
:106C500030BD0025284603B030BD00BFF8B54368FD
:106C60000BB3C36804460F4615468B4206D110F895
:106C7000103B05F003052B432370F8BDFFF7C2FF5F
:106C800088B16B0705D504F1100630460023E76094
:106C9000EFE7606804F110063946036832461B6965
:106CA00098470028F1D10020F8BD00BF4FF0000C3C
:106CB000024B82F800C01B68184700BF40D7002075
:106CC000024A0349034B1160186070473CD700200B
:106CD0003944020040D7002010B50446808982B0B4
:106CE00018B10023A38102B010BDD4E901318B4259
:106CF000F9D201AA184600F0B7F880B1019B606094
:106D0000B3F5803F01D298B2EDE7980AC3F30903C7
:106D1000A0F52150A3F5105380B2A381E3E74FF60D
:106D2000FF70E0E7B1F5807F21D810292ED84023ED
:106D30004FF0200CB2FBF3F1B1F5806F20D203FBD2
:106D4000112300B5B2FBFCFEB3FBFCF30CFB1E22CF
:106D50004FEA910CDBB201322CF03F0CC9B2037048
:106D600042EA0C028170D2B242705DF804FB3F230C
:106D70009C46802910D9B1F5FC7F0FD81B01D9E7BB
:106D8000FF21FE234170037081707047202916D8BF
:106D900080234FF0200CCDE7DB00CBE7B1F57C7F03
:106DA00004D9B1F5FC6F03D89B01C3E75B01C1E7D0
:106DB000B1F57C6F94BFDB01C3EB0323BAE720235B
:106DC0009C46D6E77F28A2EB010205D812B10A46FD
:106DD00002F8010B10467047B0F5006F0FD2012A80
:106DE00040D94FEA901C00F03F030A466CF03F0088
:106DF00063F07F0302F8020B10464B707047B0F54A
:106E0000803F16D2022A2DD9C0F3851C00F03F0323
:106E1000CA1C63F07F0300B54FEA103E6CF07F00A0
:106E20008B706EF01F0E4870104681F800E05DF820
:106E300004FB032A16D94FEA904CC0F30532C0F385
:106E4000851300F03F0062F07F026CF00F0C63F0DE
:106E50007F0360F07F004A700A1DC87081F800C08F
:106E60008B70B7E70022B5E788423DD2034610B4E5
:106E700090F900001C7800282DDA04F0E000C0280A
:106E800034D004F0F000E02834D004F0F800F0280A
:106E900026D104F0070404201844884220D8013386
:106EA00013F8011B01F0C00C01F03F01BCF1800F91
:106EB00041EA841414D18342F2D1A4F180010F4B32
:106EC00099420DD8A4F55843B3F5006F08D3146068
:106ED0005DF8044B7047581C14605DF8044B704714
:106EE00000205DF8044B70470020704704F01F0439
:106EF0000220D1E704F00F040320CDE77FFF10004C
:106F00007E283ED94FF0350C002330B4284C04E0E5
:106F100034F82120824220D80B46ACEB0302012A30
:106F200003EB5201F4D89BB234F82320904216D2DE
:106F30004B2400231F4D04E035F8212082421ED847
:106F40000B46E21A012A03EB5201F5D89BB235F841
:106F5000232082421FD030BC70478C46DDE704EB13
:106F60008304821AE3789A42E2DA94F90230012B20
:106F700016D0D3B19BB2034430BC98B270470C46D4
:106F8000DFE7A0F16103192B8CBF00230123A0EBE5
:106F9000431398B2704705EB8305688830BC70478F
:106FA00002F00102831A98B2D5E74EF2A033E2E76D
:106FB000843E0020F83C002090F81CC04160BCF1E9
:106FC000020FC26001D18368184708F099BA00BF68
:106FD000F0B4046840F201251E462561A3B121B337
:106FE00011F8015B013B6566256FAF0707D41546B5
:106FF000013E676F1AB105F8017B2A46046865698E
:10700000ED07F1D5002BEAD16EB10368196F89073E
:10701000FAD41146013E5B6F002AF5D001F8013B1E
:107020000A46002EF1D1F0BC704790F83C50D9E7E9
:10703000324B334930B5D3E911542079C8771A6CF3
:1070400095F804C081F81CC0087752B1B2F5004F22
:1070500023D32C4911442A4A1964D07682F81BC0E4
:1070600030BD19680F24D86C8C6540F20134CA61B8
:107070000C614FF47C544C6103210468246883F84C
:107080003D10214B9C4226D1037F4260022BC260FF
:1070900026D18368BDE8304018472D68E98B090484
:1070A00022D492B2EA832168EC8BA4B2EC82CC8B1E
:1070B000240405D5CC8BC2F3080204F47E44224399
:1070C000CA83CA8B92B2CA8200210D4A1964D07653
:1070D00082F81BC030BD23461146BDE8304018473A
:1070E000BDE8304008F00CBAE98BC2F3080E92B24A
:1070F00001F47E4141EA0E01E983D4E7B07C00202F
:1071000000800E400180FFFF4547020043682DE9E3
:10711000F04FD3E90041814D4FF0B80A22684FF09B
:10712000020822EA01027E492260AA6911407D4AD2
:107130000A43AA6190F810E07B4A03EB0E0603EBCA
:107140008E0E317C02EB01118968C1F800A090F825
:1071500011C003EB0C050CF10A0C95F8241002EB9E
:1071600001118968C1F800A0817C03EB010903EBE0
:10717000810199F838B002EB0B1BDBF808B0CBF8B3
:1071800000A0D4F800A05F684AEA070AC4F800A08B
:10719000347CDEF814E002EB04146468C4F800E008
:1071A00095F8244053F82CC002EB04146468C4F82A
:1071B00000C0C96B99F8384002EB041252681160A4
:1071C0009A6C99F8441011601A6A317F5B6B1160F8
:1071D00095F830201A600F220368C3F810809A6572
:1071E000C27C002A31D072B6C37CDC0708D54FF0D0
:1071F000E0214469D1F8802122408262C1F88021D7
:10720000990708D54FF0E0218469D1F88421224004
:10721000C262C1F884215A0708D54FF0E021C46941
:10722000D1F8882122400263C1F888211F0708D5C0
:107230004FF0E021046AD1F88C2122404263C1F86A
:107240008C21DE0655D462B60368384C8268A242AF
:1072500059D0324A846092693549C2F30116C2F3AB
:107260008262344D51F826100132B1FBF2F2AA428B
:1072700031D80022C260002403211C610724596216
:1072800001211A641C661961C37C13B3DD0704D5A0
:10729000816A4FF0E022C2F800119C0704D5C16A50
:1072A0004FF0E022C2F80411590704D5016B4FF0EA
:1072B000E022C2F808111A0704D5416B4FF0E02212
:1072C000C2F80C11DB0604D5826B4FF0E023C3F843
:1072D0001021BDE8F08F1849A1FB0251090DB2FB46
:1072E000F1F2A24288BF0131B1F5817F0DD3134A7B
:1072F000C0E74FF0E022416AD2F890310B4083633F
:10730000C2F890319FE7C268B5E70229B1D90239C6
:107310004C08220242EA04420A43ABE700C00F4095
:10732000CFFFFFE3100000085448002000093D0093
:1073300060450020FF083D0083DE1B43FF7F7F0088
:107340000BB1FFF745BE70474368D3E900120968E7
:10735000114200D1704710B5026804460020052193
:107360001061227C1344187C09F084FA627C636803
:107370000521134493F8240009F07CFA6368A27C89
:1073800005211344BDE8104093F8380009F072BAA3
:107390002DE9F0410021804607F004FFF8B100F12B
:1073A000140100F58A7CD8E9082351E9047651E9F3
:1073B0000254C7FBC723C6FBC623C5FBC523C4FBBA
:1073C000C42310316145F0D1D8F828100131C8E943
:1073D0000823C8F82810BDE8F04107F097BED8F898
:1073E00028300133C8F82830BDE8F08110B50446D4
:1073F00008F06CF8204610BD024A034903480CF01F
:10740000E9BF00BF08820020794B020030D900207C
:107410000020704700207047F8B50127027A1E4C03
:107420000D46BA40C1F307210646204684F8A52040
:1074300084F8307184F82F7107F022FBE9B22046FE
:1074400007F01EFB0021204607F0F2FB08B10020E8
:10745000F8BD3B460222317A204607F069FC01283C
:10746000F5D994F8A22094F8A300824210D2531CBC
:10747000A118DBB2897E98424FEA012184F8A2303C
:1074800006D923440232987E84F8A2200843F8BD2E
:107490004FF0FF30F8BD00BFDC7D0020F8B5224C76
:1074A00006460D460127204613F0DCFD052009F0B5
:1074B00027F9327AC5F307212046BA4084F83071A3
:1074C00084F82F7184F8A52007F0DAFAE9B2204693
:1074D00007F0D6FA0021204607F0AAFB08B10020E9
:1074E000F8BD3B460222317A204607F021FC0128F4
:1074F000F5D994F8A22094F8A300824210D2531C2C
:10750000A118DBB2897E98424FEA012184F8A230AB
:1075100006D923440232987E84F8A2200843F8BD9D
:107520004FF0FF30F8BD00BFDC7D0020F8B501272B
:10753000037A144C242903FA07F30D4608BFC280CE
:107540001646C1F30721204684F8A53084F830712F
:1075500084F82F7107F094FAE9B2204607F090FA08
:10756000C6F30721204607F08BFA2046F1B207F058
:1075700087FA3946204607F05BFBB0FA80F04009F5
:10758000F8BD00BFDC7D00202DE9F0414FF001087F
:107590000F461546302144F2600280F8048004460C
:1075A000FFF7C4FF064610B93046BDE8F0816C22F3
:1075B00026212046FFF7BAFF4FF4F9722821204612
:1075C000FFF7B4FF40F622722C212046FFF7AEFFF2
:1075D00044F246423C212046FFF7A8FF40F2371212
:1075E00024212046FFF7A2FF002F6BD0454B34210A
:1075F00020469F428CBF42460022FFF797FF07EECE
:10760000905A9FED417A3221B8EE676A07EE907A80
:107610002046F8EE676AB5FBF7F2C6EE267A02F06E
:107620001F0206EE902AF8EEE66A77EEE67A67EE3B
:10763000877AFCEEE77A17EE903AC3F30A0343EA3F
:10764000C222FFF773FF44F2FF5230212046FFF7BA
:107650006DFF732202212046FFF768FF4FF4C870C8
:1076600009F04EF841F61D522E212046FFF75EFF2D
:10767000072204212046FFF759FFB02206212046A9
:10768000FFF754FF10220A212046FFF74FFF002288
:107690000E212046FFF74AFF43F63C4210212046C8
:1076A000FFF744FF47F67F7222212046FFF73EFF97
:1076B000362224212046FFF739FF0123304663722A
:1076C000BDE8F08144F2FB0230212046FFF72EFF97
:1076D000732202212046FFF729FF4FF4C87009F0FA
:1076E0000FF841F61D522E212046FFF71FFF0422FE
:1076F00020461146FFF71AFF302206212046FFF7E9
:1077000015FFBFE7406603010000004510B50446C1
:10771000084813F0A7FC052008F0F2FF06212046D8
:10772000FFF77AFE2046044A0021BDE81040FFF72B
:107730002BBF00BFDC7D00200040C40A10B504460A
:10774000D1B1012901D0002010BD40F273122A21CD
:10775000FFF7ECFE0028F6D0882220212046FFF714
:10776000E5FE0028EFD0E2882046242122F0040222
:10777000BDE81040FFF7DABE55222021FFF7D6FE04
:107780000028E0D0E2882046242142F00402BDE82F
:107790001040FFF7CBBE00BF0B4620210F2B28BFA8
:1077A0000F230F2A28BF0F2242EA0312FFF7BEBEA3
:1077B00038B5054611B380290CD8C1F180042B7966
:1077C00044EA042453B9224628462221BDE8384021
:1077D000FFF7ACBE2B790024002BF4D0EA880023FD
:1077E0002421284622F010022B71FFF79FFE22462B
:1077F00028462221BDE83840FFF798BE012347F60E
:107800007F7222210371FFF791FEEA882846242126
:1078100042F01002BDE83840FFF788BE9FED1F7AA6
:10782000DFED1F7AE0EE077A38B50546FCEEE77A21
:1078300017EE904A14B3802C0CD8C4F180042B7935
:1078400044EA042453B9224628462221BDE83840A0
:10785000FFF76CBE2B790024002BF4D0EA880023BC
:107860002421284622F010022B71FFF75FFE2246EA
:1078700028462221BDE83840FFF758BE012347F6CD
:107880007F7222210371FFF751FEEA8828462421E6
:1078900042F01002BDE83840FFF748BE0000014347
:1078A000EE7CFF3E10B50E210446FFF7B5FD024603
:1078B0000E21204642F44072BDE81040FFF736BE6C
:1078C00038B50C462E2105460D2C38BF0D241F2C33
:1078D00028BF1F24FFF7A0FD074B2E2144EA0424F4
:1078E000034028461C432246FFF720FE002808BF1D
:1078F0000024A0B238BD00BFE0E0FFFF2DE9F04F4B
:10790000002183B0044607F059FC0146002800F02E
:10791000BD80237F002B31D0021D00F582704FF017
:10792000804B4FF6FF7AE68B6EBB237F022B09D08C
:10793000013B062B00F2A580DFE803F092A3098645
:107940007F6D5E00A38DE383002B40F095804FF0A8
:107950000403E58D2377236BE58303F1404393FB19
:10796000F5F363628242DED3002900F08280204674
:107970000022019107F0F2FB0199084603B0BDE82F
:10798000F04F07F0C3BB013ED4E90853B6B289B348
:107990005B14D2E900C903EBA535D2E9027835FBC7
:1079A0000CFE1D4435FB1CFCCEEA0C4E1D4435FB81
:1079B00009FC1D4435FB19F9CCEA094C03EB050918
:1079C00039FB07F5994439FB17F7C5EA074799448E
:1079D00039FB08F54B4433FB18F3C5EA0345C2E90C
:1079E00000ECC2E902751032D4E908531D44E68365
:1079F0002562B7E71032F9E70023258D2362E5837E
:107A0000002D47D04FF00103013D23770023AEB294
:107A100063621D46BBE7002390422377A4D910324E
:107A2000154619B142E9043342E90233854202F1B5
:107A30001002F5D300299AD11BE0D4E908534FF680
:107A4000FE76A4F81EA0A2E74FF00503256B4FF6C3
:107A5000FE76A4F81EA0237700232562636296E7D2
:107A60004FF002032377638DE383BBFBF3F3636281
:107A700078E703B0BDE8F08F0323C4E908B62377A5
:107A800070E7D4E908534FF6FF7680E702464FF4DB
:107A9000807044E7668D4FF002032377E683BBFBDB
:107AA000F6F3013E6362B6B271E700BF72B6037FC0
:107AB000012B01D9C28EA2B90022038D0262C383B9
:107AC00053B9428D4FF080430221C2830177B3FB4B
:107AD000F2F3436262B6704701234262037762B6F3
:107AE0007047072BF6D0036A0721C2835B420177F8
:107AF00093FBF2F3436262B6704700BF72B6037F36
:107B000053B1072B08D0036A0621828E5B420177AE
:107B1000C28393FBF2F3436262B67047C369002BE2
:107B200000F09780C16A2DE9F0470646002962D02F
:107B3000002107F043FB8246002860D0871C00F537
:107B40008174D6E9071510E031F91E004044C318CE
:107B50004FD4306B43F34F03121827F8023F48BF4E
:107B600022F00042BC4272634BD0B38CF08E0133E2
:107B7000C0F30E001BB2AB42ACBF002301EB4301CC
:107B8000B384B7F902300B800BF086FCB6F924E021
:107B9000356AF169D6E90A2300FB02F203EBE2330E
:107BA000726BBEEB030348BF5B19AB42A8BF5B1B04
:107BB000002896F83800B4BF03F1FF3903F101093A
:107BC00031F91380B9F1000FB8BFA944A945A8BF86
:107BD000A9EB050931F91930C2F34E09A3EB0803EB
:107BE00009FB03F343F3CF330028ADD113EB0803B4
:107BF000AFD50133ADE707F0E1FA804658B9BDE8EB
:107C0000F08730465146002207F0A8FA5046BDE8FA
:107C1000F04707F07BBA021D00F58277D6E90751DD
:107C2000B38C2C4601331BB28B42ACBF002305EB57
:107C30004304B38432F9023BBA422380F0D1304688
:107C40004146002207F08AFA4046BDE8F04707F0B7
:107C50005DBA70479FED177BB7EEC00A002A9FED13
:107C6000176B20EE070BB8BF0132521010B480EE34
:107C7000067B019CC161002184625C1C4163B8BF2A
:107C80000B468184A8BF012102629A42BDEEC77BE8
:107C900080ED0C7A04DDC36208465DF8044B704742
:107CA000013A00215DF8044BC2620846704700BFEC
:107CB000AFF30080000000000000E0410000000081
:107CC0008088E5409FED117BB7EEC00A82624A1CB6
:107CD000034620EE070B9FED0F6B80EE067BBDEE9B
:107CE000C77B80ED0C7A0BDB01201A6AD9628A42CD
:107CF00002DC013A0020DA6200225A639A8470475B
:107D000000210846F1E700BFAFF30080000000004B
:107D10000000E041000000008088E5402DE9F041CE
:107D20000021804607F04AFA04460121404607F048
:107D300039FA05468CB3A0B30C3004F10C0105F5FB
:107D4000867C51E9022350E9026712FB36FE2EF3CE
:107D5000CF3E12FB06F222F3CF32C2EA0E4213FBF1
:107D600037FE2EF3CF3E13FB07F323F3CF33C3EAE3
:107D70000E430830604541E9022301F10801E0D1DA
:107D800000222146404607F0E9F9204607F0BEF9F7
:107D90002846BDE8F04107F0B9B90028F9D1BDE89F
:107DA000F0812046BDE8F04107F0B0B9C3699BB34C
:107DB00000212DE9F041044607F000FA054648B3DA
:107DC000B4F92000A91CE66905F5817C31F8022F81
:107DD00082F400428C4542FA00F306EB430836F980
:107DE00013E003FA00F7B8F90230A2EB0702A3EBA5
:107DF0000E0302FB03F343FA00F373440B80E5D157
:107E000020462946002207F0A9F92846BDE8F0419E
:107E100007F07CB9BDE8F081704700BF10B5044B96
:107E20000446C069236008B109F0A2F8204610BDDD
:107E3000344300202DE9F041941EB4F5004F29D2BF
:107E40000E4639B3551E90462C4023D10746C069D3
:107E500008B109F08DF84FEA480009F087F831467B
:107E6000F86102389FED0C7AF1EC017A013467EE8B
:107E7000877AA045FDEEE77A17EE903A20F8023FA8
:107E8000F2DC10236A103B8404D0013B52101BB279
:107E9000FBD13B84BDE8F08100FEFF4670B50021B8
:107EA000054607F07FF9E0B1EB69B3B1012B044659
:107EB00018D007F0D5F8064670B1021D8023211DA9
:107EC00005F120000BF062F928460022314607F048
:107ED00045F9304607F01AF92046BDE8704007F032
:107EE00015B970BD01460022284607F037F9204633
:107EF000BDE8704007F00AB938B50021054607F023
:107F00005DF900284BD095F820200446031D4AB3A4
:107F100095ED076A00F58272D5ED096AB1EE466A01
:107F2000B3F9001007EE901AF8EEE77AE6EE267A3B
:107F3000BDEEE77A76EEA76A17EE101A0FFA81FC0B
:107F400023F802CB9A42EBD12846C5ED096A2146B7
:107F5000A4F802C1002207F001F92046BDE838402C
:107F600007F0D4B8D5ED075A00F58272D5ED096A4D
:107F700025EEA66AB3F9001007EE901ABDEEC67A98
:107F8000F8EEE77A17EE101A77EEC67A0FFA81FC50
:107F900023F802CB9A4276EEA76AE9D1D4E738BD3E
:107FA0002DE9F04F83B0C46901F580790190002C70
:107FB0000198B8BF0134DDF83080D0E90965D0E917
:107FC0000BE06410774631F902BBAA464FEA0B3545
:107FD00054FB10FC07EB8C0756FB10FC0AEB4A0E17
:107FE000AE44C7EBAE0EAEEB8C0E54FB1EFE00EBA8
:107FF0008E0E54FB1EFC07EB8C0C0AEB050756FBA0
:108000001EFACCEB6700A0EB8A0054FB10F00EEBDD
:10801000800E54FB1EF00CEB800C56FB1EFA07EB97
:108020004B30CCEBA000A0EB8A0054FB10F00EEB21
:10803000800054FB10F70CEB870756FB10FEA5EBF6
:10804000070CACEB8E0C54FB1CFE00EB8E0027F3F0
:108050000F3A20F30F3E2CF30F3C894522F802AB78
:1080600023F802EB28F802CBADD1019BBE46C3E951
:108070000A57186303B0BDE8F08F00BF2DE9F04F39
:108080009146826987B0002A059001F58070B8BFDB
:108090000132109F02905210DDF844800193039248
:1080A000059A106A0490D2E90BE0D2E9095483469C
:1080B000049A4FF0005339F9020B02FB00F03D4ADD
:1080C00002EAC0063C4A56FB123C56FB16F23B4BFA
:1080D00052FB13CC3A4B56FB13F652FB16F20CEB49
:1080E0004202039BC0165200C0F10600024153FB3E
:1080F00012F2344B264631F902AB9A424FEA0A3467
:10810000A8BF1A46120252FB1BF00EEB800E55FB65
:108110001BF006EB460CA444CEEBAC0CACEB8000A1
:1081200052FB10F00BEB800052FB10FB0EEB8B0BA5
:10813000264455FB10FECBEB660CACEB8E0C52FBD1
:108140001CFC00EB8C0C52FB1CFE0BEB8E0E55FB4B
:108150001CF006EB4A36CEEBA606A6EB800052FBDF
:1081600010F00CEB800052FB10F60EEB860E55FB68
:1081700010FCA4EB0E06A6EB8C0652FB16F200EBED
:10818000820B2EF30F302BF30F3226F30F36019BA9
:1081900023F8020B0193029B27F8022B8B4228F84D
:1081A000026B85D1059BC3E90A4EC3F830B007B016
:1081B000BDE8F08FF8FFFF3F59B90F596F0C4873B6
:1081C0005A1CF2507C3F2D002DE9F043002183B072
:1081D000044606F0E7FF05460121204606F0E2FFCF
:1081E0000646002D3CD006F03BFF0746002853D042
:1081F00006F036FF8046002837D006F031FF814672
:10820000002850D0031D002E3DD0019308F1040337
:108210002046321D0093291D3B1DFFF72FFF3046DE
:1082200006F074FF284606F071FF0022394620460A
:1082300006F094FF384606F069FF012241462046C9
:1082400006F08CFF404606F061FF204602224946B8
:1082500006F084FF484603B0BDE8F04306F056BF81
:108260000028F8D103B0BDE8F083284606F04EFFA1
:10827000384606F04BFF002EF4D0304603B0BDE880
:10828000F04306F043BF00933A1D08F10403291D93
:108290002046FFF785FEC5E7284606F037FF002E8B
:1082A000E0D03046EAE7284606F030FF384606F0D0
:1082B0002DFF404606F02AFF002ED3D03046DDE7E2
:1082C000024A034903480CF085B800BF0882002029
:1082D000794B020080D80020294A2A4B2A4910B540
:1082E000146810792269C8779A420BD2274A12780B
:1082F000002A41D04FF0E022402103F5807EC2F8F1
:10830000081202E09E46A3F580732149214A0968BC
:10831000106881B378B3204C2288402A2BD802F110
:10832000020C403201EB4C01228000EB4C001A465B
:10833000BFF34F8F03F1200403F5807CA44534BFC5
:108340004FF0010C4FF0080C4FF0E02403EB4C1CF5
:10835000C4F85C2F20326245FAD1BFF34F8FBFF3D0
:108360006F8F33F9042B21F8022B9E4533F9022C31
:1083700020F8022BF5D810BD03F5807EC5E700BFBD
:10838000DCD70020A0B3202000800E401E890220F0
:10839000D4D70020D8D70020F8880220F8B50646A8
:1083A00006F05EFEC0B1044606F05AFE054680B1F6
:1083B00072B61E4B1A887F2A17D81D490A6872B3F5
:1083C00062B6204606F0A2FE2846BDE8F84006F058
:1083D0009DBE204606F09AFE72B6144B1A887F2A7C
:1083E00001D862B6F8BD00252C461148002211497B
:1083F00007681A8004600C680D6062B63946304622
:1084000006F0ACFE384606F081FE304621460122D9
:1084100006F0A4FE2046BDE8F84006F077BE0C60EA
:1084200004491A80086062B6F8BD00BFF8880220CF
:10843000D4D70020D8D7002038B5234C01210625F9
:10844000204606F0E9FF002000F0B6FA02221F499C
:1084500003201F4BC1F87C01C3F894211D492368F8
:108460001D4859609A609A824FF480721B491860C7
:1084700000201961DA822179DA839D83A5F206252D
:10848000174AD8609D6142F821001648164B42F801
:108490002100164AC3F8882006F09CFF2379144C6B
:1084A0000121144A207003F11000134C02EB531207
:1084B000E37603F01F039200104C9940104B43F8F1
:1084C0002040116038BD00BFDCD7002000801F4075
:1084D00000841F4000000101A2403840A0B22020CB
:1084E00000C00E40130000800040384001000092A0
:1084F0001E8902204038003800800E40655A020074
:1085000000900020024A034903480BF063BF00BFFC
:1085100008820020794B0200DCD70020024A034980
:1085200003480BF057BF00BF08820020794B0200C0
:10853000F4D70020024A034903480BF04BBF00BFA9
:1085400008820020794B020088D80020024A0349A3
:1085500003480BF03FBF00BF08820020794B0200A8
:1085600090D80020024A034903480BF033BF00BFF4
:1085700008820020794B0200A8D80020024A034953
:1085800003480BF027BF00BF08820020794B020090
:10859000E4D70020024A034903480BF01BBF00BF89
:1085A00008820020794B0200FCD70020024A0349D0
:1085B00003480BF00FBF00BF08820020794B020078
:1085C00098D80020024A034903480BF003BF00BFBC
:1085D00008820020794B0200ECD70020024A0349B0
:1085E00003480BF0F7BE00BF08820020794B020061
:1085F00004D800202DE9F04F00F5807EB1E8A00AF4
:10860000B2E84015C5EA0643C6EA2544C7EA08456C
:10861000C8EA2746C9EA0A47CAEA2948CBEA0C4908
:10862000CCEA2B4AA0E8F8078645E7D1BDE8F04F31
:1086300070474FF000022DE9F00F00F5807C00BF7D
:10864000B1E8A00AC5EA0203C2EA2544C7EA020566
:10865000C2EA2746C9EA0207C2EA2948CBEA020968
:10866000C2EA2B4AA0E8F8078445E9D1BDE8F00F3B
:1086700070474FF000022DE9F00F00F5807C00BF3D
:10868000B1E8A00AC2EA0543C2EA0504C2EA074506
:10869000C2EA0706C2EA0947C2EA0908C2EA0B4968
:1086A000C2EA0B0AA0E8F8078445E9D1BDE8F00F5B
:1086B00070472DE9F00F089C00F5007B51F8045B32
:1086C00053F8046BC5EA0647C6EA254952F8045B2D
:1086D00054F8046BC5EA0648C6EA254AA0E88007B4
:1086E0008345EBD1BDE8F00F704700BFF8B5002718
:1086F00005463C46B4B33946284606F053FD08B358
:10870000BB1D04F1040E00F1040C55F82360B6F50E
:10871000803F47D000F582715CF8042B36FB02F3F2
:1087200036FB12F203F30F0302F30F02C3EA024314
:10873000DEF8002093FA12F38C454EF8043BEBD19F
:1087400006F0E4FC0137042FD4D12846214600224C
:1087500006F004FD2046BDE8F84006F0D7BC01371E
:10876000042F3AD03946284606F028FD0446002852
:10877000F5D0BB1D55F82300B0F5803FE2D0211D98
:1087800004F582760B6830FB03F230FB13F302F33F
:108790000F0203F30F03C2EA034341F8043BB14263
:1087A000F0D1CFE700F10C0204F10C0300F5867C58
:1087B00053F8081C52F8086C91FA16F143F8081C9B
:1087C00053F8041C52F8046C91FA16F1083243F87D
:1087D000041C08339445EBD1B2E7F8BD2DE9F84FFE
:1087E000454B464C1868197904F580750368444A6E
:1087F000AB42D1770BD2434B1B78002B4BD04FF0C1
:10880000E02340222C4605F58075C3F808223E4B34
:10881000DFF804A1D3F80080DFF800913B4BBAF8F1
:108820000060D3F800B0B9F80070B8F1000F4FD075
:10883000BBF1000F21D1B8F1000F49D008F10401BC
:10884000204601EB46014036FFF7F3FEBFF34F8FA2
:108850004FF0E022C2F8704F2034AC42FAD3BFF39D
:108860004F8FBFF36F8F7F2E26D8AAF800607F2F1F
:1088700015D8A9F80070BDE8F88F0BF1040208F1D3
:108880000401204602EB4702403701EB4601403627
:10889000FFF7B0FEDAE72C4605F58075B7E7002450
:1088A0005846A9F8004006F031FC194B1A681C60C4
:1088B000164B1A60BDE8F88F00244046AAF8004025
:1088C00006F024FC134A104B116814601960CEE7BF
:1088D000BBF1000F08D00BF10401204601EB47016A
:1088E0004037FFF7C6FEB1E74FF480725946204685
:1088F0000DF0C8FAAAE700BF1CD80020A0B42020C1
:1089000000800E401F8902200CD8002014D80020BF
:1089100018D8002010D80020FA880220FC880220F5
:1089200038B50021044606F03DFC88B172B61C4AF9
:108930001368002B2BD01B490D68002D2CD015601F
:1089400008600021184A118062B6184606F0DEFB66
:108950000121204606F026FC98B172B6134A13682E
:1089600083B113490C6854B114600024114A0860A3
:10897000148062B61846BDE8384006F0C7BB0860F0
:1089800062B638BD0B4910600B8062B638BD06492F
:1089900010600B8062B6DBE7086062B6D8E700BF04
:1089A0000CD8002010D80020FA88022014D800200B
:1089B00018D80020FC880220F8B52D4C05462D4A19
:1089C000E36F43F44023E3679368002B46DBD2F860
:1089D0008830002B42DB002342F210724FF40C610E
:1089E0001C2012F03BFBE369234A23F44063234934
:1089F00043F40063E361A36A1A40214B42F0CE02C4
:108A0000A2624A68134043F400234B602DB91D4B0A
:108A10000322C3F82021C3F824211A4E0327154B43
:108A20000124C6F8287100254FF480301649174AF2
:108A3000174E1D66DC601E6158619961DA61C3F8EA
:108A4000E050C3F88C4004F1E064C3F89040C3F8F0
:108A50009400C3F89810C3F89C20F8BD002DFCD1F9
:108A6000084B0322C3F82021C3F82421F8BD00BF1E
:108A700000C00F400040384000FEFFFF00C00A4029
:108A8000F8FFF7FF00801F401B1F0100001F1F1F82
:108A90000100004770B5264D00240121254E2846CF
:108AA00006F0BAFC244A254B204614601C60FFF7F0
:108AB00083FF234B0321234A0220C3F880112B6834
:108AC00021491A604FF480729C61DA82DA830622AF
:108AD0009C829A831D4ADE601A61C3E901102979DC
:108AE0001B480FFA81FC1B4B40F82C4040F82C30FF
:108AF000194B1A48D976D2F86630194C43F0104316
:108B0000C2F8663042F81A0C06F064FC2A79154B5C
:108B10000121207002F1100003EB521302F01F023A
:108B2000114C91409B00114A42F82040196070BDE1
:108B30001CD8002000FEFFFF0CD8002014D8002015
:108B400000801F40A0B420200200010122403840D4
:108B500000C00E401400008000800E400100009014
:108B60001F89022040380038695F02000090002011
:108B7000024A034903480BF02DBC00BF08820020C5
:108B8000794B02001CD80020024A034903480BF02D
:108B900021BC00BF08820020794B020054D800207D
:108BA000024A034903480BF015BC00BF08820020AD
:108BB000794B0200B8D80020024A034903480BF061
:108BC00009BC00BF08820020794B0200C0D80020F9
:108BD000024A034903480BF0FDBB00BF0882002096
:108BE000794B0200E8D80020024A034903480BF001
:108BF000F1BB00BF08820020794B020024D800207E
:108C0000024A034903480BF0E5BB00BF088200207D
:108C1000794B0200C8D80020024A034903480BF0F0
:108C2000D9BB00BF08820020794B020000D9002088
:108C300010B5054C04F1080006F048FC2046BDE8DC
:108C4000104006F043BC00BF2CD8002010B5084CE3
:108C50000021204606F0E0FB04F10800002106F0A8
:108C6000DBFB044A04490020BDE810400BF0B2BB16
:108C70002CD8002008820020BD630200024A03496C
:108C800003480BF0A7BB00BF08820020794B02000D
:108C9000A0D80020024A034903480BF09BBB00BF49
:108CA00008820020794B0200D0D80020024A0349F4
:108CB00003480BF08FBB00BF08820020794B0200F5
:108CC000D8D80020024A034903480BF083BB00BFF9
:108CD00008820020794B02003CD80020024A034958
:108CE00003480BF077BB00BF08820020794B0200DD
:108CF0005CD800202DE9F041044606F0B1F90028C7
:108D000000F096800546237E043005F5827CDBB9B1
:108D1000E269C2EA224205F1240305F5927143E9B2
:108D2000082243E9062243E9042243E902222033D0
:108D30008B42F4D120462946002206F00FFA28463D
:108D4000BDE8F04106F0E2B9D4E90731626A83FA7E
:108D5000A1F6EFF300873F016CD5002A58D0571CCD
:108D6000022F04D991FBF2F693FBF2F7F61B7F2E4C
:108D700024DD05F1140105F58A7C01E0E369626AEE
:108D80009F1803EB4203C3EA274703EB020E03EBF2
:108D90004203C3EA2E4E9E1803EB4203C3EA264663
:108DA00003EB42001344E061C0EA234041E9047E42
:108DB00041E9026010316145E0D1BBE7012E3CDDA5
:108DC000B71E06464FEA570808F1020E05EB8E0E55
:108DD00001E0E369626A03EB42011344E161C1EA25
:108DE000234146F8041B7645F3D1C8EBC87308F15C
:108DF0000108216A07EB430600EB8808FEB1E3692E
:108E0000626A1344C1EA2343404640F8043B216AA6
:108E10000023E1612376C1EA214160458AD240F80E
:108E2000041B844586D940F8041B8445F7D881E7A4
:108E3000BDE8F08196FBF2F699E78046DEE7404612
:108E4000E6E700BF036A2DE9F047054633B9D5E9E7
:108E5000063203EBC213AB61BDE8F08706F000F900
:108E600006460028F3D000F1020C2F6A00F581704D
:108E7000134CD5E9068142464FEA1269C2F30F2E20
:108E800009F1010ACEF5803334F9199009FB03F397
:108E900034F91A900EFB093353FB07F32CF8023F09
:108EA00060450A44E8D108EBC11328463146002248
:108EB000AB6106F053F93046BDE8F04706F026B93D
:108EC000FC230020B1F5803F4FEA21235FFA81FCAB
:108ED00011DA0F495A1C023331F9122031F913000B
:108EE000CCF580730CFB00F002FB03008030001215
:108EF00000F5C040704740F2FF110548C3F500720D
:108F0000C91A30F9122030F9110052424042E7E705
:108F100078550020B1F5704F2DE9F0410F46064617
:108F2000904627DC1D460C4605E004F580540135CB
:108F3000B4F5704F17DC002CF7DB21463046B8F152
:108F4000000F25D0FFF7BEFF05F00F0304F5805496
:108F5000013506EB8303B4F5704FD3F810211044AC
:108F6000C3F81001E7DDC7F570420B4B07F58057DA
:108F700013401F44D6F8083106EBC302013303F057
:108F80001F03976082F80C80C6F80831BDE8F081B5
:108F9000FFF798FF4042D7E700F0FFFF2DE9F04FC1
:108FA000D0F8084183B0D0F80C81D0F804A0A4EB2D
:108FB00008020194D3063DD00646DFF88090013CBC
:108FC000304604F01F0406EBC407BD6897F80CB0E8
:108FD000294605F58055FFF775FFB5F5003FBD60E3
:108FE00008DBBBF1000F726814BF4FF440414946E3
:108FF0000A447260BBF1000F00D14042A045824498
:10900000DDD108F1010856F83820B2F5003F11DB38
:1090100008F01F02019B9342C6F80C210AD002F10E
:10902000010856F83820B2F5003F03DB08F01F02B4
:10903000C6F80C21504603B0BDE8F08F0040FFFF9A
:10904000002938B50446154603DB0268002A20DBF8
:1090500038BD0368002BFBDBD0F85401CA1AC11AD3
:1090600000230803090D0BF08BFB40F6FF7194F809
:109070005031B0F5805F18BF0146002BE8D02B4679
:10908000002249422046FFF745FF002384F8503173
:1090900038BDC2F1000C00238A1A4FEA0C304FEAA7
:1090A0001C510BF06DFB40F6FF7194F85031B0F598
:1090B000805F18BF0146002BCAD12B4601224942CE
:1090C0002046FFF727FF012384F8503138BD00BF49
:1090D0002DE9F8430D4690F85011044617461E46F8
:1090E000E9B10268D0F854118A4251D2AA4201D89B
:1090F000A9424DD8891A0023AA1A0803090D0BF0BA
:109100003FFBB0F5805F33464FF0000214BF414291
:1091100020492046FFF7FEFE002384F85031D4F8A2
:109120000080B8F1000F33DA002D31DBC8F1000107
:10913000A5EB08090023C4F8547108034A46090D39
:109140000BF01EFBB0F5805F33464FF0010214BFF9
:10915000414210492046FFF7DDFE0123BD4284F85D
:10916000503115D3A7EB08014A4600230803090D27
:109170000BF006FBB0F5805F33464FF0000214BFE2
:10918000414204492046FFF7C5FE002384F85031D0
:10919000BDE8F88301F0FFFF70B50E1E05461446CA
:1091A0001BDBFFF7FBFE2A684FF44043002AA2FBBB
:1091B0000313A3F5C04300FA83F309DB04F00F04A3
:1091C00005EB8404B4F91001C4F810312E6070BDB1
:1091D0006A6802F540426A60F0E70268002A12DB22
:1091E000C2F100410023B21A0803090D0BF0C8FABE
:1091F000B0F5805F23464FF0000214BF4142094999
:109200002846FFF787FE31462846FFF7C7FE2A6843
:109210004FF44043A2FB0323A3F5C04300FA83F3BA
:10922000CCE700BF01F0FFFF2DE9F04F064687B005
:109230000021456A05F0B6FF01218046304605F061
:10924000B1FFB76A346AD6F834323C4401900493D3
:10925000B8F1000F00F0178196F83F32002B41D192
:1092600006F1340308F10402D6F82CA008F582793F
:109270009C46C348C34F47F6FD7EDFF810B3029308
:1092800032F9021B0AFB01F121F0784303F100637C
:10929000DB0053FB13F353FB10F3C91607EBC303B7
:1092A000C1F10E010B41A3FB05311B0C714543EAD3
:1092B00001438CBF5C44E4184A454CF8044FDFD1AD
:1092C000404605F023FFB76A336BE71B376243BBA9
:1092D000019B002B00F0E580184607B0BDE8F04F79
:1092E00005F014BF06F1340308F10401D6F82CC0D0
:1092F00008F5827718462246029331F9023B0CFBAF
:1093000003238F422A4440F8043FF6D1404604EB41
:10931000C51405F0FBFEB76AE71B336B3762002B01
:10932000D6D005F09DFE03900028D1D096F83E32AD
:10933000039A0093171D1A460D2A36D8DFE812F05B
:10934000A501C501E9000001280150017901890149
:10935000D401C900C9000E004B004B00DDF808A085
:1093600006F51079B8460025A3465AF8044F2A4658
:1093700048462146FFF764FE21464846FFF70EFEA9
:1093800005F00F02013506EB8202802DB2F9503351
:10939000C2F85003326BC6F8404202FB03F34FEAB7
:1093A000234328F8023BE0D15C46B36AE31A3362F8
:1093B000B6F93A32002B77D1019B002B5FD1039C89
:1093C00030460022214605F0C9FE204607B0BDE820
:1093D000F04F05F09BBE019B002BBFD003F1020AAA
:1093E00006F5107B06F50D73B8464FF00009029D97
:1093F0000293CDE90474B6F93C3258463AF9024F6B
:1094000055F8047F1C444B46394604F500442404B7
:109410002246FFF75DFE39465846FFF7BFFD5A4B1F
:10942000A3FB042309F00F0209F10109E41A06EB7A
:10943000820203EB54031B0CC3F540530344D2F8E0
:109440005003C2F850334311326BC3EB6003C6F8CC
:1094500040721BB202FB03F3009A1B140D2A08BFD3
:109460005B421BB228F8023B029BAB42C3D1DDE951
:109470000474B36AE41AB6F93A323462A3B90198B3
:1094800005F044FE9BE706F1340306F50D71224614
:10949000029343F8042F8B422A44FAD104EBC514FB
:1094A0003AE707B0BDE8F08F039A02F582711A46D9
:1094B00001E0B6F93A22B7F90030134403F30F0381
:1094C00027F8023B8F42F4D1019B002B3FF477AF8A
:1094D000D5E7DDF8089006F510783D464FF0000A14
:1094E000524659F8041F40460AF1010AFFF754FE9C
:1094F000336B96F83E2203FB00F00A2A4FEA204025
:1095000008BF4042BAF1800F00B225F8020BE7D144
:109510004BE7306B20F34F004542039B029A00B2A9
:109520002DB2063306F50D7C52F8041F02330029D4
:10953000ACBF01462946944523F8041CF4D134E716
:10954000DDE9025306F50D7E316B981D4FF6FF7C69
:1095500055F8044F0230A20FE313ACEBD438013AB4
:1095600001FB03F3012A01FB08F84FEA234398BFEC
:109570004FEA2843AE4520F8043CE9D115E700BF87
:10958000ABAAAA2AAAAAAA2A016000800000FE7F2C
:10959000706B002800F0FA80039B3A460299D6F8D7
:1095A00030C003F5827551F8044F230EC4F30F2E1B
:1095B00003F10108FF2B30F9139014BF00EB4808AA
:1095C0008046B8F90030CEF580380EFB03F308FB77
:1095D000093353FB0CF322F8023B9542E3D1E4E656
:1095E000019A002A95D0336B23F34F0ACAF1000881
:1095F000039B951C0FFA8AFA0FFA88F806F13801D6
:109600009A1D06F50E79A44635F9023F4046B6F993
:109610003CE2023251F8044B734403F50043B4EBCF
:10962000034F38BF5046894522F8040CECD16446FC
:109630001FE7306B3A46039B0299C04303F58275DE
:1096400051F8043F30FB13F322F8023B9542F7D167
:10965000ABE6029D06F50D79049CB84606E0B6F926
:109660003832A94528F8023B3FF49FAE234655F80F
:10967000044F9C42F3D2306B06F082FD336BA0EBBB
:10968000630003B2A6F83832EBE7039B3A46029830
:10969000D6F830C003F582753E4950F8044F230ECA
:1096A000C4F30F2E31F9139003F10108CEF5803386
:1096B00031F9188009FB03F30EFB083353FB0CF35D
:1096C00022F8023B9542E8D16FE6039B3A460299A5
:1096D000356B03F5827051F8043F35FB13F322F824
:1096E000023B8242F7D160E6019B002B3FF428AF9A
:1096F00003F10209039B06F1380E316B03F1060CEE
:1097000006F50E734FF0FF3B00979A461DE00319D4
:10971000C2F57F42201AA0454FEA134302F1FF022F
:109720004FEA104007FB03F326D96FF00043BBFB61
:10973000F2F202FB10331B1401FB03F31B14F2457E
:109740000CF1020C2CF8043C1DD039F9022F5EF804
:10975000044B02F50042230CD003B4EBC23F6FEA86
:109760000008BBFBF2F707FB03F34FEA1343CED22B
:1097700001FB03F31B14E2E703F100431B1401FB9D
:1097800003F31B14DBE7009F2C4472E6039805F0FB
:10979000BDFC9DE5FC2300202DE9F047C1EBC1682D
:1097A00000262D4A0F464FEA481305464FF440491C
:1097B000DFF8A8A0B34201EB0304C3F10048036043
:1097C000A8BF4FF4C042C0E9426642601DE0214696
:1097D0002846FFF7E3FB2A68A2FB0913002AA3F53A
:1097E000C04300FA83F003DA6B6803F540436B6013
:1097F00006F00F03013600B2A8EB07084433202E11
:1098000045F823002C603C4423D0002CDFDAE31B16
:10981000002B12DB3A4600234FEA08304FEA18517A
:109820000AF0AEFFB0F5805F33464FF0000214BF80
:10983000414251462846FFF76DFB21462846FFF777
:10984000ADFB2B68A3FB0923A3F5C04300FA83F00B
:10985000CEE7BDE8F08700BF00A0FFFF01F0FFFFEB
:109860002DE9E847C1EBC16592461D4B00266D010D
:10987000C0F8542189460746AA42A3FB0A23194A85
:1098800088BF4FF4C04205600D44C0F808614260D3
:10989000AAEB0302C0F80C6103EB52088CBF012352
:1098A00033464FEA184880F85031C8F540583346DF
:1098B000294652463846FFF70BFC29463846FFF743
:1098C0006DFB06F00F0340440136443300B2202EF6
:1098D00047F823003D604D44E9D1BDE8E88700BF6B
:1098E0000160008000A0FFFF00224FF4C041C0E9EA
:1098F0004222C0E9002170472DE9F84386690EB97C
:10990000BDE8F883044605F0ABFB05460028F7D018
:1099100000F10C0100F5867CE36944F2A7122948A6
:1099200012FB13FE9BB200EA0E4702FB03F303EBAC
:10993000DE331F4427F0004303EBD77336FB03F7F6
:1099400012FB13F800EA084E9BB20EEBD83E02FB66
:1099500003EE2EF0004303EBDE7336FB03FEC7EA93
:109960000E4712FB13F800EA084E9BB20EEBD83EEE
:1099700002FB03EE2EF0004303EBDE7336FB03F82D
:1099800012FB13F900EA094E9BB20EEBD93E02FB23
:1099900003EE2EF0004303EBDE7336FB03FEC8EA52
:1099A0000E4841E9027808316145B9D1204629467F
:1099B000E361002205F0D2FB2846BDE8F84305F03C
:1099C000A5BB00BF0000FF7F704700BF08B506F0D1
:1099D000B7FF044B04491868044A1B680860136009
:1099E00008BD00BF146D0220F4490220F049022096
:1099F000F8B5504A4FF0400C4FF480314FF4805787
:109A00004FF400554FF4404443F24200136A9E075E
:109A100000F182809E0440F18380DE0440F1828068
:109A2000002BF3DA13F480367ED15B067ED5424CF0
:109A3000424AD4F88010424B41F003014148C4F837
:109A400080104FF0404191634FF440415163052134
:109A500016600822C0F8B4104FF08061C0F8A4224C
:109A60000A205A680A435A60C3F8841006F048FE78
:109A7000354AD2F8403143F00203C2F84031D2F8FF
:109A800040319B07FBD4314D01F066FA01242B1FB6
:109A900005F17C0243F8044F9A42FBD14FF48072E7
:109AA00000212B480CF0EEF900222A49264B0A70BF
:109AB0000321C3F89040C3F8A8112749C3F84821EF
:109AC000C3F85451C3F84C21C3F85821C3F84011CE
:109AD000D3F884212149224842F48052C3F88421DA
:109AE000D3F85821D3F85421C1F800021D4A4FF091
:109AF000E0214FF48030C1F80C01C3F84821D3F8BD
:109B0000482142F01202C3F84821D3F8482142F418
:109B10004022C3F84821F8BD94625162906275E713
:109B2000556273E7576271E791626FE7C2F824C02C
:109B30006CE700BF00800D4000C00F4000A00D404A
:109B40000080004200801F4000022E4000A0002044
:109B5000E8D5002019890220158B01000090002013
:109B6000D578020004000003C36853B3632970B5BD
:109B70008CBF002601260C4616BB054606F014FED7
:109B80002649A8600868264B00283AD0D3F88C20D4
:109B900022F07F42944215D34369A11A23B929E0E8
:109BA0005C69891A3CB323461A698A42F8D99869D4
:109BB000521A1A61A861C5E904139D61AB695D6120
:109BC00070BD704772B64FF00070C3F88C60121B06
:109BD000C3F8440108682C61013CAE616861026110
:109BE0004FF040420D608561C3F88840C3F88C2077
:109BF00062B670BD034600222961C5E905235D6197
:109C000070BD661E4FF04042A8610D60C5E904407A
:109C1000C3F88860C3F88C2070BD00BFA8D50020B1
:109C200000022E4072B6194A1368FBB183421AD162
:109C300017485B6930B40024C0F88C4023B3D0F8D7
:109C40008C101D6921F07F4129441961C0F88810EA
:109C50004FF04041C0F88C109C61136062B630BC7C
:109C60007047984204D05B69002BFAD162B6704706
:109C7000D3E905214A61002AF8D018691369916176
:109C80000344136162B670471360E7E7A8D500206C
:109C900000022E40036984469A68F0B50D465106CD
:109CA00003D41B689A685206FBD54022D5F808E019
:109CB00005F13401EE6BAA602A681A606A685A607E
:109CC000EA68DA602A691A616A695A61AA699A615E
:109CD000EA69C3F828C0DA61EA6A1C68DA622A6BAA
:109CE000012C03C91A6303F1340282E803001A4607
:109CF000DE6303D0126811680129FBD115600122CF
:109D00002A601A6895421A462ED000261168144619
:109D10000F680A4666622646BD422162F6D10021DE
:109D2000546211629CF8341011F0FD0F09D10F48F4
:109D30000168596289B10B6202600120C3F808E032
:109D4000F0BD0B48016859620029F4D109490B6044
:109D500002600120C3F808E0F0BD07490B60026013
:109D60000120C3F808E0F0BD0024D8E7F0D60020B9
:109D7000F8D60020FCD60020F4D600202DE9F047CC
:109D80009846CB88B3F5804F02D90020BDE8F08714
:109D90000D468146174601F027F906460028F4D003
:109DA00001F022F9044600286CD0E98800293BD153
:109DB000DFF8F0C03060394B0122DFF8ECA02B4017
:109DC000D9F80000D5F804E0D5F800907260C6F824
:109DD00008A0F56003F58055356103F50055756100
:109DE00003F5405503F58043B561F36100236260DC
:109DF000C4F808C0E3604FF48053C4F83C8023618A
:109E00004FF40053A06263614FF44053A3614FF4D9
:109E10008043C4E90B71E36131462260C4E90D9EC1
:109E2000BDE8F047FFF736BF01F0DEF870B32A78DF
:109E3000E988D209194BDFF874C04FEA022E3B4083
:109E400082F001024EEA014E4EEA0C0C4FF0010E78
:109E5000C0F804E0C0F808C003F5805CC760C0F833
:109E600010C003F5005CC0F814C003F5405C03F5B6
:109E70008043C0F818C0C361094B306043EA022C2C
:109E8000046098E7304601F0B7F87EE7304601F00D
:109E9000B3F8204601F0B0F877E700BF00F0FFFF0D
:109EA0008080008080810080800208008000008027
:109EB0002DE9F84F4FF0E0244FF4803A99460746D9
:109EC000D4F80C318B46C4F88CA1164603EA0A0874
:109ED00001F08AF8054600287DD0731E9C0B08D03F
:109EE000824601F081F8002860D0013CCAF80000E9
:109EF000F6D100230121B6F5804FC0F83C900663EF
:109F00002A460160374CC0E90A7BC0E90D33364868
:109F100020D997F83530A6F58046516044EA0323EE
:109F2000B6F5804F93600BEA0003C2F80CB00BF556
:109F3000804B03F5805CC2F810C003F5005CC2F8EA
:109F400014C003F5405C03F58043C2F818C0D36128
:109F50001268DED8360497F83500234C294646F4BB
:109F6000004301250BEA040443EA00235560384608
:109F700043F08003936004F58053C2F80CB0136182
:109F800004F50053536104F5405304F58044936194
:109F9000D461FFF77FFEB8F1000F05D04FF0E0234A
:109FA0004FF48032C3F80C21BDE8F88F2C462D68A1
:109FB000204601F021F85445F8D1B8F1000F07D040
:109FC0004FF0E0234FF480320020C3F80C21EBE780
:109FD0000020BDE8F88FB8F1000FF9D0C4F80CA14B
:109FE000E2E700BF8000004000F0FFFF2DE9F04FE6
:109FF000534D83B02F6837B10026BB681A0605D5CC
:10A000003F6A002FF9D103B0BDE8F08FBB681B0495
:10A0100004D5BB6ADB6B0BB138469847D7E90823F8
:10A0200063B11A626AB1B96853624C0645D43846C6
:10A03000174600F0E1FF002FDFD1E4E72A60002A95
:10A04000F1D140490B60BB685806F0D5BC6A384670
:10A05000019200F0D1FF2369019A33F01F03D2D09F
:10A060001746934605E09A681A681B6833F01F0389
:10A0700005D09A685106F6D52361E660A661BBF16A
:10A08000000FBED0DBF808301A040AD5E26B43F0AB
:10A09000400358462AB1DBF82820CBF80830D36BB0
:10A0A0009847DBF820A0584600F0A6FFD346BAF147
:10A0B000000FE7D1002FA0D1A5E73846BC6A019276
:10A0C00000F09AFF0020019A844617468346114605
:10A0D000126A8B6AA3420AD0002AF8D1C0B9BCF137
:10A0E000000F25D1236933F01F03C2D1C7E74B6AA4
:10A0F000D3B11A62AAB15362BBF1000F0FD0CBF8F3
:10A1000020108F4208BF17460E62002ADFD1E5E714
:10A110000C4BC3F80080BCF1000FE3D008E08B4685
:10A12000EFE798460120E7E791464FF0010CE1E7A1
:10A130002369C5F8009033F01F039AD19FE700BF51
:10A14000F4D60020F0D60020884B2DE9F041D3F85A
:10A1500044617703C3F844610AD5854F3C683CB13C
:10A16000DFF82C82A36818067AD5246A002CF9D16E
:10A1700034030BD57F4F3C6844B1DFF81882A368E5
:10A180001B0640F18380246A002CF8D1B20700F14D
:10A190009E8071070FD5754BD3F8844144F02A0295
:10A1A000C3F88421A20744D4270704D4724B1A7839
:10A1B000022A00F08F8006F080733BB16E4B1A7854
:10A1C000012A00F0B980032A00F09B80B1012ED54E
:10A1D0006A4F3C68002C2AD063690026214630462D
:10A1E0003B6006E02E6916442E614B61012619463C
:10A1F0002B464861002B00F0B4801A699861042A4C
:10A2000000F2A4805D69002AEFD0002DEAD14B61F5
:10A210005D613D605A4E002521466469C868036847
:10A220009B68B342C1E9055516D1002CF4D1BDE8B5
:10A23000F08114F00107504A71D011780129B3D888
:10A240000120504926F0807610704FF04042C3F84C
:10A250008010C3F88420B9E79847002CDCD1E6E7EA
:10A26000A368190404D5A36ADB6B0BB12046984799
:10A27000D4E908324AB3136223B35A6220461C461B
:10A2800000F0BAFE002C7FF46DAF71E7A3681804EC
:10A2900004D5A36ADB6B0BB120469847D4E908329A
:10A2A00052B113625BB15A6220461C4600F0A4FE14
:10A2B000002C7FF464AF69E73B60002BF3D1C8F852
:10A2C0000020F1E7C8F80020D8E73B60D4E7FFF7AB
:10A2D0008DFE5EE764077FF579AF03202349187090
:10A2E00042F21070C1F880004FF04040C1F8840085
:10A2F000D1F88411880501D523494A63F2017FF51D
:10A3000065AF0420194900221870D1F88401114664
:10A31000C0F3816000F062FB1C4B186056E71770B9
:10A320000222194BDFF864809A63D8F8000000F02D
:10A33000BFFDC8F8007037E70C4A02211970D2F847
:10A34000843143F48073C2F884313FE706B13D6045
:10A35000064B013A4FF04041C3F88820C3F88C10F7
:10A3600058E7002E3FF456AF53E700BF00022E40DF
:10A37000F4D60020FCD6002019890220A8D50020A0
:10A3800055710200A086010000A00D4030D70020CA
:10A39000F0D60020F8D600208D4B012A03FB01F1F6
:10A3A000036B2DE9F04F85B01B7D4FEA1141029000
:10A3B000104638BF0120022B00F0948005234FF097
:10A3C000010A4AEA5A02824280F0E480013B4FEAE5
:10A3D0004A0AF6D14FF0200ACDF80CA0029A039851
:10A3E00092F83530A2F84000002B40F0CF80843145
:10A3F00002244F0900234FF0FF36DFF8D8B1B046F2
:10A4000099460193DDF804E00BEBCE02002512F82B
:10A41000010B5178384492F802C02144D378A44407
:10A420008842234454D960454ED9834238BF0346FD
:10A43000B34202D2A946F0461E460135042DE6D1AC
:10A44000D644BEF11F0FDFD9019B01339A4501931A
:10A45000D8D1BB2E42D8FFB2B8F11F0FE4B21FFA19
:10A4600088F5DDE90232A3F84420A3F8489083F888
:10A470004A7083F84B40A3F8465015D809EBC8033F
:10A48000019E5B44F0001978B0449A783944B8F1E1
:10A490001F0F224419709A70D9781A7921442244E6
:10A4A000D9701A710344EED901201C23029900FAD5
:10A4B00009F203FA09F3A1F8425081F8362081F835
:10A4C000373005B0BDE8F08F634538BF6346AFE76E
:10A4D0006145F9D98B4238BF0B46A9E7002005B08A
:10A4E000BDE8F08F0F2803464FF0010C01F1570132
:10A4F00028BF0F234FF0FF3E4C090026013B029975
:10A50000DFF8D0B077460CFA03FCBCF5807F6546D7
:10A5100028BF4FF48075EB08012B38BF0123A1F849
:10A520004030334600201BF803102B44214488425E
:10A5300038BF0846FF2BF6D9704501D2864637460C
:10A540000136B542EDD1BEF1BB0FC7D8029BE4B2D4
:10A55000FF2FA3F84450A3F8467083F84A4008D868
:10A560003B461BF8031021440BF803102B44FF2B30
:10A57000F7D9012A12D9022A1ED0BCF1040F21DC1E
:10A5800007F0030211239340DBB208E06631022793
:10A590004C092FE71FFA8AF303931FE7FF23029961
:10A5A000FF080022012081F83630A1F8427081F8BE
:10A5B000372005B0BDE8F08F07F001025523934026
:10A5C000DBB2ECE707F0070201239340DBB2E6E7DA
:10A5D000AB2A0100E8D50020B0F84210B0F840C026
:10A5E0001F2934D830B51A4C40F0020509E0B3F801
:10A5F00040E0E64511D2026044F8215061441F2931
:10A6000024D854F82120D307F5D402F0060E22F006
:10A610001F03BEF1020FEAD007E09842EED01A689D
:10A62000D20706D41B6823F01F03B3F8402062450D
:10A63000F3D21A468242E1D0126832F01F02F9D1F9
:10A6400061441A681F2902601D60DAD930BD704765
:10A6500000A000202DE9F84305460E461446994611
:10A6600000F0B2FC0746002865D000F0BDFC804633
:10A67000002800F086806022002138460BF002FCA2
:10A680003C22002108F104000BF0FCFB01224023D6
:10A69000032EC8F80020C8F80830C7F8108087F8E3
:10A6A00035907A613D6387F8346058D03CB16B686F
:10A6B000002B61D01A469B6B002BFBD19763297D41
:10A6C000002E3BD101294FF480408CBF0022012293
:10A6D000D206230243EA0133089943EA0143697D24
:10A6E0000B43134397F83720034343F070437B60D9
:10A6F000AB7DE97D1B0443EAC15343EA022397F88B
:10A700003620134343F08043BB6036F0020318D178
:10A71000224BD3F85821D2B9796847F0020241F4AC
:10A72000004179603A60C3F85871D3F8402142F093
:10A730002002C3F840213846BDE8F88300200246D5
:10A74000C7E7032EF7D13846FFF746FFF3E7116856
:10A7500047F00203384639601360BDE8F883DDE94D
:10A7600008123846FFF718FE814678B1002C9ED1BA
:10A77000297D20462246ACE7297D6F60002EA1D0BE
:10A78000DCE73846474600F027FCD4E7404600F0B7
:10A7900033FC384600F020FC4F46CCE700022E4048
:10A7A000F8B590F83430044613F0FD0F3BD1036840
:10A7B00023F01F03984200F0CB801A68194622F05C
:10A7C0001F039C42F9D163681D0400F1AC8023682B
:10A7D000734A0B60D2F8403143F04003C2F8403175
:10A7E000D2F844319806FBD52023C2F844316D4E8F
:10A7F00035683DB16C4F28462D6A836AA3427FD0ED
:10A80000002DF8D1256935F01F0307D02B682846A5
:10A810001D4600F0F1FB35F01F03F7D12046BDE8DF
:10A82000F84000F0D9BB614800F1800550F8042FD2
:10A83000D1070CD422F01F02944203D156E08C427F
:10A8400059D00A46136823F01F01DB07F7D5A84249
:10A85000ECD1236B1B7D022B6AD0B4F84650B4F8C0
:10A8600044E01F2DB4F8483094F84A6094F84BC087
:10A8700018D803EBC5034E4A4FEACE0713449A7823
:10A8800075441878A2EB0C02D978801B1F2D9A70A2
:10A89000A1EB0C011A791870A2EB0C02D9701A7195
:10A8A0003B44ECD9434E3568002DABD02846424F8F
:10A8B0002D6A836AA34206D0002DA3D028462D6AB4
:10A8C000836AA342F8D1436A002B66D01D62002D33
:10A8D00061D06B62236933F01F0204D150E01B6822
:10A8E00033F01F024CD08342F9D1E5E72368A84238
:10A8F00003609BD1ADE72368A842136096D1A8E717
:10A90000436A002B45D01D62002D40D06B62236945
:10A9100033F01F0204D12AE01B6833F01F0226D057
:10A920008342F9D16CE74B6843F400434B604EE738
:10A93000B4F84630B4F84450FF2B94F84A00B1D82C
:10A940001B49CA5C121ACA542B44FF2BF9D9A9E738
:10A95000134AD2F8403123F02003C2F84031D2F834
:10A96000443113F40043FAD1C2F858313FE783422F
:10A970003FF446AF00F040FB002D7FF43CAF41E7D1
:10A98000834299D000F038FB002D97D13AE73B6025
:10A99000BDE73560B8E73B609CE7356097E700BFEF
:10A9A00000022E40F4D60020F0D60020FC9F0020AC
:10A9B000E8D50020FCD60020F8D600200649002269
:10A9C0000B68C0E901222BB11A465B68002BFBD152
:10A9D0005060704708607047E8D60020F0B583B03B
:10A9E00007460E46154600F0DFFA044680B32422DF
:10A9F00000210BF047FA0023082127751A46A67597
:10AA0000E5752046CDE900131946FFF723FE0246FF
:10AA1000206020B300F0F8FA2168134A0023206177
:10AA2000CA630122114881F8352002704FF40022D8
:10AA30000F491048C1E900020F4A2046FFF79EF96E
:10AA40000E4A13683BB11A469B68002BFBD19460F9
:10AA5000204603B0F0BD2046146003B0F0BD204690
:10AA6000144600F0A9FAF3E79D830200248902202E
:10AA700040B400208006000140AC00202CD700200C
:10AA800070B50D699DB3D66A90B3295C0131C9B226
:10AA90006EB37378032B2AD12954347801EB540315
:10AAA000312B27DC022C13D9302911D84FF0020C9E
:10AAB0000CF102020B4616F80CE001315FFA82FC41
:10AAC0002B44C9B2644583F803E001D93029EFD99A
:10AAD0006B180022DA70431CDBB2022B07D8C0F1DE
:10AAE0000202E818D2B2BDE870400BF0CBB970BDDD
:10AAF0000146CDE7C1F132046400E4B2D2E700BF01
:10AB00003F4B2DE9F04F1C6883B00646002C73D0F4
:10AB10004FF00009DFF8F4803A4F01E06468A4B117
:10AB2000A26820463B463146002AF7D1B8F80050CB
:10AB3000D4F800C0093D0095DCF80050A847002873
:10AB400047D1A1466468002CEAD12F4BB8F8002009
:10AB500003F1090503EB0209A94503D843E0454485
:10AB6000A94540D96B7895F80080042BF7D1B8F14E
:10AB7000090FF4D1224B1C68002CF0D0A7684FF0CD
:10AB8000000AA9EB050B20462B46012231464FB1A6
:10AB90006468002CE3D0A76820462B46012231468A
:10ABA000002FF5D12768CDF800B03F68B84708B945
:10ABB000A246EDE76368BAF1000F17D0CAF8043077
:10ABC000F368A2466360F460A6601C46002CE2D1E4
:10ABD000C5E76368B9F1000F0BD0C9F80430002352
:10ABE000C4E90136F46003B0BDE8F08F044A136095
:10ABF000E6E7034A1360F2E7DFF81080A5E700BF3D
:10AC0000E8D6002049AC002040AC0020EC880220AF
:10AC100070B50446C06B28B10368984A5B689342DC
:10AC200017D170BDA36A964E1D6B2B7E0E2BF8D8E4
:10AC3000DFE813F01C0044005A0071007E00880019
:10AC40009B00A600F5000101B900BF00CD00E100A6
:10AC500013002146BDE8704018472846FFF750FF13
:10AC60000F21884B002229761A7070BD2A6884490A
:10AC70005068854BC9790340844C43EA01438449B9
:10AC80002078096853600130802828BF012031B145
:10AC90000B465A7D8242F6D09B68002BF9D1030403
:10ACA0007C492070284643F4A0630B6000231A46B9
:10ACB0004B60FFF763F801232B7670BD75494FF4A5
:10ACC00090142A684888744B68750B60536823F0A9
:10ACD0007F030343284653600023694A4C60FFF713
:10ACE0004DF802232B7670BDF27BB37B727033700C
:10ACF0001343327C31791343B270727914BF03234A
:10AD00000B23AA76B2796976EA7632892B76EA83C2
:10AD100072892A8489E75F4900236048604AC1E953
:10AD20000002604A2846FFF729F804232B7670BDFD
:10AD30003379032B03D97379032B00F096800B230F
:10AD40002B7672E74E4A554B12F8040B6C8C43EA93
:10AD5000004353484F4920430B6000234860284676
:10AD6000FFF70CF806232B7670BD224629460020FB
:10AD7000FFF786FE7378002B56D007232B7654E717
:10AD80003F4A464B507804326C8C43EA00434448B7
:10AD9000404920430B60002348602846FEF7EEFF41
:10ADA00008232B7670BD224629460220FFF768FE55
:10ADB000C5E738494FF410223B480023C1E900029F
:10ADC0002F4A2846FEF7DAFF0C232B7670BD2C4B5A
:10ADD0005B88B3F5006F41D8344A180413802D49BD
:10ADE0000023314AC1E90020254A2846FEF7C6FF64
:10ADF0000D232B7670BD2248002326494279C47961
:10AE00001204007A2C7742F41062687728464B606F
:10AE10000A601A46FEF7B2FF0E232B7670BD22465B
:10AE200029460120FFF72CFEB378002B0CBF0B2323
:10AE300009232B76F9E6124A184B907804326C8C71
:10AE400043EA00431648134920430B60002348603F
:10AE50002846FEF793FF0A232B7670BD134B4FF461
:10AE600000624FF000601A80B9E7F28833786A8494
:10AE7000002B3FF47FAF05232B76D6E691BD000073
:10AE800040AC002024890220FFFF00F8288902201E
:10AE90002CD7002040B4002080060001800600036B
:10AEA0000000FC0744AC002080060002EC88022071
:10AEB000002837D0F8B5C46806466CB11A4D002793
:10AEC000236820461B69984723462A68A760646860
:10AED0002B605A60002CF3D174682CB12046A46B0F
:10AEE000FFF75EFC002CF9D13068FFF759FC0F4BDF
:10AEF0001C6844B1A64202D111E0A64204D0234608
:10AF0000A468002CF9D1F8BDA2689A60206908B144
:10AF100000F088F82046BDE8F84000F04DB8A2687F
:10AF20001A60F3E7704700BFE8D600202CD7002056
:10AF3000074A084B506EB2F868C0B2F87010C3F8F8
:10AF40000600D06EA3F80AC0D982C3F81200704779
:10AF5000841F00204CD4002030B40D4C0D492568CE
:10AF60000D4A0E4B15600E480D6822600D4A0468AC
:10AF70000A60194615601A4603F140051C601B64FF
:10AF800042F8805F41F8C02F016030BC704700BFBD
:10AF9000E0D50020DCD50020ACD5002040A1002069
:10AFA000ECD60020E0A00020024B186808B102682F
:10AFB0001A607047E0D50020024B1A6818600260E2
:10AFC000704700BFE0D50020024B186808B1026846
:10AFD0001A607047DCD50020024B1A6818600260C6
:10AFE000704700BFDCD50020024B186808B102682A
:10AFF0001A607047ECD60020024B1A681860026095
:10B00000704700BFECD60020054A106830B10168D7
:10B0100000231160037043708370C370704700BFDA
:10B02000E4D50020024B1A6818600260704700BF28
:10B03000E4D5002001EB410100EB411188420ED222
:10B0400010B4074C226800E01846034643F8602B12
:10B0500099420246F8D820605DF8044B704770476B
:10B06000DCD5002000EB811C604511D2024610B5F2
:10B07000084C4FEA811E2168134643F8401B9C454B
:10B0800011461A46F8D8AEF1400E7044206010BD4B
:10B09000704700BFECD60020352303FB0101884236
:10B0A0000ED210B4074C226800E01846034643F85D
:10B0B000352B99420246F8D820605DF8044B704762
:10B0C000704700BFE4D50020C36B33B1C26A596B2F
:10B0D0008A4203D0996B8A4204D07047002283F8D9
:10B0E0004E207047002283F84F2070470023C0E9AC
:10B0F0000333704770B5C38F044690F84E109D0817
:10B1000029B994F84F3003F0FF028BB970BD01F0FC
:10B11000FF02E9B2034680F84E109200416B0069CD
:10B12000FEF7C6FE94F84F3003F0FF02002BEDD07F
:10B13000EDB22346A16B9200206984F84F50BDE820
:10B140007040FEF7B5BE00BF012A01D00020704755
:10B150001A78092AFAD15A78042AF7D170B582B040
:10B160005A790D4604460699012A194459D0023AE3
:10B17000102A25D9093300228B42A4F850201FD26F
:10B1800093F800C01646BCF1030F19D903EB0C0E5F
:10B19000714515D35A780B2A18BF042A0CBF012019
:10B1A000002071D0242A0ED0052A1BD0252A07D1D1
:10B1B000714569D9734693F800C0BCF1030FE5D817
:10B1C000002002B070BD9A78012A06D0042A06D960
:10B1D000F12AF6D1DB78022BF2D10126E8E7012A29
:10B1E000EFD9FAE7BCF1060FEAD993F803C0ACF146
:10B1F000020CBCF1010FE3D893F802C01CF0F0027E
:10B2000036D0802ADDD194F85020002AD0D10CF01D
:10B210000F0C84F850C0DA7884F852209B88A387FA
:10B22000C6E798790328A5D1093300209942A4F8EC
:10B230005000A5D80023E36094F8512022B1E18F9B
:10B24000B4F846308B4246D2002323610023E268E3
:10B25000A4F84A30A4F84C3084F85530A4F856309D
:10B2600084F85830A4F87C31002A2FD00120A8E7B8
:10B2700094F85120002A9BD184F851C0DA7884F8E0
:10B2800053209B88E38793E7002E99D094F85020B1
:10B29000002ACFD0A38FB4F846109942CAD3002118
:10B2A000009328460123019194F85210FFF7D2F938
:10B2B000E0600028C0D0114A2346216BC263A28FF0
:10B2C000FEF7F6FD012384F84430B5E72069C01A83
:10B2D00018BF012075E700260091284601963346E5
:10B2E00094F85310FFF7B6F920610028AED0044B54
:10B2F000C36384F84E6084F84F60A7E7858B020033
:10B300005588020010B50446032100F5F070FFF7E0
:10B3100091FE04F540700721FFF7A4FE04F5986044
:10B320000121FFF7B9FE00232046A4F84A30A4F813
:10B330004C30C4E96033C4E96233C4E96433C4E91E
:10B340006633C4E96833C4E96A33C4E96C33C4E9D9
:10B350006E33C4E97033C4E97233C4E90333BDE822
:10B360001040FFF72BBB00BF8A680B6BC2F30E4285
:10B37000B0F84A10B0F84CC09B1A9B0870B505464F
:10B3800038D0026B043A02EB830352F8044F54B1F5
:10B390000131B5F8480088424FEA810001D8002108
:10B3A00008462E6C34509A42EFD188B28C45A5F8ED
:10B3B0004A00A5F84CC00BD90CF1FF3CAA8FACEBAE
:10B3C0000101B1EB920F0CD2002385F8443070BD1F
:10B3D000B5F84830AA8F6344013B591AB1EB920F7C
:10B3E000F2D32B46296BE868FEF762FD012385F84E
:10B3F000443070BD0846D9E70146C06B08B1FFF77D
:10B40000B3BF70470369002B4CD070B5C58F82B0B5
:10B410000646AD0872B696F84E4096F84F20A54203
:10B42000E3B2D2B21BD9F2B195421CD9B36B541C12
:10B4300006F1140043F82210E3B2019086F84F3071
:10B44000FEF7F0FBA542019823D97F2D40F2DC5195
:10B4500088BFC821FEF788FB62B602B070BD954276
:10B46000E4D862B6D6E7726B5C1C06F1140042F8B1
:10B470002310E3B2019086F84E30FEF7D3FBA542CD
:10B480000198E2D83346AA00716B3069FEF710FDCF
:10B49000E2E73346AA00B16B3069FEF709FD62B6F8
:10B4A00002B070BD704700BF2DE9F84F72B690F83A
:10B4B0004420B0F84A60B0F84C3062B69E4234D0B6
:10B4C0000F460133B0F848100446D2B2994230D941
:10B4D0004FEA830C98B2256C55F80C50A4F84C0038
:10B4E0008AB9E06878B1B34240F2AE809B1B591E26
:10B4F000A28FB1EB920F06D30123216B84F8443065
:10B500002346FEF7D5FCC5F3031305F00F08C5F37A
:10B5100003264FEA152984F85430A8F108030136B0
:10B52000062B2BD84FB1B74207D000273846BDE8CD
:10B53000F88F002084460346CDE7B8F1080FC5F325
:10B54000033340F08580082B40F082808022D4F8BD
:10B550008031C5F30748F6B22D0E84F856201BB192
:10B56000414630462A469847012784F8556084F8BA
:10B570005780384684F85850BDE8F88FA8F1020289
:10B580005FFA89F3012A3BD9B3F1F70BA8F1050A59
:10B5900018BF4FF0010BBAFA8AFAF02B94BF0027BC
:10B5A0000BF001074FEA5A1A1AEA070728D1B8F137
:10B5B000040F00F07381A8F10502022A40F2118104
:10B5C000B8F10F0FB1D1F72B1AD8F02BB4F87C11CA
:10B5D00001D00029A9D0D4F89C31002B00F01A82A8
:10B5E000B1F5917FC0F01A82002204F1590098470A
:10B5F000002101232144A4F87C3181F8599095E77A
:10B60000F13B0E2B91D801A252F823F01D8F0200BE
:10B610002F8F02004F8F0200B78C0200B78C020000
:10B62000778E0200B78C02008D8E0200B78C02006C
:10B630009F8E0200B98E0200D38E0200B78C0200EA
:10B64000ED8E0200038F02000139891B19444FE778
:10B65000B8F1090F13D1092B11D12A0E38D180234B
:10B66000F6B2C5F3074884F85630D4F88031002B81
:10B6700000F06981414630461546984774E7B8F1B5
:10B680000A0F05D10A2B03D1A022D4F8883160E734
:10B69000B8F10B0F05D10B2B03D1B022D4F88C31AC
:10B6A00057E7B8F10C0F40F093800C2B40F09080DE
:10B6B000C022D4F89031C5F30748F6B22D0E84F8B5
:10B6C0005620002B3FF450AF4146304698474BE799
:10B6D0009023C5F30748F6B284F85630D5B2D4F8B3
:10B6E0008431002B7FF43CAF3EE7D4F8B0316BB12E
:10B6F000C5F307489847F6B284F856902D0E33E705
:10B70000D4F8B431002B00F04E819847C5F30748B8
:10B71000F1E7D4F8B831002BF7D1D4F8CC31002BB5
:10B72000F4D0FA20C5F307489847E4E7D4F8BC31D1
:10B73000002BDDD1D4F8CC31002BE7D0FB20C5F3B2
:10B7400007489847D7E7D4F8C031002BD0D1D4F8B8
:10B75000CC31002BDAD0FC20C5F307489847CAE764
:10B76000D4F8C431002BC3D1D4F8CC31002BCDD0C8
:10B77000FE209847CAE7D4F8C831002BB8D1D4F8D6
:10B78000CC31C5F30748002BB5D0FF209847B2E76E
:10B79000D4F8A431C5F30748002BACD040469847F5
:10B7A000A9E7D4F8A821002AB0D06B0CC5F3064055
:10B7B0004FEA154803F47E535FFA88F81843904720
:10B7C00099E7D4F8AC31C5F30748002BE6D192E7EE
:10B7D000B8F10D0F3CD10D2B3AD1D022D4F89431D1
:10B7E00069E7D4F89C31B4F87C11002B50D0B1F546
:10B7F000917F50D33A4604F15900984739460123C6
:10B800002144A4F87C3181F85990BAF1000F03D09B
:10B81000BBF1000F7FF489AEB8F1050F6DD1B4F81C
:10B820007C11D4F89C31C8B20A0A84F85700002071
:10B8300084F85820F022A4F87C0184F85620002BCC
:10B8400000F0A880012204F15900174698476DE6E0
:10B85000B8F10E0F7FF469AE0E2B7FF466AEE022D6
:10B86000D4F8983184F85620002B00F0F580690C4C
:10B87000C5F30642F6B201F47E514FEA1548304650
:10B880002D0E11435FFA88F8A1F5005198476BE639
:10B89000B1F5917FB9D24B1C9BB2B1E7D4F89C6152
:10B8A000002E52D0B4F87C31B3F5917FC0F088807F
:10B8B00019463A4604F15900B0470123D4F89C21B7
:10B8C000C5F3074084F85990A4F87C31002A40F071
:10B8D000E280591C23442D0E89B2B1F5917FA4F862
:10B8E0007C1183F85900BFF420AE4B1C9BB221445D
:10B8F000A4F87C3181F8595018E6D4F89C31B4F89A
:10B900007C11B3B3B1F5917FC0F08B80002204F1BC
:10B910005900984701212A0CB8F1070FD4F89C313F
:10B9200084F85920A4F87C1147D1002B00F0AB809B
:10B930004F1C0E46F8B2C7F30722B9B226442D0EAB
:10B9400086F8595071E71D460EE6B4F87C21B2F531
:10B95000917FBFF4EAAD531C2244C5F307409BB26C
:10B96000B3F5917FA4F87C3182F859903FF4DDADB6
:10B97000AFE7B1F5917F76D3B8F1070F1DD10B0A70
:10B980000020F02284F8571084F85830A4F87C0185
:10B9900084F85620D4F8A031002B62D004F159006D
:10B9A00001279847C2E5D4F8CC31002B3FF4AEAE66
:10B9B000F820C5F3074898479DE6C8B20A0A34E75D
:10B9C000591CE218C5F3074889B2B1F5917FA4F874
:10B9D0007C1182F8599012D0023362182D0E99B260
:10B9E000B1F5917FA4F87C1182F859807FF47DAF86
:10B9F0003A4604F15900B0473946012377E73A4601
:10BA000004F15900B04701212D0E84F85980A4F8A3
:10BA10007C116AE7B1F5917FBFF487AD4B1C9BB2F7
:10BA2000E8E5481C6218B8F1070F81B24FEA1540EB
:10BA3000A4F87C1182F85900BFD1B1F5917F7FF451
:10BA400077AF002204F15900984700220120D4F872
:10BA50009C311646014671E7C5F30748F6B22D0E34
:10BA600082E5012762E54A1C280C2144B8F1070F42
:10BA700092B2A4F87C2181F8590011469DD1B2F50B
:10BA8000917F3FF47CAF4F1C0E460023F8B2C7F302
:10BA90000722B9B252E72D0E022184F85A0024E79A
:10BAA0002DE9F047002482B007462146384600F0D1
:10BAB00067F9054628B90134042CF6D102B0BDE877
:10BAC000F08700F1040907EB8403D5F8082204F19C
:10BAD000010893ED0E0A4846494607F0FBFC032C8B
:10BAE00029D00F3407EB84044146384600F03CF976
:10BAF00008F101080646C8B100F098F8824694EDB6
:10BB0000000A301D0AF10401DAF80822019107F059
:10BB1000E1FC01994A46DAF80832484607F010FD80
:10BB2000504600F0D9F8304600F0D6F8B8F1040FCE
:10BB300004F10404D8D138460022294600F0F0F878
:10BB4000284602B0BDE8F04700F0C6B8134B1A789B
:10BB500012B9134B18687047124A0021904210B571
:10BB60000446197015D94FF0FF3005F0FFF9621E39
:10BB70000CD4034680210C4C013AC3F80C42B2F1BC
:10BB8000FF3FC3E9811103F50573F5D1044B18603C
:10BB900010BD4FF4057004FB00F0E6E7D28E0020E4
:10BBA00044DA00200F983D0000442C47C02930B5EE
:10BBB0008E4628BF4FF0C00E72B6144C0023144AB4
:10BBC000C4E900331060C4E90233C4E90433D1B1DD
:10BBD00019461A469C46012501E054F82C1002F043
:10BBE0001F03013205FA03F3964543EA010344F8C3
:10BBF0002C304FEA521CF0D800234370013300F57B
:10BC000005709E45F9D862B630BD00BF68D80020E7
:10BC100064D8002010B50446FFF798FF20B12146F4
:10BC2000BDE81040FFF7C2BF10BD00BF10B472B630
:10BC3000234A13682BB9536843B34FF48544043245
:10BC400000E00024B3FA83FC4FF0004121FA0CF12C
:10BC500023EA01031B4913600B780133DBB20B703D
:10BC600062B6194A1949106844F26C02224401FB79
:10BC70000C2217494FF0010C00F802C010440A785A
:10BC80009A4238BF0B705DF8044B7047936843B914
:10BC9000D36853B9136963B9536973B10D4C143246
:10BCA000D0E74FF405440832CCE74CF280740C32F4
:10BCB000C8E74FF485341032C4E762B61846E2E7AD
:10BCC00068D800202189022064D80020ECFDFFFF05
:10BCD00022890220804C0100427872B60378012B41
:10BCE00003D9013B037062B67047D1434FF0004364
:10BCF0005209094801F01F0110B4084CCB4054F818
:10BD000022100B430178013944F82230017062B6E9
:10BD10005DF8044B704700BF2189022068D80020DD
:10BD2000C36913B91DE0DB68E3B1187A9042FAD118
:10BD300010B4586893F809C0006A50F82C4054B108
:10BD4000DB682BB1187A9042F3D0DB68002BF9D175
:10BD50005DF8044B704740F82C10087801300870EB
:10BD6000EEE77047704700BF037E8B4206D9036A37
:10BD7000002253F8210043F821207047002070472B
:10BD800038B5037E8B421BD9036A002253F8214049
:10BD900043F82120A4B12378012B01D8204638BDD7
:10BDA000FFF744FF054628B14FF40072211D04300F
:10BDB00005F040F82378013B23702C46204638BD1F
:10BDC0000024204638BD00BF4368427A1B7E9A4259
:10BDD0000DD872B60168CB6953B11A46DB68002BE7
:10BDE000FBD1D060012342680B72137262B67047B8
:10BDF000C861F7E7024A0349034808F0EBBA00BFFD
:10BE000008820020794B020058D90020024A0349D9
:10BE1000034808F0DFBA00BF08820020794B020017
:10BE2000B0D80020024A0349034808F0D3BA00BF43
:10BE300008820020794B020028D90020024A0349D9
:10BE4000034808F0C7BA00BF08820020794B0200FF
:10BE5000F0D80020024A0349034808F0BBBA00BFEB
:10BE600008820020794B020048D90020084A09497D
:10BE7000094808B508F0AEFA084B8022084803F5D7
:10BE80000061C3F8042AC3F8082AC1F80C0208BDEF
:10BE900008820020794B020040D90020A0B6202063
:10BEA00000442C47F8B504460D46DBB1D2B1013A47
:10BEB000012A20D8006808B1FFF70EFF286808B1F2
:10BEC000FFF70AFF002323602B60FFF7AFFE064653
:10BED000206070B1D0F8082200210430920009F0EF
:10BEE000D1FF02E02368002BEFD02F682FB1012093
:10BEF000F8BD286890B90020F8BDFFF797FE064608
:10BF0000286040B1D0F8082239460430920009F088
:10BF1000B9FF0120F8BD20680028ECD0FFF7DCFE57
:10BF20003046F8BD90F8A23090F8A3209A4205D987
:10BF30005A1C034480F8A220987E70474FF0FF30CF
:10BF4000704700BFF8B50023044680F81C2180F834
:10BF50007031002A00F04581C04B1B78002B00F0A7
:10BF60003B8107EE901A9FEDBE6ADFEDBE6AF8EEE8
:10BF7000677A806B87EE867A67EE267AFCEEE77A40
:10BF8000C4ED0C7A17EE905A08F0C8FD0123A80002
:10BF9000656384F8403004F0B1FEA063002800F02F
:10BFA00040810021626BE163920009F06BFF94F81D
:10BFB0004050002D00F04F81D4E90D1222F01F03F4
:10BFC00002EB8102BFF34F8F4FF0E021C1F8703FC9
:10BFD00020339A42FAD8BFF34F8FBFF36F8F266B8F
:10BFE00094F81C71A06C08F099FD84F85070B000B2
:10BFF0006664002F00F0278104F080FEA064002812
:10C0000000F027810021626CE164920009F03AFFA0
:10C0100094F8503093B1D4E9111222F01F0302EBCF
:10C020008102BFF34F8F4FF0E021C1F8703F203302
:10C030009A42FAD8BFF34F8FBFF36F8F266B94F8F5
:10C040001C71A06D08F06AFD84F86070B000666530
:10C05000002F00F0F08004F051FEA065002800F0F1
:10C06000F0800021626DE165920009F00BFF94F809
:10C07000603093B1D4E9151222F01F0302EB810264
:10C08000BFF34F8F4FF0E021C1F8703F20339A4249
:10C09000FAD8BFF34F8FBFF36F8F266B94F81C71E4
:10C0A000A06E08F03BFD84F87070B0006666002F4B
:10C0B00000F0B98004F022FEA066002800F0B980EC
:10C0C0000021626EE166920009F0DCFE94F87030A7
:10C0D00093B1D4E9191222F01F0302EB8102BFF3DE
:10C0E0004F8F4FF0E021C1F8703F20339A42FAD8C9
:10C0F000BFF34F8FBFF36F8FD4F8401104F5A072D8
:10C10000594BC4F88810C4F8D01004F5A271E26746
:10C11000C4F8A410C4F8EC10D4F84411C4F8C42036
:10C1200004F5A472C4F8A810C4F8F01004F59E71C8
:10C13000D4F83C01C4F88C30C4F8B030C4F8D43022
:10C14000C4F8F8300023C4F8A020C4F8E820C4F8EC
:10C150008010464AC4F8C810D4F84811C4F88400C6
:10C16000C4F8CC006367A367C4F89830C4F89C3067
:10C17000C4F8BC30C4F8C030C4F89020C4F8B4206F
:10C18000C4F8D820C4F8AC10C4F8F410C4F8FC20EB
:10C19000C4F8E030C4F8E43072B6354BC4F82C3142
:10C1A000C4F8303162B694F8213173B9D4ED4A7ACB
:10C1B0009FED307A304B67EE877AC4F8783172B6EB
:10C1C000C4ED497AC4F8343162B6012384F82031D1
:10C1D0000DB184F87031F8BDC82980F81C3128BF32
:10C1E000C82107EE901A9FED1E6ADFED1E6AF8EE79
:10C1F000677AA06B87EE867A67EE267AFCEEE77A9E
:10C20000C4ED0C7A17EE905A08F088FC0023A800C1
:10C21000656384F8403008F079FCA06300287FF45F
:10C22000C0AE0546DBE608F071FCA06600287FF48E
:10C2300047AF054660E708F069FCA06500287FF479
:10C2400010AF054629E708F061FCA06400287FF4E0
:10C25000D9AE0546F2E60125C1E600BF2D890220D0
:10C2600000007A4400442C47CDCC4C3DCDCC4C3E14
:10C270000F0F343F8FC2F53ECDCC6C3FF8B503466F
:10C28000474E044600F1280543F8246B03614FF440
:10C29000807303810023C360436242480368002B1C
:10C2A0007CD018465B69002BFBD1446102203E4FD5
:10C2B000F2EE047A002320764FF07E5CC4F8187109
:10C2C0004FF4004739480126DFF8E4E025624FF4D7
:10C2D000006520600020C4F8147140F201276361FA
:10C2E0006360A372E36184F84030A36384F8503044
:10C2F000A36484F86030A36584F87030A36684F882
:10C30000943084F8B83084F8DC3084F80031C4F814
:10C31000040184F81D31A4F8203184F82231C4F8D6
:10C32000240184F80861A4F81E71C4E90A33C4E941
:10C330004333C4F828C1C4F84001C4F84801C4F824
:10C340007401C4F87C01C4F88401204684F8686153
:10C35000C4ED5B7AC4F834C1C4F838C1C4F83CC138
:10C36000C4F844C1C4F858E1C4F85CE1C4F860E121
:10C37000C4F864E184F87031C4F878C1C4F880C1AD
:10C3800084F88831C4F89C31C4F8A051C4E96333FF
:10C39000C4E96535FFF7D6FD2046F8BD046085E7A2
:10C3A0008041002048D700206F7C010058430020C6
:10C3B0009A99193FF8B5924E044633784BBB002248
:10C3C000D0F89811012542678267C0F8BC20C0F8F8
:10C3D000C020C0F89820C0F89C20C0F8E020C0F829
:10C3E000E420026B35709142C0E967312AD9C0F868
:10C3F000A021D4E967318B4225D9D4F89831C4F80B
:10C400009C111944C4F8A011002D7CD100252846A8
:10C41000F8BD026BD0F8A01191420FD80025013B66
:10C42000032B00F2E98001A252F823F07F9B020067
:10C430006B9C0200439C02001F9C02000125C0F877
:10C44000A021ECE71D46606B814294BFC3EB010263
:10C45000C3EB0002A06B002100EB8303970018469A
:10C460003A4609F00FFD94F840207AB13A1820F0CE
:10C470001F00BFF34F8F4FF0E023C3F8700F203041
:10C480008242FAD8BFF34F8FBFF36F8FD4F8A01159
:10C49000B3E7D4E96713994240F28880D4F8982131
:10C4A000C4F89C311A44C4F8A021002DAED000235A
:10C4B00028463370F8BDD4E96713994250D9D4F8AF
:10C4C0009821C4F89C311344C4F8A031002D9DD0AC
:10C4D0000025042328463370C4E96752F8BDD4E927
:10C4E0006713994216D9D4F89821C4F89C311344A3
:10C4F000C4F8A031002D89D00025032328463370CD
:10C50000C4E96752F8BD0025022228463270C4E90A
:10C510006753F8BD606C834294BFC1EB0302C1EB6B
:10C520000002A06C970000EB810300213A461846F8
:10C5300009F0A8FC94F850207AB13A1820F01F00B6
:10C54000BFF34F8F4FF0E023C3F8700F20308242CB
:10C55000FAD8BFF34F8FBFF36F8FD4F8A031C2E783
:10C56000606D834294BFC1EB0302C1EB0002A06D7A
:10C57000970000EB810300213A46184609F082FC3F
:10C5800094F860207AB13A1820F01F00BFF34F8F63
:10C590004FF0E023C3F8700F20308242FAD8BFF387
:10C5A0004F8FBFF36F8FD4F8A03188E7606E83425E
:10C5B00094BFC1EB0302C1EB0002A06E970000EB39
:10C5C000810300213A46184609F05CFC94F870207B
:10C5D0007AB13A1820F01F00BFF34F8F4FF0E023DD
:10C5E000C3F8700F20308242FAD8BFF34F8FBFF3E9
:10C5F0006F8FD4F8A03151E700231D46337006E752
:10C600002689022090F87031002B00F0C98590F83F
:10C610001D312DE9F04F80462DED0A8B8BB0002B9C
:10C6200000F0FB830021FFF7ABFB034601214046EE
:10C630000793FFF7A5FB98F81E3108A9089007A8F3
:10C6400098F81F21FFF72EFC002800F0EA8398F8E5
:10C650001E31002B40F0BA85079B1A460593002334
:10C66000D2F8082288F820319A4240F39A85F6EEF3
:10C67000009A9FED049A9FED048ADFED048A0493EB
:10C6800094E300BFCDCCCC3D000000009A99193F47
:10C69000D8ED5B6A37EE267AF4EEC77AF1EE10FA3F
:10C6A00001D4F0EE477AA34A98F8683192ED007A07
:10C6B00077EEC77AA7EE897A82ED007A88ED537A11
:10C6C000002B00F03385F0EE687A88ED547A98F804
:10C6D0000831C8ED567AC8ED577AC8ED597AD8E9CD
:10C6E00043421444C8F80C41002B40F09F83D8ED1E
:10C6F0000C7AB7EE007AD8ED53CAF8EE676A7CEE92
:10C70000887A76EEC76A76EEE77AF5EEC07AF1EED1
:10C7100010FA00F12F85F5EEC07A9FED877AB0EE22
:10C7200047BAF1EE10FA00F133859FED83AA77EE58
:10C730002CAA9FED817AF5EEC07A98ED546AD8F86C
:10C740004C303BEE066A98ED574AF1EE10FA029330
:10C7500098F8DC4048BF37EE277AFDEEC67AD8E974
:10C76000110117EE902AF8EEE77AD31836EE676AD1
:10C77000034493FBF0F600FB16365D1C5A1E023391
:10C7800001EB8606D6ED006A95FBF0F600FB165528
:10C7900001EB850595ED005A92FBF0F500FB1522A3
:10C7A00076EEC55A01EB8202D2ED007A93FBF0F2ED
:10C7B00035EE675A00FB1233F0EE657A01EB830326
:10C7C000E5EE297AD3ED004A74EEE64A75EEA75AF3
:10C7D000E4EEA95A77EEA57AD6EE257A66EE277AA8
:10C7E000E5EE297AE6EE276A26EE846A002C55D11A
:10C7F000D8F8C83098ED335AD3ED007AB4EEE75A42
:10C80000F1EE10FA40F18084DFED4C7A35EE275AD4
:10C8100088ED335AD3ED007AB4EEE75AF1EE10FA10
:10C8200003DDB0EE675AC8ED337AD8F8C430D8EDDE
:10C83000345AD3ED007AF4EEE75AF1EE10FA40F1F3
:10C840005184DFED3E7A75EEA75AC8ED345AD3ED28
:10C85000007AF4EEE75AF1EE10FA03DDF0EE675AD3
:10C86000C8ED347AD8ED2F7AD8ED363A36EEE73A7D
:10C87000D8ED304A98ED354AE3EE237A76EEE76A52
:10C88000C8ED2F7A77EEE43AE6EE857AE3EE844A55
:10C89000E4EEA57AC8ED304AF0EE676A049C089A87
:10C8A000D8ED4E5A4FEA840A02EB8409D8ED497A52
:10C8B00098F8003199ED014A24EE254AA7EEA64AE0
:10C8C000002B5DD1D8F8EC30D8ED3C5AD3ED007A8E
:10C8D000F4EEE75AF1EE10FA40F1D183DFED177A6A
:10C8E00075EEA75AC8ED3C5AD3ED007AF4EEE75A3C
:10C8F000F1EE10FA03DDF0EE675AC8ED3C7AD8F895
:10C90000E830D8ED3D6AD3ED007AF4EEE76AF1EE57
:10C9100010FA40F1A383DFED097A76EEA76AC8ED3D
:10C920003D6AD3ED007AF4EEE76AF1EE10FA0BDD22
:10C9300006E000BF50DA0020000000000AD7A33C48
:10C94000F0EE676AC8ED3D7AD8ED387AD8ED3F3A17
:10C9500034EE673A98ED395AD8ED3E4AE3EE237A41
:10C9600034EE674AC8ED387A77EEC53AE4EE257AB8
:10C97000A3EEA45AE5EE267A88ED395AB0EE674A5E
:10C98000FDEEEA7AD8F83C5098F894C0019517EE7D
:10C99000903AB8EEE75AD8E90D422B443AEEC55A20
:10C9A000234493FBF4F704FB17375E1C5D1E023330
:10C9B00002EB8707D7ED006A96FBF4F704FB1766D6
:10C9C00002EB8606D6ED004A95FBF4F604FB1655FD
:10C9D00076EEE45A02EB8505D5ED007A93FBF4F58B
:10C9E00074EEE74A04FB1533F0EE657A02EB83033D
:10C9F000E4EEA97AD3ED003A029B73EEE63A002BFF
:10CA0000B4BF1B18029B75EEA75A01EB8301019B73
:10CA1000E3EEA95A002BB4BF1B19019B02EB830262
:10CA200077EEA57AD5EE257A65EE277AE4EEA97A37
:10CA3000E5EE276AC1ED006A98ED565A82ED004A8C
:10CA400098ED540A78EEC57AD8F86C1025EE265A7F
:10CA50003AEE000AD8ED593AA7EEA66A0391FDEE28
:10CA6000C07AD8E9192717EE903AF8EEE76A0B4436
:10CA700030EE660A134493FBF2F602FB16365D1C99
:10CA8000591E023307EB8606D6ED006A95FBF2F6D7
:10CA900002FB165507EB8505D5ED004A91FBF2F533
:10CAA00002FB151176EEE45A07EB8101D1ED007A15
:10CAB00093FBF2F174EEE74A02FB1133F0EE657A74
:10CAC00007EB8303E4EEA97A93ED004A34EE664A5D
:10CAD00075EEA75AE4EE295A77EEA57AD0EE257ABC
:10CAE00060EE277AE4EEA97AE0EE276AA3EEA66A62
:10CAF000BCF1000F55D1D8F88030D8ED214AD3EDE4
:10CB0000007AF4EEE74AF1EE10FA40F196825FED1A
:10CB1000757A74EEA74AC8ED214AD3ED007AF4EE97
:10CB2000E74AF1EE10FA03DDF0EE674AC8ED217A2C
:10CB3000D8F87C30D8ED225AD3ED007AF4EEE75ADB
:10CB4000F1EE10FA40F168825FED847A75EEA75A33
:10CB5000C8ED225AD3ED007AF4EEE75AF1EE10FA5E
:10CB600003DDF0EE675AC8ED227AD8ED1D7A98ED14
:10CB7000243A76EEE72A98ED1E4AD8ED233AE2EE03
:10CB8000837A76EEE76AC8ED1D7A37EEC43AE6EEB0
:10CB9000A47AA3EE234AE4EE257A88ED1E4AF0EE4D
:10CBA000676A079BD8ED4E4A9A44D8ED495A0593D7
:10CBB000DAED017A98F8B83067EEA47AE5EEA67A55
:10CBC000B0EE674A002B55D1D8F8A430D8ED2A5AD8
:10CBD000D3ED007AF4EEE75AF1EE10FA40F17182EB
:10CBE0005FEDAA7A75EEA75AC8ED2A5AD3ED007AFE
:10CBF000F4EEE75AF1EE10FA03DDF0EE675AC8EDF5
:10CC00002A7AD8F8A030D8ED2B6AD3ED007AF4EE6A
:10CC1000E76AF1EE10FA40F143825FEDB87A76EE02
:10CC2000A76AC8ED2B6AD3ED007AF4EEE76AF1EE5D
:10CC300010FA03DDF0EE676AC8ED2B7AD8ED267A9C
:10CC400098ED2D3A74EE672AD8ED274AD8ED2C3AA4
:10CC5000E2EE837A34EE674AC8ED267A37EEE43A9C
:10CC6000E4EE257AE3EE234AE4EEA67AC8ED274AFD
:10CC7000B0EE674AD8ED537AD8F85C5037EE270A01
:10CC8000D8E91516FDEEC07A17EE903AB8EEE77ABD
:10CC90002B4430EE470A0B4493FBF1FB01FB1B3B9B
:10CCA00003F1010E03F1FF3C023306EB8B0BDBEDCE
:10CCB000006A9EFBF1FB01FB1BEE06EB8E0EDEED28
:10CCC000005A9CFBF1FE01FB1ECC36EEE57A06EB2A
:10CCD0008C0CDCED007A93FBF1FC75EEE75A01FB5E
:10CCE0001C33F0EE477A06EB8303E5EEA97AD3ED29
:10CCF000004A039B74EEE64A002BB4BF9B18039BCB
:10CD000037EE277A002D07EB8307B4BF6B182B464D
:10CD1000A4EEA97A013506EB8306019B8D42A8BFDC
:10CD200000250133A342A8BF002377EE877AD0EE17
:10CD3000077A60EE277AE5EEA97AE0EE276AC7ED7A
:10CD4000006AD8ED587A86ED004AC8F83C30A7EE64
:10CD5000A65A029BC8F85C500133D8ED4C7AD8ED46
:10CD60004B6A8342A8BF0023C8F84C30039B0133B1
:10CD70009342A8BF0023049AC8F86C3001329AEDA0
:10CD8000017A059B27EE877A0492A6EE857A8AEDD2
:10CD9000017A99ED017A67EE877AE6EE867AC9ED37
:10CDA000017AD3F80832934240F3FB81D8ED4E7AF2
:10CDB000F5EE006A98ED4D7A98F8883137EE677A8B
:10CDC000E7EE267AC8ED4E7A63B1D8F88C31E64AA0
:10CDD00001339342C8F88C3104D9002388F8883194
:10CDE000C8F88C3198ED537AD8ED557AB4EEE77ADD
:10CDF000F1EE10FA3FF54CACF4EEC77AF1EE10FA12
:10CE00007FF54FACD8ED5B6A37EE667AF4EEC77A01
:10CE1000F1EE10FA77FE877A45E4FFF7CBFA88F84F
:10CE20001D010BB0BDEC0A8BBDE8F08F4FEA146911
:10CE3000DFF83CA347F6FF7124F07F4409F10103BA
:10CE40003AF919206FF07F4B09A83AF913300A44D8
:10CE5000ABEB040B00260B445D463746A3FB0431C5
:10CE6000E2FB0B311B0E43EA012307EE903AB8EECA
:10CE7000670AD8ED457AF8EEE7BA80EE2B0A06F09D
:10CE800087FE9DED09BAD8ED0C6AD8ED53CABCEE09
:10CE9000CBBAB7EE007AB8EE66CAB8EE4BBA3CEE43
:10CEA00047CA3BEE00BA7BEE2C7A7CEE677AF5EE51
:10CEB000C07AF1EE10FA01D53BEE27BA09F12B0347
:10CEC00047F6FF7109A8DBB203F1010C3AF9132010
:10CED0003AF91C300A440B44A3FB0431EBFB02314A
:10CEE0001B0E43EA012307EE903AB8EE670A80EE84
:10CEF0002B0A06F04DFE9DED097ABCEEC77AB8EE1E
:10CF0000477A37EE007A77EE2CAA7CEE6A7AF5EE55
:10CF1000C07AF1EE10FA0CD537EE277AD8ED457AC3
:10CF20006FF07F450026F8EEE7BA77EE2CAA2D1BAE
:10CF3000374609F1550347F6FF7209A8DBB2591CC1
:10CF40003AF913303AF9111013441144A3FB05E2E6
:10CF500003FB0622A1FB043C13EB0E0301FB07C1FC
:10CF60004FEA136342EB010243EA022307EE903AD1
:10CF7000B8EE670A80EE2B0A06F00AFE9DED09AABC
:10CF8000BCEECAAAB8EE4AAA3AEE00AA7AEE2C7A09
:10CF90007CEE677AF5EEC07AF1EE10FA0AD53AEE39
:10CFA00027AAD8ED457A6FF07F450026F8EEE7BA5C
:10CFB0002D1B374689F0800947F6FF7309A83AF917
:10CFC000191009F1010219443AF912201A44A1FB7F
:10CFD000055301FB0633A2FB0441641902FB07124F
:10CFE0004FEA146443EB020344EA032407EE904A39
:10CFF000B8EE670A80EE2B0A06F0CAFD9DED097AAD
:10D00000BCEEC77AB8EE477A37EE007A7CEE877AC4
:10D010007CEE677AFFF78FBB7FF7A7ADDFED537A22
:10D0200075EEE75AC8ED225AD3ED007AF4EEE75ACE
:10D03000F1EE10FA7FF599AD93E57FF779ADDFED6D
:10D040004B7A74EEE74AC8ED214AD3ED007AF4EE4C
:10D05000E74AF1EE10FA7FF56BAD65E57FF774AC4A
:10D06000DFED427A76EEE76AC8ED3D6AD3ED007AED
:10D07000F4EEE76AF1EE10FA7FF566AC60E47FF754
:10D080003EACDFED3A7A75EEE75AC8ED3C5AD3ED87
:10D09000007AF4EEE75AF1EE10FA7FF530AC2AE4AC
:10D0A0007FF7CCADDFED317A76EEE76AC8ED2B6A1B
:10D0B000D3ED007AF4EEE76AF1EE10FA7FF5BEAD3B
:10D0C000B8E57FF79EADDFED297A75EEE75AC8ED3A
:10D0D0002A5AD3ED007AF4EEE75AF1EE10FA7FF512
:10D0E00090AD8AE57FF7BEABDFED207A75EEE75AAB
:10D0F000C8ED345AD3ED007AF4EEE75AF1EE10FAA7
:10D100007FF5B0ABFFF7AABB7FF78FABDFED177AE8
:10D1100035EE675A88ED335AD3ED007AB4EEE75A0C
:10D12000F1EE10FA7FF581ABFFF77BBBD8F830202A
:10D13000803A07EE902AF8EE677AC8ED547A72B614
:10D14000D8ED467AF8EE677A67EE887AFCEEE77AF1
:10D15000C8ED447A62B672B688F8083162B6F0EE6D
:10D16000487AFFF7B4BA00BFE0BCE2070AD7A33C95
:10D17000FC2300203CEE886A37EE88BA76EEC67A49
:10D18000B0EE4B7AF5EEC07AF1EE10FA7FF5CDAA4B
:10D190003CEE886A37EE88AA76EEC67AFFF7C7BA01
:10D1A0007047059940460022FEF7BAFD0122089912
:10D1B0004046FEF7B5FD0798FEF78EFD0898FEF78E
:10D1C0008BFD0BB0BDEC0A8BBDE8F08F98F82041C9
:10D1D000B4BB98F81F31022B29D198F82131BBB389
:10D1E000002288F8212172B60023D8F88401D8F8EB
:10D1F000781188F8DC20C8F82401C8F8BC30C8F8D9
:10D200003411C8F8C03088F80021C8F8E030C8F8F8
:10D21000E43088F89420C8F87430C8F8783088F87A
:10D22000B820C8F89830C8F89C3062B60CE0404688
:10D23000FFF7C0F888F88841C8F88C4188F82001C9
:10D2400098F82131002BCBD198F81F31022B09D14E
:10D250000023002288F88831C8F83421C8F88C31BE
:10D26000FFF7FAB907999DE770B504460D461646D3
:10D27000406807F053FC2560A80026730EB303F046
:10D280003DFD6060D0B100212268A160920008F0ED
:10D29000F9FD207B98B1D4E9001222F01F0302EBC4
:10D2A0008102BFF34F8F4FF0E021C1F8703F203370
:10D2B0009A42FAD8BFF34F8FBFF36F8F70BD012032
:10D2C00070BD07F023FCDCE738B50546044655F889
:10D2D0003C0B07F023FC104AE16B0023E26204F1EF
:10D2E0003802A06BE2610D4AA0624FF48040616297
:10D2F0000121256222636361A36107F0BFFB206007
:10D3000048B100234FF07E524FF480110120A360FA
:10D310002382E160626038BDA69B443BB81E853E17
:10D320000168028A10B5D0E9023401EB820C234473
:10D33000B4F5801F8CED000A836090ED015A00F077
:10D34000C680B5EE405AF1EE10FA00F0C080C3F38B
:10D35000130CA3EB0254DFED6F6A4FEA135E07EE86
:10D3600010CAC4F3160C9FED6C6A03F10043B8EECB
:10D37000C77A002C4FEA1353F7EE005A02F101026C
:10D38000C7EE267A06EE90CA0EF1010C01EB8E0E66
:10D39000C2F30B02CCF30B0CF8EEE66A01EB8C0C3B
:10D3A00086EE867A9CED006A03F1010C01EB8303A3
:10D3B000DEED006AD3ED003ACCF30B03C4F3C75C97
:10D3C00001EB8301554B75EEE74A27EE866AA6EE20
:10D3D000A46AD1ED006A03EB8C0190F8343067EE5B
:10D3E000A66AD1ED017A35EEC74A27EE277AD1ED4C
:10D3F000007AE4EEA36A0282A4EE277AF7EE007ABE
:10D40000B8BF35EEC77A77EEC77A67EEA67AE7EE51
:10D41000067A002B52D1036A90ED096A93ED007AE7
:10D42000B4EEC76AF1EE10FA56D410DD9FED3C7AE7
:10D4300036EE476A80ED096A93ED007AB4EEC76A6A
:10D44000F1EE10FA03D5B0EE476A80ED097AC369B0
:10D45000D0ED0A6A93ED007AF4EEC76AF1EE10FAA5
:10D4600048D59FED2F7A76EE876AC0ED0A6A93ED74
:10D47000007AF4EEC76AF1EE10FA03DDF0EE476AC7
:10D4800080ED0A7A90ED057A90ED0C4A77EEC73A76
:10D49000D0ED065AD0ED0B4AA3EE847A77EEC77A28
:10D4A00080ED057A37EE654AA7EE867AE4EE245AD7
:10D4B000F0EE477AC0ED065AE5EEA67AB7EE007AAE
:10D4C00037EE457A27EE000AA5EE270A10BD013295
:10D4D000C2F30B02028210BD9FED117A36EE076A8D
:10D4E00080ED096A93ED007AB4EEC76AF1EE10FAA6
:10D4F000ADDDA8E7C6DD9FED0A7A76EEC76AC0ED1E
:10D500000A6A93ED007AF4EEC76AF1EE10FAB9D523
:10D51000B4E700BFF0FF7F49FEFFFF4AF81F00207D
:10D520000AD7A33C90F8903303B970472DE9F04F28
:10D53000002182462DED0A8B9FB0FEF721FC0346A9
:10D54000012150461B93FEF71BFC9AF828301CA9BA
:10D550001C901BA89AF82C2003F00103FEF7A2FCF4
:10D56000002800F046879AF82840E30700F1468734
:10D570001B9A9AF828300392D2F808226FF3C3035B
:10D580009AEDDD8A002A8AF8283041F34D800AF5A9
:10D590001873DAF8F820DAF8E410B6EE00AA0BEE09
:10D5A000903A1C9B0F920E930AF5497310910CEE62
:10D5B000103ADAF8F4309FED1EBAD3180AF5397232
:10D5C000DFED1C9A0CEE902ADAF87020029311928B
:10D5D000DAF87420DAF8E0300492DAF86C20CB182C
:10D5E0009FED159A1292DAF86420019300231392AA
:10D5F000DAF86820994605930892DAF86020DFEDA2
:10D600000F8A1492DAF85820DFED0DAA1592DAF895
:10D610005C200792DAF854201692DAF84C20179220
:10D62000DAF850200692DAF8482018928AE000BF13
:10D630000AD7A33CCDCC4C3F3333333F9A99193FA3
:10D6400000000000002FC0F2D185DAF82CC10D993E
:10D6500091ED000ABAF8D8B00099B7EB4B0007F18A
:10D6600001074FEA4B0848BF60446745A8BF002741
:10D6700001EB8000099980ED000ACAF83471002995
:10D6800040F06085002EC0F2C985DAF83C110C9894
:10D6900090ED000AB6EB080006F1010648BF4018FD
:10D6A0008E42A8BF002602EB800282ED000ACAF873
:10D6B00044619AF8F060002E40F0F484002DC0F22E
:10D6C000A585DAF84C210B9991ED000AB5EB08011C
:10D6D00005F1010548BF89189542A8BF002503EB55
:10D6E000810383ED000ACAF85451002E40F08B8468
:10D6F000002CC0F28385DAF85C310A9A92ED000AB8
:10D70000029AB4EB08080F9904F1010448BF984449
:10D710000A449C42A8BF0024109909EB8809059B84
:10D720000292019A013389ED000A0A44CAF8644161
:10D7300001921AB2039B91460592D3F808329A429D
:10D7400080F22E86DAED417AF5EE006A9AED427AA1
:10D750004FEA8908019B1BEE900A37EE677A069A1A
:10D76000CAF8E030029BE7EE267ACAF8F430189B3C
:10D77000CAED417A93ED007A039B03EB890B0E9B74
:10D780009844179BDBED016A03EB8203013267EEDD
:10D79000A67AD3ED006AE02AE7EE876A28BF002266
:10D7A0000692E7EE667AC3ED007A169BCAF850201F
:10D7B000079AD3ED007A159B03EB8203013293EDB8
:10D7C000007AB2F5D27FA7EEA67A28BF0022079290
:10D7D000E7EEC76AC3ED006A149BCAF85C20089A9A
:10D7E000D3ED006A139B03EB82030132D3ED007A81
:10D7F000B2F5567FE6EE877A28BF00220892A6EEA1
:10D80000E77A83ED007A129BCAF86820049A93EDB8
:10D81000007A119B03EB8203013293ED000AB2F50B
:10D82000886FA7EE270A88BF00220492E7EE407AAD
:10D83000C3ED007ACAF874208AED470AFFF770FD3D
:10D8400098ED017ADAED417A1CEE100ADAF87830B8
:10D8500027EE277A8AED470AD3ED006ADAF884309A
:10D86000DAE91F1201EB82010132D1ED007A9C2A24
:10D87000E7EE267A28BF0022A6EEE77A81ED007A4D
:10D88000CAF88020D3ED006ADAF89030DAE9221283
:10D8900001EB8201013291ED007AB2F5027FA6EE32
:10D8A000A77A28BF0022E6EEC77AC1ED007ACAF84F
:10D8B0008C20D3ED006ADAF89C30DAE9251201EB0E
:10D8C00082010132D1ED007AB2F56F7FE6EE877A00
:10D8D00028BF0022A6EEE77A81ED007ACAF89820E8
:10D8E00093ED007ADAE9281201EB8201013291ED21
:10D8F000000AB2F5A16FA7EE270A88BF0022E7EE63
:10D90000407AC1ED007ACAF8A4208AED480ADAED1F
:10D910004A7A30EE270AFFF703FDDAF83031DAF8F9
:10D9200034711A4600939AF89C3102EB8702D2EDCB
:10D93000007A0D9282ED000A002B51D1DAF888317D
:10D940009AED636A93ED007AB4EEC76AF1EE10FACD
:10D9500040F1168536EE0B6A8AED636A93ED007A24
:10D96000B4EEC76AF1EE10FA03DDB0EE476A8AED55
:10D97000637ADAF88431DAED646A93ED007AF4EED2
:10D98000C76AF1EE10FA40F1E98476EE8B6ACAEDCF
:10D99000646A93ED007AF4EEC76AF1EE10FA03DDE3
:10D9A000F0EE476A8AED647A9AED5F7ADAED664ABC
:10D9B00037EEC74ADAED605A9AED655AA4EE247A3A
:10D9C00077EEC77A8AED5F7A77EE654AA7EE867AB8
:10D9D000E4EE855AF0EE477ACAED605AE5EEA67A93
:10D9E00068EE277ADAEDDF6A9AED477ADAF8B43032
:10D9F000A7EEA67AD3ED007A40F65833DAE92E2165
:10DA000002EB81020131D2ED006A994288BF002108
:10DA1000E7EE276AA7EEE67A82ED007ACAF8BC1034
:10DA2000DAE9502602EB8603D3ED007A0C93C3EDBE
:10DA3000006A9AF8C031002B51D1DAF8AC319AED76
:10DA40006C6A93ED007AB4EEC76AF1EE10FA40F119
:10DA5000758436EE0B6A8AED6C6A93ED007AB4EE4B
:10DA6000C76AF1EE10FA03DDB0EE476A8AED6C7A10
:10DA7000DAF8A831DAED6D6A93ED007AF4EEC76A50
:10DA8000F1EE10FA40F14A8476EE8B6ACAED6D6AC7
:10DA900093ED007AF4EEC76AF1EE10FA03DDF0EED2
:10DAA000476A8AED6D7A9AED687ADAED6F4A37EE59
:10DAB000C74ADAED695A9AED6E5AA4EE247A77EEE7
:10DAC000C77A8AED687A77EE654AA7EE867AE4EE41
:10DAD000855AF0EE477ACAED695AE5EEA67A68EE05
:10DAE000277A9AEDDF7A9AED480A1CEE900A09929D
:10DAF000A7EE870AFFF714FCDAF8C030DAE9310143
:10DB0000D3ED007A00EB8100013190ED007AA0EEB8
:10DB1000277ADAE9543503EB8502A7EEC70A0B92A0
:10DB200080ED000A40F66640814288BF0021CAF8B5
:10DB3000C8109AF8E411D2ED007A82ED007A099AC1
:10DB4000002951D1DAF8D0119AED756A91ED007A79
:10DB5000B4EEC76AF1EE10FA40F1D18336EE0B6AEB
:10DB60008AED756A91ED007AB4EEC76AF1EE10FAAB
:10DB700003DDB0EE476A8AED757ADAF8CC11DAED9A
:10DB8000766A91ED007AF4EEC76AF1EE10FA40F190
:10DB9000A78376EE8B6ACAED766A91ED007AF4EE91
:10DBA000C76AF1EE10FA03DDF0EE476A8AED767A85
:10DBB0009AED717ADAED784A37EEC74ADAED725AA1
:10DBC0009AED775AA4EE247A77EEC77A8AED717AC5
:10DBD00077EE654AA7EE867AE4EE855AF0EE477A4C
:10DBE000CAED725AE5EEA67A68EE277ADAEDDF6AB8
:10DBF0009AED477ADAF8CC10A7EEA67AD1ED007A42
:10DC000040F65D11DAE9344004EB80040130D4EDD4
:10DC1000006A884288BF0020E7EE276AA7EEE67A0E
:10DC200084ED007ACAF8D400DAE9589409EB84014B
:10DC3000D1ED007A0A91C1ED006A9AF80812002924
:10DC400051D1DAF8F4119AED7E6A91ED007AB4EED2
:10DC5000C76AF1EE10FA40F1348336EE0B6A8AEDB2
:10DC60007E6A91ED007AB4EEC76AF1EE10FA03DD38
:10DC7000B0EE476A8AED7E7ADAF8F011DAED7F6A63
:10DC800091ED007AF4EEC76AF1EE10FA40F10A83E2
:10DC900076EE8B6ACAED7F6A91ED007AF4EEC76A80
:10DCA000F1EE10FA03DDF0EE476A8AED7F7A9AED25
:10DCB0007A7ADAED814A37EEC74ADAED7B5A9AED85
:10DCC000805AA4EE247A77EEC77A8AED7A7A77EED4
:10DCD000654AA7EE867AE4EE855AF0EE477ACAEDF9
:10DCE0007B5AE5EEA67A68EE277A9AEDDF7ABAF8E3
:10DCF000381067EE877A791ACAED4A7A02D5DAF8CF
:10DD00002C010144009800EB8101D1ED007ABAF8B2
:10DD10003A1067EEA97A711A02D5DAF83C0101448B
:10DD200002EB810191ED007ABAF83C10E7EE097A36
:10DD3000691A02D5DAF84C01014403EB810191ED37
:10DD4000007ABAF83E10E7EE287A611A02D5DAF8BE
:10DD50005C01014409EB810191ED007A9AF83412DB
:10DD6000E7EE0A7A002951D1DAF820129AED896A91
:10DD700091ED007AB4EEC76AF1EE10FA40F18382B9
:10DD800036EE0B6A8AED896A91ED007AB4EEC76AC5
:10DD9000F1EE10FA03DDB0EE476A8AED897ADAF81F
:10DDA0001C12DAED8A6A91ED007AF4EEC76AF1EEA0
:10DDB00010FA40F1598276EE8B6ACAED8A6A91EDCB
:10DDC000007AF4EEC76AF1EE10FA03DDF0EE476A6E
:10DDD0008AED8A7A9AED857ADAED8C4A37EEC74A6F
:10DDE000DAED865A9AED8B5AA4EE247A77EEC77A4A
:10DDF0008AED857A77EE654AA7EE867AE4EE855A53
:10DE0000F0EE477ACAED865AE5EEA67A9AED457AA3
:10DE1000DBED016ADAED444A67EE266ABAF8401093
:10DE2000791AE4EEA76ACBED016A02D5DAF82C0183
:10DE30000144009800EB8101D1ED007ABAF842105C
:10DE400067EEA97A711A02D5DAF83C01014402EBB7
:10DE50008101D1ED006ABAF84410E6EE897A691AB8
:10DE600002D5DAF84C01014403EB8101D1ED006ADF
:10DE7000BAF84610E6EEA87A611A02D5DAF85C0123
:10DE8000014409EB8101D1ED006A9AF85812E6EEDF
:10DE90008A7A002951D1DAF84412DAED925AD1ED9A
:10DEA000006AF4EEE65AF1EE10FA40F1CE8175EE1A
:10DEB0008B5ACAED925AD1ED006AF4EEE65AF1EEB1
:10DEC00010FA03DDF0EE665ACAED926ADAF84012F3
:10DED0009AED936AD1ED006AB4EEE66AF1EE10FABB
:10DEE00040F1A48136EE0B6A8AED936AD1ED006AA7
:10DEF000B4EEE66AF1EE10FA03DDB0EE666ACAED42
:10DF0000936ADAED8E6ADAED953A37EEE63A9AEDF3
:10DF10008F5A9AED944AE3EE236A77EEE67ACAEDD9
:10DF20008E6A76EEC53AE7EEA56AA3EE845AF0EE65
:10DF3000667A8AED8F5AE5EE067AD8ED016A9AF88C
:10DF4000DC1027EE267A0991A4EEA77A88ED017AF3
:10DF500000293FF477AB0D9347F6FF7E019BDFF876
:10DF60001C844FEA136C23F07F409AED3A7A0CF14F
:10DF7000010B38F91CC0B8EEC70A199238F91B809A
:10DF8000F444F0446FF07F4EAEEB000EA8FB0008A7
:10DF9000ECFB0E08000E40EA082007EE900A1DA8D0
:10DFA000F8EE677A87EE800A05F0F2FDDDED1D7A66
:10DFB0000D9B199AFCEEE77A17EE90EAA7EB0E0E8E
:10DFC000BEF1000F7046C0F21481DAF82CC1B5EE34
:10DFD000400AF1EE10FA00F01C8301380099F7EEC8
:10DFE000007A48BF604401EB8E0E01EB800077EEB3
:10DFF000C07A9EED007AD0ED006A20EE260AA7EEE8
:10E00000270AFFF727BB029B47F6FF71DB481A0E72
:10E0100023F07F439AED3F7A4032B8EEC70AD2B27E
:10E02000551C30F9122030F915000A4408446FF0ED
:10E030007F41C91AA0FB0330E2FB01301B0E43EA0B
:10E0400000231DA807EE903AF8EE677A87EE800A63
:10E0500005F09EFDDDED1D7AFCEEE77A17EE901AD5
:10E06000611A00290A46C0F2CC80DAF85C31B5EEBC
:10E07000400AF1EE10FA00F0C782013AF7EE007A9A
:10E0800009EB810148BFD21877EEC07A91ED007A92
:10E0900009EB8202D2ED006A20EE260AA7EE270ADB
:10E0A000FFF72EBB009347F6FF70029BB34F190E8C
:10E0B00023F07F429AED3F7A01F1010C37F91110FC
:10E0C000B8EEC70A37F91C70014407446FF07F406F
:10E0D000801AA7FB0227E1FB0027120E1DA842EAC7
:10E0E000072207EE902AF8EE677A87EE800A05F09D
:10E0F0004FFDDDED1D7A009BFCEEE77A17EE900AEE
:10E10000281A00280146C0F28480DAF84C21B5EEC6
:10E11000400AF1EE10FA00F072820139F7EE007A4F
:10E1200003EB800048BF891877EEC07A90ED007A43
:10E1300003EB8101D1ED006A20EE260AA7EE270A43
:10E14000FFF7C4BA009347F6FF77019BDFF82CC2B4
:10E15000180E23F07F419AED3A7A40300992B8EEDA
:10E16000C70AC0B200F1010E3CF910003CF91EC014
:10E170003844BC446FF07F477F1AACFB011CE0FBC6
:10E18000071C090E1DA841EA0C2107EE901AF8EEB3
:10E19000677A87EE800A05F0FBFCDDED1D7A009BB7
:10E1A000099AFCEEE77A17EE907AF71B002F3846B3
:10E1B00037DBDAF83C11B5EE400AF1EE10FA00F068
:10E1C00019820138F7EE007A02EB870748BF401842
:10E1D00077EEC07A97ED007A02EB8000D0ED006A0E
:10E1E00020EE260AA7EE270AFFF754BAB0EE6A0A15
:10E1F0003846DAF82CC160448646E8E6B0EE6A0A92
:10E200002246DAF85C311A44114630E7B0EE6A0A69
:10E210002946DAF84C211144084678E7B0EE6A0A3C
:10E220003046DAF83C1108440746C4E77FF769AE88
:10E2300036EE4B6A8AED936AD1ED006AB4EEE66A77
:10E24000F1EE10FA7FF55DAE57E67FF73FAE75EE63
:10E25000CB5ACAED925AD1ED006AF4EEE65AF1EECD
:10E2600010FA7FF533AE2DE67FF7B4AD76EECB6ACC
:10E27000CAED8A6A91ED007AF4EEC76AF1EE10FAFF
:10E280007FF5A8ADA2E57FF78AAD36EE4B6A8AED41
:10E29000896A91ED007AB4EEC76AF1EE10FA7FF563
:10E2A0007EAD78E57FF703AD76EECB6ACAED7F6A87
:10E2B00091ED007AF4EEC76AF1EE10FA7FF5F7AC53
:10E2C000F1E47FF7D9AC36EE4B6A8AED7E6A91EDC8
:10E2D000007AB4EEC76AF1EE10FA7FF5CDACC7E470
:10E2E0007FF766AC76EECB6ACAED766A91ED007A7E
:10E2F000F4EEC76AF1EE10FA7FF55AAC54E47FF7FA
:10E300003CAC36EE4B6A8AED756A91ED007AB4EE5C
:10E31000C76AF1EE10FA7FF530AC2AE47FF7C3ABA1
:10E3200076EECB6ACAED6D6A93ED007AF4EEC76AB9
:10E33000F1EE10FA7FF5B7ABFFF7B1BB7FF798AB03
:10E3400036EE4B6A8AED6C6A93ED007AB4EEC76ADA
:10E35000F1EE10FA7FF58CABFFF786BB7FF724ABAD
:10E3600076EECB6ACAED646A93ED007AF4EEC76A82
:10E37000F1EE10FA7FF518ABFFF712BBFC2300207B
:10E380007FF7F7AA36EE4B6A8AED636A93ED007A5F
:10E39000B4EEC76AF1EE10FA7FF5EBAAFFF7E5BA23
:10E3A0005946BAF8DA208A4213D0002900F03781A2
:10E3B00001238AF8DC308AF8F03047F6FF7303EB6C
:10E3C0005103B3FBF1F3CAF8E830CAF8FC30AAF8FD
:10E3D000D820002203995046FDF7A2FC01221C9987
:10E3E0005046FDF79DFC1B98FDF776FC1C98FDF749
:10E3F00073FC1FB0BDEC0A8BBDE8F08F14F008046D
:10E4000040F0EF809AF82C30022B3FF4B1A84FF483
:10E4100060722146DAF84C0007F034FD4FF4D26206
:10E420002146DAF85800CAF8504007F02BFD4FF4A7
:10E4300056622146DAF86400CAF85C4007F022FD13
:10E4400041F204122146DAF87000CAF8684007F079
:10E4500019FD4FF41C722146DAF87C00CAF87440AA
:10E4600007F010FD4FF402622146DAF88800CAF87E
:10E47000804007F007FD4FF46F622146DAF8940000
:10E48000CAF88C4007F0FEFC41F224422146DAF83B
:10E49000A000CAF8984007F0F5FC42F2FC32214691
:10E4A000DAF8AC00CAF8A44007F0ECFC42F664527B
:10E4B0002146DAF8B800CAF8B04007F0E3FC43F2AE
:10E4C0009C122146DAF8C400CAF8BC4007F0DAFC16
:10E4D00042F278522146DAF8D000CAF8C84007F074
:10E4E000D1FCDAF82C212146DAF830019200CAF882
:10E4F000D44007F0C7FC9AF8383193B1DAE94B12EF
:10E5000022F01F0302EB8102BFF34F8F4FF0E02197
:10E51000C1F8703F20339A42FAD8BFF34F8FBFF350
:10E520006F8FDAF83C210021DAF84001920007F001
:10E53000A9FC9AF8483193B1DAE94F1222F01F038F
:10E5400002EB8102BFF34F8F4FF0E021C1F8703F23
:10E5500020339A42FAD8BFF34F8FBFF36F8FDAF8A8
:10E560004C210021DAF85001920007F08BFC9AF858
:10E57000583193B1DAE9531222F01F0302EB810202
:10E58000BFF34F8F4FF0E021C1F8703F20339A4224
:10E59000FAD8BFF34F8FBFF36F8FDAF85C210021F9
:10E5A000DAF86001920007F06DFC9AF8683193B1D7
:10E5B000DAE9571222F01F0302EB8102BFF34F8FFB
:10E5C0004FF0E021C1F8703F20339A42FAD8BFF3F0
:10E5D0004F8FBFF36F8F9AF8283043F008038AF803
:10E5E00028309AF82C30022B3EF4C2AF1B995046CB
:10E5F0000022F1E602EB87000C90FFF748B803EB2E
:10E6000080010B91FFF75FB809EB81020A92FFF7D7
:10E6100074B8009901EB8E010D91FFF718B88AF8D4
:10E62000DC108AF8F010D2E6BAF8D8301946B8E60D
:10E63000F8B54FF07C534FF07E52E3490446C0F8E2
:10E6400008310025C0F804310027C0F80C3100F56E
:10E650008C76DE4BC0F81021C0F81811C0F82411D8
:10E66000C0F87C23C0F87433C0F81471C06C84F80F
:10E670006D5384F86E5306F051FA01214FF4607027
:10E6800006F0FCF9E064002800F0B381A06DA664F8
:10E69000256506F043FA01214FF4D26006F0EEF949
:10E6A000A065002800F0A581606E6665E56506F04E
:10E6B00035FA01214FF4566006F0E0F96066002853
:10E6C00000F09781206F2666A56606F027FA0121E3
:10E6D00041F2041006F0D2F92067002800F0898189
:10E6E000E06FE666656706F019FA01214FF41C70C9
:10E6F00006F0C4F9E067002800F07B81D4F88800B8
:10E70000A667C4F8805006F009FA01214FF40260B0
:10E7100006F0B4F9C4F88800002800F06A81D4F843
:10E720009400C4F88460C4F88C5006F0F7F9012115
:10E730004FF46F6006F0A2F9C4F89400002800F0CE
:10E740005881D4F8A000C4F89060C4F8985006F03E
:10E75000E5F9012141F2244006F090F9C4F8A00047
:10E76000002800F04681D4F8AC00C4F89C60C4F8DE
:10E77000A450C4F81C71C4F8207106F0CFF901212F
:10E7800042F2FC3006F07AF9C4F8AC00002800F040
:10E79000308104F59276D4F8B800C4F8B050C4F8CB
:10E7A000A86006F0BBF9012142F6645006F066F954
:10E7B000C4F8B800002800F01C810027D4F8C40079
:10E7C000C4F8B460C4F8BC7006F0A8F9012143F2A3
:10E7D0009C1006F053F9C4F8C400002800F0098129
:10E7E000D4F8D000C4F8C060C4F8C87006F096F938
:10E7F000012142F2785006F041F9C4F8D000002817
:10E8000000F0F78000253A4640F65F5104F5967017
:10E81000C4F8CC60C4F8D470C4F82851FEF724FDC5
:10E82000002800F0E6803A4641F2ED1104F59E70B2
:10E83000FEF71AFD002800F0DC803A4641F20D1187
:10E8400004F5A670FEF710FD002800F0D2803A46CD
:10E8500040F6726104F5AE70FEF706FD002800F088
:10E86000C88004F5BA724FF07E5304F5B67104F512
:10E870000370C4F88421C4F8A821C4F8CC21C4F8DA
:10E88000F021534AC4F86C31C4F89421C4F8B8217B
:10E89000C4F8DC21C4F800224E4AC4F88811C4F838
:10E8A0008C31C4F8AC11C4F8B031C4F8D011C4F83C
:10E8B000F41104F50471C4F8D431C4F8F831C4F883
:10E8C0009821C4F8BC21C4F8E021C4F80422C4F89B
:10E8D0007451414AC4F89051C4F87C51C4F8805135
:10E8E000C4F8B451C4F8A051C4F8A451C4F8D85124
:10E8F000C4F8C451C4F8C851C4F8FC51C4F8E85174
:10E90000C4F80C32C4F82432C4F84832334BC4F88B
:10E910002002C4F8440204F51870C4F8EC51C4F89D
:10E920001052C4F81C12C4F82852C4F81452C4F887
:10E930001852C4F84012C4F84C52C4F83852C4F803
:10E940003C52C4F82C22C4F85022C4F83032C4F827
:10E950005432FEF7B9FC00284BD004F52870FEF7BE
:10E96000B3FC002845D04FF480121D4B04F53970DC
:10E97000C4F86452C4F86C22C4F8AC22C4F89C32C7
:10E98000C4F8DC32C4F8A452C4F8E052FEF79CFC90
:10E9900078B304F54970FEF797FC50B3114B4FF470
:10E9A0000011C4F8E852C4F82033C4F8603394F876
:10E9B0002830C4F8F012C4F8301323F00303012107
:10E9C000C4F828530B430FE06666263FCDCC4C3E7F
:10E9D0008FC2753D9A99993E0AD7A33DCDCCCC3DC7
:10E9E000EC51B83EB81E853E84F8901384F8283068
:10E9F000F8BD0020F8BD00BF024A0349034805F0F6
:10EA0000E9BC00BF08820020794B0200E0D800205A
:10EA1000024A0349034805F0DDBC00BF088200201C
:10EA2000794B020038D90020024A0349034805F017
:10EA3000D1BC00BF08820020794B0200F8D800202A
:10EA4000024A0349034805F0C5BC00BF0882002004
:10EA5000794B020050D9002090F8A32090F8A20032
:10EA6000101A704790F8A23090F8A3209A4202D969
:10EA70001844807E70474FF0FF307047704700BFEA
:10EA80000346B0F8300178B193F82F21882A03D9D2
:10EA9000012200205A60704702F1010C01201A4443
:10EAA00083F82FC182F8A510704700BF38B5B0F8C1
:10EAB00030410CB9204638BD90F82F310546C3F1DE
:10EAC0008904A2420DD8144605F1A5002246184437
:10EAD00002F0B0F995F82F312046234485F82F3104
:10EAE00038BD01224260EFE72DE9F04FD0F814A0C5
:10EAF0001524017E8146437E83B00AEB0111384A1A
:10EB00000AEB0313374F097A93F8283002EB01150B
:10EB10000901E86852F8018002EB0311D5F804B04E
:10EB20001B01CE68D558CBF80040C8F88400D8F84F
:10EB300004304A6803432C490192C8F80430146039
:10EB4000C5F884606B6833436B60284B4C683A6847
:10EB5000A3FB0232920C02EB820252004B681B1B99
:10EB60009A42FBD84FF0090C1F4ADFF880E0D8F832
:10EB70000830034202D0AB6833422FD1C5F8886019
:10EB800054683968AEFB0131890C01EB810153688F
:10EB90001B1B9942FBD8C5F8846054683968AEFBEA
:10EBA0000131890C01EB810153681B1B9942FBD891
:10EBB000BCF1010CDBD1604699F81830019A0AEBE0
:10EBC0000313DB68CBF8003099F819300AEB031A0D
:10EBD000DAF82C30136003B0BDE8F08F0120EBE7CA
:10EBE00054480020447C0020001000E083DE1B43DA
:10EBF0000E4A10B51168046905E0DB0107D41368FB
:10EC00005B1A102B08D8636913F0007FF5D14FF41D
:10EC1000FE430120636110BDFFF766FF0028FAD0B4
:10EC20004FF4FE4301206361F5E700BF146D02203D
:10EC30002DE9F04790F82FA10569BAF1000F4FD0E8
:10EC400081468846FFF7D4FF002849D0374E00247C
:10EC5000376818E06B69190551D4DA0455D45805A2
:10EC600059D4990441D43268D21B322A3DD8544534
:10EC700007D9EA6D520704D19B0555D4B8F1000FAE
:10EC800052D004F0E9F95445E4D8EA6D500702F097
:10EC90000703DFD413E099F8A5200133022442F4DE
:10ECA0008062042B2A661ED08A4503F1010309EB1A
:10ECB00001020ED992F8A520042B2A66CAD00121A0
:10ECC000002CE8D02146013301348A4509EB0102CA
:10ECD000F0D8B8F1000FBDD04FF400732B66B9E740
:10ECE0000420BDE8F0870124B4E72B694FF40072DB
:10ECF000042043F440732B612A66BDE8F0872B693A
:10ED0000042043F440732B61EBE72B69052043F4A7
:10ED100040732B61E5E72B694FF40072022043F446
:10ED200040732B612A66DCE70020DAE7146D0220CD
:10ED30002DE9F84F83460C4615461F46D0F810A023
:10ED4000FFF756FF002800F09E806100012DDFF8DC
:10ED50003C8140F20146CBB24FF0000138BF0125A3
:10ED6000D8F800900C461E43ABF8A21020E09BF8A8
:10ED7000A330872B3FD9DAF8142010055AD412F4A7
:10ED8000105F70D1D8F80030A3EB0903322B6AD89A
:10ED90009BF8A330AB4209D3022C07D9DAF85C30D8
:10EDA000590703D193054BD4002F49D004F054F9EF
:10EDB000022CDCD8DAF85C3003F007025B07D6D40B
:10EDC000681E224440F480704CB9CAF86060013477
:10EDD000131B032BCBD8022CC9D8002CF5D0012C47
:10EDE00037D01FB14FF40073CAF860309BF8A330DE
:10EDF0000324872BBFD8DAF85C2012F4E02FC2F38B
:10EE0000024CB8D0591C9C441933C9B25FFA8CFC2F
:10EE10005BFA83F3DAF870004A1C61458BF8A310A3
:10EE2000D1B203F8010FA6D08929F3D1DAF8142062
:10EE30001005A4D5DAF8103043F44073CAF8103046
:10EE4000DAF85C3013F4E02F06D19BF8A300BDE89C
:10EE5000F88FCAF86000BAE7DAF8103043F40073AC
:10EE6000CAF81030F1E7DAF810304FF4007243F4CA
:10EE70004073CAF81030CAF86020DAF85C3013F436
:10EE8000E02FE2D0E8E70420BDE8F88F146D0220FF
:10EE9000F8B506690446D6F8145115F4706301D02C
:10EEA000C6F81431A8070BD5D6F8702111043DD54A
:10EEB0000023012184F8A230234484F8A3109A7619
:10EEC000EA0710D594F83071F7B194F82E7194F8E0
:10EED0002F31BB4226D97B1C274484F82E3197F86A
:10EEE000A530C6F86031AB050DD594F8A30018B174
:10EEF000D4F83C3103B198470023A4F8A230A4F819
:10EF00002E3184F83031F8BDD4F8383103B1984748
:10EF1000002384F82E31012384F8303194F82F3106
:10EF2000BB42D8D80023C6F86031DCE794F8A330A0
:10EF3000872BC5D8591CC9B2BEE700BF0148FFF7EF
:10EF4000A7BF00BFDC7D00200148FFF7A1BF00BFC5
:10EF50001C7F00200148FFF79BBF00BF5C800020A2
:10EF600010B4144C00220369A1421A6114D8124C47
:10EF7000012012494FF430329C6458629962DA627F
:10EF80009C6C00204FF0011101221C6518625DF895
:10EF9000044B99651A6170470948814207D9094CA9
:10EFA00009480A499C645A629862D962E8E7084CA9
:10EFB0000848F6E77F1A06003B372819B80B050505
:10EFC0003F420F000A09070460090101007F0500A4
:10EFD0001C1A120C100E02024FF0E0234022C3F85C
:10EFE00008227047F8B5144B144D1C686E689CB12C
:10EFF000237A20466BB123686F681B6898476B685B
:10F00000E188DB1BC3F38F12B1EB931FA28038BFE3
:10F01000E2806469002CEBD1084B094A5B681088D8
:10F020009B1B084CC3F38F11B0EB931F218038BF9B
:10F030001180BFF34F8FF8BD48D70020001000E0CB
:10F04000F4880220F2880220036818470B680360E6
:10F05000704700BF0B680360704700BF704700BF78
:10F0600030B472B6244D254C2A8804F1700104EBAB
:10F0700082038B423CD204F16F01501CC91A00EB91
:10F08000910002E00132824232D09C4653F8041BC8
:10F090000029F7D0B1FA81F04FF00043C34021EAD4
:10F0A0000301CCF8001001B90132154B2A801A88EF
:10F0B000013291B2198062B6ACEB040C41F67C735C
:10F0C000C0EB00644FEAAC0CC0EB841001240CEBE5
:10F0D0008C1C03EBCC1303EB80030A480068C45478
:10F0E0001844094B1C88944230BC38BF19807047C3
:10F0F00062B6002030BC7047F68802204CD7002052
:10F10000EE88022044D70020F0880220428872B6A0
:10F110000378012B03D9013B037062B67047D143DA
:10F1200053090B484FF0004201F01F01CA4050F84C
:10F1300023100A430749B1F800C040F823209C453A
:10F14000054A88BF0B801388013B138062B6704765
:10F150004CD70020F6880220EE880220C36813B93D
:10F160001DE0DB68E3B1187A9042FAD110B4586818
:10F1700093F809C0006950F82C4054B1DB682BB1FA
:10F18000187A9042F3D0DB68002BF9D15DF8044B7C
:10F19000704740F82C10087801300870EEE770478F
:10F1A000704700BF437A8B4206D90369002253F8A7
:10F1B000210043F8212070470020704738B5437A7A
:10F1C0008B421BD90369002253F8214043F82120C8
:10F1D000A4B12378012B01D8204638BDFFF740FFAA
:10F1E000054628B14FF48072211D043001F022FE43
:10F1F0002378013B23702C46204638BD002420464E
:10F2000038BD00BF00220449C0E900220281027417
:10F210000A680860C2607047BCD70020037CFBB955
:10F2200003680146FBB14368EBB1427A5B7A9A42CC
:10F230001CD230B472B62B4B1C68ECB1E368C3B17E
:10F24000486801E0DB68A3B15A688242FAD193F8BA
:10F2500009C04A7A9445F5D162B6042030BC7047A3
:10F26000012062B67047032062B67047022062B682
:10F2700070476469002CE1D11B4C236843B199426B
:10F2800002D10BE0994207D01A46DB68002BF9D176
:10F29000052062B630BC704702F10C040D68E868C6
:10F2A000E8B1C3681BB908E0DA683AB11346814295
:10F2B0001846F9D162B60620D0E70346D960CB687C
:10F2C000002023600123C860AA7A2B721A44AA7214
:10F2D0004A68947A13721C4494720B74D9E7E960FB
:10F2E000EDE700BF48D70020BCD7002010B5047C54
:10F2F0009DF808E00CB1012010BD027280F809E011
:10F30000C0E90013BDE81040FFF788BF38B5037CA3
:10F31000002B36D043680446427A5B7A9A4238D250
:10F3200072B60168CB68002B2DD0984233D01A46B4
:10F33000DB689C422AD0002BF9D16268607A13699D
:10F3400053F8200048B1FFF7E1FE72B6626800256D
:10F35000607A1369216843F820508B7A013BDBB255
:10F360008B7203B90B72937A013BDBB2937203B9D0
:10F3700013720A4B00201A6820741C60E26062B6A7
:10F3800038BD012038BD62B6032038BDE368D360C4
:10F39000D3E7022038BDC368CB60CEE7BCD70020DE
:10F3A00010B50446FFF7B2FF094A136843B19C4207
:10F3B00002D108E09C4205D01A46DB68002BF9D147
:10F3C000204610BD0C32E3682046136010BD00BF1C
:10F3D000BCD700200C4B1A789AB90C4A0C4910B4CF
:10F3E000C2F858110B48D02401224FF0E02180F8D8
:10F3F000464040241046C1F808415DF8044B1A709D
:10F4000070470020704700BF1D8902200090002037
:10F4100071C7020000E400E030B472B621B903689D
:10F4200013B102790F2A3BD9244C2188002341FAD9
:10F4300003F212F0010208D00133102BF7D162B6AB
:10F4400000220371026030BC70474FF0010C0CFACF
:10F4500003FC41EA0C01218062B619495FFA83FC82
:10F46000184C194480F804C04B01E16F41F0C00111
:10F47000E16740F2824414490C6081F81AC081F8B7
:10F480001EC081F818C081F81FC0036030BCC3E9FA
:10F490000022C3E90222C3E90422C3E9062270471D
:10F4A000064C218841FA02F5ED07BFD5044D1544FD
:10F4B000B3EB451FBAD162B6C5E700BF0089022091
:10F4C0008074000200C00F4000800E4003790F2BB3
:10F4D00011D8094A937672B60849012290F804C0FF
:10F4E0000B8802FA0CF223EA02030B8062B61022A8
:10F4F000002302710360704700800E4000890220E3
:10F50000EFF3108272B6437F5BB9017F012930B4FB
:10F510000BD0032913D00123437702B962B630BC64
:10F5200070470AB962B670477047124C2168B1B192
:10F53000114943610B68086083615861EBE70F4D27
:10F540000F492C688CB143610B68836158614FF09F
:10F55000E0234FF080540860C3F8044DDBE7064B0E
:10F5600020601860C0E90511D5E7C0E905442860AE
:10F57000EDE700BF44D8002050D800204CD8002030
:10F5800048D8002070B5EFF3108272B60C4C20689A
:10F5900080B10C4E00254369236073B19D6102B9AF
:10F5A00062B6836845779847EFF3108272B6206899
:10F5B0000028F0D102B962B670BD3360EFE700BF3A
:10F5C0004CD8002048D80020FFF7DCBF0449054A8A
:10F5D0004968054B1960136801331360704700BF19
:10F5E000001000E0146D0220106D02200120704711
:10F5F000B0F84630B0F848209BB292B2934202D2A3
:10F60000013AD01A7047416B01390A44D01A704749
:10F61000016972B6B0F84A20B0F84C3092B29BB291
:10F620009A423CBF806B1218C86AD31A62B6C0F304
:10F6300002601844704700BFB0F84A100246B0F8A4
:10F640004C3089B29BB2994210B4046914D0013392
:10F65000906B116B984298BF0023994206D85B1AB1
:10F66000526AD05CC0B25DF8044B7047126A5DF814
:10F67000044BD05CC0B2704772B6B0F84A0080B29A
:10F68000814201D062B6E2E7E36A13F0E06F03D192
:10F690004FF0FF3062B6E6E7E36901200024116A0B
:10F6A000A2F84A00C3F30900DBB2A2F84C404B7049
:10F6B000F0E700BFB0F84A100246B0F84C3089B20B
:10F6C0009BB2994230B4046925D00133946B9C42BB
:10F6D00016D9106B1FFA83FC984217D9106AC05CC8
:10F6E000C0B2956DA2F84CC045B199421CD3CB1A5B
:10F6F000D16B994202D3D36DC5F8883030BC7047C6
:10F700004FF0000C106B63469842E7D8181A556A00
:10F71000285CC0B2E5E7084672B6B2F84A1089B272
:10F72000884204D062B6D0E70C44E31AE0E7E36A0B
:10F7300013F0E06F03D14FF0FF3062B6DEE7E0690F
:10F74000C0F30900F9E700BF90F8443043B110B5A9
:10F75000044603F081FC94F84430002BF9D110BD2D
:10F76000704700BF38B5D0E90453D3E903120968E4
:10F77000114228D090F84420044632B103F06CFCCA
:10F7800094F84430002BF9D1636900210E4AA96135
:10F79000207E03EB0010007D02EB00104568052081
:10F7A0002860657E03EB051393F8343002EB0312F7
:10F7B000A36D52681060A4F84A10A4F84C1013B15D
:10F7C000E26DC3F8842038BD5448002007EE901A3B
:10F7D0009FED9A7A0421B6EE005AF8EE677A9FED13
:10F7E000986A41F6FF7CC7EE275A2DE9F0478E460E
:10F7F0000569012407EE901AF8EEE77A85EEA77AFC
:10F8000077EE057AFDEEE77A17EE903A6345A8BFEA
:10F810006346012BB8BF012307EE903AF8EEE76A82
:10F8200076EEC76AC6EE877AF5EEC07AF1EE10FA88
:10F8300048BFF1EE677AF4EEC67AF1EE10FA03D81B
:10F84000B0EE676A8E461C4601312129D2D10021D3
:10F85000436902F40076A0F84A10B3F85AC08E4209
:10F86000A0F84C10B3F85860A0F84610A0F8481063
:10F8700080F84410816BDF68A1EB0606A1EB0C0158
:10F88000C0E90F6139681E6941EA0601396014BF99
:10F8900001210021817640F0AC80017E694E03EBAE
:10F8A0000118DFF8C09198F81470D8F81CA006EB86
:10F8B0000717B968C1F800907968D8F818700F6018
:10F8C000BAF1000F03D0D8F82010CAF80010477E14
:10F8D000D92103EB071898F834C006EB0C1CDCF8B0
:10F8E00008703960DCF80410D8F838700F60417E79
:10F8F00003EB0111CF6B0FB1096C39600EF1FF31D1
:10F90000BEF1080F4FEA0161CCBF4FF0000E4FF07F
:10F91000010E01F0F85144EA4E4421435C6829612C
:10F92000597801F110030021E960474941F823406B
:10F9300041694FF0010E454C02F0030C4F7891F8ED
:10F940005610434B39554FF002174469617803EB69
:10F95000511301F01F019B000EFA01F11960EF62D3
:10F96000AB6A43F08803AB6253073ED44CF4701388
:10F9700002F00F01042908BF43F0804397062ED5FB
:10F98000817E43F0805300293AD11607AB6103D53D
:10F990002B6943F000532B616B69D10623F0805330
:10F9A00048BF43F080536B61D30503D52B6943F403
:10F9B00000532B61A36883B1264E3478002C3AD0D3
:10F9C000611E254DC9B22B1F05EB810101E0994253
:10F9D00025D053F8042F9042F9D1BDE8F087817EFD
:10F9E0000029D2D043F0A003CFE71C4B4CEA03031D
:10F9F000BEE7477E4FF2D901124E03EB07186AE7C4
:10FA0000417E43F0A00304EB011191F8341006EBA2
:10FA10000116B668316821F440413160B5E7631CD6
:10FA2000DBB20F4A3370137845F8240043F0020329
:10FA30001370BDE8F0870123074DF2E7001BB74BB9
:10FA4000EC78AD60544800200090002000E400E015
:10FA5000403800382389022008D9002010003C00DB
:10FA60005389022038F00100EFF31380B8B9EFF3A7
:10FA700010834BB9EFF305823AB94FF48073EFF37B
:10FA8000118050B1984208D270470F2AF7D9054B20
:10FA90009B5CEFF311800028F4D1184670474FF0BB
:10FAA000FF30F1E7F0E300E0036D2DE9F04104469B
:10FAB0000F46066913B1426DC3F88420A37E2BB1B3
:10FAC00072B6B36943F00053B36162B6B4F84650FE
:10FAD000636BADB20135AB424CD84FF000084546E0
:10FAE000B4F848309BB29D4219D028E073691B02DC
:10FAF00010D5B4F84830626B9BB201339A4236D9C4
:10FB00009AB2E16A99422DD9E169CB5CDBB2F3612B
:10FB1000A4F84820B4F848309BB2AB420FD1FFF7AD
:10FB2000A3FF6369B3F856308342DFDAFF28F1DDC3
:10FB300003F092FAB4F848309BB2AB42EFD0E36ADC
:10FB4000AB421AD9FFB2E3695F5572B6012084F85F
:10FB50004400A4F84680B36943F40003B36162B67D
:10FB6000BDE8F0815B1AA16ACB5CDBB2CFE7002273
:10FB70001346C6E71FFA85F8B2E7ED1AFFB2A36A8B
:10FB80005F55E2E7FFF790BF0269536913F4401F26
:10FB900070B543D0D36A13F0E06FC3F3026E3AD06E
:10FBA000B0F84A50B0F84C60ADB2B6B207E0016AA6
:10FBB00001F803C00EF1FF3313F0FF0E1DD0D16921
:10FBC0006B1C846BB0F84CC0C1F309019C4298BF18
:10FBD00000231FFA8CFC9C45ECD0046B5FFA81FC7F
:10FBE0001D469C42A3EB0404E1D8436A03F804C019
:10FBF0000EF1FF3313F0FF0EE1D1ABB2A0F84A30A3
:10FC0000836D43B1B54254D3AD1B016CA94202D8F8
:10FC1000C16DC3F884105369D90245D49669330283
:10FC200028D553691D0225D5B0F84650B0F84830A4
:10FC3000ADB29BB206E0C169C95CC9B2D161D16AFB
:10FC40004C0512D4AB4238D0446B0133C16A9C429C
:10FC500098BF00239942A3EB0104ECD8816A095DA7
:10FC6000C9B2D161D16A4C05ECD599B2AB42A0F8CA
:10FC7000481025D0710216D553695B0213D50021B7
:10FC8000036D80F8441013B1416DC3F88810837E72
:10FC90002BB172B6936923F00053936162B69369F6
:10FCA00023F48003936170BD536943F4801353615F
:10FCB000B4E7816B891B0D44A7E79BB2A0F84830DD
:10FCC000936923F400039361936943F48003936180
:10FCD000D0E700BF0148FFF757BF00BF147D0020E9
:10FCE0000148FFF751BF00BF747D0020704700BF7F
:10FCF000704700BF704700BF704700BF70B51A4C17
:10FD00001A4D2368AB4202D0194AD16829BBA369B6
:10FD1000AB4202D0164AD169C9B9236BAB4202D0BB
:10FD2000134AD16A69B9A36CAB4209D0104AD16BAE
:10FD300031B101211B680F48D163BDE870401847FD
:10FD400070BD01211B680C48D1629847EBE7012187
:10FD50001B680A48D1619847DFE701211B6804F15D
:10FD60000800D1609847D2E780A00020AC40002076
:10FD700000410840D0A00020B8A00020A0A0002092
:10FD800038B5064CA4F1600554F8083C2046183CF0
:10FD9000DB689847AC42F7D138BD00BFD0A0002047
:10FDA00003682DE9F041044688B01746002B4BD07C
:10FDB00000229A600122DA60304D04A8DFF8E0806A
:10FDC0001D4451F8083B2D1102935B6805EB450675
:10FDD0009847F60006F1080058F806304044DB6802
:10FDE00001909847264A04A9DDE90103029248F8E8
:10FDF00006309B689847029B04A8DB6898472368F5
:10FE0000032220481F609A601F4A23791F4C5355D4
:10FE100013785178C0F828428B4228BF0B4691785E
:10FE2000D2788B4228BF0B46934228BF1346184C0A
:10FE30004FF0E0224FF08061012084F87A30C2F860
:10FE40000C1108B0BDE8F081124AD36E43F4405360
:10FE5000D3660122104B1A60104A134602604032EA
:10FE600098680028A8D0103393422360F8D100236B
:10FE70001846236008B0BDE8F08100BF00BFF7BF9F
:10FE8000AC40002000900020FC81002089D40200BA
:10FE900000E400E000C00F4000400840004108407E
:10FEA00080A0002010B4064B0020064C064A1C60BF
:10FEB0009C611C639C6405495DF8044B04F08ABA9C
:10FEC00080A00020AC400020088200200DD5020058
:10FED000084603F02DB800BF012A70B508BF0A22FA
:10FEE0008AB091B34FF0210E01E05FFA86FE0EF169
:10FEF000FF36B1FBF2F502FB15145FFA84FC092C06
:10FF00000CF137040CF1300C98BF5FFA8CF40EF151
:10FF1000280C88BFE4B29142EC4429460CF8244CEA
:10FF2000E3D24BB10EF1FF3E2D225FFA8EFE0EF1B1
:10FF300028036B4403F8242C036801A9CEF12202A4
:10FF40005B68714498470AB070BD30224FF0210EB3
:10FF50008DF82520E5E700BF2DE9F0410C46D1B131
:10FF6000EAB180468E1800250E4F04E002F0E0FF53
:10FF7000B44205440CD0D8F8003014F8010B1B68CB
:10FF8000BB42F3D0014640469847B4420544F2D103
:10FF90002846BDE8F0810D462846BDE8F0811546AB
:10FFA000F6E700BF5DD60200002903DB00230A222A
:10FFB000FFF792BF49422D230A22FFF78DBF00BFF2
:10FFC00000B5036883B040F60D2C022201A95B68DE
:10FFD000ADF804C0984703B05DF804FB054B022858
:10FFE00088BF034610B41C68184663685DF8044B6C
:10FFF000184700BF047D00205AB90368C9B2074AF8
:02000004600397
:100000001B68934200B506D108465DF804EB02F088
:100010008FBFFFF761BF5DF804EB18475DD60200A4
:1000200002F076BF02F00EBF4D4A2DE9F047A2FB69
:10003000004340F26D1A4B4F5B09DFF83881DFF85F
:100040003891A2FB0342C3EB03145209A0EB8400D6
:10005000454CC2EB02150870A3EB8503A4FB0254C8
:1000600024094B70414B251D04EB4400A2EBC00258
:10007000A3FB050300208A70EA1A03EB5203024631
:100080009B08C3EBC303ED1ACD705FFA80FE40F20C
:100090006D1C0EF2B27313F0030507FB03F608D1D3
:1000A000B8EBB60F4FF4B77C03D3B9EB361F38BFAC
:1000B000D446624401309442E7D20EF1460E2C4EF3
:1000C00081F806E0A6FB030685B377094FF0640CC0
:1000D0004FF4C870F6090CFB173700FB163640F2D8
:1000E0006D10A41A00230122DFF890E020440AE0FA
:1000F00013F80E4084420ED80C2AA0EB04000BD05B
:1001000001320133D2B2012B5FFA83FCF0D145B941
:10011000CFB11D2406E0624601304A710871BDE886
:10012000F0871C24A04218D3001BE9E7642077095C
:10013000F60900FB17374FF4C87000FB16363FB1C5
:100140004FF4B770CDE7002E14BF1C241D24E9E73F
:10015000002EC4D14FF4B770C3E70122DCE700BF23
:1001600089888888295C8FC2ABAAAAAA25499224CB
:100170001F85EB51285C8F020AD7A300583F00204F
:1001800000B9704714490A68EAB1D31730B4134C68
:10019000134D84FB024C134C9444C3EB2C4304FBDF
:1001A000132244F2A71405FB03F304FB0233002BD4
:1001B00010DA6FF000421A440A60B2FBF0F330BC70
:1001C00000FB13207047084AB2FBF0F30A6000FB03
:1001D000132070471A46EFE700D700205F0B4E83CD
:1001E000ECF4FFFF1DF3010042CE0C1FF8B5002612
:1001F0000446C0E90066866029B108460D4606F04F
:10020000D9F8074608B92046F8BD013004F07EFC55
:100210000028F8D0294606702060C4E9017706F06E
:1002200003F82046F8BD00BFF8B5002704460E4687
:1002300007600846C4E9017706F0BCF808B9204613
:10024000F8BD0546013004F061FC0028F7D03146C6
:1002500007702060C4E9015505F0E6FF2046F8BDAF
:10026000F8B588424FF0000504468560C0E90055A6
:1002700002D08E680F680EB92046F8BD701C04F0DD
:1002800045FC0028F8D0394605702060C4E90166B5
:1002900005F0CAFF2046F8BD10B50446006804F01A
:1002A0003DFC204610BD00BFF8B50446154632B9E6
:1002B000036803B11A7000232046A360F8BD4368A9
:1002C0000E469A421CD9511C006804F0EBFE07460A
:1002D00060B1A368C4E900050BB903702768314613
:1002E0003846A56005F0A0FF2046F8BD206810B193
:1002F00004F014FC276000232046C4E90133F8BD54
:1003000007683146A560384605F08EFFECE700BF70
:100310002DE9F843044600680D4616468842A36856
:1003200009D8C218914206D20F1A4FF0010936B906
:100330002046BDE8F8834FF00009002EF8D003EB0B
:100340000608626890450CD908F1010104F0AAFE84
:100350000028EDD0A368C4E9000813B90370206831
:10036000A368B9F1000F08D12946184405F05CFFD5
:100370002046C4F80880BDE8F8833246C119184405
:1003800000F058FD2368002203F80820F0E700BFC2
:1003900010B504468A680968FFF7BAFF204610BD09
:1003A00038B5054641B10C46084606F003F802464A
:1003B00021462846FFF7ACFF284638BD9A422DE972
:1003C000F04105460E4602D911461A460B46002159
:1003D000A960B7689742C5E9001114D39F4228BFAE
:1003E0001F46336813F80780D95533689C180DD021
:1003F000204605F0DFFF214602462846FFF754FF5E
:10040000336803F807802846BDE8F081AC60F8E760
:10041000A249A34B88422DE9F047A24C5E699A6934
:10042000D4F80C801BD9A04B984240F20281C31A29
:100430009E491B0AA1FB031340F22761DB0903EB72
:10044000830303EB830303F2E2438B4228BF0B4693
:10045000A3F54877964BA3FB0737FF0804E0954FB9
:10046000B8428CBF0E2706278D4908F01F09D1F826
:100470008030B94543F0C003C1F880300CD228F079
:100480001F08A1F5F82148EA0708C1F80C800B689D
:10049000002BFCDA08F01F0916F0007324D18649FE
:1004A0000C698649A14300F0EA8082F48051344609
:1004B0004FF4805514F0605F04D026F060561E4360
:1004C000774B5E6111F4405F07D022F440527449CB
:1004D0002A438A618B6C1A07FCD446F00076704A76
:1004E0005661936C9B06FCD4754CA04200F2CE8002
:1004F0004FF0010C0146634603FB011203F1010EAC
:100500000CF10105A24218D8BEF1080F4FF001030B
:1005100040F08D80BCF1040F00F291800A18A242D5
:1005200000F2A48005FB00F1AC4603F1010E03FBD1
:1005300001120CF10105A242E6D90CF1FF318C0247
:1005400086EA81215F4810445F4A90427FD9DFF8F4
:10055000A4A16C225D48584DB0FBFEF0D5F800E038
:10056000B0FBFCF0DFF890C10EEA0C0CD44509D0CA
:1005700042F400524FF4805CC5F800C02A602A683B
:10058000002AFCDA464A156905F007059D4203D0AA
:100590001361936CDD03FCD411F4E05F09D026F401
:1005A000E05604F4E0543E4A26435661936C9907A2
:1005B000FCD44749474A014491423CD8464BC909BB
:1005C000A3FB0131090B4B1E1B0286EA030212F446
:1005D000407F06D026F4407603F44073304A33431C
:1005E00053612F4A536923F000735361936C9B0648
:1005F000FCD43A4B4F45A3FB00234FF0FF324FEAA8
:100600009343B0FBF1F1B2FBF3F3354A1060354A86
:100610001160354A136008D228F01F08214A48EAC1
:100620000707D7601368002BFCDABDE8F087734634
:1006300062E7122718E74FF440730421C5E70CF175
:10064000FF31204807238C02104486EA8121274A83
:10065000DFF8A8A0A2FB0020020D2548362A38BFEB
:10066000362202FB00F042EA0A0A74E74FEA8C24C1
:10067000002386EA8C214FF0010EAC4662E71D464E
:1006800086F0C05411464FF0C05313E700244FF0DA
:10069000010C024631462346E64653E700A4781F84
:1006A00000C00F40000008400046C32323B24C00A6
:1006B0001F85EB5100366E0100800D4040300080F8
:1006C000FFB19F26808D5B00FF7EF64D00643F4D9D
:1006D0007FD1F0087F17B42C9F10E50083DE1B4309
:1006E000447C0020407C0020E0690220819F5E164F
:1006F000001BB7006C2000807F300180002000804C
:1007000000B970472DE9F84F01218146214C224D57
:10071000224E54E8003F2A68306844E80013002B5A
:10072000F7D11F494B684FF47A7BDFF878A01B1A8A
:1007300001270BFB02F8DAF80020A3FB02325A452E
:1007400094BF9044D84454E8003F2A68306844E895
:100750000073002BF7D14B68DAF800C01B1A0BFBB3
:1007600002F2A3FB0C3CBCF57A7F94BF624402F515
:100770007A72A2EB0802B2F57A7F06D3B9F10109C9
:1007800008F57A78DFD1BDE8F88F02F065FC0449FE
:10079000D9E700BF186D0220146D0220106D0220F1
:1007A000001000E0E069022030B40F4B4FF0010C64
:1007B0000E4D0F4C53E8002F2868216843E800C213
:1007C000002AF7D10B4B5B680B4A5B1A4FF47A7126
:1007D000126801FB00F0A3FB023230BC8A4294BFD6
:1007E00080184018704700BF186D0220146D022059
:1007F000106D0220001000E0E0690220362816D8B3
:100800000201104B03EB00109B5810B4C2685C68E7
:10081000144205D061B95DF8044BC3F888207047D5
:10082000836851B1084A5DF8044B1A6070477047FD
:100830005DF8044BC3F884207047044A5DF8044B0C
:100840001A6070475448002038F001003830010029
:1008500036280BD8064B020103EB00109A58C368E8
:1008600092681A4214BF0120002070470020704790
:1008700054480020362829D8164B0201012903EBE1
:1008800000109A5810B45368C4680ED004290CD0D4
:1008900023EA040353608368A9B1022917D003290E
:1008A0000CBF0D4A0D4A1A6007E02343012953602B
:1008B000836808D040F638021A60436815225DF854
:1008C000044B1A60704738221A60F6E77047044AF2
:1008D0001A60F2E754480020383001003800010067
:1008E00038F0010030B4124A0020124B0121124DA1
:1008F000124CC2F8F032C2F8F402C2F8B810C2F8D2
:10090000A000C2F8A450C2F8B0105369DB07FCD5B0
:1009100051612378DB07F0D41368054943F00103E4
:1009200013600B68DB07FCD462B630BC704700BFB5
:1009300000802A400504012401000F0000812A40A4
:1009400070B50E4C4FF6FF7E0D4E04F17E05A6F5F8
:100950008053002102E0B34281B204D21A88481CBD
:1009600002337245F7D124F8021FAC4206F58056D7
:10097000EDD1044B01221A7070BD00BFE269022064
:1009800000107C603089022041F2BB0398422FD8CE
:10099000184B10B51B7804463BB3A008164B04F067
:1009A0000301164CA3FB0023C21A03EB5203144AA3
:1009B0005B09C3EB831E9C46A0EB0E0341EA8C014E
:1009C000FF2034F813C01A444FEA4C0C13030CEB0D
:1009D000023CBCEB023F07D91A880233D4B28C42E6
:1009E00008BF100A9C45F7D810BDFFF7A9FFD4E750
:1009F000FF2070473089022005411004E46902207D
:100A0000C0070600F8B50F46164672B6344B40F2E2
:100A10000641344A9A610222DA610022C3F8A0201A
:100A2000C3F8F012C3F8F422C3F8F822C3F8FC228A
:100A30004FF47022C3F8A4200122C3F8B02020F0A4
:100A40001F038219BFF34F8F4FF0E024C4F85C3FBF
:100A500020339A42FAD8BFF34F8FBFF36F8F204DE8
:100A60006B69DA07FCD501231F49B2B220F07F4041
:100A70006B6142F47022C5F8F01242F20121184C69
:100A8000C5F8F412C5F8BC30C5F8A000C5F8A4201C
:100A9000C5F8B030154D01E05B0609D4636913F069
:100AA0000100F9D041236361BDE8F840FFF71ABFA8
:100AB000082E0AD836B1324639463744064628460B
:100AC00000F0B8F940236361E8E7A6F108000826C2
:100AD0003946324637440646284600F0ABF9F1E77E
:100AE00000802A40F05AF05A3204180880812A40C7
:100AF00010B472B6284B0221284C00229C614FF49E
:100B00007024D96140F20641C3F8F0120121C3F804
:100B1000F422C3F8F822C3F8FC22C3F8A020A2F5FF
:100B20008052C3F8A4400240C3F8B010BFF34F8F07
:100B300002F5805102F120034FF0E02C994234BFBE
:100B40000121802102EB41118B42CCF85C2F1A4627
:100B500003F12003F8D1BFF34F8FBFF36F8F0E4A1D
:100B60005369D907FCD501240D490E4B546103404C
:100B7000C2F8F0124FF470200749C2F8A030C2F852
:100B8000A400C2F8B0404B69DB07FCD501235DF837
:100B9000044B4B61FFF7A6BE00802A40F05AF05A82
:100BA0002004180800F0FF0041F2BB03984200F255
:100BB0008980464B2DE9F0471B78C2B0054689462F
:100BC000002B7CD0AB08424E05F00305414FA6FB3D
:100BD00003269A1B06EB5206760945EA8605C6EB04
:100BE00086169E1B3C4B37F81640334460004FEA94
:100BF000033800EB0330B0EB033F64D943464FF0BA
:100C0000FF0C1A880233D1B2A94208BF4FEA122C56
:100C10009842F6D8E14541D0B4F5006F41D302AC1B
:100C20004FF48072FF21204605F02CF908F5805022
:100C300008F102034246984234BF01204FF400609D
:100C400008EB4000134602321B888242D9B24FEAB9
:100C500013236354F6D104F805900DF107090DF242
:100C6000071A00254C464046FFF742FF14F801CF13
:100C700008EB450002220DF10601631EBCF1FF0FD7
:100C8000A3EB090306D043EA0C230135ADF8063087
:100C9000FFF7B8FEA245E9D127F8165042B0BDE8EB
:100CA000F08745EA092502A902220134ADF808506F
:100CB000FFF7A8FE27F8164042B0BDE8F087FFF71F
:100CC0003FFE7FE770474FF0FF0CA3E7308902201B
:100CD00005411004E4690220C007060062B170B546
:100CE00005460C468E182046013415F8011BFFF707
:100CF0005BFFB442F7D170BD704700BF10B504462A
:100D00000548214600F034FA00B110BD2046BDE888
:100D1000104003F0FBBE00BFB44A0220704700BF82
:100D2000362858D80001F0B4344C354D2358AB4226
:100D300056D049D8B3F1844F4BD0A5F58045AB428E
:100D400040D1304D2044304E304CC4F8B462D0E92C
:100D500001C4C0684FF0E0264FF00057042AC6F8DF
:100D600010712FD85E6926EA00065E614FF0050615
:100D7000CCF80060266846F4803626605C6824EA79
:100D800000045C60224C54F8224090FAA0F2B2FABF
:100D900082F245F822106FEA00011DD0DD690F2AAA
:100DA00001EA0501D9611DDC52000325D968944090
:100DB00005FA02F221EA02022243DA6098615A69D6
:100DC00002435A61F0BC7047124DAB42FAD1124D4A
:100DD000B8E7124DB6E77047DA690243DA61EDE72A
:100DE0000F4DAFE7103A032519695200944005FAF8
:100DF00002F221EA020222431A61DFE7544800208E
:100E000000800042E48A00202100000000900020C1
:100E10000026002000C00042E48B0020648A0020ED
:100E2000648B002008B5E9F7E5FDE4F7BFF802F0B0
:100E300013F9FAE7844641EA000313F003036DD186
:100E4000403A41D351F8043B40F8043B51F8043B8D
:100E500040F8043B51F8043B40F8043B51F8043B94
:100E600040F8043B51F8043B40F8043B51F8043B84
:100E700040F8043B51F8043B40F8043B51F8043B74
:100E800040F8043B51F8043B40F8043B51F8043B64
:100E900040F8043B51F8043B40F8043B51F8043B54
:100EA00040F8043B51F8043B40F8043B51F8043B44
:100EB00040F8043B51F8043B40F8043B51F8043B34
:100EC00040F8043B403ABDD2303211D351F8043BD4
:100ED00040F8043B51F8043B40F8043B51F8043B14
:100EE00040F8043B51F8043B40F8043B103AEDD283
:100EF0000C3205D351F8043B40F8043B043AF9D2D4
:100F0000043208D0D2071CBF11F8013B00F8013BA6
:100F100001D30B8803806046704700BF082A13D3B3
:100F20008B078DD010F003038AD0C3F10403D21ACB
:100F3000DB071CBF11F8013B00F8013B80D331F8FF
:100F4000023B20F8023B7BE7043AD9D3013A11F87F
:100F5000013B00F8013BF9D20B7803704B784370EA
:100F60008B7883706046704703F0D0BD03F0CEBD30
:100F700003F0D4BD03F0D2BD01F1FF3C70B566466D
:100F8000002400E00134B0FBF2F502FB1503092B4D
:100F900003F1370E03F130035FFA8EFE98BF5FFA5C
:100FA00083FE9042284606F801EFEBD2631C002234
:100FB000C818CA547CB162461CF8015F10F8016D74
:100FC000A1EB0C0302328CF80060013B521A057051
:100FD00023449A42EFDB084670BD00BF00230F2276
:100FE00048F2B82C194610B54FF470444FF4806E97
:100FF000A0F88C414FF46044A0F88E210A46A0F876
:101000009031B0F888319BB243F0F003A0F88831FA
:1010100001EB4103013100EB431304299C80A3F849
:1010200006E05A841A865A805A81A3F80EC05A8262
:10103000DA825A83DA83EBD1B0F888319BB243F07D
:101040000F03A0F88831B0F888319BB243F4706385
:10105000A0F8883110BD00BF374B384A996F384827
:1010600041F47F0170B5996741F20106D3F8801011
:1010700045F6C05543F226040A43C3F88020FFF723
:10108000ADFF00F58040FFF7A9FF00F58040FFF7B6
:10109000A5FF00F58040FFF7A1FF0022A0F5031097
:1010A0004FF00F0E114600EB42134FEA421C013283
:1010B0009981042A5981A3F80EE09E82DD8020F8F0
:1010C0000C1019829C81EED100221E484FF00F0EA9
:1010D00041F20106114645F6C05543F2260400EBE5
:1010E00042134FEA421C01329981042A5981A3F824
:1010F0000EE09E82DD8020F80C1019829C81EED1DA
:10110000002211480F2641F20105114645F6C05450
:1011100043F2260E00EB42134FEA421C0132998142
:10112000042A5981DE819D82DC8020F80C1019820E
:10113000A3F80CE0EED170BD00C00F40000003FC2E
:1011400000C03D4000001E4000401E40074A506A5B
:10115000936A19468446506A936A9942F9D1844544
:10116000F7D1DB0B43EA4040704700BF00400D4021
:101170002DE9F04705460F460FE0EB68002B75D0D0
:101180003946284698476A68034682426ED2284606
:101190006B6000F097F8002868D0284600F07EF8D1
:1011A000044600286AD0012F6B6838BF0127A3F1DD
:1011B0000C02BA42E1D32E68002BDED0344607F190
:1011C0000C0806E023686A6818331C44A31B93428A
:1011D000D3D22146284600F0DDF80028F2D1A31B27
:1011E0006A689A42C9D9A1462846494600F0D2F811
:1011F000A9EB0403824688B909F10C099845A9EBCB
:10120000060210D96B689A42B7D24946284600F0C8
:10121000C1F8A9EB040382460028EDD0A9EB060330
:101220006A684C46D3E70C3B20466760236001F0B8
:101230009FFFAB680646A06043BB04F10C056368E2
:101240000C33E71807F10C08304601F071FF47F83E
:10125000040B47450646F7D13846FF21D4E9002361
:10126000D21A04F00FFE2846BDE8F08704F0AAFF6A
:1012700000250C2303602846BDE8F08704F0A2FF98
:101280002546162303602846BDE8F08725465146CB
:1012900055F80C2B284604F0F5FDD0E703685BB148
:1012A000406850B1054A064B02FB00F0B3EBB00FAB
:1012B0002CBF01200020704718467047ABAAAAAA8D
:1012C0005555551508B5D0E900325BB1BAB10F4B91
:1012D000A3FB0213DB0803EB4303B2EB83030AD146
:1012E000012008BD094BA3FB0213DB0803EB4303FA
:1012F000B2EB830301D0D21A4260F02AF0D804F096
:1013000061FF1C22034600201A6008BDABAAAAAAEE
:1013100070B5044638B319B1B2FA82F67609A2B9AB
:10132000206800B36268F2B1184B194902FB03F35D
:10133000B1EBB30F17D3A368E3B9002201232260F6
:101340006260A260E260184670BD1D46049BC0E961
:101350000012C360FFF7B6FF03460028F3D06DB953
:101360000123184670BD04F02DFF162200230260F1
:10137000184670BD002104F085FDDEE76268314645
:101380002068A56004F07EFD0123DCE7ABAAAAAAD1
:101390005555551540B10368994203D3426813442B
:1013A000994202D900207047704708680028FBD096
:1013B0004B689842F6D3254A254B02FB00F0B3EB6D
:1013C000B00FEFD3084670B584B0019101F0D0FEA4
:1013D000019903908B68984202D0002004B070BD40
:1013E0004B680C33CC1804F10C062546019101F032
:1013F0009FFE2A78C3B201999A420390EDD16A7890
:1014000005F1010C9DF80D309A42E6D11CF8012F30
:101410009DF80E309A42E0D19CF801209DF80F30E3
:101420009A42DAD10435B542E0D1D1E900329B1AB3
:101430000AD003F10B0204F10B03A11813F8012FDA
:10144000FF2ACAD18B42F9D10120C7E7ABAAAAAAC9
:101450005555551572B6EFF30583524CC4F88430D8
:101460001EF0040F0CBFEFF30882EFF309824FF078
:10147000E0234D4E4D4DD3F8280DD3F82C1DC4E973
:101480002201D3F8341DD3F8383DC4E924139369FD
:10149000C4F89830D369C4F89C3000F0D3F884EDD8
:1014A000280AFFF753FE0B214FF0FF32C4F8A400C7
:1014B0000B46C4F880103E49301D5A40202402F0EB
:1014C0000103013C01FB03F383EA5202F7D1A84276
:1014D00002D073680646EFE7324BC3F8A820BFF38B
:1014E0004F8F4FF0E0233049324AC3F8701FC3F8E2
:1014F000702FBFF34F8FBFF36F8F2F4A02252F48F6
:10150000D36E2F4943F44053D3660560D3692D4809
:1015100023F07F0343F04003D3610B6883423DD83F
:10152000264D00214FF0E0234FF0FF3229600126C5
:10153000C5F808112449C5F80011C5F80861C3F8B9
:101540008021C3F88421C3F88821C3F88C21C3F813
:10155000902101E000F084F9D5F80C31002BF9D08E
:101560000134C5F80C614F2CF4D9184B02201849EE
:101570004FF00042C1F840015A63D5F80C313BB935
:10158000144815490D4A0163D2F80C31002BFAD0EA
:101590004FF0E023114AC3F80C2DFEE7FEF738FFA9
:1015A000BEE700BF00FF272080FF2720A8FF2720DD
:1015B0002083B8EDA0FF272000C00F400040084066
:1015C000447C0020803DCD0B009F240000900D4006
:1015D00000002E4000800F40F100AD0B0400FA0522
:1015E0000A490A6838B108B513180948834204D873
:1015F00010460B6008BD1046704704F0E3FD0C2355
:101600004FF0FF320360104608BD00BF0482002087
:1016100000002820002070474FF0FF30704700BFC7
:101620004FF4005300204B60704700BF012070470B
:101630004FF0FF30704700BF30BFFDE730BFFDE720
:10164000FFF708BF124AD2F880305B07FBD5D2F80B
:1016500080301048C3F30B230F4990ED007A07EE5A
:10166000903A91ED006AB8EE477A0C4AF8EEE77AC4
:101670000B4BD2ED006A77EEC77A93ED007AB8EEA5
:10168000477A67EE867A87EEA60A37EE400A7047F9
:1016900000810D40CC690220D4690220D869022063
:1016A000D0690220836BF0B41BB1536843F400434C
:1016B000536072B6446B3CB31A4B2260D3F8B0410E
:1016C0000C421DD1184E776804E07468E41BB4F531
:1016D000166F0BD2D3F8404144F48044C3F8404124
:1016E000D3F8B851D3F840416404EED50D4007D18A
:1016F0000C4CC0E90225D4F8B0310B43C4F8B0312A
:10170000426362B6F0BC7047064DC0E90224D5F8CA
:10171000B0310B43C5F8B0310263426362B6F0BC2E
:10172000704700BF00002E40001000E070B5056B50
:101730009DB106462A46002403E012680134012ABE
:101740000CD0536813F08003F7D032632CB12846D5
:10175000B36B2D689847013CF9D170BDC6E90C33D5
:10176000F4E700BF30B4D9B91F4C204B0021204A08
:1017700001254FF0011099601D60C4E902318024F9
:101780005C60C2F8BC01D2F8B0311A482B43C2F8F1
:10179000B0310160D2F8B031002BFBD130BC7047C2
:1017A0000904154B104C012541F080019860104A46
:1017B000596000F580511D60D96000F50051A364A7
:1017C000196100F5405100F5804059610021986190
:1017D000E164D2F8B03143F48033C2F8B031D2F8CA
:1017E000B031002BFBD1C0E70000002040A2002058
:1017F00000002E40004A022060A2002010B472B601
:101800000A4C01220A49237802FA00F0184320709A
:10181000D1F848311A0605D480221343C1F8442177
:10182000C1F8483162B65DF8044B70473C8902202C
:1018300000002E40084901220B7802FA00F023EA4A
:101840000000087030B9054AD2F8483123F080030F
:10185000C2F84831704700BF3C89022000002E408A
:101860002DE9F04F9C4C83B0D4F84461F107C4F8E3
:1018700044616AD5D4F8AC31002B61D0DFF88482A2
:10188000964DDFF878B208F5805ADFF87C92944FD5
:10189000C4F8AC31D5E90A20D4F8403143F4005300
:1018A000C4F84031D4F840319B04F5D5D4F8403128
:1018B00023F40053C4F840314FF00113C4F8B4319D
:1018C000D4F8B43113F00113FAD191B240F2816C23
:1018D000CBF80030614500F2D980B1F5D06F80F0CF
:1018E0006181B1F5817F00F08F8140F2AB8040F2E1
:1018F000023C614500F0B281B1F5A06F40F0C180BB
:101900007849EB648B600123A9640B6080234B60F2
:101910004FF00113C4F8BC31D4F8B03143F4803334
:10192000C4F8B031D4F8B031002BFBD1130C5B06F6
:1019300043F08073C4F85431D4F8AC31002BA7D1F4
:10194000654AD2F8BC31002B4AD1720616D5624BDB
:10195000D3F8AC21C3F8AC21D3F8BC21C3F8BC2127
:10196000D3F8B041002CFBD14FF0FF32C3F8B421C3
:10197000D3F8843101F074F95B4B1C60F40103D59A
:101980005A4B1B6803B19847B00103D5584B1B68ED
:1019900003B19847710708D54F4BD3F8843113F43E
:1019A00000731AD0534B01221A704B4BD3F84831B5
:1019B0001A060FD533060DD54F4A13782BB1013BCC
:1019C000DBB21370002B00F0428203B0BDE8F04F91
:1019D00000F0A6BC03B0BDE8F08F464A1370E4E700
:1019E0004649C2F8BC310868034240F061813E4A72
:1019F00014681C40A9D05FEA144810D0374D4FF04E
:101A0000010998FAA8F7B7FA87F705EBC71009FAA2
:101A100007F74030FFF78AFE38EA0708F1D1A4B291
:101A2000002C92D02D4D4FF0010894FAA4F7B7FA8C
:101A300087F705EBC71008FA07F7FFF777FEBC43F7
:101A4000F3D182E7802900F0A780822919D183B2DF
:101A500010F0780015D103F07F0257F82210284AC1
:101A60001080180600F1C081CB0701D50123137047
:101A700002212348FFF776FE5EE7010C072900F0FC
:101A800045814FF00113C4F8C03155E742F2210CF3
:101A90006145F2D03AD942F22123994268D042F20C
:101AA00021339942EDD10F4B00229A60EA64012262
:101AB000AB641A6080225A604FF00113C4F8BC3145
:101AC000D4F8B03143F48033C4F8B031D4F8B03135
:101AD000002BFBD130E700BF00002E4000000020AB
:101AE000C0012E4040A20020044A0220786F02204C
:101AF0007C6F02204C89022052890220004A022079
:101B000070690220F849022060A20020B1F5086F38
:101B10003AD0B1F5106FB4D1B548C2F307424FF0D7
:101B2000C81100930270B34AC4F8C821C4F8CC119C
:101B3000C4F8D01101F096F800F088FBAE4A0121FC
:101B4000009BAA6411608021936051604FF00112E4
:101B5000EB64C4F8BC21D4F8B02142F48032C4F85C
:101B6000B021CBF80030D4F8B031002BFBD1E3E644
:101B700080B2002897D1A14BC2F307421968A04B4D
:101B80001960A04B1A708EE7994B01219E481B7873
:101B90000370FFF7E7FDCFE69B4802210380FFF7C4
:101BA000E1FDC9E6994B596800293FF46AAF4FEA55
:101BB000124E82B204E019690C3300293FF461AF80
:101BC000B3F800C0F445F6D1B3F802C09445F2D1A1
:101BD0004FEA1E22032A00F0D8801A89000C8242A4
:101BE00028BF0246BEF5007F40F0D480884B89496B
:101BF0001878894B0092002818BF19468748FFF7CC
:101C000019F9864B009ADAE010F0780F83B27FF46E
:101C100038AF03F07F0213F0800F57F8223014BF63
:101C200023F4803323F0010347F822300022724B63
:101C3000EA649A600122AB641A6080225A604FF015
:101C40000113C4F8BC31D4F8B03143F48033C4F884
:101C5000B031D4F8B031002BFBD16DE610F0780F25
:101C600083B27FF40EAF03F07F0213F0800F57F8BA
:101C7000223014BF43F4803343F0010347F822308D
:101C800000225D4BEA649A600122AB641A608022F4
:101C90005A604FF00113C4F8BC31D4F8B03143F4AA
:101CA0008033C4F8B031D4F8B031002BFBD143E617
:101CB000002008605A490C88486842F221018C4291
:101CC0007FF495AE80B200287FF491AE5549564C12
:101CD00003C9A18086284FEA11412060A1717FF4D9
:101CE00086AE72B65148017841F008010170D2F811
:101CF00048110D0605D480200143C2F84401C2F802
:101D0000481162B64A4A5021117070E6EB60012317
:101D10004349C9F80030474B0A60C9F80430464BC4
:101D20004860C9F81030C5F80890C9E9028AD4F8AB
:101D3000B02142F00102C4F8B02103F5805203F54E
:101D40000053C9F81420C9F81830D4F8B031002B6A
:101D5000FBD1294AEB6493600123AA64136048F223
:101D6000800353604FF00113C4F8BC31D4F8B03194
:101D700043F48033C4F8B0314FF48033CBF80030F3
:101D8000D4F8B031002BFBD1D6E5000C0A788242A2
:101D900028BF0246BEF5E06F50D11D4B1D4893F899
:101DA00000C01D491D4BBCF1000F18BF0146009239
:101DB0001846FFF73FF8072103464170009A23F0C9
:101DC0001F011344BFF34F8F4FF0E020C0F8701F86
:101DD00020318B42FAD8BFF34F8FBFF36F8F0F487C
:101DE0001146FFF7BFFCA7E5C9033FF53FAE3FE64D
:101DF0004B8902200200CC0040A20020146D02207A
:101E0000006E02204A89022070690220B47200200C
:101E10004C89022038270060D0270060C0C02020F5
:101E2000C8B50020F8490220F86D02203C89022044
:101E30005289022080000700F8690220064B1846EC
:101E4000CDE90023FEF7F6FFDDE90023B7E7032025
:101E5000FFF7F0FC09F00EF9C0C020202DE9F04793
:101E60001F46831E022B01D9BDE8F087DFF84C9096
:101E700015460C463C2209EBC01806464FEAC01A2C
:101E8000002108F10400240403F0FCFFB5FA85F2F8
:101E90000123520944EA427449F80A40C8F83870EC
:101EA000C8F80830002FDFD0034AB34011680B4355
:101EB0001360BDE8F08700BF044A02200000002044
:101EC0002DE9F0470D46811E022901D9BDE8F087B2
:101ED000C701DFF84C909246044640373C2200216F
:101EE0001E4609EB07082D0408F1040003F0CAFFA1
:101EF000BAFA8AF2520945EA427249F807200122E9
:101F0000C8F83860C8F80820002EDFD0034B103422
:101F10001968A2400A431A60BDE8F087044A02200B
:101F20000000002012048160C36101F5405342F0BB
:101F3000800210B40124426001F50052046001F5F2
:101F4000805401F58041C46081615DF8044BC0E9B3
:101F500004237047831E0A46022B00D97047064BA4
:101F600000F110014FF0010C03EBC0100CFA01F16D
:101F70004030FFF797BB00BF00000020831E0A46D9
:101F8000022B00D970470121024B814003EBC010A6
:101F9000FFF788BB0000002040687047124A134BCF
:101FA000D2F8200220F07F40984210B584B002D2CF
:101FB00000EB800040000E4C01A90A22FEF7DCFF76
:101FC00001A90023204611F8012B01333AB10A2B55
:101FD00020F8022FF7D11623237004B010BD5B0048
:101FE000DBB2237004B010BD00441F4080969800FF
:101FF000AC8E002000F054BF00F046BF00F0E2BFFE
:1020000000F0B8BF0846114600F0A8BF38B50C4B29
:1020100004460C4D1B68298843B1B1F5917F09D264
:102020004B1C9BB2084A2B80545438BDB1F5917FAC
:10203000F6D338BD00220448984700210123F1E778
:10204000406E02200E890220546E0220F8B5144C16
:102050004FF0E025134E4FF4003204EB4024124FB2
:1020600006EB40160346C5F88C2121463A883046D7
:10207000FFF758FF3B882344BFF34F8FC5F85C4FF1
:102080002034A342FAD8BFF34F8FBFF36F8F0420E1
:102090003146FFF773FF4FF40033C5F80C31F8BD3C
:1020A00060C1202080A900200289022042684FF6EA
:1020B000FC71114BC2F30E42C0691B889B1A0B4086
:1020C00017D00E4930B40E4C0E4D227821F8103046
:1020D0000021013225F81010062A94BFD1B20A4619
:1020E000217009490C6823440B60084B985430BC9C
:1020F0007047FFF7ABBF00BF028902208069022052
:10210000388902209C69022078690220B86902207F
:102110002DE9F04F0123DFF828A1DFF828B183B0C3
:10212000414E9AF80020414D414F8BF8003005EBAD
:1021300042153388D7F80080CDE90002002B6DD11D
:102140003C4CDFF804912846FFF726FF10F0800092
:102150005DD03B68A3EB0803282B04D9012323702F
:1021600003B0BDE8F08F2378002BF9D199F8003047
:10217000002BF5D000F070FF3388002BE3D02E4AFF
:102180009AF800101288D01A043B2C4C9BB22044C1
:10219000338000EB4120009E4902C0F8006C93BBE5
:1021A00004F5406428460C442146FFF7BBFEBFF30C
:1021B0004F8F04F1200204F50073934234BF0123D2
:1021C00010234FF0E02204EB4313C2F8704F203489
:1021D0009C42FAD1BFF34F8FBFF36F8F0420294683
:1021E000FFF7B8FE019B02200133032B94BFDBB243
:1021F00000238AF80030FFF71DFB00238BF8003026
:1022000003B0BDE8F08F0220FFF7F8FAF5E70A4BBC
:102210009AF800101A8820701346B5E7064A01990B
:102220001288D01AB0E700BF0689022040AB002018
:10223000146D02203D8902200A89022060C12020FD
:102240003F890220418902204B890220214B70B531
:102250001B78002B3BD04FF400731E461E49802292
:102260001E4D00240B8000211D482B8003F00AFE28
:102270001C4A21461C4B1470C0221C481C8003F0D1
:1022800001FE1B4A31461B4B042094609C60C2E94E
:102290000044194AC3E900441470184B184A1C70D2
:1022A000184B14602246FFF7D9FD234622462988A1
:1022B0000420FFF705FE20460134FFF7C7FE062C79
:1022C000F9D100231049114A0B70137070BD4023DF
:1022D0001E46C3E74C890220028902200A89022097
:1022E00040AB00203F8902200689022080A90020FF
:1022F000806902209C690220388902203A890220E4
:102300007869022039F802003D89022041890220C3
:10231000024B1B780BB1FFF7FBBE70474B890220C5
:102320002DE9F843214B1D7815B9214E33880BB99F
:10233000BDE8F883DFF888801E4A98F800701E4CCC
:1023400002EB47191D4A04EB4724128848462146F0
:10235000D21A2B46FFF7E6FDBFF34F8F04F12002A0
:1023600004F50073934234BF012310234FF0E022A1
:1023700004EB4313C2F8704F20349C42FAD1BFF3F0
:102380004F8FBFF36F8F013749460420FFF7E2FDFF
:10239000032F4FF000034FF0020098BFFDB23380CF
:1023A00088F80050BDE8F843FFF744BA418902209D
:1023B0000689022040AB002060CD20200A8902203F
:1023C0003F890220120103292DE9F0418846D6B247
:1023D0001BD946F00407C41C294D2B78A8F103082B
:1023E0006BB114F8013C14F8022C1B0614F8030C12
:1023F00043EA02433B4343EA0020FFF789FEB8F17A
:10240000030F204604F10304E7D8B8F1030F17D0F7
:10241000B8F1020F04D0B8F1010F24D0BDE8F0816B
:10242000174B1B78002BF9D04378027846F0060052
:102430001B0443EA0223BDE8F0411843FFF768BEDE
:102440000F4B1B78002BE9D0837846F007064278C3
:102450001B06007843EA02433343BDE8F04143EAF8
:102460000020FFF755BE064B1B78002BD6D046F058
:102470000506007846EA0020BDE8F041FFF748BEB7
:102480004B890220F8B54FF400324FF0E023204C86
:10249000C3F88C211F4B227819788A422ED0D3B2F0
:1024A0001D4A1E4F01331E491E4E072B28BF002315
:1024B000D05C37F8102001EB40218D580432316890
:1024C00092B2043927F810203160174931F8101002
:1024D000914207D94FF0E0234FF400322846C3F869
:1024E0000C21F8BDDBB22370FFF7B0FD4FF0E02305
:1024F0004FF400322846C3F80C21F8BD00254FF0F8
:10250000E0234FF400322846C3F80C21F8BD00BF89
:102510003A89022038890220B86902209C69022089
:1025200060C1202078690220806902202DE9F041F5
:102530000746FFF7A7FF98B1C0F3032300F00F058C
:102540009F4A04465E1CC0F303134FEA1028137021
:10255000A5F10803062B06D8002F47D0BE4245D070
:102560000020BDE8F081AB1E5FFA88F0012B19D97D
:10257000F72818BFF02801D9052D13D0042D00F03D
:1025800089816B1F022B40F249810F2DE8D1F7287A
:1025900008D8F02803D08B4B1B88002BE0D0FFF726
:1025A00035FDDDE7F1380E28DAD801A353F820F025
:1025B000BDFE0200CFFE0200EBFE0200EDFC0200B9
:1025C000EDFC0200F9FE0200EDFC020007FF020034
:1025D000EDFC020041FE020075FE02005DFE0200FD
:1025E000EDFC02008DFE0200A5FE0200082DC4F3E2
:1025F000033318D1082B16D173498022734BC4F3CF
:1026000007450F68F6B2240E1A701FB129463046EE
:102610002246B8476E4901206E4A6F4B0E70157006
:102620001C70BDE8F081092D14D1092B12D1220EA6
:10263000664B00F0B7809021C4F30745F6B21970DD
:10264000D4B2664B1B68002BE4D0224629463046A4
:102650009847DFE70A2D05D10A2B03D1604BA02153
:102660005A4A06E00B2D11D10B2B0FD15D4BB02137
:10267000564A1B68C4F30745F6B21170240E002BAE
:10268000C8D02946304622469847C3E70C2D40F073
:1026900081800C2B7ED1544BC0214C4A1B68C4F363
:1026A0000745F6B21170240E002BB3D029463046F0
:1026B0009847AFE74D4B1B68002B00F0FF80C4F339
:1026C00007459847414AF6B2240E82F80080A1E7F8
:1026D000474B1B68002BF2D1464B1B682BB3FC20E9
:1026E000C4F307459847EDE7434B1B68002BE6D141
:1026F000404B1B68CBB1FB20C4F307459847E1E78B
:102700003E4B1B68002BDAD13A4B1B686BB1FE20A5
:10271000C4F307459847D5E7394B1B68002BCED14A
:10272000344B1B680BB1FF209847C4F30745C9E73A
:10273000344BC4F307451B68002BC3D02846984789
:10274000C0E7314B1A68002AEFD0630CC4F306408F
:10275000250C03F47E53EDB218439047B2E72B4BA0
:10276000C4F307451B68002BE8D1ABE7284BC4F343
:1027700007451B68002BA4D1A4E7264B1B68002B40
:102780009DD11C4B1B68002BCFD0F820C4F307450C
:10279000984797E70D2D62D10D2B60D11E4BD021AC
:1027A0000A4A7BE78021F6B2C4F307451970064B4D
:1027B0001B68002B79D0294630461446984729E7F4
:1027C0004D8902200E890220186E022051890220B4
:1027D0004E8902204F890220508902201C6E02205F
:1027E000506E0220146E0220246E0220346E0220ED
:1027F000386E0220286E0220106E0220046E022025
:10280000446E0220486E02202C6E0220306E0220A0
:102810004C6E02200C6E0220086E0220FFF7F6FBC1
:10282000052D08D0C4F30740FFF7F0FB072D02D1B8
:10283000200EFFF7EBFB2A4B2A4819882A4A017021
:10284000080A2A4C10700020294A1880F0232468B6
:10285000137064B327480122A047012081E60E2DA2
:102860007FF47EAE0E2B7FF47BAE234BE021204A1B
:102870001B68117063B3610CC4F30642F6B201F435
:102880007E51250C3046240E1143EDB2A1F50051C6
:102890009847BFE6FFF7BAFBC4F30740FFF7B6FB64
:1028A000200EFFF7B3FB00205BE61C46B2E6134B9D
:1028B0001B6893B10F489847012052E6104B1B68E4
:1028C000002B3FF432AFFA20C4F307459847F9E6EE
:1028D000C4F30745F6B2240E9CE6012041E600BF92
:1028E0000E8902204F89022050890220406E02206A
:1028F00051890220546E0220206E02203C6E02207C
:10290000286E0220F8B5144C4FF0E025134E4FF41A
:10291000003204EB4024124F06EB40160346C5F884
:102920008C2121463A883046FFF7FCFA3B88234445
:10293000BFF34F8FC5F85C4F2034A342FAD8BFF3E2
:102940004F8FBFF36F8F03203146FFF717FB4FF414
:102950000033C5F80C31F8BD60D5202040AA002016
:1029600004890220244B2DE9F0411C884368C56985
:10297000C3F30E43E41A002C24DD204920480A78D2
:102980000078D3B21F4E82421F4807D010F8038050
:1029900036F81870C7F50072944218D90133002236
:1029A00026F81540082B194E88BF134626F8152027
:1029B00098BFDAB2C554164B0A701A6814441C60EA
:1029C000BDE8F0812846BDE8F041FFF79BBF07EB6B
:1029D0004820104922462744084401EB4521FEF7D0
:1029E00029FA0B4A284626F8187013682344BDE8D4
:1029F000F0411360FFF786BF048902203989022065
:102A00003B8902208C690220C0690220A86902204B
:102A10007C69022060D520201D4B1A78002A36D10F
:102A200002F0FF031B4A12788AB32DE9F0411A4DD8
:102A30002A8852B3194EC2F50068194F3278194CE2
:102A400007EB421704EBC224424638462146FFF703
:102A500069FA04EB0802BFF34F8F4FF0E023C3F88D
:102A6000704F2034A242FAD8BFF34F8FBFF36F8F5D
:102A700003203946FFF76EFA33780133DBB2032BBC
:102A800088BF0023337000232B80BDE8F08170479E
:102A9000428902204B8902200889022040890220B5
:102AA000C0AB002060E520202DE9F04F85B0CDE9D6
:102AB0000110002900F0BF800023604CDFF89881EE
:102AC000DFF898A15E4F009301235E4A23705E4BAE
:102AD0001978B8F8003002EB4119002B40F0A780BC
:102AE0001E461D469B464846FFF756FA10F08000EA
:102AF00000F08C80BFF34F8F9AF8003084F800B05C
:102B000005B93E68002B7DD13B689B1B782B00F2FA
:102B100087804E4B1B78002B74D000F09DFA012269
:102B2000B8F8003015462270002BDCD0464AC3F5B9
:102B3000006011781A4600EBC120454DC9022844B7
:102B4000019D954217D20393DDE901512A46FEF714
:102B500071F9039B4FF040425B1BA8F800303D4BDE
:102B6000C3F88420BFF34F8F0098002328442370BC
:102B700005B0BDE8F08F364BCD180299FEF75AF933
:102B800000234FF4006229464846FFF7CBF9BFF314
:102B90004F8F05F1200205F50063934234BF0123F6
:102BA00040234FF0E02205EB4313C2F8705F20355D
:102BB000AB42FAD1BFF34F8FBFF36F8F032049466B
:102BC000FFF7C8F9204A13780133DBB2032B84BF27
:102BD00000231D4A1370B8F80030019AD11A009AE8
:102BE0001A4401910092029A1A4400230292194A4F
:102BF000A8F80030C2F88430BFF34F8F237000294B
:102C00007FF462AF009805B0BDE8F08F4FF400622A
:102C10000D4B8AF8000019781346A8F800208AE7BF
:102C2000012300988AF8003005B0BDE8F08F1A46FD
:102C3000C3F500607FE70198E5E700BF4289022005
:102C4000146D0220C0AB0020408902204B89022075
:102C500060E5202000002E40088902203E890220E5
:102C6000704700BF2D4B002180222D4870B51B7886
:102C700000242C4D8B422C4E0CBF40234FF400738C
:102C80002B80338003F0FEF8284A2146284B14702D
:102C90004FF4807227481C8003F0F4F8264A102174
:102CA000264B0220C2E90044C2E90244244AC3E997
:102CB00000441470234AC3E90244234B1C7023468A
:102CC00014602246FFF7FCF82246318803201F4B90
:102CD000FFF7C4F82346012229880320FFF7F0F804
:102CE00020460134FFF70EFE082CF9D1184B0021C5
:102CF0004A221848184C0460C3F88410C3F8802096
:102D0000D3F84821154942F08072C3F8482121B117
:102D1000134A137843F00103137070BD4C890220ED
:102D2000C0AB00200C8902200489022040890220C7
:102D30000889022040AA00208C690220A86902208C
:102D4000398902207C6902203B890220F1000300BE
:102D500000002E40786F0220A50103000000000053
:102D6000538902202DE9F04F4FF0E0234FF4003259
:102D7000DFF8C8A083B0C3F88C218B469AF80040D6
:102D800000294FD08046E4B20027DFF8B490264BEC
:102D9000ABEB070225491B78A34204F101043FD0A5
:102DA000092C234B404628BF00241E5D39F816C06D
:102DB0000CEB462319441F4B33F81650A5EB0C05BA
:102DC000AA421CD20CEB462C18491B4C61440192C0
:102DD000FEF730F8216839F816505846019AA1EBF1
:102DE0000B012A44394429F8162021604FF0E023D2
:102DF0004FF40032C3F80C2103B0BDE8F08F2A462F
:102E00002F44FEF717F80C49E3B230460A68A8448D
:102E1000521B0A608AF80030FFF774FDBB45B6D834
:102E20003846E3E70846E1E73989022060D52020EB
:102E3000C06902208C6902207C6902203B89022043
:102E4000A86902200B4B0C4A12781978D3B28A4237
:102E50000DD0013309480A4A092B0A4928BF00232B
:102E6000C35C31F8131002EB4323585C70474FF0FA
:102E7000FF307047398902203B890220C069022057
:102E800060D52020A8690220044B10B51C680CB145
:102E9000204610BD00F0E0F8204610BD7C690220FD
:102EA0002DE9F84F144E154D33782A78934221D0EE
:102EB000DCB2DFF85090DFF850B0DFF85080104FF0
:102EC0000134082C5FFA84FA01D90024A24619F8CB
:102ED0000400DBF8003038F8102037F81010521AD0
:102EE0009B1ACBF80030FFF70DFD86F800A02B7879
:102EF000A342E5D1BDE8F88F3B8902203989022041
:102F0000A8690220C06902207C6902208C69022025
:102F100000B583B001210DF10700FFF723FF20B1B9
:102F20009DF8070003B05DF804FB4FF0FF30F9E7B0
:102F3000094B00B583B01B788DF807003BB1012128
:102F40000DF10700FFF7B0FD03B05DF804FB03F0DF
:102F5000FF0003B05DF804FB4B890220044B1B7893
:102F600003F0FF020BB1FFF79FBD1046704700BF93
:102F70004B8902202DE9F0410024DFF84480012331
:102F80000D4D27460D4E88F8003033782846203501
:102F9000A34204F1010405D0FEF7FEFF030658BF6B
:102FA00007F50067042CF0D1BFF34F8F002338469C
:102FB00088F80030BDE8F081C0AB002040890220D5
:102FC000428902202DE9F8431D4B1B7813B11D4D9A
:102FD0002A880AB9BDE8F8831B4EC2F500691B496F
:102FE00033784A461A4C01EB43181A4F04EBC324BA
:102FF000012340463B7021460023FEF793FF04EB7C
:103000000902BFF34F8F4FF0E023C3F8704F203415
:10301000A242FAD8BFF34F8FBFF36F8F0320414610
:10302000FEF798FF33780133DBB2032B88BF002310
:10303000337000232B80BFF34F8F3B70BDE8F883C4
:103040004B8902200889022040890220C0AB002061
:1030500060E52020428902202DE9F8432D4B1E789F
:1030600066B12D4F3B784BB90123F1073B7043D438
:10307000B20726D400233B70730701D4BDE8F88360
:10308000264B1A68002AF9D0EFF30582002AF5D101
:10309000EFF3108572B61868002834D0204C2178E0
:1030A000002930D10122227042691A60002A2ED0F4
:1030B000916105B962B60025836845779847257008
:1030C000DCE7DFF8648098F80030002BD2D00025D0
:1030D000DFF858902B4659F82340013523682046E5
:1030E0001B69984710B163699B68984798F800205E
:1030F000EBB29A42EFD8BDE7FFF7C6FE0028B7D083
:10310000AFF30080B4E7002DB8D162B6B6E7054B47
:103110001A60CEE7538902202589022044D8002076
:103120002089022050D800202389022008D90020BD
:10313000C1B2C0F30722C0F3074301EB812181EA4A
:1031400091110A4402EB822282EA9212134403EBA9
:10315000832383EA931303EB106000EB802080EA63
:10316000901000EBC00080EAD02000EBC030704728
:1031700010B50446FFF7DCFF23681844FFF7D8FFBB
:103180006368BDE810401844FFF7D2BF2DE9F04F47
:10319000054693B06FF0004C6C681090008826468E
:1031A0000A948444AC6811939B082746069406EB66
:1031B0004C040C910E900D920B940F9300F0C28072
:1031C000254604468008083204F0030401F1080A89
:1031D000C100039207942C4606F1080202930834BA
:1031E0007B18059000940991019208933AF9083CE4
:1031F0000099019C21F8083C3AF9063CA64621F8C2
:10320000063C3AF9043C21F8043C3AF9023C21F826
:10321000023C059954F8085C54F8044C002900F06D
:1032200013810EF1080306988846A1B21A4604934A
:10323000002300F1080C96460A461E4618461F4613
:10324000A9465CF8081C25FB017724FB0166DFF822
:1032500044B25EF8085C09EA0B0B42EA0B0222FB5F
:1032600011008C4A1FFA85F9224049EA020222FB2A
:1032700011315CF8043C24FB03775EF8044C25FB19
:10328000036622FB1300DFF80C92A2B205EA0909DB
:1032900042EA090929FB1313B8F101080CF1080CE3
:1032A0000EF1080ECCD1019A09990A449646089A63
:1032B000079999B1116825FB017724FB0166754ACE
:1032C0001FFA84FC2A404CEA020222FB1100714AD8
:1032D000BEF8005022402A4322FB1133009AF61315
:1032E00006F30F060832B6B2DB130AF1080A0092A1
:1032F000FF13049AC01303F30F03019246EA034637
:10330000039A07F30F0702F10803BFB200F30F009F
:10331000039347EA0040029B42F8080C013B42F845
:10332000046C02937FF462AF0F9B0B9ADB001A448C
:103330000B920C9A1A440C920D9A1A440D920A9A06
:103340001A440A92119B13F0030A3CD00B9B574678
:10335000CDF800A0A3F1020C069BDDF830A003F12C
:1033600004080E9BDDF834B04FEA53090A9B03F1C1
:10337000040E3AF9022B444670464D4600232CF8C1
:10338000022F34F9042C013D30F9046C04F10404DB
:1033900030F9021C00F1040006FB023334F9062C5C
:1033A00001FB0233EDD1013F4FEAE3330EF1020E90
:1033B00003F30F032BF8023BDBD10A9BDDF800A0DF
:1033C00003EB4A030A930E9B5F1E109BBD085E68C9
:1033D0002CD00A9806F1100302461032964238BFEC
:1033E00098422CBF01230023022D94BF002303F039
:1033F000010393B3034633439B072ED100F1080228
:1034000006F108030021013152F8084C52F8040C6F
:1034100008338D4243F8104C43F80C0C02F10802BB
:10342000F1D1ED000A9B2E442B440A9317F00303BD
:1034300007D0023E0A9A32F9021B013B26F8021F0E
:10344000F9D113B0BDE8F08F0F460B460E46084683
:103450000EF10801069A04912AE70A9B06F1080278
:103460002946083333F9080C013903F1080302F146
:10347000080222F8100C33F90E0C22F80E0C33F966
:103480000C0C22F80C0C33F90A0C22F80A0CE9D1C6
:10349000C7E700BF0000FFFF00F03F020B4B8009B1
:1034A000520233F9101030B4C2F50044451C0848EC
:1034B00001FB04F133F91530084002FB030040F32F
:1034C000CF3030BC20F00100704700BF74510020A5
:1034D0000000FFFF70B4960825D000F1100401F140
:1034E0001003354614ED046A013D54ED036A03F1FF
:1034F000100314ED027A26EE006A54ED017A66EEAE
:10350000806A20EE077A04F1100460EE277A03ED5A
:10351000086A43ED076A03ED067A43ED057AE1D1C7
:1035200036013044314412F0030207D0F0EC017A46
:10353000013A67EE807AE1EC017AF7D170BC70470E
:10354000F0B55FEA930E33D000F1100601F11005DB
:1035500002F11004774616ED037A013F56ED027A28
:1035600005F1100515ED076A06F1100655ED066A1E
:1035700004F1100415ED055A37EE066A55ED085AA8
:1035800077EEA66A16ED057A56ED087A37EE057ADB
:1035900004ED076A77EEA57A44ED066A04ED057A34
:1035A00044ED087AD7D14FEA0E1420442144224436
:1035B00013F0030309D0F0EC017A013BB1EC017A7E
:1035C00077EE877AE2EC017AF5D1F0BD08B52DED02
:1035D000028BB0EE408A00F083FEB4EE488AF1EE32
:1035E00010FA06D6DFED098AB4EEE88AF1EE10FA99
:1035F00002D4BDEC028B08BD02F0E4FD88EEA80AFF
:10360000BDEC028B2123036008BD00BF0000000059
:10361000000000002DE9F04F5BEC10AB2DED0A8BA4
:103620004FEA1B5C11EE90EA0CF1FF3640F2FD70A0
:10363000864210EE101A11EE103A89B05A466546CD
:103640004FEA1E5400F2C680C4F30A06A6F2BE3644
:103650007F2E98BF002000F2BD80BFEE000BE14C32
:10366000E14B1444C4F3463503EB451693ED006B70
:1036700093ED027B96ED128B96ED189B96ED162B33
:10368000260D241505EE904A360593ED0C4BB8EE49
:10369000E55B951BA5EE062BA5EE079B93ED04AB12
:1036A00093ED105B93ED08BB93ED067B93ED0A6BF6
:1036B00093ED0E3B0C1E45EC1C4BACEE080BA0EE44
:1036C000053BA0EE046B20EE0A5B30EE024B20EED1
:1036D000058BA0EE0B7BA8EE036B32EE442BA8EE1D
:1036E000067B32EE002BB0EE483B39EE022B95EE16
:1036F000003B34EE085B20EE080B34EE454B32EE17
:10370000036B34EE084B36EE046BA0EE076B35EE20
:10371000064B21EE048B18EE902AB0EE487BC2F3E4
:103720000A556FF47273EB183E2B91EE047B35EE65
:10373000445B35EE065BA1EE057B00F29380AB4B5C
:1037400093ED024B93ED005BB0EE441B93ED042B25
:10375000A8EE051B93ED066B11EE101A31EE441B1B
:1037600001F07F0293ED0E4BA1EE028BA1EE068BD2
:1037700093ED0C6B37EE087B27EE072B921802F1C6
:103780000F0403EBC202A7EE046B92ED1C4B03EB9C
:10379000C40293ED0A3B93ED085B53F8346057681D
:1037A000A7EE035B4018002422EE023B37EE047BB9
:1037B000A219A2EE057B07EB4033A3EE067B002D9A
:1037C0005FD043EC102BA7EE000B09B0BDEC0A8BC9
:1037D000BDE8F08FD8184EEB0E09461E37466FF045
:1037E000010849F1FF36B8456FF4001777EB06067C
:1037F000C0F02081481842EB0209461E374669F1A5
:103800000006B8456FF4001777EB0606C0F0398163
:10381000002A6ADB0020C4F30A06A6F2BE337F2B1F
:1038200040F2FF774FD9724B00209A4208BF814285
:1038300000F0FD8040F2BD35AE4240F2918001299A
:1038400072EB030334BF01230023BC428CBF00246E
:103850000124A3420ED109B0BDEC0A8BBDE8F04FA4
:1038600000F060BD002BC0F2CE80B5F5816F75D938
:10387000002AF0DB09B0BDEC0A8BBDE8F04F00F088
:1038800059BDA14280F21381B7EE003B03F17F5195
:1038900001F50011104641EC150B27EE057B35EEC6
:1038A000076BB0EEC64BB4EEC34BF1EE10FA61D429
:1038B0009FED480B26EE000B09B0BDEC0A8BBDE86E
:1038C000F04F00F067BD002D7FF4C7AE9FED437B46
:1038D0004BEC16AB26EE077B53EC172B23F0004284
:1038E00017EE101AA2F15072B7E6C4F30A0640F2BE
:1038F000FE3086427EDD40F23340864200F3FA809D
:10390000801BA0F120054FF0FF374FF0FF398740B3
:1039100009FA05F9C0F12008019547EA09054FF0B9
:10392000FF3727FA08F945EA0905874023EA070720
:103930002EEA05053D435DD1019DC3400EFA08F80E
:1039400043EA08032EFA05FE43EA0E0303F00103DF
:10395000980422F00042CCF30A055EE70025EEE66B
:1039600088429341B7EE000B34BF31EE000B30EECE
:10397000410B2AE7B5EEC06BF1EE10FA35EE465B6F
:10398000BFEE004B35EE075B58BFB0EE434B36EE53
:10399000043B34EE437B37EE067B37EE057B37EE98
:1039A000037B37EE446BB5EE406BF1EE10FA04D1B9
:1039B0002A4601F0004343EC162B9FED065B8DED8C
:1039C000045B9DED047B27EE057B8DED067B6FE7A9
:1039D000AFF30080000000000000100000000000B5
:1039E00000003043AB6A19C0280D0020C803002036
:1039F0000000F03F4BEC10AB09B0BDEC0A8BBDE80A
:103A0000F04F00F0B7BCB7EE000B38EE000B00280B
:103A10003FF4DBAEB1EE400BD7E64918594B82F4C8
:103A200000224FF000005241884293415DD3B7EE2F
:103A3000000BCAE650EA0904EFD0534C0025A2421D
:103A400008BFA94247D04918504B52418D4273EBF1
:103A500002044AD3994508BFA84246D103F1004366
:103A60009A4208BFA942E2D09A426FEA0E0E34BFD2
:103A7000002201224FEADE7E724577D09FED3D0B9A
:103A8000A3E64BEC17AB002A27EE070B34DB002232
:103A900050EA09095DD1BEF1000FBFF696AE10469F
:103AA00009B0BDEC0A8BBDE8F04F00F04BBC03F150
:103AB00040419FED326B01F57001104641EC100B57
:103AC000A7EE000B20EE060B09B0BDEC0A8BBDE89B
:103AD000F04F00F06BBCDB182A4A8EF4002E4EEB40
:103AE0000E0E9D4272EB0E02A1D24BEC17AB37EEDD
:103AF000010B6AE600202CE7C4F30A02A2F2FF31B0
:103B00003429C4D8C2F586624FF0FF31A2F11D05F9
:103B1000033201FA05F701FA02F4C2F120063C4330
:103B200021FA06F73C43914023EA01012EEA0404FE
:103B30002143ACD123FA02F20EFA06F632432EFAF2
:103B400005F52A4312F00102A2D0B1EE400B01228A
:103B50009EE7BEF1000FBFF638AEB7EE006B86EE03
:103B6000007B8DED027B9DED020B2EE621EE010B1D
:103B70002BE600BF00000000000000000000000075
:103B80000000007F0000F0FF0000F03F0000E0FFB9
:103B900070B510EE104AC4F3C7537F3B162B064690
:103BA0000DDC002B1FDB144A42FA03F31C4212D136
:103BB00004F0004386ED000A00EE103A70BD86ED79
:103BC000000A00F01BF890B907EE904A37EEA70AFA
:103BD00086ED000A70BD24EA030507EE105A056061
:103BE00030EE470A70BD04F00045056070BD04F07A
:103BF000004300EE103A70BDFFFF7F0010EE103A58
:103C000033F000400ED0A0F50003B3F1FE4F0DD30A
:103C1000074B421E9A4207D9A0F1FF40B0FA80F04C
:103C20004009704702207047032070470420704706
:103C3000FEFF7F0010EE103A40F22A41C3F30A5211
:103C40008A42B7EEC03A32D8B7EE000B2D4B93ED57
:103C50004A2B93ED481BB0EE417BA2EE037B17EE9F
:103C6000100A37EE417B00F01F0203EBC20130B4B3
:103C700092EE037B93ED4C4B53F832404D6893ED3D
:103C80004E6B93ED505BA4EE076B27EE074B0021C4
:103C90000A1905EBC033A5EE070B43EC172BA6EE74
:103CA000040B30BC20EE070BB7EEC00B704713F5CA
:103CB000000F20D0B2F5FF6F1AD2DFED137AB4EE09
:103CC000E70AF1EE10FA10DCDFED107AB4EEE70A45
:103CD000F1EE10FA12D4DFED0E7AB4EEE70AF1EE4F
:103CE00010FAB1D5002000F0CDBA002000F0D0BA13
:103CF00030EE000A70479FED070A7047002000F081
:103D0000BBBA00BF800200201772B142B4F1CFC22B
:103D1000CF8ECEC2000000000000000030B410EED4
:103D2000103A2DED028BA3F5000110EE902AB1F1AF
:103D3000FE4F10EE104A82B04FEA42017CD201F1F0
:103D4000FF3C6FF08070844580F0F780002004F124
:103D5000404303F54D03C3F3C342DB0DDB05E11A1A
:103D6000DB1507EE903AB14B03EB021292ED003BEC
:103D700004EE101AB7EEE06AB7EEC44ABFEE000BCD
:103D8000A3EE040B93ED443B20EE001B93ED464B5A
:103D900093ED402BA0EE034B93ED425B93ED483B3C
:103DA000A0EE025B21EE012B92ED028BB8EEE77BD9
:103DB00037EE087BA0EE037BA1EE047BA5EE027B31
:103DC00026EE077B17EE903A48F2BF01C3F3CF33DC
:103DD0008B4250D2B7EE000B954B93ED402B37EE54
:103DE000023B13EE102A33EE423B02F01F01821811
:103DF00003EBC10093ED424B37EE437B53F8314068
:103E0000456893ED446B93ED465BA7EE046B27EE9C
:103E1000074B0023181905EBC231A7EE050B41EC47
:103E2000170BA6EE040B20EE070BB7EEC00B02B08B
:103E3000BDEC028B30BC70474D1E6FF08070854228
:103E400080F0CE8059004D1E854280F09280002B7C
:103E500055DB0020B4F5000FBFF479AFDFED757AC4
:103E600007EE103A67EE277A17EE904A24F00044E6
:103E7000A4F138646BE79FED656BB4EEC67BF1EEA1
:103E800010FA15DC9FED636BB4EEC67BF1EE10FA11
:103E900020DD4FF04C5388B10193DDED016ABFEE98
:103EA000006A76EE666AF4EE466AF1EE10FA11D018
:103EB00002B0BDEC028B30BC00F0EAB90093DDED3E
:103EC000006AB7EE006A76EE866AF4EE466AF1EEB4
:103ED00010FAEDD19FED516BB4EEC67BF1EE10FA06
:103EE00057D99FED506BB4EEC67BF1EE10FA7FF51B
:103EF00071AF02B0BDEC028B30BC00F0C3B9C2F3AD
:103F0000C7517E2911DD962954DC0120C1F19601AB
:103F100000FA01F1481E104207D1114214BF0120DE
:103F20000020000424F0004494E700EE103A02B0B0
:103F3000BDEC028B30BC00F0C3B9002952D0B3F104
:103F40007E5F2CD06400B4F17F4F2ED8B1F17F4F4B
:103F50002BD1B4F1FE4F4BD0B4F1FE4F6FEA020209
:103F600034BF00240124D20F94424CD09FED320A7A
:103F70005DE7002B20EE000A1EDB002000293AD16D
:103F8000002ABFF654AF02B0BDEC028B30BC00F08B
:103F900085B902B0BDEC028B30BC00F06DB982F483
:103FA0008002520012F5000F22D907EE903A37EE48
:103FB000A00A3CE70020B5E7C2F3C753A3F17F0096
:103FC0001728DAD8C3F19600012303FA00F0441E43
:103FD0001442D2D11040D1D0B1EE400A1846CDE7FC
:103FE0000029AFD184F48002520012F5000FDCD812
:103FF000B7EE000A1BE7002ABFF619AFF7EE007A0A
:1040000087EE800A13E720EEA00A10E771D5D1FFF2
:10401000FFFF5F40E2AAA3FFFFFF5F400000000038
:1040200000C062C00000000000A062C0701D00203F
:10403000800200200000004B0000000030B510EEB0
:10404000104AC4F30A53B3F57D7FB7EEC06A83B05C
:104050001BD226EE065BB3F5667F6ED326EE052BEC
:1040600025EE021B734B93ED1A3B93ED187B93EDFA
:10407000164BA5EE037BA2EE046BB0EE460BA7EE4B
:10408000010BB7EEC00B03B030BD40F22E4293429D
:104090005ED8684991ED087B26EE077BFDEEC77B75
:1040A00091ED0A5B17EE903A03F500031B1613F02F
:1040B000020F07EE903A01F1700208BF0A46D807D6
:1040C000B8EEE77BA7EE456B26EE067B1BD403F02C
:1040D000030301EBC30192ED1A4B91ED002B92ED1E
:1040E000185B26EE026B92ED163BA7EE045B26EE04
:1040F000074B27EE047BA4EE036BA5EE076BB7EE30
:10410000C60B03B030BD92ED142B27EE075B92ED8A
:10411000126B92ED0E3BA7EE026B92ED0C0B92ED43
:10412000104BA7EE030B27EE057BA5EE040BA6EEC6
:10413000070BB7EEC00B03B030BD220D12F4FF6FBA
:10414000DFD1B7EEC55B00EE104A8DED015AD8E71E
:10415000B3F5FF6F4BD2384BC4F3836203EB82009D
:1041600053F822200569C4F31603C4F3C25143F483
:1041700000038B40016A03FB02F2A3FB0110E3FB87
:10418000050202F100518D0F01F04041511A00F07B
:10419000C9FA2A4B9FED257B05EBD47441EC160B35
:1041A00014F0020FA3F1700208BF1346E90726EED0
:1041B000077B27EE076B1FD404F0030402EBC40255
:1041C00093ED1A4B92ED002B93ED185B27EE027BDB
:1041D00093ED163BA6EE045B27EE064B26EE046B32
:1041E000A4EE037BA5EE067BB7EEC70B89E703B011
:1041F000BDE8304000F064B893ED142B26EE065B6A
:1042000093ED127B93ED0E3BA6EE027B93ED0C0B30
:1042100093ED104BA6EE030B26EE056BA5EE040BFB
:10422000A7EE060BB7EEC00B6BE700BF182D44548A
:10423000FB21193C981E0020B0450020081F0020DB
:1042400010B582B08DED010A044601F0BBFF9DED73
:10425000010A046002B010BD30B1F1EE407A27EEE1
:10426000800A2220FFF7ECBFF0EE407A27EE800AAA
:104270002220FFF7E5BF00BF9FED010AFFF7ECBF6B
:10428000000000109FED010AFFF7E6BF0000201AB2
:104290009FED010AFFF7E0BF000000709FED070AE5
:1042A000FFEE007AB7EE007A00284FF0220047FEBA
:1042B000277A87EE800AFFF7C3BF00BF0000000027
:1042C00070EE407AB4EE400A87EEA77AF1EE10FA6B
:1042D000B0EE470A02D62120FFF7B2BF704700BFF9
:1042E000B1EEC00A704700BF10B582B08DED000B73
:1042F000044601F067FF9DED000B046002B010BDA5
:1043000082B058B1B1EE407B8DED007B9DED007B1E
:10431000222020EE070B02B0FFF7E6BFB0EE407B95
:10432000F2E700BF9FED010BFFF7EABF00000000BE
:10433000000000109FED010BFFF7E2BF000000003E
:104340000000007082B00028B7EE006BBFEE007B6B
:1043500006FE077B8DED007B9DED000B9FED037B43
:10436000222080EE070B02B0FFF7BEBF0000000066
:1043700000000000B4EE400BF1EE10FA30EE407B8E
:1043800087EE076BB0EE460B02D62120FFF7ACBFDD
:10439000704700BFB5EE400BF1EE10FA00D0704749
:1043A0002220FFF7A1BF00BF000000009FED076BB8
:1043B000B0EEC07BB4EE467BF1EE10FA00DC704745
:1043C0002220FFF791BF00BFAFF30080FFFFFFFF88
:1043D000FFFFEF7F03460846194601F05BB800BFB8
:1043E00038B5084C4FF41E652846E56000F08EFB9A
:1043F000A06020B10023C0E90053606038BDE060D8
:10440000606038BDC4D7002081F0004102E000BFE9
:1044100083F0004330B54FEA41044FEA430594EA84
:10442000050F08BF90EA020F1FBF54EA000C55EABF
:10443000020C7FEA645C7FEA655C00F0E2804FEA90
:104440005454D4EB5555B8BF6D420CDD2C4480EA72
:10445000020281EA030382EA000083EA010180EAA2
:10446000020281EA0303362D88BF30BD11F0004FF0
:104470004FEA01314FF4801C4CEA113102D0404226
:1044800061EB410113F0004F4FEA03334CEA133361
:1044900002D0524263EB430394EA050F00F0A78079
:1044A000A4F10104D5F1200E0DDB02FA0EFC22FA74
:1044B00005F2801841F1000103FA0EF2801843FA68
:1044C00005F359410EE0A5F120050EF1200E012A59
:1044D00003FA0EFC28BF4CF0020C43FA05F3C01897
:1044E00051EBE37101F0004507D54FF0000EDCF110
:1044F000000C7EEB00006EEB0101B1F5801F1BD3B9
:10450000B1F5001F0CD349085FEA30004FEA3C0CBC
:1045100004F101044FEA445212F5800F80F09A80B2
:10452000BCF1004F08BF5FEA500C50F1000041EBB6
:10453000045141EA050130BD5FEA4C0C404141EBBA
:104540000101013C28BFB1F5801FE9D291F0000FB5
:1045500004BF01460020B1FA81F308BF2033A3F164
:104560000B03B3F120020CDA0C3208DD02F1140C5B
:10457000C2F10C0201FA0CF021FA02F10CE002F196
:104580001402D8BFC2F1200C01FA02F120FA0CFC8F
:10459000DCBF41EA0C019040E41AA2BF01EB0451D8
:1045A000294330BD6FEA04041F3C1CDA0C340EDCD6
:1045B00004F11404C4F1200220FA04F001FA02F319
:1045C00040EA030021FA04F345EA030130BDC4F1D7
:1045D0000C04C4F1200220FA02F001FA04F340EACC
:1045E0000300294630BD21FA04F0294630BD94F07D
:1045F000000F83F4801306BF81F480110134013D64
:104600004EE77FEA645C18BF7FEA655C29D094EAD4
:10461000050F08BF90EA020F05D054EA000C04BF52
:104620001946104630BD91EA030F1EBF002100203D
:1046300030BD5FEA545C05D14000494128BF41F0DC
:10464000004130BD14F580043CBF01F5801130BD40
:1046500001F0004545F0FE4141F470014FF00000CB
:1046600030BD7FEA645C1ABF194610467FEA655C7C
:104670001CBF0B46024650EA013406BF52EA03351E
:1046800091EA030F41F4002130BD00BF90F0000F0C
:1046900004BF0021704730B54FF4806404F1320448
:1046A0004FF000054FF0000150E700BF90F0000F01
:1046B00004BF0021704730B54FF4806404F1320428
:1046C00010F0004548BF40424FF000013EE700BFF8
:1046D00042004FEAE2014FEA31014FEA02701FBF88
:1046E00012F07F4393F07F4F81F06051704732F0BA
:1046F0007F4208BF704793F07F4F04BF41F4002111
:10470000704730B54FF4607401F0004521F000416E
:104710001CE700BF50EA010208BF704730B54FF0F8
:1047200000050AE050EA010208BF704730B511F0F9
:10473000004502D5404261EB41014FF4806404F131
:1047400032045FEA915C3FF4D8AE4FF003025FEAB7
:10475000DC0C18BF03325FEADC0C18BF033202EB3B
:10476000DC02C2F1200300FA03FC20FA02F001FA95
:1047700003FE40EA0E0021FA02F11444BDE600BF38
:1047800053B94AB9002908BF00281CBF4FF0FF31B8
:104790004FF0FF3000F070B9ADF1080C6DE904CEB8
:1047A00000F006F8DDF804E0DDE9022304B070470C
:1047B0002DE9F047089E0D4604460F46002B4AD1CE
:1047C0008A42944665D9B2FA82F343B102FA03FCF5
:1047D000C3F120029F4020FA02F217439C404FEAA7
:1047E0001C4E1FFA8CF5B7FBFEF1220C0EFB117765
:1047F00042EA074201FB05F090420AD91CEB020293
:1048000001F1FF3780F01C81904240F2198102399A
:104810006244121AA4B2B2FBFEF00EFB102244EA6C
:10482000024400FB05F5A5420AD91CEB040400F183
:10483000FF3280F00781A54240F2048164440238CF
:1048400040EA0140641B00211EB1DC400023C6E9A0
:104850000043BDE8F0878B4208D9002E00F0ED80C0
:104860000021C6E900050846BDE8F087B3FA83F1E8
:10487000002949D1AB4202D3824200F2F880841A67
:1048800065EB030201201746002EE2D0C6E900477F
:10489000DFE702B9FFDEB2FA82F3002B40F090802E
:1048A0008A1A4FEA1C471FFA8CFE0121B2FBF7F56A
:1048B00007FB1520220C42EA00420EFB05F0904255
:1048C00008D91CEB020205F1FF3802D2904200F237
:1048D000CB804546121AA4B2B2FBF7F007FB1022B8
:1048E00044EA02440EFB00FEA64508D91CEB040472
:1048F00000F1FF3202D2A64500F2BB801046A4EBC5
:104900000E0440EA05409FE7C1F120078B4022FAE0
:1049100007FC4CEA030C05FA01F420FA07F3FD400A
:104920004FEA1C492343B5FBF9F81FFA8CFE09FB3B
:1049300018551C0C44EA054408FB0EF5A54202FA82
:1049400001F200FA01F00BD91CEB040408F1FF3A64
:1049500080F08880A54240F28580A8F10208644476
:10496000641B9DB2B4FBF9F309FB134445EA04440C
:1049700003FB0EFEA64508D91CEB040403F1FF352A
:104980006CD2A6456AD9023B644443EA0843A3FBC0
:104990000295A4EB0E04AC42C846AE4656D353D0A3
:1049A00056B1B0EB080264EB0E0404FA07F7CA40F4
:1049B000CC401743C6E9007418460021BDE8F087D3
:1049C000C3F1200102FA03FC20FA01F225FA01F1F9
:1049D0009D402A434FEA1C471FFA8CFEB1FBF7F0BB
:1049E00007FB1015110C41EA054100FB0EF58D4245
:1049F00004FA03F408D91CEB010100F1FF382FD2AF
:104A00008D422DD902386144491B92B2B1FBF7F5B2
:104A100007FB151142EA014205FB0EF1914208D94C
:104A20001CEB020205F1FF3816D2914214D9023D67
:104A30006244521A45EA004138E73146304608E7F9
:104A40003946E6E61046FBE64845A9D2B9EB02082E
:104A500065EB0C0E013BA3E74546EAE72B4694E7DE
:104A60004046D1E7D0467BE7023D624432E7084644
:104A70000AE76444023842E7704700BF10B4044CB0
:104A800003460A4620685DF8044B194600F002B858
:104A90009487002038B5A1FB02148CBB00F046F8C7
:104AA0000546E0B150F8042C22F00302043A242A0F
:104AB00017D8132A1AD91B2AC0E900441DD9242A61
:104AC00014BF00F1100200F118024FF00003C0E91A
:104AD000024404BF04614461C2E900339360284684
:104AE00038BD214601F0CEF9284638BD02460023E4
:104AF000C2E900339360284638BD00F10802F6E7AA
:104B000001F060FB0C2300250360E8E7024B01463F
:104B1000186800F00BB800BF94870020024B0146D4
:104B2000186801F049BD00BF948700202DE9F04FBF
:104B300001F10B06162E83B0044624D8102900F28A
:104B4000BA8000F0A3FA102618220220B54F3A448A
:104B5000A2F1080153688B4200F0BA805A68D96804
:104B600022F003021A449D68E9608D60516841F0AB
:104B700001012046516003F1080500F08DFA284636
:104B800003B0BDE8F08F36F0070600F19480B14223
:104B900000F2918000F07AFAB6F5FC7FC0F09A81BD
:104BA000730A00F08F80042B00F26F81B30903F1C8
:104BB000390003F1380CC3009A4F3B44A3F10805B8
:104BC0005B689D4206D10CE0002980F22781DB68FA
:104BD0009D4206D05A6822F00302911B0F29F3DD93
:104BE00060463D69DFF850C265457CD06A6822F0B6
:104BF0000302931B0F2B00F37B81002BC7E904CC2E
:104C000080F26C81B2F5007F80F01A81D308796858
:104C100001334FEA521E012202FA0EF20A4357F8FC
:104C200033E0C5F808E007EBC3010839E9607A60B2
:104C300047F83350CEF80C5083100121994091422F
:104C400057D8114206D120F003004900114200F16B
:104C50000400FAD007EBC0094D468646D5F80C8013
:104C6000454508D11DE1002B80F22481D8F80C8045
:104C7000454500F01681D8F8042022F00302931B6A
:104C80000F2BF0DD2046D8E9025408EB060146F070
:104C90000106C8F80460EC60A56043F00104C7E9B0
:104CA0000411C1E902CC4C6048F8023000F0F4F97C
:104CB00008F1080502E00C2323600025284603B014
:104CC000BDE8F08F4FF4007340204FF03F0C73E7C6
:104CD000D3689A4208BF02307FF440AF3D69DFF8E5
:104CE00058C1654582D17A6883100121994091426B
:104CF000A7D9BD686B6823F003094E4503D8A9EB1B
:104D000006030F2B7ADCDFF834B1474BDBF80020C9
:104D10001B680132334405EB090A00F0338103F5C7
:104D200080530F3323F47F6828F00F084146204654
:104D300001F020FA411C024600F0F380824500F2A7
:104D4000EE803A4B196841441960084600F04E81E4
:104D5000DBF80010019301311BBFA2EB0A01091817
:104D6000CBF80020196012F0070B00F01781CBF18F
:104D700008010A44CBF5805190440831A1EB0801A9
:104D8000C1F30B0A51462046009201F0F3F9421C90
:104D9000DDE9002300F04F81801A00EB0A08196852
:104DA000BA6048F001005144BD425060196000F003
:104DB0002981B9F10F0F40F227816868A9F10C0C25
:104DC0002CF0070C00F0010040EA0C0068604FF086
:104DD000050E05EB0C00BCF10F0FC0E901EE00F26F
:104DE000328150681546124B1A688A4238BF1960E2
:104DF000104B1A688A4238BF196094E0AA1943F030
:104E0000010346F001066E602046BA60536000F070
:104E100043F90835284603B0BDE8F08FD9681A4435
:104E2000A1E600BF7883002024DC0020F4DB002012
:104E30001CDC002020DC00208083002080870020F4
:104E4000B2F5206F4FEA522363D3142B00F2B780E0
:104E500003F15C01C9005B3307EB010E7958AEF139
:104E6000080E8E4500F091804B6823F003039342B7
:104E700002D989688E45F7D1D1F80CE07A68C5E986
:104E8000021ECEF80850CD60D6E6142B59D9542B0B
:104E900000F29D80330B03F16F0003F16E0CC30031
:104EA0008AE60EF1010E1EF0030F05F108057FF4EE
:104EB000D5AE51E0424445465368D8F80C1043F053
:104EC0000103536055F8083F2046D9608B6000F01D
:104ED000E3F8F3E6F00806F1080237E62A44204634
:104EE000536843F001035360083500F0D5F8E5E658
:104EF000A919204646F0010643F001046E60C7E997
:104F00000411C1E902CC4C60AB5000F0C5F8083583
:104F1000D4E6930903F13901C90038339CE7BD4257
:104F20005FD0BD68686820F003084645A8EB06031B
:104F300002D80F2B3FF762AF204600F0ADF80025F6
:104F4000BCE603F15C0003F15B0CC30034E659F8E6
:104F500008394B4540F0968010F0030F00F1FF3008
:104F6000F5D17B6823EA01037B60490099423FF653
:104F7000C0AE19B9BDE649000EF1040E1942FAD0CF
:104F8000704667E603F11008D0E69A104FF001086A
:104F90007B6808FA02F21A437A6070E702EB0801B4
:104FA0004942C1F30B0A51462046009201F0E2F853
:104FB000431CDDE900237FF4EFAEDA46EFE6542B25
:104FC00025D8130B03F16F01C9006E3344E7B3F525
:104FD000AA7F25D8F30B03F1780003F1770CC30007
:104FE000EAE5294B186840441860B1E6CAF30B0C97
:104FF000BCF1000F7FF4ACAEBD68C84448F00100BE
:105000006860F0E61546EEE60123536094E7B3F5D9
:10501000AA7F23D8D30B03F17801C90077331BE7AC
:1050200040F25452934223D8B30C03F17D0003F1B4
:105030007C0CC300C0E5ABF1080BD844A8EB020818
:105040004FF0000AABE605F108012046009301F09D
:10505000B3FABD68009B68681968C4E640F2545111
:105060008B420BD8930C03F17D01C9007C33F3E62E
:105070004FF47E737F204FF07E0C9DE54FF47E71E0
:105080007E23E9E67B6870E7F4DB0020014801F04D
:10509000C7B800BFECDB0020014801F0C3B800BF77
:1050A000ECDB002010B4044C03460A4620685DF88F
:1050B000044B194600F002B8948700202DE9F84F00
:1050C0001746002900F098800C4607F10B05804632
:1050D000FFF7DCFF162D54F8041C5BD810252A4678
:1050E000AF425CD821F003069642A4F1080962DAC7
:1050F000BC4BD3F808C009EB0600844500F097804C
:10510000D0F804C02CF0010303445B68DB0768D4CB
:105110002CF0030C06EB0C03934247DACB0710D4B8
:1051200054F8083CA9EB030ADAF8043023F0030131
:105130008C44B444944580F211817318934280F2F8
:10514000E88039464046FFF7F1FC0746E0B154F8E5
:10515000043C23F001034B44A0F10802934200F009
:10516000D280321F242A00F2F580132A00F2AC808C
:1051700003462246116819605168596092689A6026
:105180002146404601F018FA4046FFF785FF3846B1
:10519000BDE8F88F25F00705002D2A46A0DA0C237C
:1051A000C8F8003000273846BDE8F88F1E46D0E921
:1051B0000223D3609A60731B0F2B22D8D9F80430D6
:1051C00003F0010333434E44C9F80430736843F0DD
:1051D0000103736040462746FFF75EFF3846BDE88F
:1051E000F88FC907ADD454F8083CA9EB030ADAF8E4
:1051F000041021F00301A0E7BDE8F84F1146FFF7C6
:1052000095BCD9F8042009EB050102F001024E44D7
:1052100043F001032A43C9F804204B60736843F04C
:10522000010308317360404601F0C6F9D2E7DCF8AB
:10523000040020F0030B06EB0B0C05F11000844575
:105240004DDAC9073FF57DAF54F8081CA9EB010AF8
:10525000DAF8041021F003018B44B34458453FF7BA
:105260006CAF5746DAF80C1057F8080F321F242A93
:10527000C160886000F2DB80132A40F2D68021688A
:10528000CAF808106168CAF80C101B2A00F2DF8007
:1052900008340AF110022168116061685160A16848
:1052A00091600AEB0501ABEB050242F00102996047
:1052B0004A60DAF8043003F001032B434046CAF891
:1052C0000430FFF7E9FE6EE723680360636843601C
:1052D0001B2A68D804F1080200F108034AE709EB29
:1052E00005029A60ACEB050343F00103536054F8E8
:1052F000043C03F001032B43404644F8043CFFF711
:10530000CBFE27464FE750F8043C23F003031E442E
:1053100051E75746DAF80C1057F8080F321F242AC5
:10532000C16088604CD8132A48D92168CAF808108F
:105330006168CAF80C101B2A56D808340AF110020A
:105340001E462368136063685360A3689360D14668
:105350003C4630E7214600F019FD11E7D0E9021381
:105360005746CB60996057F8081FDAF80C30CB60CD
:10537000321F242A99602DD8132A29D92368CAF804
:1053800008306368CAF80C301B2A42D808340AF186
:10539000100322681A6062685A60A2689A606646C2
:1053A000D1463C4607E7A3688360E368C360242ACC
:1053B00026D004F1100200F11003DBE63A46BFE705
:1053C000214638461E46D14600F0E0FC3C46F2E657
:1053D0003B46DEE7214638466646D14600F0D6FC1D
:1053E0003C46E8E678830020A168CAF81010E1681E
:1053F000CAF81410242A20D010340AF118029FE7AA
:10540000236903616169416104F1180200F1180325
:10541000B0E6A368CAF81030E368CAF81430242A4A
:1054200021D010340AF11803B3E73A4633E7214696
:10543000384600F0ABFC164B33E72269CAF8182057
:105440006269CAF81C2018340AF1200278E7A168C2
:10545000CAF81010E168CAF81410242A0DD01034CC
:105460000AF1180217E72369CAF818306369CAF805
:105470001C3018340AF120038BE72269CAF818207F
:105480006269CAF81C2018340AF1200203E700BF41
:105490007883002013460A460146022000F0F8BF38
:1054A0002DE9F04F9368176883B09246002B70D0B7
:1054B00081468A6808680C46083743E0A38913F4DC
:1054C000906F2ED0D4E90416A0EB010806EB460637
:1054D00006EBD67608F1010076102844B042324639
:1054E00084BF064632465B0537D511464846FFF76E
:1054F0001DFB019000283AD042462169FBF79AFC37
:10550000A289019B22F4906242F08002A281A6EB64
:10551000080203EB08006661A260236120602E464A
:10552000A8464246594600F031FCDAF80830A26835
:105530002068921B40445B1BA2602060CAF80830C0
:105540003BB3083757E902B5002DFAD0AA421646F8
:105550009046B3D92E46A846E3E74846FFF7AEFD8E
:1055600003460028D3D12169484601F025F8A389D4
:105570000C2243F04003C9F800204FF0FF30A38114
:1055800000220023CAF80820CAF8043003B0BDE89E
:10559000F08F00200023CAF8043003B0BDE8F08F7C
:1055A000024A0349034800F035BA00BF888700204B
:1055B000BD620300487300200C4B4168994210B54E
:1055C000044601D003F0B4FAA168094B994202D015
:1055D000204603F0ADFAE168064B994204D020461C
:1055E000BDE8104003F0A4BA10BD00BF28DC0020C5
:1055F00090DC0020F8DC00202DE9F8432A4C2B4BEE
:105600002B48DFF8C090DFF8C0802A4F18600025D3
:1056100004230822294604F15C00274E6566C4E98C
:105620000253C4E90055C4E90455A56100F02AFC01
:10563000224B63670822294604F1C400C4E90749E4
:10564000C4E90987C4E91A55C4E91E55C4F8CC5009
:105650002567C4F88050E66200F014FC184BC4F8CB
:10566000DC30294604F16803082204F59670C4F87A
:105670008430C4E92298C4E92476C4E93455C4E9E5
:105680003855C4F83451C4F8D850C4F8E85000F084
:10569000F9FB04F1D003C4E93C98C4E93E76C4F8B0
:1056A000EC30BDE8F88300BF28DC002060DD00207E
:1056B0002D2D0300153303003533030009000100CD
:1056C00012000200B1320300D532030010B50446C7
:1056D0000A4800F0A5FD636B23B9094B094A1B6812
:1056E000626323B1BDE81040044800F09BBDFFF7A2
:1056F00083FFBDE81040014800F094BDF0DB0020BE
:1057000060DD0020452D0300014800F089BD00BF89
:10571000F0DB0020014800F085BD00BFF0DB002079
:105720009368002B00F085802DE9F04FB1F90C3023
:105730000C461907804683B0174698B225D52369D1
:105740001BB310F002033D682DD04FF0000ADFF8C4
:10575000C0B25646B9465E453346524628BF5B4600
:105760004046002E52D0E169676AB847002856DDEE
:10577000D9F808301B1A8244361AC9F80830002BB1
:10578000E9D1002003B0BDE8F08F2146404600F08B
:1057900067FA002840F03881B4F90C303D6898B2BF
:1057A00010F00203D1D110F0010944D14E46009708
:1057B00046B38205D4F808B040F18580B3455A4617
:1057C00000F2B48010F4906F40F0C1802068019224
:1057D000494600F0DBFAA368019AA3EB0B012368AA
:1057E000A1601344B24623600026009A9368A3EB9D
:1057F0000A03D1449360002BC3D0B4F90C0080B2EB
:10580000002ED6D1D5E900960835D1E7D5E900A616
:105810000835A0E72146404603F086FA88B3B4F97C
:105820000C3043F040034FF0FF30A38103B0BDE8DC
:10583000F08F002070471E46BA46994618460095DC
:105840001F4666B3002832D04A46D4E904132068C4
:10585000A568B24228BF3246884204D905EB030B43
:105860005A4500F3A780934264DCE169656A3A46D1
:105870004046A847B0F1000BD1DDB9EB0B09C9D008
:105880000120DAF80830A3EB0B035F44A6EB0B060C
:10589000CAF80830002B3FF474AF002ED2D1009A22
:1058A0005668134608320092002EF8D01F68324620
:1058B0000A21384600F016FD002800F09C800130D7
:1058C000A0EB0709C0E720682369984216D86269EF
:1058D000B24213D86FF00043B34228BF3346E169A8
:1058E00093FBF2F3676A02FB03F340464A46B8476C
:1058F000B0F1000A93DDA6EB0A0676E7B345DA4677
:1059000028BFB2465246494600F040FAA3682268D2
:10591000A3EB0A035244A3602260002BEBD1214683
:10592000404603F001FA0028E5D078E72068B34646
:1059300032464CE73946019200F028FA019AA368F2
:105940009B1AA360236813442360934695E723685A
:105950002169A3EB010B636903EB430A0AEBDA7AD3
:105960000BF101034FEA6A0A33445345524684BFA0
:105970009A46524643052CD511464046FFF7D6F8C5
:1059800000283BD05A4621690190FBF753FAA289BF
:10599000019B22F4906242F08002A28103EB0B0093
:1059A0002361AAEB0B03C4F814A0A3602060B346E4
:1059B00032460CE739465A4600F0E8F923685B4462
:1059C00023602146404603F0AFF900283FF455AF6D
:1059D00025E74046FFF772FB03460028DED1216928
:1059E000404600F0E9FDB4F90C300C2223F08003AE
:1059F000C8F8002015E7721C914626E70C22B4F97E
:105A00000C30C8F800200CE74FF0FF30BAE600BFBA
:105A100000FCFF7F2DE9F84380460F4616464FF005
:105A20000009D6E90154013D11D4A389012B05F1E8
:105A3000FF3508D9B4F90E300133214603D0404672
:105A4000B84749EA00096B1C04F16804EDD13668D7
:105A5000002EE6D14846BDE8F88300BF0CB410B56F
:105A60001F4B00291C689CB035DB4FF40273ADF866
:105A70001430029006901FAB18D001394FF6FF7218
:105A800004910791ADF8162002A91E9A01932046B1
:105A900001F0ACFA421C01DA8B232360029B002246
:105AA0001A701CB0BDE8104002B070474FF6FF728C
:105AB00004910791ADF8162002A91E9A0193204681
:105AC00001F094FA431C01DA8B2323601CB0BDE87B
:105AD000104002B070478B2323604FF0FF30F5E792
:105AE000948700200EB410B59DB06FF000411FAB3D
:105AF000CDE906010491094953F8042B0290084CA2
:105B00000868019302A9059401F070FA029B002233
:105B10001A701DB0BDE8104003B070479487002094
:105B20000802FFFF10B50C46B1F90E1000F00CFB97
:105B3000002803DB236D0344236510BDA38923F4F0
:105B40008053A38110BD00BF2DE9F0410C46B1F98F
:105B50000C101F46CB05054616460BD421F4805188
:105B6000A1813B46B4F90E1032462846BDE8F0410B
:105B700000F012BBB4F90E100223002200F0CEFA9E
:105B8000B4F90C10EAE700BF10B50C46B1F90E10DD
:105B900000F0C4FAA389421C0EBF23F4805343F4DF
:105BA00080532065A38110BDB1F90E1000F0A4BA96
:105BB000F8B50D461446064610B1436B002B4CD089
:105BC000B4F90C20A369A360170790B21BD5236911
:105BD000CBB1EDB281042F4622D522686169D31A78
:105BE000994229DD0133A1680139A160511C21606E
:105BF000157062699A4227D0A389DB0701D50A2D67
:105C000022D03846F8BD2146304600F029F808BBBE
:105C1000B4F90C20236990B2EDB281042F46DCD494
:105C200042F40052A281626E616922F400526266FF
:105C30002268D31A9942D5DC2146304603F074F825
:105C400040B922680123CEE72146304603F06CF8C4
:105C50000028D6D04FF0FF37D3E7FFF737FDAFE787
:105C600038B5314B1B6805460C4613B15A6B002AF8
:105C70004ED0B4F90C3018079AB21CD5216929B35B
:105C800012F0010007D00020A06060694042A061CE
:105C900039B1002038BD950758BF6069A060002960
:105CA000F7D1120658BF0846F4D543F04003A3814C
:105CB0004FF0FF3038BDD1062ED5520714D42169DC
:105CC00043F00803A3819AB20029D9D102F42070CD
:105CD000B0F5007FD4D02146284603F04FF8B4F940
:105CE0000C3021699AB2CBE7216B51B104F140022B
:105CF000914204D0284600F05FFCB4F90C30002239
:105D0000226321690022C4E9001223F02403D7E7AB
:105D10001846FFF7DBFCACE7092243F040032A609A
:105D20004FF0FF30A38138BD94870020032A70B55F
:105D300014D940EA01039B0722D104460B461946B9
:105D400020460E680568B54204F1040403F104031B
:105D500016D1043A032A20461946F0D8541E9AB1A7
:105D6000421E013901E0C3180CD012F801EF11F8FE
:105D700001CFE645A4EB0203F5D0AEEB0C0070BDFD
:105D8000541EEDE7184670BD104670BD88420DD90F
:105D90008B1883420AD900EB020CBAB1624613F8A1
:105DA00001CD02F801CD9942F9D170470F2A0ED8E2
:105DB000034602F1FF3C4AB10CF1010C013B8C445B
:105DC00011F8012B03F8012F6145F9D1704740EA22
:105DD00001039B0750D1A2F1100370B501F1200C13
:105DE00023F00F0501F1100E00F11004AC441B0963
:105DF0005EF8105C44F8105C5EF80C5C44F80C5CD7
:105E00005EF8085C44F8085C5EF8045C44F8045CE6
:105E10000EF1100EE64504F11004E9D1013312F041
:105E20000C0F01EB031102F00F0400EB031327D05A
:105E3000043C24F003064FEA940C1E441C1F8E46BB
:105E40005EF8045B44F8045FB442F9D10CF101043C
:105E500002F0030203EB840301EB840102F1FF3C37
:105E60004AB10CF1010C013B8C4411F8012B03F8F1
:105E7000012F6145F9D170BD02F1FF3C03469BE75C
:105E80002246EBE7830730B548D0541E002A3FD0A6
:105E9000CAB2034601E0013C3AD303F8012B9D0747
:105EA000F9D1032C2DD9CDB245EA05250F2C45EAB1
:105EB000054536D9A4F1100222F00F0C03F1200E93
:105EC000E6444FEA121C03F1100242E9045542E98C
:105ED000025510327245F8D10CF1010214F00C0F8A
:105EE00003EB021204F00F0C13D0ACF1040323F007
:105EF00003030433134442F8045B9342FBD10CF0D8
:105F000003042CB1C9B21C4403F8011B9C42FBD111
:105F100030BD64461346002CF4D1F9E7034614461D
:105F2000BFE71A46A446E0E711F0FF01034644D05C
:105F3000820732D110B5046841EA012E4EEA0E4EB6
:105F40008EEA0402A2F1013323EA0203A4F1013232
:105F500022EA0402134313F0803F0FD150F8044F9C
:105F600084EA0E0CA4F10133ACF1013223EA0403FC
:105F700022EA0C02134313F0803FEFD0037823B9D9
:105F800036E010F8013F002B32D09942F9D110BD14
:105F90008A4211D09A071846CCD0184613F8012B24
:105FA000002AF5D1104670479907184607D01846C1
:105FB00001330278002AF7D170478207F7D10268CF
:105FC000A2F1013323EA020313F0803F08D150F815
:105FD000042FA2F1013323EA020313F0803FF6D02D
:105FE0000378002BE8D010F8013F002BFBD170475D
:105FF000184610BD002A3ED040EA01039B0730B589
:1060000084462FD1032A2DD90B4608E0043A844652
:10601000194625D01EF0803F22D1032A22D90468D8
:10602000194653F8045BA4F1013EAC4284462EEAC3
:10603000040E00F10400E9D09CF800000C78A042A6
:106040001BD1E64668B11EF8010F11F8014FA2EB13
:106050000E03A04203F1FF330FD11CEB0303F1D178
:10606000002030BD9CF800000C78844205D1012A44
:10607000F6D0E646E6E710467047001B30BD00BF8D
:1060800040EA01039B0730B501D1032A0FD88446AB
:1060900001F1FF3E07E01EF8011F03F8011B541E2B
:1060A000C1B19C4622466346002AF4D130BD0B465E
:1060B0008446194653F8045BA5F1013424EA05042B
:1060C00014F0803FE4D1043A032A4CF8045B1946EB
:1060D000EFD8DDE79444002CE8D003F8011B6345BA
:1060E000FBD130BD014B93F8280170470C82002092
:1060F00000487047FC82002038B5074D0022044656
:1061000008462A60FBF788FA431C00D038BD2B688C
:10611000002BFBD0236038BDB04A022038B50C46B6
:10612000084D8446114620461A4600232B606446DB
:10613000FBF77EFA431C00D038BD2B68002BFBD048
:10614000236038BDB04A022038B50C46084D84465D
:10615000114620461A4600232B606446FBF75AFA84
:10616000431C00D038BD2B68002BFBD0236038BD0A
:10617000B04A022038B5074D0022044608462A607E
:10618000FBF72EFA431C00D038BD2B68002BFBD048
:10619000236038BDB04A022038B50C46084D84460D
:1061A000114620461A4600232B606446F9F716FF75
:1061B000431C00D038BD2B68002BFBD0236038BDBA
:1061C000B04A0220014B1868704700BF9487002036
:1061D00070B50D4E0D4D761BB61006D0002455F847
:1061E000043B01349847A642F9D1094E094D761B6C
:1061F00004F03CFFB61006D0002455F8043B0134EF
:106200009847A642F9D170BD60210060602100600E
:106210001422006060210060704700BF704700BF1B
:10622000704700BF704700BF80EA0102844612F049
:10623000030F4FD111F0030F32D14DF8044D11F07F
:10624000040F51F8043B0BD0A3F101329A4312F032
:10625000803F04BF4CF8043B51F8043B16D100BF0B
:1062600051F8044BA3F101329A4312F0803FA4F19C
:1062700001320BD14CF8043BA24312F0803F04BF23
:1062800051F8043B4CF8044BEAD023460CF8013B90
:1062900013F0FF0F4FEA3323F8D15DF8044B70473A
:1062A00011F0010F06D011F8012B0CF8012B002A78
:1062B00008BF704711F0020FBFD031F8022B12F067
:1062C000FF0F16BF2CF8022B8CF8002012F47F4F22
:1062D000B3D1704711F8012B0CF8012B002AF9D12A
:1062E000704700BF01F0FF01102A2BDB10F0070FF1
:1062F00008D010F8013B013A8B422DD010F0070F67
:1063000042B3F6D1F0B441EA012141EA014122F061
:1063100007047FF000070023F0E80256083C85EAF6
:10632000010586EA010685FA47F5A3FA87F586FA9C
:1063300047F6A5FA87F68EB9EED1F0BC01F0FF0161
:1063400002F0070232B110F8013B013A83EA01037F
:1063500013B1F8D10020704701387047002D06BFF7
:1063600035460338073815F0010F07D1013015F411
:10637000807F02BF013015F4C03F0130F0BC01380E
:10638000704700BF00000000000000000000000097
:1063900000000000000000000000000000000000FD
:1063A00000000000000000000000000000000000ED
:1063B0000000000090F800F06DE9024520F00701B0
:1063C0006FF0000C10F0070491F820F040F04980C5
:1063D0004FF000046FF00700D1E9002391F840F07E
:1063E00000F1080082FA4CF2A4FA8CF283FA4CF322
:1063F000A2FA8CF34BBBD1E9022382FA4CF200F1F2
:106400000800A4FA8CF283FA4CF3A2FA8CF3E3B9F5
:10641000D1E9042382FA4CF200F10800A4FA8CF2CC
:1064200083FA4CF3A2FA8CF37BB9D1E9062301F18C
:10643000200182FA4CF200F10800A4FA8CF283FAEF
:106440004CF3A2FA8CF3002BC6D0002A04BF043010
:106450001A4612BAB2FA82F2FDE8024500EBD20007
:106460007047D1E9002304F00305C4F100004FEAAE
:10647000C50514F0040F91F840F00CFA05F562EA36
:1064800005021CBF63EA050362464FF00004A9E75A
:106490002DE9F047DFF87CA00646DAF800009846C0
:1064A0000F469146FFF7BCFE184B1C6824B3656885
:1064B0001F2D24DC5EB96B1C0235DAF80000636026
:1064C00044F82570FFF7AEFE0020BDE8F08704EB2E
:1064D00085010123C1F88890D4F88821AB401A4384
:1064E000022EC4F88821C1F80881E4D1D4F88C21A7
:1064F0001A43C4F88C21DEE7054C1C60D7E7DAF8B4
:106500000000FFF78FFE4FF0FF30DEE754DA002087
:1065100058DA002000820020F8B5244F0C460646C9
:10652000FEF7B4FDBB685D68C4F57E610F3125F0F0
:1065300003054B1923F47F6323F00F03A3F5805465
:10654000B4F5805F07DB00213046FFF713FEBB6820
:106550002B44984204D03046FEF79EFD0020F8BD43
:1065600061423046FFF706FE01300DD0104ABB688D
:106570002D1B45F001055D60136830461B1B136041
:10658000FEF78AFD0120F8BD00213046FFF7F2FD3D
:10659000BA68831A0F2BDEDD43F001035360054B0D
:1065A00003491B68C01A0860D5E700BF7883002044
:1065B000F4DB002080870020002961D0F8B50C466C
:1065C0000646FEF763FD54F8042C7B4FA4F1080542
:1065D00022F0010105EB010CB868DCF804306045DD
:1065E00023F0030300F08B80D207CCF8043032D4C0
:1065F00054F8082CAD1A1144AA6807F10800824229
:106600006AD00CEB0304D4F804E0EC68D4601EF00C
:10661000010FA26000F0978041F001036B60CCF89D
:106620000010B1F5007F35D27868CB080122490906
:1066300001338A40024357F833107A6007EBC302F4
:10664000083AC5E9021247F83350CD603046BDE83C
:10665000F840FEF721BD0CEB03025268D00710D4BE
:10666000194407F10800DCF80830834273D0DCF8E5
:106670000C20DA60936041F001036B606950D0E751
:10668000704741F00103B1F5007F44F8043CCCF8B9
:106690000010C9D3B1F5206F4FEA512348D28B09BE
:1066A00003F1390003F13802C300F818FB58083829
:1066B000984259D05A6822F003028A4202D99B6854
:1066C0009842F7D1D868C5E902308560DD60304670
:1066D000BDE8F840FEF7E0BC0CEB03025268D207BD
:1066E00063D40B44DCE90212CA60916043F00102FA
:1066F0006A603046EB50BDE8F840FEF7CDBC0B4475
:10670000D10707D454F8082CAD1A1344D5E9021266
:10671000CA60916043F001026A60284ABD60126855
:106720009A4293D8264B30461968FFF7F5FE8DE75D
:10673000142B0AD9542B1FD80B0B03F16F0003F154
:106740006E02C300B1E719448DE703F15C0003F169
:106750005B02C300A9E741F00103C7E90455C5E99D
:1067600002006B60695071E779689210012404FAA5
:1067700002F20A437A60A6E7B3F5AA7F06D8CB0BEC
:1067800003F1780003F17702C3008EE740F2545220
:10679000934206D88B0C03F17D0003F17C02C30009
:1067A00083E74FF47E737E227FE741F001036B6045
:1067B000CCF800104AE700BF7883002084870020CF
:1067C00024DC002082B049B15AB16BB113780B6060
:1067D0001278101E18BF012002B0704701A9002ACC
:1067E000F3D1104602B070476FF00100F4E700BF2C
:1067F000436C70B505460C464BB153F8240080B18C
:10680000026843F824200023C0E9033370BD21222D
:106810000421FEF73FF9034668640028EDD100200B
:1068200070BD012101FA04F6721D92002846FEF7A0
:1068300031F90028F3D0C0E90146E4E731B1436CF7
:106840004A6853F82200086043F82210704700BFDE
:106850002DE9F0410E6980460F461D4601F1140EE8
:106860000020DEF800108CB202FB0453090C4FEA42
:10687000134C02FB01CC01309CB204EB0C44864269
:106880004EF8044B4FEA1C45EBDC3DB1BB68B3420C
:1068900007DD07EB860301365D613E613846BDE8E2
:1068A000F081796840460131FFF7A2FF0446B0B19C
:1068B0003A69023207F10C0192000C30FAF7BAFA89
:1068C000D8F844307A6853F82210396043F82270BF
:1068D000274607EB860301365D613E61DEE7034B29
:1068E00003482246BA2102F019FB00BF10460020DF
:1068F00024460020030C1B04D3B90004102310F01D
:106900007F4F04BF0002083310F0704F04BF000136
:10691000043310F0404F04BF80000233002805DB31
:1069200010F0804F03F1010308BF20231846704781
:106930000023E4E7036813F0070208D0D9071FD447
:106940009A0722D55B08036001221046704799B26E
:1069500009B91B0C1022D9B209B908321B0A190750
:1069600004BF1B090432990704BF9B080232D907F0
:1069700003D45B0802F1010205D0036010467047A2
:106980000022104670472022DFE79B0802220360A6
:106990001046704738B5436C04460D464BB15868F5
:1069A000B0B102685A6000220123C0E90435C26018
:1069B00038BD21220421FEF76DF8034660640028EB
:1069C000EDD1094B0948002240F2451102F0A6FA28
:1069D0001C2201212046FEF75DF80028F1D001229B
:1069E0000223C0E90123DEE71046002024460020F0
:1069F0002DE9F04F0E691569AE4285B08846144600
:106A000005DB2A46234635460C4616469846A368BB
:106A10006168AF19BB42B8BF0131FFF7E9FE0190D1
:106A2000002800F08780019B03F1140909EB870A15
:106A3000D14505D24B46002243F8042B9A45FBD89A
:106A400008F1140808EB860B04F11403D8451A4624
:106A500003EB85055FD22B1B153B23F003030433A7
:106A60001534A54238BF0423CDE902A7AC461F4622
:106A7000924605E0090C29D1C34509F1040948D91A
:106A800058F8041B8DB2002DF4D056464C46002316
:106A900056F8041B22681FFA81FE90B2090C05FB10
:106AA0000E00120C034405FB012202EB13429BB2C1
:106AB00043EA0243B44544F8043B4FEA1243E7D8A3
:106AC00049F8073058F8041C090CD5D0D9F8003023
:106AD00050461A464C4600260588120C01FB05223A
:106AE00016449BB243EA064344F8043B50F8045B67
:106AF00022682D0C93B201FB053303EB164384454A
:106B00004FEA1346E8D8C34549F8073009F10409AC
:106B1000B6D8DDE902A7002F02DC05E0013F03D073
:106B20005AF8043D002BF9D0019B18461F6105B0AF
:106B3000BDE8F08F034B0448019A4FF4B17102F0A5
:106B4000EDF900BF104600202446002012F0030398
:106B50002DE9F0411446064632D10D46A41020D04E
:106B6000D6F84080B8F1000F33D0E3074FF00007AC
:106B700007D4641015D0D8F80000A8B18046E30708
:106B8000F7D5424629463046FFF732FFB5B169686E
:106B9000736C641053F821202A6043F82150054695
:106BA000E9D12846BDE8F081424641463046FFF72C
:106BB0001FFFC8F8000007608046E0E70546D8E7F9
:106BC000013B0F4A52F823200023FFF741FE054600
:106BD000C4E701213046FFF70BFE804640B1012398
:106BE00040F27122C0E90432002330640360BCE744
:106BF000044B0548424640F2451102F08FF900BFB0
:106C0000784E002010460020244600202DE9F04751
:106C10000D4614462F69AB68496807EB62177E1C66
:106C20009E4280464FEA621904DD5B009E4201F1FC
:106C30000101FADC4046FFF7DBFD8446002852D014
:106C4000B9F1000F00F114020EDD09F105014FEA60
:106C5000810E134600EB8101002043F8040B8B42A8
:106C6000FBD1AEF114031A44296905F1140314F0A1
:106C70001F0E03EB81012ED0CEF1200910464FF0FC
:106C8000000A1C6804FA0EF444EA0A0440F8044BB3
:106C900053F8044B994224FA09FAF2D84B1B153BDE
:106CA00023F00303043305F11500814238BF0423A8
:106CB000BAF1000F18BF374642F803A0D8F84430A5
:106CC0006A68CCF8107053F822102960604643F8C7
:106CD0002250BDE8F087043A53F8040B42F8040F41
:106CE0009942F9D8EAE7034B034862464FF4EF7143
:106CF00002F014F910460020244600200B69844657
:106D00000069C01A16D10CF1140C14310CEB83027B
:106D100010B401EB830301E0944508D252F8044D0E
:106D200053F8041D8C42F7D005D24FF0FF305DF8C8
:106D3000044B7047704701205DF8044B704700BF5B
:106D40002DE9F84F0F691369FF1A002F0E46904680
:106D50007FD101F11405143202EB830205EB8303AA
:106D600001E09D4278D253F8041D52F8044DA1422F
:106D7000F7D069D37168FFF73BFD8146002877D0D3
:106D80003569D8F81020C76008F1140E06F1140018
:106D900009F1140A06F110010EEB820200EB8507DF
:106DA00056464FF0000C5EF8044B51F804BFA3B2F6
:106DB0001CFA8BFCACEB03034FEA144CCCEB1B4CE2
:106DC0000CEB234C9BB243EA0C43724546F8043B60
:106DD0004FEA2C4CE7D8A2EB0801153908F1150849
:106DE000424521F0030404F1040438BF0424204484
:106DF00021F0030238BF002287425244544418D97C
:106E00002646014651F8043B1CFA83FC4FEA2C420B
:106E100002EB13421FFA8CFC4CEA02438F4246F805
:106E2000043B4FEA224CEDD8013F3F1A27F00307FD
:106E3000E21923B952F8043D013D002BFAD0C9F8FC
:106E400010504846BDE8F88F33460127464698461D
:106E500090E7F9DB00278DE70021FFF7C9FC8146A9
:106E600068B101220023C9E904234846BDE8F88F30
:106E7000064B07484A4640F2452102F04FF8034BC3
:106E800003484A4640F2372102F048F810460020F5
:106E9000244600202DE9F043884683B0012157ECB9
:106EA000106B1546FFF7A4FC0446002851D0C7F329
:106EB0000A59C7F31303B9F1000F01D043F480134B
:106EC000002E019318D101A8FFF734FD019A6261E9
:106ED000012200F120032261B9F1000F25D0A9F2AF
:106EE000334909EB03022046C3F13503C8F80020FB
:106EF0002B6003B0BDE8F08368460096FFF71AFDEB
:106F0000034610B3DDE90002C3F1200102FA01F1EA
:106F10000143DA4061610192002AA26114BF02229A
:106F200001222261B9F1000FD9D1A3F23243C8F88E
:106F3000003004EB82031869FFF7DCFCC0EB42135E
:106F400020462B6003B0BDE8F083009A6261019A8D
:106F5000E2E7034B0348224640F20F3101F0DEFF27
:106F6000104600202446002049B1FF2A02D80A70AA
:106F7000012070478A2303604FF0FF3070470846B6
:106F8000704700BF70B5054684B05BB11C4669B15F
:106F90000E4B2846D3F8E0602346B047431C0FD081
:106FA00004B070BD00F582740029F1D1074A234670
:106FB000D2F8E06028460A4601A9B047431CEFD149
:106FC00000228A2322602B6004B070BD0C82002056
:106FD00010B582B0049CCDE900344FF0FF3302F0CD
:106FE0004BFF02B010BD00BF000000002DE9F04FC4
:106FF0002DED088BD1B00C460BEE101A904608937D
:107000008346FFF775F8036812931846FFF7D2F925
:1070100020AF1090082200213846FEF733FFA389E5
:107020001B0603D52369002B00F0558700239FED35
:10703000838B9FED849BCDE92533CDE91333CDE9D7
:10704000153327AA0E932492924611930493444633
:10705000A1467E4BD3F8E450FFF744F84A46034676
:107060001CA900975846A847002800F0B080C0F23D
:10707000A6801C9A252A034601D09944E9E7B9EB7A
:107080000405064640F0A78000234FF0FF328DF83C
:1070900067309846069309F1010999F80030039288
:1070A0002B25202609F10109A3F120025A2A00F21A
:1070B000CF80DFE812F0E802CD00CD00E302CD0082
:1070C000CD00CD006A00CD00CD0005028402CD00C8
:1070D0001002C902CD00BD025B005B005B005B00DB
:1070E0005B005B005B005B005B00CD00CD00CD0072
:1070F000CD00CD00CD00CD005301CD0083011A029B
:10710000530153015301CD00CD00CD00CD00150238
:10711000CD00CD009602CD00CD00CD00AB01CD005D
:10712000AA02CD00CD00E306CD00CD00CD00CD00FC
:10713000CD00CD00CD00CD005301CD008301DE0197
:107140005301530153017702DE017F00CD00890214
:10715000CD005F02E0062F027F00CD00AB017C0076
:10716000B806CD00CD00BD06CD007C00A3F13002F5
:10717000002119F8013B01EB810102EB4101A3F170
:107180003002092AF5D906918EE75846FEF7B0FF7E
:10719000436815931846FFF70DF916905846FEF709
:1071A000A7FF83681393169B002B40F02D8699F858
:1071B000003077E799F8003048F0200872E708229D
:1071C00000213846FEF75EFE0123994441E7B9EB02
:1071D0000405064611D0269B2B442693259B01339C
:1071E000072BCAE9004525931CDC0AF1080A049B19
:1071F0002B440493002E7FF447AF269B002B41F0D5
:107200000B821BEE103AB3F90C3013F0400F049BC5
:1072100018BF4FF0FF330493049851B0BDEC088BB6
:10722000BDE8F08F1BEE101A24AA5846FEF738F975
:107230000028E6D10DF19C0AD9E700BF000000004C
:1072400000000000FFFFFFFFFFFFEF7F0C82002028
:107250000B93002BD1D00021CDE90C118DF8DC303F
:1072600001238DF8671002930791059303910F9105
:1072700037AC18F00203099302D0029B0233029349
:1072800018F084030A9305D1069B029A9D1A002DDB
:1072900000F36983269A89B125990DF167000131C0
:1072A0000132CAF8000007294FF00100269225910B
:1072B000CAF8040000F3A2830AF1080A099B83B10B
:1072C000259B1AA901330232CAF80010072B4FF090
:1072D000020126922593CAF8041000F3A3830AF151
:1072E000080A0A9B802B00F06C82039B05995D1AAB
:1072F000002D00F3A58218F4807F40F00D82059BDD
:10730000CAF804301A44259BCAF800400133072B01
:107310002692259300F31B830AF1080A18F0040F44
:1073200005D0069B02995C1A002C00F38883049B0D
:10733000069902988142ACBF5B181B180493002A7F
:1073400040F0B08200232593079B1BB10799584654
:10735000FFF732F90DF19C0A4C4679E60B93089B36
:10736000073323F00703B3EC028BB0EEC87BB4EE17
:10737000497BF1EE10FA089340F3E984B5EEC08B37
:10738000F1EE10FA01F159809DF86710AB4CAC4B4F
:1073900028F080080B9A472AC8BF1C460023CDE975
:1073A0000C33032207930292059203930F93002953
:1073B0003FF45FAF029B013302935AE7432B0B93D9
:1073C00003D018F0100F00F05D85089D0822002101
:1073D00022A837ACFEF756FD22AB55F8042B214608
:1073E0005846FFF7CFFD03460133059001F0EE82CA
:1073F000059B089523EAE37302930021CDE90C1164
:107400008DF86710079103910F9132E70B93089B5A
:107410001A4600238DF86730134653F8044B08933F
:10742000002C00F048850B9B532B00F0EC8618F0E5
:1074300010030C9340F0E786039B5D1C01F0E58090
:107440000C991A462046FEF74DFF0790002801F0E0
:107450002883079B1A1B05920C9B039322EAE27276
:107460000F930D93079373239DF8671002920B936C
:107470009DE718F0200F0B93089B3DD0073323F0B6
:1074800007031A4611465B6851F8082B0891194604
:10749000002BC0F20C84039B013300F09E8228F085
:1074A000800052EA0103029040F09982039B002B76
:1074B00040F09A82804600230393059350AC06E186
:1074C000089B53F8042B0692002A80F21984069A2E
:1074D00008935242069299F8003048F00408E1E51A
:1074E00099F8003048F00808DCE548F0100818F07A
:1074F000200F0B93089BC1D118F0100F40F00B84A4
:1075000018F0400F00F0038433F9042B0893D117CF
:107510000B46BDE7089B48F00202029253F8042B89
:10752000089347F63003ADF868307820454B119347
:10753000002102230B900020039C8DF86700601C43
:1075400000F0AD80029820F0800852EA010040F07F
:10755000A480002C40F0AE86002BACD1029B13F02F
:107560000103059300F0D18330238DF83F310DF2F4
:107570003F14ACE018F0200F40F0D48318F0100F47
:1075800040F09F8618F0400F40F0978718F4007F76
:1075900000F09786089B049953F8042B0893117008
:1075A0004C4655E599F80030682B03BF99F8013037
:1075B00048F4007809F1010948F0400872E599F8AB
:1075C00000308DF867506DE599F800306C2B03BFE3
:1075D00099F8013048F0200809F1010948F0100835
:1075E00060E50B9348F0100818F0200100F051837B
:1075F000089B073323F00703596853F8082B0893B7
:1076000028F480630293002395E70B9348F010035E
:107610000293029B13F0200100F02983089B07339B
:1076200023F00703596853F8082B0893012382E7D6
:1076300099F8003048F0800834E500BFF04700209A
:10764000F447002000480020494611F8013B2A2B4E
:1076500001F04982A3F13002092A894698BF00212E
:1076600001F2448119F8013B01EB810102EB410178
:10767000A3F13002092AF5D9039115E599F80030F4
:1076800048F001080EE59DF86730002B7FF48FADC0
:1076900099F800308DF8676004E5CDF80880012B7B
:1076A00000F09D81022B50AC20D1119802F00F0305
:1076B0001209C35C04F8013D42EA0172090952EA69
:1076C0000103F3D150AB1B1BDDF808800593059A2D
:1076D00003989DF8671082424FF00003B8BF02463E
:1076E000CDE90C33079302920F9360E602F0070393
:1076F000D20842EA4172C908303352EA01052046F5
:1077000004F8013DF2D1029AD10700F14D8250AB4D
:107710001B1B90460593DAE70B9B652B40F3D48047
:10772000B5EE408BF1EE10FA40F0C181259BBA49CD
:10773000CAF80010013301320121072B269225934C
:10774000CAF8041000F351850AF1080A1B9B0E9930
:107750008B4280F2D082109B12991A44CAE900131E
:10776000259B26920133072B259300F397830AF17B
:10777000080A0E9B5C1E002C7FF7D0AD102C259BB9
:1077800040F36E851BEE106A102505E00AF1080A29
:10779000103C102C40F364850133A0491032072BB4
:1077A000CAE90015CDE92532F0DD24AA3146584654
:1077B000FDF776FE00287ED1DDE925320DF19C0A29
:1077C000E6E7069B02995D1A002D7FF78EAD102D1E
:1077D000259B21DD099410261BEE104A04E0103D84
:1077E000102D0AF1080A16DD01338C491032072BDF
:1077F000CAE90016CDE92532F1DD24AA2146584612
:107800000DF19C0AFDF74CFE002854D1103D102DBF
:10781000DDE92532E8DC099C8049CAF804500133CF
:107820002A44072BCDE92532CAF8001000F326853B
:10783000039B05995D1A002D0AF1080A7FF75BADDD
:10784000102D259B1FDD514610261BEE10AA04E0CB
:10785000103D102D01F1080114DD01336F48103285
:10786000072BC1E90006CDE92532F1DD24AA5146F6
:107870005846FDF715FEF0B9103D102DDDE9253213
:1078800027A9EADC8A4601336449CAF804502A442D
:10789000072BCDE92532CAF8001000F3DA810AF18E
:1078A000080A28E51BEE101A24AA5846FDF7F8FD31
:1078B00000283FF447AD079B002B3FF4A2AC07998B
:1078C0005846FEF779FE9CE40E9B012B40F37A812B
:1078D000259BCAF80040013301320121072B269273
:1078E0002593CAF8041000F3F8810AF1080A1099E8
:1078F000129801330A44072BCAE90001CDE9253269
:1079000000F3DD810AF1080AB5EE408BF1EE10FAC2
:1079100000F077810E990133013901340A44072BB5
:10792000CAF800402593CAF80410269200F35B8140
:107930000AF1080A1499CAF8041001330A44072B03
:107940001EA9CDE92532CAF800107FF7E5AC1BEE81
:10795000101A24AA5846FDF7A3FD0028ABD1269A99
:107960000DF19C0ADAE4102DDDE925122C4E24DD00
:10797000179410231BEE104A084604E0103D102D0A
:107980000AF1080A17DD013010320728CAE900633E
:10799000CDE92502F2DD24AA214658460DF19C0AC4
:1079A000FDF77EFD002886D1103D102DDDE9250272
:1079B0004FF01003E7DC179C014601312A440729E8
:1079C000CDE92512CAF80060CAF8045000F3BD835F
:1079D0009DF867100AF1080A5DE4CDF808800A2ACC
:1079E00071F1000380F0458330320123DDF8088017
:1079F0008DF83F2105930DF23F1468E61BEE101A37
:107A000024AA5846FDF74CFD00287FF454AF269A6F
:107A10000DF19C0A52E400BF304800202073002082
:107A2000344800201BEE101A24AA5846FDF738FDF2
:107A300000287FF440AF269A0DF19C0A51E4102CE7
:107A4000259BBE4E1FDD1BEE108A102504E0103C66
:107A5000102C0AF1080A16DD01331032072BCAE98F
:107A60000065CDE92532F2DD24AA414658460DF1E4
:107A70009C0AFDF715FD00287FF41DAF103C102C6B
:107A8000DDE92532E8DC01332244072BCAE9006432
:107A9000CDE925327FF74BAC1BEE101A24AA5846CD
:107AA000FDF7FEFC00287FF406AF269A3FE41B9901
:107AB000002940F35A830C9E0E9B9E42A8BF1E468F
:107AC000002E0BDD259B01333244072BCAE900460B
:107AD0002692259300F389860AF1080A0C9D002E50
:107AE000A8BFAD1B002D00F303820C9B18F4806F20
:107AF0002344059340F01F821B9B0E998B4203DBAE
:107B000018F0010F00F0CF84109912980A44CAE9C6
:107B100000012599269201310729259100F3A586B8
:107B20000AF1080A0E996518CC1A059BED1AA542B0
:107B3000A8BF2546002D0DDDCAF80030259BCAF8E8
:107B4000045001332A44072B2692259300F3BB8669
:107B50000AF1080A002DA8BF641B002C7FF7DEABDA
:107B6000102C259B40F37C831BEE106A102505E04A
:107B70000AF1080A103C102C40F37283013370495B
:107B80001032072BCAE90015CDE92532F0DD24AA11
:107B900031465846FDF784FC00287FF48CAEDDE9C1
:107BA00025320DF19C0AE5E7302B3FF48BAD3023F5
:107BB000023804F8013C50AB1B1ADDF8088005932D
:107BC000044684E518F0010F7FF482AE259BCAF8C5
:107BD0000040013301320121072B26922593CAF878
:107BE00004107FF7A5AE1BEE101A24AA5846FDF725
:107BF00057FC00287FF45FAEDDE925320DF19C0AC9
:107C000098E60E994C1E002C7FF794AE102C40F392
:107C100061831BEE106A102505E00AF1080A103C8A
:107C2000102C40F35783013345491032072BCAE922
:107C30000015CDE92532F0DD24AA31465846FDF77E
:107C40002FFC00287FF437AEDDE925320DF19C0AC8
:107C5000E5E71BEE101A24AA5846FDF721FC002880
:107C60007FF429AE269A0DF19C0AFFF744BB029BD4
:107C700013F0100340F0C180029A12F0400200F0AD
:107C80007A83089850F8042B0890194692B2012381
:107C900051E418F0100355D118F0400200F05D8354
:107CA000089850F8042B0890194692B2A8E4524262
:107CB00061EB4101CDF808802D2001233CE41BEE4F
:107CC000101A24AA5846FDF7EBFB00287FF4F3AD09
:107CD000DDE925320DF19C0A16E61BEE101A24AAE6
:107CE0005846FDF7DDFB00287FF4E5ADDDE92532E0
:107CF0000DF19C0AFBE518F0010F3FF40FAB2AE5EC
:107D0000089399F80030FFF7CDB950ACDFE418F4D0
:107D1000007F40F0DB8353F8042B0893D1170B4608
:107D2000FFF7B6BB089B049853F8041B0893C217CF
:107D3000C1E900024C46FFF78BB900BF3448002070
:107D400020730020089B53F8042B089358E4B4EEEA
:107D5000488BF1EE10FA80F194860B9B612B00F0BA
:107D60005285412B00F0C085039B01330B9B23F010
:107D7000200500F08084472D04D1039B002B08BF11
:107D80000123039318EE903A002B48F48072464684
:107D9000C0F21886B0EE48AB0023904609930793D3
:107DA0000B9B413B252B00F29883DFE813F06F0417
:107DB00096039603960368046C0496039603960351
:107DC00096039603960396039603960396039603EB
:107DD00096039603960396039603960396039603DB
:107DE00096039603960396039603960396039603CB
:107DF00096039603960368046C04089B53F8042BBF
:107E000008930123FFF797BB139B002B3FF4CFA9E7
:107E1000139B1B78002B3FF4CAA999F8003048F453
:107E20008068FFF73FB90B93CDF80880FFF7F1BBEF
:107E30000B939A4B119318F0200100F00581089BD9
:107E4000073323F00703596853F8082B089318F0F9
:107E5000010F0AD052EA010307D00B9B8DF869305D
:107E6000302348F002088DF8683028F480630293CC
:107E70000223FFF760BB0B93FFF7B6BB0B93884B56
:107E80001193D8E7089B012153F8042B02918DF838
:107E9000DC200893059137ACFFF7AFBA1BEE101A40
:107EA00024AA5846FDF7FCFA00287FF404AD269A70
:107EB0000DF19C0A5DE4039B0794062B224628BF24
:107EC000062303942146CDE90C22764C02930593B8
:107ED0000F92FFF76CBA40215846FCF727FE20604E
:107EE0002061002800F00F8640236361FFF79EB8F1
:107EF000102D259B40F35D82514610261BEE10AAE3
:107F000004E00831103D102D40F3528201336648E1
:107F10001032072BC1E90006CDE92532F1DD24AA94
:107F200051465846FDF7BCFA00287FF4C4ACDDE9A1
:107F3000253227A9E6E70E9BCDF82490E31803939A
:107F40000D9BCDF82880139E059DDDF85890DDF837
:107F50003C800B941BEE101A5046002B34D0B8F125
:107F6000000F35D10D9B013B013E0D93159BC0E9E0
:107F70000039259B01334A44072B269225936CDC5C
:107F80000830039B96F800C05B1B6345A8BF63469F
:107F9000002B9A460CDD259C01341A44072CC0E9BD
:107FA00000532692259400F3778196F800C008309C
:107FB000BAF1000FACBFACEB0A046446002C0ADC3B
:107FC00065440D9B002BCAD1B8F1000F00F0AC83C3
:107FD00008F1FF38CAE7102CDDF894C024DD0595C0
:107FE0004FF0100A63460D4604E0103C102C00F1DF
:107FF000080016DD01332C491032072BC0E9001AA6
:10800000CDE92532F1DD24AA29465846FDF748FA84
:1080100000287FF450AC103C102CDDE9253227A855
:10802000E8DC2946059D9C460CF10103224444608E
:10803000072B1D4C0460CDE9253200F3C68396F86A
:1080400000C008306544BCE718F0100300F0C2809F
:10805000089B53F8042B0893F9E624AA5846059187
:10806000FDF71EFA00287FF426AC269A059927A86A
:1080700087E70298CDF81CA050AC00F48060002582
:108080000AEE10BA094BDDF84CA0CDF81490A346C7
:108090004FF00508AC46044610E000BF0048002041
:1080A000144800202848002020730020CDCCCCCCE0
:1080B0000A2A71F1000136D34A463146501840F180
:1080C0000000A3FB005626F0030505EB9605401BB8
:1080D000151A4FF0CC3661F1000E06FB05F6A5FB34
:1080E000039503FB0E6609F0010E2E44AEFB085EFD
:1080F0002D184FEA590930350BF8015C49EAC67969
:108100000CF1010C0BF1FF3B7608002CD0D09AF853
:1081100000008445CCD1BCF1FF0FC9D00A2A71F10F
:10812000000180F08F815C4650AB1B1BDDF8149082
:10813000CDF84CA01AEE10BADDF81CA0DDF80880CE
:10814000CDF838C00593FFF7C2BA1BEE101A24AA67
:108150005846FDF7A5F900287FF4ADAB9DF86710F0
:10816000269A0DF19C0AFFF796B8259BBE48CAF8DF
:108170000000013301320120072B26922593CAF813
:10818000040000F377810AF1080A002940F0AF806B
:108190000E9908F001030B433FF4C0A8109B1299FD
:1081A0001A44CAE90013259B26920133072B259315
:1081B00000F352820AF1080A0E99CAF8004001330E
:1081C0000A44072BCDE92532CAF804107FF7A4A88A
:1081D000FFF7BDBB18F0400200F0DD80089850F8B2
:1081E000042B0890194692B231E61BEE101A24AA0D
:1081F0005846FDF755F900287FF45DAB269A0DF13E
:108200009C0AFFF7A3BA22AE0822002130461D9433
:10821000FDF738FE039B5A1C00F0DB800025CDF8EB
:108220000890CDF81C809946A8460CE037A958461E
:10823000FEF7A8FE431C404400F0C883484508DC14
:1082400000F0188480461D9A525933460435002A9E
:10825000ECD1CDF81480DDF80890DDF81C80C5E085
:1082600001338249CAF804402244072BCAF800109F
:10827000CDE925327FF750A8FFF769BB1BEE101A36
:1082800024AA5846FDF70CF900287FF414AB269A6F
:108290000DF19C0AFFF729B824AA58460591FDF76D
:1082A000FFF800287FF407AB96F800C0269A0599DE
:1082B00027A87DE6012BCDF808807FF4F3A9FFF70E
:1082C00093BB089B049953F8042B4C461160089308
:1082D000FEF7BEBE01336549CAF804402244072BAD
:1082E000CDE92532CAF800107FF722AB7BE4109B62
:1082F00012981A44CAE90003259B26920133072BE2
:10830000259300F3A9810AF1080A0029BFF654AFAA
:108310004D42103180F20F831BEE101A102605E03B
:108320000AF1080A103D102D40F3058301334F4830
:108330001032072BCAE90006CDE92532F0DD24AA68
:1083400058460391FDF7ACF800287FF4B4AADDE9A4
:10835000253203990DF19C0AE4E7089B18F400719B
:108360001ABF114653F8042B53F8042B089318BF77
:10837000D2B2FFF745B9029B13F40071089B1ABFF4
:10838000114653F8042B53F8042B089318BFD2B2AC
:108390000123FFF7D0B8089B18F400711ABF1146EB
:1083A00053F8042B53F8042B089318BFD2B24EE5B0
:1083B0008A4601332D49CAF804502A44072BCDE9D7
:1083C0002532CAF8001000F339810AF1080AFFF7D4
:1083D0008CBB0023194600961DAA5846FEF7F8FDEF
:1083E00003460133059000F0F1821D94059B002B9C
:1083F0004ED0632B00F318810023079337AC08227B
:1084000000213046FDF73EFD059D00962B461DAA36
:1084100021465846FEF7DCFD854240F07C83059AF4
:108420000023A35422EAE272CDE90C339DF86710D1
:10843000039302920F93FEF7BABF2D218DF86710B8
:10844000FEF7A4BF169B1599ABEB030B1A465846D3
:10845000FDF716FE9AF80120054B0AB10AF1010A50
:108460004FF0000C28E600BF3048002020730020A9
:10847000CDCCCCCC1BEE101A24AA5846FDF710F830
:1084800000287FF418AA1B99269A0DF19C0A7CE615
:10849000059B9DF867100F93CDE90233CDE90C33AE
:1084A0000793FEF784BF0E99059865182D1ACC1A0C
:1084B000A542A8BF2546FFF74DBB089B049953F87A
:1084C000042B089311804C46FEF7C2BD13F9042B10
:1084D0000893D1170B46FEF7DBBF039A022122ABAC
:1084E00001931DAB009358461BABB0EE4A0B0292B2
:1084F00000F0C8FD472D029A044600F06181462D28
:10850000104405D12378302B00F06F821B9A104461
:10851000B5EE40ABF1EE10FA40F0468103461B1B6E
:108520000E93472D00F01081462D00F0B5811B9B66
:108530000C930C9B412D03F1FF331B9300F0E5815D
:108540009DF82C200021002BB8BF0C9B8DF87820C3
:10855000BABFC3F101032D222B22092B8DF87920FC
:1085600040F3DA810DF18F05DFF81CC42A4610466E
:108570008CFB0321DA17C2EBA10202EB8201A3EB11
:108580004101303100F8011C19466329134600F1FE
:10859000FF32ECDC3033D9B2831E9D4202F8011C5D
:1085A00040F28B8213460DF17A0201E013F8011BB1
:1085B00002F8011B9D42F9D10DF191030DF17A02F0
:1085C0001B1A13441EAA9B1A14930E9B149A012B78
:1085D0001A44059240F30382059B109A13440593B5
:1085E00026F48063059A43F480780023CDE90C33A8
:1085F00022EAE2720F930292099B002B40F0B180B5
:108600009DF867100393FEF7D2BE2046FDF7D2FE19
:1086100002460590FEF720BF1BEE101A24AA58460A
:10862000FCF73EFFFEF7EDBD591C5846FCF77EFAFD
:108630000446002800F0CA810790E0E61BEE101AFD
:1086400024AA5846FCF72CFF00287FF434A9269A68
:108650000DF19C0AFFF749BA1BEE101A24AA5846DE
:10866000FCF71EFF00287FF426A9DDE925321B99BF
:108670000DF19C0A49E606230393FFF783BB039B96
:1086800002215A1C2BE7039A032128E71BA8B0EE0E
:108690004A0B00F007FCB4EE007B20EE070BB5EEB2
:1086A000400BF1EE10FA01D101231B93B348039B59
:1086B000B3EE005B013B224604E0B5EE400BF1EE69
:1086C00010FA13D020EE050BFDEEC07BB3F1FF3F97
:1086D00017EE901A415CB8EEE76B944630EE460B0D
:1086E00002F8011B194603F1FF33E6D1B6EE006B29
:1086F000B4EEC60BF1EE10FA00F34881B4EE460B6F
:10870000F1EE10FA04D117EE903ADB0700F13E814A
:10871000002906DB4B1C1344302102F8011B934255
:10872000FBD1131B0E93FCE60B9C0E9BDDF82490F3
:10873000DDF828801396E3189D42294628BF194684
:1087400082460591FFF7D8B91B9B0C93DA1C02DB1C
:10875000039A93420CDD0B9B023B0B9323F0200505
:10876000E7E62D2100238DF867100393FEF722BE64
:108770000C9B0E9A9342C0F2BD80F0070C9B40F117
:108780003281109A13440593710503D50C9B002B7D
:1087900000F33581059B23EAE373029367230B9370
:1087A00000230F930D9327E7229B8342BFF4B7AEBC
:1087B00030215A1C22921970229B9842F9D8AEE6B9
:1087C000F30700F1A780229BA9E624AA5846059149
:1087D000FCF766FE00287FF46EA896F800C0269A83
:1087E000059927A86544FFF7ECBB1BEE101A24AAD5
:1087F0005846FCF755FE00287FF45DA8269A0DF137
:108800009C0AFFF76BB978238DF8693030238DF817
:108810006830039B632B48F0020600F3A680002318
:10882000079337AC18EE903A002B48F481782BDB95
:10883000B0EE48AB0B9B23F02005002309930B9B64
:10884000612B7FF4ADAAB0EE4A0B1BA800F02AFB07
:10885000B4EE007B20EE070BB5EE400BF1EE10FA04
:1088600001D101231B93464821E71BEE101A24AACD
:108870005846FCF715FE00287FF41DA81B9B269A7E
:108880000DF19C0AFFF74EB90B9B23F020052D2319
:108890000993B1EE48ABD2E71B9A0C92002A06F07E
:1088A000010340F30D8103990B4340F0CF800C9BF3
:1088B000059366230B93720500F1A380059B23EAC1
:1088C000E37302936CE71BEE101A24AA5846FCF7D8
:1088D000E7FD00287EF4EFAF1B9C0E9B269A1C1B25
:1088E0000DF19C0AFFF736B958238DE70022039259
:1088F000FEF7DABB0E9B109A9A180C9B0592002B80
:1089000040F3AB8067230B93D5E70B9A0F32D2B2BB
:10891000012118E6A018FBE5002940F0A8803022CC
:108920008DF87A200DF17B02303302F8013B1EAB4B
:10893000D31A149349E601331249CAF804502A4461
:10894000072BCDE92532CAF800107FF733AC1BEEB8
:10895000101A24AA5846FCF7A3FD00287EF4ABAFFA
:10896000DDE925320DF19C0A26E4591C5846FCF736
:10897000DDF8044650B3079054E700BF14480020C8
:10898000004800202073002067666666CDF888C026
:1089900012F8011C90F80FC0614513460AD14FF040
:1089A000300E03F801EC229B591E229113F8011C92
:1089B0008C45F6D0392916BF0131817AC9B203F846
:1089C000011CAEE600239046079360E71BEE102AD9
:1089D000B2F90C3043F040039381FEF716BCF50763
:1089E0007FF5FEADF8E50593CEE6B5EE40ABF1EED2
:1089F00010FA3FF48BADC2F101021B9287E56723A9
:108A00000B9313990B78FF2B79D000250C9A2846ED
:108A100003E001300131FF2B08D0934206DAD21A6D
:108A20004B78002BF5D10B780135F4E70C921391BC
:108A30000D900F950F9A0D9B16991344059A01FB03
:108A40000323059323EAE3730293D5E5109BD31820
:108A50001944662305910B932DE7C3F101031A44D2
:108A600022EAE2730293672305920B9398E60DF1D5
:108A70007A0259E7039BDDF80890DDF81C80059326
:108A8000B4E418EE903A002BB4BF2D219DF8671086
:108A9000254C264BB8BF8DF8671028F08008FEF7EC
:108AA00079BC039B0293059373239DF86710039091
:108AB0000F900D900B93FEF77ABC0223149384E57C
:108AC000039A134305D10123662202930B92059367
:108AD00066E6109B01331A4422EAE273029366238E
:108AE00005920B935CE6089A99F80130894652F892
:108AF000041B089241EAE1710391FEF7D3BA002307
:108B00000F930D9396E70C23CBF800304FF0FF3313
:108B10000493FEF781BB1BEE102A938943F04003B8
:108B20009381FEF7C8BE00BFF8470020FC47002035
:108B300070B500294BD006460C4610B1436B002B94
:108B400048D0636ED80734D5B4F90C30002B3ED032
:108B50002146304600F050F8E36A054633B1E1693A
:108B6000304698470028B8BF4FF0FF35A3891A0652
:108B70003CD4216B41B104F14003994202D030460C
:108B8000FDF71AFD00232363616C21B13046FDF728
:108B900013FD00236364FCF7B7FD636E0022DB075F
:108BA000A2811FD5A06DFDF739FBFCF7B3FD284668
:108BB00070BDA3899905CBD4A06DFDF731FBB4F945
:108BC0000C30002BC4D1656E15F0010505D00025D1
:108BD000284670BDFCF77AFDB3E7A06DFDF722FBD8
:108BE000284670BDA06DFDF71DFBDBE7216930460F
:108BF000FDF7E2FCBDE700BFB1F90C202DE9F04123
:108C00000C461107804647D4636842F40062002B8B
:108C1000A2815EDDA56A002D58D00023D8F800603F
:108C2000C8F8003093B212F4805256D10123E169A2
:108C30004046A847431C67D0A389A56A5F0705D5AE
:108C40006368C01A236B0BB1E36BC01AE16902467B
:108C500000234046A847411C41D1D8F80030002BE2
:108C60003DD01D2B01D0162B56D1A389226922603D
:108C700023F4006300216160A381216BC8F80060C8
:108C800021B304F14003994202D04046FDF794FC21
:108C900000202063BDE8F0812669BEB193B225684B
:108CA00026609A070CBF63690023AD1BA3600BE02D
:108CB0002B463246E169676A4046B847B0F1000C7E
:108CC000A5EB0C05664417DD002DF1DC0020BDE8A6
:108CD000F081E36B002B9DDCF8E7206DAEE7B4F983
:108CE0000C302269226023F40063A3810022DB049C
:108CF0006260C2D52065C0E7A38943F040034FF00E
:108D0000FF30A381BDE8F081D8F80030002B93D06C
:108D10001D2B06D0162B04D0A38943F04003A3815A
:108D2000D5E7C8F80060D1E738B50C46054608B16C
:108D3000436B03B3B4F90C0088B1636EDB0701D455
:108D400081050FD528462146FFF756FF636EDA07E7
:108D5000054602D4A3899B0508D5284638BD05469B
:108D6000284638BDA06DFDF75BFAEBE7A06DFDF777
:108D700059FA284638BDFCF7A9FCDBE72DE9F0419C
:108D80008B890C46990796B008D504F1430301225C
:108D9000C4E90432236016B0BDE8F081B4F90E10C6
:108DA0000029064625DB6A4600F054F800281FDB40
:108DB000019D05F47045A5F50055B5FA85F54FF40C
:108DC00080686D094FF4006741463046FBF7AEFE00
:108DD000E0B1B4F90C30C4F8148043F08003206093
:108DE0002061A38135BB3B43A38116B0BDE8F08170
:108DF000A38913F0800519D04FF0400800254146A3
:108E000030462F46FBF792FE0028E2D1B4F90C3031
:108E10009A05C0D423F0030304F1430243F0020394
:108E20000121C4E90421A3812260B4E74FF48068E2
:108E30002F46C9E7B4F90E10304600F021F810B9FA
:108E4000B4F90C30CFE7A38923F0030343F0010307
:108E50001BB2C8E770B50C46084D034600262046F5
:108E600011461C462E60F8F7DBFB431C00D070BD9A
:108E70002B68002BFBD0236070BD00BFB04A0220DE
:108E800038B5074D0022044608462A60F8F7CEFBA5
:108E9000431C00D038BD2B68002BFBD0236038BDAD
:108EA000B04A022030B482B08DED000B019A194C0B
:108EB00022F000430021A342016021DC009C1C43FE
:108EC0001ED0154C144054B99FED107B20EE077B4B
:108ED0008DED007B019A6FF0350122F0004322F006
:108EE000FF42DDE9004522F4E00242F07F551B1508
:108EF00045F40015A3F2FE33CDE900450B440360B1
:108F00009DED000B02B030BC704700BF00000000B8
:108F100000005043FFFFEF7F0000F07F00B50B4CD7
:108F200025681446EE681A4685B003460D464CB1D6
:108F300007490095CDE901143046064900F0AEFF1F
:108F4000F8F77CFB04490C46F3E700BF9487002048
:108F50007045002080450020FC3F00202DE9F04FA7
:108F600003690C69A34283B0C0F28780013C01F120
:108F70001405A30000F11408009355F8243058F8A4
:108F80002420013381469A4208EB840005EB8407D4
:108F90000190B2FBF3F63BD34FF0000CAE464046D7
:108FA000E24663465EF804BB02681FFA8BFC06FBD0
:108FB0000C334FEA134C4FEA1B4B06FB0BCC9BB216
:108FC000AAEB03031FFA8CFA13FA82F3CAEB1242DC
:108FD00002EB23429BB243EA0243774540F8043B4D
:108FE0004FEA224A4FEA1C43DCD2009B58F8033078
:108FF00073B9019B043B984504D307E0984504F1FD
:10900000FF3403D253F80429002AF7D0C9F81040DE
:109010004846FDF773FE00282BDB0136414600234E
:1090200055F8040BD1F800C082B29A1A030C12FA58
:109030008CF2C3EB1C4303EB224392B242EA03429D
:10904000AF4241F8042B4FEA2343E9D258F82420D9
:1090500008EB84036AB9043B984504D307E09845BC
:1090600004F1FF3403D253F80429002AF7D0C9F8D9
:109070001040304603B0BDE8F08F002003B0BDE8DB
:10908000F08F00BF2DE9F04F2DED028B8FB08DEDED
:10909000020B0191816B1A9D059357EC106B0446EE
:1090A000934641B1C26B4A60012393408B60FDF748
:1090B000C5FB0023A363B7F10008B4BF012300235D
:1090C0002B60BE4BBCBF28F00048CDF80C8033EAC3
:1090D000080300F09F809DED028BB5EE408BF1EE12
:1090E00010FA11D1059A012313601B9B002B00F08D
:1090F0003F82B34B1B9A1360013B009300980FB063
:10910000BDEC028BBDE8F08F0CAA0DA92046B0EE95
:10911000480BFDF7BFFE5FEA1853054640F092800A
:10912000DDE90C130B4403F23242202A40F3FA82A9
:10913000C2F1400208FA02F803F21242D64048EAAD
:10914000060207EE102AB8EE477B581E17EE906A0B
:1091500053EC172B4FF0010AA6F1F8739FED913BEA
:109160009FED927B9FED935B06EE900A43EC122BF2
:10917000B8EEE64BB7EE086B32EE466BA6EE037B1D
:10918000A4EE057BFDEEC76BB5EEC07BF1EE10FAE9
:1091900016EE907A08D5B8EEE66BB4EE476BF1EEBA
:1091A00010FA18BF07F1FF37162F00F24581854BE3
:1091B00003EBC70393ED007BB4EEC78BF1EE10FA1F
:1091C00057D5091A0023B1F1010807F1FF370A93B7
:1091D00000F1398100230693002F52DA069B049791
:1091E000DB1B06937B420893019B092B4FF0000782
:1091F0004ED8052B40F39D82043B01930026019B32
:109200009A1E032A00F22581DFE812F0AA03A703C1
:109210009D037E03059AC8F3130842F20F7358EAC0
:10922000060813601ED11B9B002B00F09185664B36
:10923000009308331B9A009813600FB0BDEC028BAB
:10924000BDE8F08F18EE906AC6F31306A3F2FF3064
:1092500053EC182B46F07F530C994FF0000A43F45F
:1092600040137BE71B9B002B40F03B83574B009345
:1092700044E7091A0023B1F101080A9300F1E380E1
:10928000069300230893019B0497092BB844B0D997
:1092900000230126019307964FF0FF399B460021DA
:1092A000E163CDF82C902046FDF7A2FA009000284B
:1092B00000F04085009BA363B9F10E0F00F2DC8043
:1092C000002E00F0D980049B002B40F3DE833D4A42
:1092D00003F00F0102EBC10292ED007B1A11DB05D6
:1092E00040F182833A4991ED086B02F00F020320AE
:1092F00088EE065B5AB13649D60704D591ED006B6E
:10930000013027EE067B521001F10801F4D185EE01
:10931000076B0A9B3BB1B7EE007BB4EEC76BF1EE77
:1093200010FA00F1AE8407EE900AB8EEE75BB1EEFA
:109330000C7BA5EE067B17EE902A51EC170BA2F1E1
:109340005071B9F1000F00F08883049E4A46079BD4
:10935000002B00F04784B6EE003B1A4BFDEEC64BE7
:1093600003EBC20CB8EEE47B36EE477B1CED026BE0
:1093700083EE065B41EC160B14EE900A35EE465B6D
:109380000099B4EEC75B3030F1EE10FA01F8010B32
:1093900000F3AC84B7EE002BB2EE044B4FF0000CA0
:1093A00031E000BF61436F63A787D23FB3C8608BD2
:1093B000288AC63FFB799F501344D33F0000F07FBB
:1093C00031480020600C0020844700209047002096
:1093D000380C00200CF1010C94454DDA27EE047B8B
:1093E00025EE045BFDEEC76B16EE903AB8EEE63B59
:1093F000303337EE437BB4EEC57BF1EE10FA01F863
:10940000013B00F1738432EE476BB4EEC56BF1EEB5
:1094100010FADFD5009A049602E08A4200F05084E8
:10942000894611F8013D392BF7D00133DBB20B70BF
:10943000049B0133049355E1091A0123B1F101089A
:109440000A937FF5C7AEC1F1010306934FF0000800
:10945000C2E60026E66331462046FDF7C9F90090D2
:10946000002800F06784009BA3634FF0FF330B9349
:1094700099460123B34607930D9A002A55DB0499B8
:109480000E2952DCB74BBBF1000F03EBC10393ED88
:10949000006B15DAB9F1000F12DC40F0F282B1EE88
:1094A000047B26EE077BB4EEC78BF1EE10FACA46BA
:1094B0004E4600F26D82DDF800806FEA0B0B70E221
:1094C00088EE067BBDEEC77B009917EE103AB9F126
:1094D000010F03F13003B8EEC75B01F8013BA5EEC5
:1094E000468B00F03483B2EE044B012311E088EE8A
:1094F000067BBDEEC77B013317EE102A4B4502F108
:109500003002B8EEC75B01F8012BA5EE468B00F0E8
:109510001E8328EE048BB5EE408BF1EE10FAE6D1F7
:10952000049B013304938946DCE0079B43B3019B12
:10953000012B40F37682089B09F1FF3A534580F2F4
:109540003F82089BCDF820A0AAEB030217444FF0FE
:10955000000AB9F1000FC0F22583069B09934B4422
:10956000C844069301212046FDF714FA06460CE094
:109570007D4B009300980FB0BDEC028BBDE8F08FDF
:10958000069BDDF820A0079E0993099B6BB1B8F1FB
:10959000000F0ADD434506991A46A8BF4246891ABC
:1095A0009B1A06910993A8EB0208089B63B1079BDD
:1095B000002B00F0A782BAF1000F00F30482089B91
:1095C000B3EB0A0240F0FF8201212046FDF7E2F9E9
:1095D000002F824600F3AF80019B012B40F387816F
:1095E000002308930120002F40F0B180404410F088
:1095F0001F0000F07A81C0F12002042A00F3888065
:1096000040F0F681069B002B05DD29461A462046D0
:10961000FDF7FCFA0546B8F1000F05DD514642465C
:109620002046FDF7F3FA82460A9B002B40F03F816B
:10963000B9F1000F40F32581079B002B40F0A38078
:10964000049B01330493DDF80080012707E02946DD
:1096500000230A222046FDF7FBF801370546514654
:109660002846FFF77BFCB94500F1300008F8010BF4
:10967000EDDCB9F1000F009ACCBFCB464FF0010BE7
:109680000346934400272946012220460193FDF713
:10969000BDFA51460546FDF731FB002840F3AF8186
:1096A0001BF8013C009A0BF1FF3B04E05A4500F027
:1096B000B1811BF8013D392B0BF10109F6D00133C3
:1096C0008BF8003051462046FDF7B8F856B12FB15F
:1096D000B74203D039462046FDF7B0F83146204660
:1096E000FDF7ACF829462046FDF7A8F8002389F8D5
:1096F0000030DDE904231A601B9B002B3FF4FEAC15
:109700000098C3F800900FB0BDEC028BBDE8F08F5D
:10971000C0F11C00069B03440693099B0344099374
:1097200080446FE7C2F1200206FA02F207EE102A27
:1097300009E5012663E501463A462046FDF706FAAB
:10974000019B012B824640F3C58100230893DAF880
:1097500010200AEB82021069FDF7CCF8C0F120005E
:1097600044E700BF600C0020304800203146002351
:109770000A222046FDF76CF80B9B002B064640F3AF
:10978000CE8204979946099B002B05DD31461A4687
:109790002046FDF73BFA0646089B002B40F0EB8184
:1097A000B046029B009F03F001027B1E4B440893CE
:1097B000019B0A921343099351462846FFF7CEFBBB
:1097C000314683462846FDF799FA4246514681467E
:1097D0002046FDF7B5FAC26801460BF13003002AB6
:1097E00042D1CDE906032846FDF788FA0699029092
:1097F0002046FDF723F8029A079B1AB90999002918
:1098000000F07E82B9F1000FC0F28381019949EA2C
:1098100001090A9951EA090900F07B81002A00F345
:10982000C681089A3B7007F101099742CB4600F0C8
:10983000C481294600230A222046FDF709F846453F
:10984000054631464FF000034FF00A02204612D081
:10985000FCF7FEFF4146064600230A222046FCF79D
:10986000F7FF4F468046A7E720460293FCF7E6FF46
:10987000029B0122C6E7FCF7EBFF4F4606468046F7
:109880009AE7019B022B71DC079B002B7FF47BAFD7
:10989000049B5146013328460493FFF75FFBDDF834
:1098A00000B000F130030BF8013B0027EBE6514616
:1098B0002846FDF723FA0028BFF6BAAE2946002352
:1098C0000A222046FCF7C4FF049B5F1E079B054647
:1098D000002B7FF44BAF0B9B002B40F31882994673
:1098E000B1E6BC4B00930333A4E41C2012E7DDE98E
:1098F000020100287FF474AEC1F31302002A00F0C5
:10990000F480029B08936DE601230793049B5B445C
:1099100003F10109B9F1010FCC460B93B8BF4FF029
:10992000010C0021BCF1170FE1637FF7BCAC0120F3
:109930000422520002F114036345014600F10100C4
:10994000F7D9E163AFE401230793BBF1000F52DDC8
:10995000CDF82CB0D946DC46E3E700230793D5E7E2
:1099600000230793F1E7DDF82C900497B9F1000F7D
:109970007FF4A1AD51464B4605222046FCF768FF17
:10998000014682462846FDF7B9F900287FF793ADD6
:10999000049B03F1010B009B3122984603F8012B35
:1099A000009351462046FCF749FF0BF10103DDF817
:1099B00000900493CDF80080002E7FF48FAE91E6E6
:1099C000A3EB0A0AC5E5314652462046FDF7BEF82C
:1099D0002A46014606462046FDF70AF8294605466E
:1099E0002046FCF72BFFEAE50220B0EE485B81E45D
:1099F000C0F13C008EE64FF0010BD9464FE403D195
:109A0000019BDB073FF54CAED9461BF8013D302BDF
:109A1000FAD057E6049B009A013304933123137064
:109A200050E6BAF1000F00F0238102F23342069BA8
:109A300009931344DDF820A00693904492E507EEC5
:109A4000900AB1EE0C5BB8EEE77BA6EE075B15EE75
:109A5000902A51EC150BA2F1507141EC150BB1EEAF
:109A6000047B36EE477BB4EEC57BF1EE10FA00F3D3
:109A70003781B1EE455BB4EEC57BF1EE10FA7FF5B0
:109A8000FBAC4FF0000A564615E500F0F580049B4C
:109A900051495A4202F00F0001EBC00191ED006BF9
:109AA000121128EE066B00F04281B0EE467B4B4966
:109AB00000260220D30705D591ED005B0130012679
:109AC00027EE057B521001F10801F3D1002E06FEAE
:109AD000076B1EE4029B002B7FF437AEDDE9020129
:109AE000C1F31302002A40F037813D4A0A40002AA0
:109AF00000F0FA80069B01330693012308F1010868
:109B000008936FE52946089A2046FDF71FF8054699
:109B10005AE5002A12DD2946012220460193FDF76D
:109B200075F851460546FDF7E9F80028019B40F31A
:109B3000E180392B00F0CA800BF13103B94609F8F6
:109B4000013B049B0133374604934646BAE538EEA1
:109B5000088BB4EEC68BF1EE10FA0ADCB4EE468B3D
:109B6000F1EE10FA7FF4DCAC17EE103AD8077FF56F
:109B7000D7AC009A54E471682046FCF739FE0746DA
:109B8000002800F0DE80336902339A0006F10C01F0
:109B90000C30F7F74FF9394601222046FDF736F829
:109BA0008046FEE5069BA3EB09030993DAE4392B13
:109BB00000F08C80B9460133C1E7049A0132374680
:109BC000049246465FE529462046FCF7BFFF05465E
:109BD000FAE400BF90470020600C0020380C002001
:109BE0000000F07F5E4BFDEEC65B03EBC20C1CED8C
:109BF000023BB8EEE57B36EE477B41EC160B15EEEB
:109C0000901A23EE063B00983031012A00F8011B20
:109C100000F08380B2EE044B009B991827EE047B82
:109C2000FDEEC76B16EE903A303300F8013B8142EF
:109C3000B8EEE65B37EE457BF0D1B6EE006B33EE67
:109C4000065BB4EEC75BF1EE10FA3FF5E3AB36EE20
:109C5000436BB4EEC76BF1EE10FA7FF70DAC89469B
:109C6000013919F8013C302BF9D0731C049339E504
:109C70000C9AC2F13602DAE60220B0EE486BFFF72A
:109C800048BBB9F1000F3FF4DAAE0B9A002A7FF718
:109C9000F3ABB2EE044B26EE046B013007EE900AF4
:109CA000049BB8EEE75BB1EE0C7BA6EE057B17EEEE
:109CB00090CA51EC170B5E1EACF15071FFF747BB19
:109CC000049B013304933123FFF7B1BB049BBB46D4
:109CD00001330493392337460BF8013B4646E1E450
:109CE0004FF0000A564653E608927BE4731C049337
:109CF0008946F7E47FF422AFDA077FF51FAF18E754
:109D0000392BE3D0B9F1000F3FF716AF16E7019BEF
:109D1000022B3FF728AE0497BAE501468DE7019B79
:109D2000022B3FF720AEDDF82C9004972BE50220A4
:109D3000FFF7EFBA0B4B0C48002240F2AF11FFF7D0
:109D4000EDF8084B08483A4640F2EF21FFF7E6F8F5
:109D5000064B0093FFF7D2B9029B0893F7E400BFCC
:109D6000600C00201046002094470020844700200B
:109D70002DE9F04F8BB0DDE9158A149F03918146E0
:109D800005921E46B8F1000F5CD0039B002B5ED0FD
:109D9000059B1D68002F6AD0741E4EB3039B04936D
:109DA000043D002601950BE0039B2BBB019B1A6829
:109DB000002A3AD0BC455CD2013C631C664617D0F1
:109DC000D8F800300293019BDAF8E05053F8042FE2
:109DD000019307A943464846D8F804B0A847421C57
:109DE0003AD000EB060CBC45DED9029BC8E9003B2B
:109DF00030460BB0BDE8F08F00280EDD049B019DBE
:109E000018445A1E07A900F1FF3E11F8013B02F861
:109E1000013F7245F9D101950490059B1A680432FF
:109E20001A60019B1A68002AC4D1039B0BB1059BE1
:109E30001A600CF1FF3600223046C8F800200BB043
:109E4000BDE8F08F039B00F58678002BA0D1059B21
:109E50004FF0FF371D689FE706468A2100223046F3
:109E6000C9F80010C8F800200BB0BDE8F08F3E46DE
:109E7000BEE76646BCE700BF10B584B0054C069847
:109E8000009007980190044800680294FFF770FF63
:109E900004B010BD0C820020948700200EB410B5D1
:109EA00083B005AB064C53F8042B019301462068A0
:109EB00000F044F803B0BDE8104003B0704700BFA5
:109EC000948700202DE9F84F4B6E9C0490462DD5C9
:109ED0009368126843B38B46064602F1080959E9B4
:109EE000025A5FEA9A0715D0043D002401E0A74218
:109EF0000ED055F8041F5A46304601F07BF8431C3B
:109F000004F10104F3D10023C8E90133BDE8F88F5F
:109F1000D8F808302AF0030AA3EB0A03C8F808307F
:109F200009F10809002BDAD10020ECE7FBF7F8FB78
:109F30000023C8E90133BDE8F88F00BF2DE9F04FD9
:109F40002DED028BC5B00DF1500A834608EE101AB4
:109F500016460021082250461C460793FBF792FF45
:109F6000BBF1000F04D0DBF83430002B00F0A086EA
:109F700018EE102A536EDB0740F11385B2F90C106E
:109F80008AB295040BD418EE103A41F4005199812D
:109F90005B6E8AB218EE101A23F400534B6610075A
:109FA00040F1058118EE103A1B69002B00F0FF808C
:109FB00002F01A030A2B00F00A810023CDE91933BD
:109FC000CDE90D331BAA0C93189291460B93059380
:109FD000B0464446A84BD3F8E450FCF783F8224639
:109FE000034612A9CDF800A05846A847002800F063
:109FF0004581C0F23981129A252A034601D01C44BA
:10A00000E8E7B4EB0806054640F03C8100236178A0
:10A010008DF8433004F1010806934FF0FF371E46D8
:10A020002B2408F10108A1F120035A2B00F27881BA
:10A03000DFE813F0B50276017601B0027601760111
:10A0400076016A00760176017D028D027601880232
:10A050009702760192025B005B005B005B005B0095
:10A060005B005B005B005B007601760176017601A8
:10A07000760176017601760176015C028400760134
:10A080007601760176017601760176017601760118
:10A090007601E80076017601760133027601DA0274
:10A0A000760176018B0576017601760176017601DF
:10A0B000760176017601760176015C0286007601F2
:10A0C00076017601CD0286007F007601C00276011E
:10A0D000FD02EA00ED027F00760133027C00690593
:10A0E000760176016B0576017C00A1F13003002238
:10A0F00018F8011B02EB820203EB4202A1F13003CC
:10A10000092BF5D906928EE75846FBF7F1FF436815
:10A110000D931846FCF74EF90E9005465846FBF78E
:10A12000E7FF83680B93002D40F0D68498F8001069
:10A1300077E798F8001046F0200672E746F0100620
:10A14000B40640F18E81079B073323F007031A46BC
:10A15000596852F8083B07920A460029C0F27084F9
:10A16000791C00F0A28526F08001039153EA0201D8
:10A1700000F03F840A2B72F1000180F041853033FA
:10A180008DF80F31039E012304930DF20F14049BED
:10A19000BB42B8BF3B460393002308939DF843306E
:10A1A000002B00F0CB80039B01330393C6E018EE35
:10A1B000101A584618EE105AFBF752FD002840F0CE
:10A1C0005286AA8902F01A030A2B7FF4F6AE18EE23
:10A1D000101AB1F90E30002BFFF6EFAE4B6EDB0715
:10A1E00002D4970540F1128618EE101A2346324623
:10A1F000584600F069FE0590059845B0BDEC028B0D
:10A20000BDE8F08F46F0100616F0200200F036810F
:10A21000079B073323F0070319465A6851F8083B98
:10A22000079126F480610391002100208DF84300FE
:10A23000781C00F01082039820F0800653EA020098
:10A2400040F00882002F40F03885002940F0D58387
:10A25000039B13F00103049300F0118430238DF865
:10A260000F310DF20F1492E7082200215046FBF740
:10A2700009FE01231C44ADE60C820020B4EB080665
:10A2800005461BD0199B1A9A01333244072BC9E9A2
:10A2900000861A9219931CDD002A00F0A68318EE9E
:10A2A000101A18AA5846FFF70DFE20BB0DF16C09D5
:10A2B000059B33440593002D7FF4A8AE1A9B002B19
:10A2C00040F0C18518EE103A0022B3F90C30199213
:10A2D00015E009F10809EBE718EE101A18AA58461C
:10A2E000FFF7F0FD002800F0A680089B1BB108993D
:10A2F0005846FCF761F918EE103AB3F90C3018EE35
:10A30000102A526E12F0010F9AB200F0A08050068F
:10A3100000F1B285059845B0BDEC028BBDE8F08F29
:10A320000029CBD000238DF843300123CDE903333E
:10A330008DF8AC102BAC002308931F4616F00203D7
:10A34000099302D0039B0233039316F084030A930C
:10A3500005D1069B039A9D1A002D00F37B82DDE94F
:10A360001903411C9DF8432082B101220133C9F831
:10A37000042007290DF14302CDE91913C9F8002083
:10A3800000F34A82084609F108090131099AE2B14D
:10A3900011AA0233C9F8002007294FF00202CDE9C3
:10A3A0001913C9F8042040F35082002B00F04383B6
:10A3B00018EE101A18AA5846FFF784FD002894D109
:10A3C000DDE919030DF16C09411C0A9A802A00F09D
:10A3D0008481049ABD1A002D00F3D781049AC9F82C
:10A3E000004013440729CDE91913C9F8042040F3AC
:10A3F0006E81002B00F0758218EE101A18AA5846CC
:10A40000FFF760FD00287FF470AF1A9B0DF16C0917
:10A41000750705D5069A0399541A002C00F36B8230
:10A42000DDE9052103988142ACBF5218121805924C
:10A43000002B7FF451AF089900231993002900F0F5
:10A4400049815846FCF7B8F80DF16C09C1E59C0547
:10A450003FF55DAF18EE104AA06DFBF7E3FEA28951
:10A4600055E7F006079A00F11F83710640F1198342
:10A4700032F9043B0792DA1711466EE616F0100324
:10A48000079940F0098316F0400000F001831A4656
:10A4900051F8043B07919BB2C3E6079B1A46002381
:10A4A0008DF84330134653F8044B0393002C00F00F
:10A4B0001284532900F0658316F0100540F0618383
:10A4C0007B1C00F0B3843A4629462046FBF70AFF7E
:10A4D0000890002800F09F84031B039A049323EA4A
:10A4E000E3732F4607920393089557E6432902D05A
:10A4F000F50640F12D83079D0822002116A82BACFC
:10A50000FBF7C0FC16AB55F8042B21465846FCF768
:10A5100039FD03460133049000F0B384049B079592
:10A5200023EAE373039300238DF8433003E7079B8B
:10A5300053F8042B0692002A80F29C82069A52421B
:10A54000CDE9062398F8001046F0040669E598F86E
:10A5500000108DF8434064E598F8001046F080063E
:10A560005FE5424612F8011B2A2900F09684A1F10A
:10A570003003092B90464FF000073FF654AD18F812
:10A58000011B07EB870703EB4707A1F13003092BFA
:10A59000F5D948E598F8001046F0010641E59DF828
:10A5A0004330002B7FF4C2AD202398F800108DF8C3
:10A5B000433036E598F800106C2903BF98F8011075
:10A5C00046F0200608F1010846F0100629E598F843
:10A5D0000010682903BF98F8011046F4007608F1CE
:10A5E000010846F040061CE546F010030393039B68
:10A5F00013F0200200F00682079B073323F00703C5
:10A6000019465A6851F8083B079101210DE6079A4F
:10A6100046F00203039352F8043B079247F63002D8
:10A62000ADF84420B84A0C9202210022FDE5B7069D
:10A6300000F14882F50600F14683740600F1D583E7
:10A64000B00540F14083079B059953F8042B07930D
:10A650001170BEE4039601293FF48CAD022944AC8D
:10A6600011D10C9803F00F011B09415C04F8011D86
:10A6700043EA0273120953EA0201F3D1039E44AB89
:10A680001B1B049383E503F00701DB0843EA4273D5
:10A69000D208303153EA0205204604F8011DF2D1F8
:10A6A000039EF307EBD53029E8D03023023804F8B5
:10A6B000013C44AB1B1A039E0493044667E5049BCC
:10A6C0001B9401221C931A9319920DF16C0909F144
:10A6D00008099DE60DF16C097BE4069A039D551B64
:10A6E000002D7FF776AE102D40F3BB83099418EE52
:10A6F000104A07E000F1020C09F108091046103D6C
:10A70000102D1EDD8149C9F80010421C10331021A4
:10A71000072ACDE91923C9F80410EBDD18AA002B8C
:10A7200074D0214658460DF16C09FFF7CBFB002889
:10A730007FF4DBADDDE91903103D102D00F1010CB4
:10A74000E0DC099C714AC9F804502B44BCF1070FA6
:10A75000CDE919C3C9F8002040F39481002B00F023
:10A760001F8318EE101A18AA5846FFF7ABFB0028F3
:10A770007FF4BBAD049ADDE91903BD1A002D00F189
:10A7800001010DF16C097FF729AE102D29DD099427
:10A79000102718EE104A07E000F1020C09F1080931
:10A7A0001046103D102D1ADD421C58491033072A5F
:10A7B000C9E90017CDE91923EEDD18AA03B3214634
:10A7C00058460DF16C09FFF77DFB00287FF48DAD35
:10A7D000DDE91903103D102D00F1010CE4DC099CAA
:10A7E00061464A4AC9F804502B440729CDE9191398
:10A7F000C9F8002000F3E78009F108090131EDE50F
:10A800004FF0010C18460DF16C09CAE74FF0010C2E
:10A8100018460DF16C0972E7002B00F0048118EE68
:10A82000101A18AA5846FFF74DFB00287FF45DADBB
:10A83000DDE919030DF16C09411CA7E5022311AAFA
:10A840001C931B9201210DF16C09084609F10809BE
:10A85000411CBAE5102D40F3E582DDE919130F9490
:10A86000084618EE104A07E000F1020C09F1080949
:10A870001046103D102D1DDD2549C9F80010421C61
:10A8800010331021072ACDE91923C9F80410EBDD94
:10A8900018AA03B3214658460DF16C09FFF712FBC5
:10A8A00000287FF422ADDDE91903103D102D00F1E1
:10A8B000010CE1DC0F9C6046154AC9F804502B449A
:10A8C0000728CDE91903C9F8002000F3C18009F178
:10A8D0000809411C46E518464FF0010C0DF16C09C2
:10A8E000C7E77607199353D5069A0399541A002C93
:10A8F0004EDD0DF16C09102C40F3B082199918EE61
:10A90000106A10250DE000BF0048002030730020C1
:10A9100044480020881C09F108091146103C102CFD
:10A920001ADD4A1CB3481033072AC9E90005CDE9EE
:10A930001923EFDD18AA33B331465846FFF7C2FAA0
:10A9400000287FF4D2ACDDE91913103C102C01F182
:10A9500001000DF16C09E4DCA64AC9F80440234467
:10A960000728CDE91903C9F800207FF759AD7BB15D
:10A9700018EE101A18AA5846FFF7A4FA00287FF418
:10A98000B4AC1A9B4CE5012019460DF16C09C5E7E2
:10A99000DDE9053203998A42ACBF9B185B18059329
:10A9A00049E5B2F90C108F0518EE103A8AB23FF55E
:10A9B000E8AA18EE105A986DFBF732FCB5F90C10A6
:10A9C0008AB2FFF7DEBA002B3FF479AE18EE101A08
:10A9D00018AA5846FFF776FA00287FF486AC199932
:10A9E0001A9B01310DF16C09F8E419920DF16C0913
:10A9F0005EE4002F7FF4C3AB039E0027049744ACB2
:10AA0000FFF7C5BB039B13F0100354D1039A12F058
:10AA1000400000F06B8107991A4651F8043B0791FA
:10AA20009BB2012101E4099A002A64D11846012150
:10AA30000DF16C09C9E4012118460DF16C09C4E45B
:10AA40005B4262EB420203962D200121FFF7EEBB31
:10AA5000002B00F0888018EE101A18AA5846FFF74D
:10AA600031FA00287FF441ACDDE919030DF16C09DE
:10AA7000411C77E498F800100793FFF7D2BA44AC72
:10AA8000FFF785BB09F108090CF101016046A0E45C
:10AA900016F4007240F0978151F8043B0791FFF7DC
:10AAA000C0BBB30500F1888152F8043B0792DA1766
:10AAB0001146FFF752BB079951F8043B079101215A
:10AAC000FFF7B3BB079B059853F8041B0793C21706
:10AAD000C1E90002FFF77DBA0B9B002B3FF426ABC8
:10AAE0000B9B1B78002B3FF421AB98F8001046F429
:10AAF0008066FFF796BA022311AA1C931B920120CD
:10AB00000DF16C09A2E6039671E53B4B0C9316F030
:10AB1000200259D0079B073323F0070318465A68D1
:10AB200050F8083B0790F40709D553EA020006D015
:10AB30008DF84510302146F002068DF8441026F4B9
:10AB4000806103910221FFF770BB2C4B0C93DEE771
:10AB5000079B012153F8042B03918DF8AC20079338
:10AB600004912BACDFE49DF84320002A40F03281B1
:10AB7000099A002A7FF462AE184601210DF16C0992
:10AB800027E40021082216A81394FBF77BF9791C0F
:10AB900000F0BC80002507942C460CE02BA95846F9
:10ABA000FCF7F0F9421C204400F06B81B84208DC4D
:10ABB00000F070810446139A525916AB0435002AEE
:10ABC000ECD10494079CAFE016F0100307980CD169
:10ABD00016F0400405D01A4650F8043B07909BB28B
:10ABE000A1E716F4007240F0E18050F8043B0790B2
:10ABF00099E700BF44480020004800201448002086
:10AC00000399049744AC9E4608EE90BA01F480661E
:10AC10004FF0000C234606E0BEF10A0F72F100026D
:10AC200039D3A6462A46A6491EEB020040F1000091
:10AC30000F46A1FB001424F0030101EB9401401A1C
:10AC4000BEEB00014FF0CC3562F1000405FB01F5CD
:10AC500007FB0455A1FB07410D44052704F0010142
:10AC6000A1FB071B09186408303103F8011C44EAF2
:10AC7000C5740CF1010C013B6D08002ECCD00B9972
:10AC800009786145C8D1BCF1FF0FC5D0BEF10A0FEC
:10AC900072F100026CD21C4644AB1B1B049F039E46
:10ACA000049318EE90BAFFF772BA0396FFF762BAF0
:10ACB0005846FAF70BFDFFF75BB9012903967FF4BD
:10ACC000CDACFFF75CBA079B059953F8042B1160D4
:10ACD0000793FFF77EB9062F3B46039A794C0792FC
:10ACE00028BF062304930393FFF725BB039B079913
:10ACF00013F4007214BF51F8043B51F8043B079160
:10AD00001CBF0246DBB20121FFF78FBA16AB0093DE
:10AD10000023194613AA5846FCF75AF90346013393
:10AD2000049000F0AE801394049B002B30D0632B72
:10AD300063DC002308932BAC0822002116A8FBF744
:10AD4000A1F8049D16AB009313AA2B462146584642
:10AD5000FCF73EF9854240F0AB80039B049A0793D1
:10AD60000023A3541F4622EAE2730393FFF716BAA7
:10AD70000E9A0D999B1A18460893FBF781F90B99C7
:10AD8000089B4A780AB101310B914FF0000C48E75B
:10AD9000039B0793049B03931F460893FFF7FEB999
:10ADA000012118460DF16C09FFF713BB50F8043B65
:10ADB00007902246DBB2B6E612F9043B0792DA1797
:10ADC0001146FFF7CAB951F8043B07910246DBB2BE
:10ADD000FFF727BA01231C9301210DF143031B93B5
:10ADE0000DF16C090B46FFF7CDBA079B059953F897
:10ADF000042B07931180FFF7ECB8591C5846F9F75C
:10AE000095FE044600283CD0089095E7886DFBF736
:10AE100009FAFFF7E9B9039B0793CDE90377089F88
:10AE2000FFF7BCB919981A9B013045E5039B0793BE
:10AE30002046FBF7BFFA20EAE0732F460490039305
:10AE40000895FFF7ABB918EE101A18AA5846FFF785
:10AE500039F800283FF436AAFFF74DBA19980130A7
:10AE60007AE58C466EE46B6ED90705D4AB899A05FA
:10AE700002D4A86DFBF7D6F94FF0FF330593FFF727
:10AE800049BA18EE102AB2F90C3043F0400393810E
:10AE9000FFF735BA079C049746E7079B98F801101F
:10AEA00053F8047B0793904647EAE777FFF7B9B872
:10AEB00018EE102A938943F040039381FFF715BAE7
:10AEC000CDCCCCCC2848002070B50C468989ADF596
:10AED0008E6D21F00201ADF81410616E1B91E189B5
:10AEE000ADF81610E1690991616A0B911CA90291F4
:10AEF00006914FF4806106460491079118A800213D
:10AF0000CDE900320891FBF787F9DDE9003202A9AB
:10AF10003046FFF713F8051E07DB02A93046FDF7A0
:10AF200003FF002818BF4FF0FF35BDF814305B0653
:10AF300003D5A38943F04003A3811898FBF76EF96A
:10AF400028460DF58E6D70BD2DE9F04782B0824622
:10AF500088461446FBF7C6F8012803D108F1FF33F1
:10AF6000FE2B36D90DF10409424604F15C03494633
:10AF70005046FCF707F8421C064632D020B39DF835
:10AF800004C0002509E023685A1C226083F800C031
:10AF90000135B54218D219F801CFA368013B002B47
:10AFA000A360F0DAA769BB4261462246504602DB45
:10AFB000BCF10A0FE7D1FAF7FBFD431CE8D10646C6
:10AFC000304602B0BDE8F0874646304602B0BDE8E4
:10AFD000F0875FFA88FC8DF804C006460DF104097D
:10AFE000CFE7A389304643F04003A38102B0BDE818
:10AFF000F08700BF30B5536E13F0010FB2F90C307B
:10B00000144683B005469AB201D198051CD5900428
:10B0100006D4626E43F4005342F40052A381626688
:10B0200022462846FFF790FF636EDA07054602D4F2
:10B03000A3899B0502D5284603B030BDA06DFBF760
:10B04000F1F8284603B030BDA06D0191FBF7E8F898
:10B05000B4F90C3001999AB2D9E700BF5FF800F05B
:10B06000751600605FF800F0DD1700605FF800F013
:10B07000FD2000605FF800F0552000605FF800F0F0
:04B08000451800600F
:04B08400F8B500BF5C
:08B088004C93FF7F0100000062
:10B0900000000000000000000000000000000000B0
:10B0A00000000000000000000000000000000000A0
:10B0B0000000000000000000000000000000000090
:10B0C0000000000000000000000000000000000080
:10B0D0000000000000000000000000000000000070
:10B0E0000000000000000000000000000000000060
:10B0F0000000000000000000000000000000000050
:10B10000000000000000000000000000000000003F
:10B11000000000000000000000000000000000002F
:10B12000000000000000000000000000000000001F
:10B13000000000000000000000000000000000000F
:10B1400000000000000000000000000000000000FF
:10B1500000000000000000000000000000000000EF
:10B1600000000000000000000000000000000000DF
:10B1700000000000000000000000000000000000CF
:10B1800000000000000000000000000000000000BF
:10B1900000000000000000000000000000000000AF
:10B1A000000000000000000000000000000000009F
:10B1B000000000000000000000000000000000008F
:10B1C000000000000000000000000000000000007F
:10B1D000000000000000000000000000000000006F
:10B1E000000000000000000000000000000000005F
:10B1F000000000000000000000000000000000004F
:10B20000000000000000000000000000000000003E
:10B21000000000000000000000000000000000002E
:10B22000000000000000000000000000000000001E
:10B23000000000000000000000000000000000000E
:10B2400000000000000000000000000000000000FE
:10B2500000000000000000000000000000000000EE
:10B2600000000000000000000000000000000000DE
:10B2700000000000000000000000000000000000CE
:10B2800000000000000000000000000000000000BE
:10B2900000000000000000000000000000000000AE
:10B2A000000000000000000000000000000000009E
:10B2B000000000000000000000000000000000008E
:10B2C000000000000000000000000000000000007E
:10B2D000000000000000000000000000000000006E
:10B2E000000000000000000000000000000000005E
:10B2F000000000000000000000000000000000004E
:10B30000000000000000000000000000000000003D
:10B31000000000000000F03F748515D3B0D9EF3F66
:10B320000F89F96C58B5EF3F515B12D00193EF3F95
:10B330007B517D3CB872EF3FAAB968318754EF3F2B
:10B340003862756E7A38EF3FE1DE1FF59D1EEF3FE4
:10B3500015B7310AFE06EF3FCBA93A37A7F1EE3F0A
:10B360002234124CA6DEEE3F2D89616008CEEE3FFE
:10B37000272A36D5DABFEE3F824F9D562BB4EE3FDB
:10B38000295448DD07ABEE3F85553AB07EA4EE3F29
:10B39000CD3B7F669EA0EE3F745FECE8759FEE3F6D
:10B3A0008701EB7314A1EE3F13CE4C9989A5EE3FB4
:10B3B000DBA02A42E5ACEE3FE5C5CDB037B7EE3FA6
:10B3C00090F0A38291C4EE3F5D253EB203D5EE3FDF
:10B3D000ADD35A999FE8EE3F475EFBF276FFEE3F12
:10B3E0009C5285DD9B19EF3F6990EFDC2037EF3FE2
:10B3F00087A4FBDC1858EF3F5F9B7B33977CEF3FC4
:10B40000DA90A4A2AFA4EF3F40456E5B76D0EF3F49
:10B41000000000000000E8429423914BF86AAC3F22
:10B42000F3C4FA50CEBFCE3FD6520CFF422EE63FB9
:10B430000000000000003843FE822B65471547409E
:10B440009423914BF86ABC3EF3C4FA50CEBF2E3F12
:10B45000D6520CFF422E963FFE822B654715674061
:10B4600000000000000038430000FAFE422E76BFC4
:10B470003A3B9EBC9AF70CBDBDFDFFFFFFFFDF3FCF
:10B480003C5455555555C53F912B17CF5555A53FA4
:10B4900017D0A4671111813F000000000000C842CE
:10B4A000EF39FAFE422EE63F24C482FFBDBFCE3FF5
:10B4B000B5F40CD7086BAC3FCC5046D2ABB2833F4F
:10B4C000843A4E9BE0D7553F00000000000000008A
:10B4D000000000000000F03F6EBF881A4F3B9B3C0D
:10B4E0003533FBA93DF6EF3F5DDCD89C136071BCA2
:10B4F0006180773E9AECEF3FD16687107A5E90BC10
:10B50000857F6EE815E3EF3F13F6673552D28C3C2A
:10B51000748515D3B0D9EF3FFA8EF92380CE8BBC5A
:10B52000DEF6DD296BD0EF3F61C8E6614EF7603C87
:10B53000C89B751845C7EF3F99D3335BE4A3903C94
:10B5400083F3C6CA3EBEEF3F6D7B835DA69A973CF0
:10B550000F89F96C58B5EF3FFCEFFD921AB58E3CA0
:10B56000F747722B92ACEF3FD19C2F703DBE3E3C13
:10B57000A2D1D332ECA3EF3F0B6E908934036ABCA7
:10B580001BD3FEAF669BEF3F0EBD2F2A525695BCD4
:10B59000515B12D00193EF3F55EA4E8CEF8050BCC7
:10B5A000CC316CC0BD8AEF3F16F4D5B923C991BC2C
:10B5B000E02DA9AE9A82EF3FAF555CE9E3D3803C22
:10B5C000518EA5C8987AEF3F4893A5EA151B80BC19
:10B5D0007B517D3CB872EF3F3D32DE55F01F8FBC92
:10B5E000EA8D8C38F96AEF3FBF53133F8C898B3C4F
:10B5F00075CB6FEB5B63EF3F26EB11769CD996BC66
:10B60000D45C0484E05BEF3F602F3A3EF7EC9A3C59
:10B61000AAB968318754EF3F9D3886CB82E78FBC4B
:10B620001DD9FC22504DEF3F8DC3A644416F8A3C8B
:10B63000D68C62883B46EF3F7D04E4B0057A803CBF
:10B6400096DC7D91493FEF3F94A8A8E3FD8E963CA0
:10B650003862756E7A38EF3F7D4874F2185E873C29
:10B660003FA6B24FCE31EF3FF2E71F982B47803C09
:10B67000DD7CE265452BEF3F5E08713F7BB896BCF1
:10B680008163F5E1DF24EF3F31AB096DE1F7823CE7
:10B69000E1DE1FF59D1EEF3FFABF6F1A9B213DBCF7
:10B6A00090D9DAD07F18EF3FB40A0C7282378B3C06
:10B6B0000B03E4A68512EF3F8FCBCE8992146E3C2C
:10B6C000562F3EA9AF0CEF3FB6ABB04D754D833C46
:10B6D00015B7310AFE06EF3F4C74ACE20142863CDE
:10B6E00031D84CFC7001EF3F4AF8D35D39DD8F3C17
:10B6F000FF1664B208FCEE3F045B8E3B80A386BC61
:10B70000F19F925FC5F6EE3F68504BCCED4A92BC7C
:10B71000CBA93A37A7F1EE3F8E2D511BF80799BC04
:10B7200066D8056DAEECEE3FD236943EE8D171BCE2
:10B73000F79FE534DBE7EE3F151BCEB3191999BC33
:10B74000E5A813C32DE3EE3F6D4C2AA7489F853C27
:10B750002234124CA6DEEE3F8A69287A601293BC2E
:10B760001C80AC0445DAEE3F5B8917488FA758BCB4
:10B770002A2EF7210AD6EE3F1B9A49679B2C7CBCE8
:10B7800097A850D9F5D1EE3F11ACC260ED63433CB0
:10B790002D89616008CEEE3FEF64063B0966963C5A
:10B7A00057001DED41CAEE3F7903A1DAE1CC6E3CB2
:10B7B000D03CC1B5A2C6EE3F30120F3F8EFF933C86
:10B7C000DED3D7F02AC3EE3FB0AF7ABBCE90763C43
:10B7D000272A36D5DABFEE3F77E054EBBD1D933C08
:10B7E0000DDDFD99B2BCEE3F8EA3710034948FBC89
:10B7F000A72C9D76B2B9EE3F49A393DCCCDE87BC83
:10B800004266CFA2DAB6EE3F5F380FBDC6DE78BC27
:10B81000824F9D562BB4EE3FF65C7BEC461286BC05
:10B820000F925DCAA4B1EE3F8ED7FD180535933C4B
:10B83000DA27B53647AFEE3F059B8A2FB7987B3C9A
:10B84000FDC797D412ADEE3F09541CE2E163903C72
:10B85000295448DD07ABEE3FEAC6195085C7343C92
:10B86000B746598A26A9EE3F35C0642BE632943C90
:10B870004821AD156FA7EE3F9F7699614AE48CBCD5
:10B8800009DC76B9E1A5EE3FA84DEF3BC5338CBC92
:10B8900085553AB07EA4EE3FAEE92B89785384BC3F
:10B8A00020C3CC3446A3EE3F58585678DDCE93BC27
:10B8B0002522558238A2EE3F64197E80AA10573C9B
:10B8C00073A94CD455A1EE3F28225EBFEFB393BCC1
:10B8D000CD3B7F669EA0EE3F82B93487AD126ABC35
:10B8E000BFDA0B7512A0EE3FEEA96DB8EF6763BC2F
:10B8F0002F1A653CB29FEE3F5188E0543DDC80BC7E
:10B90000849451F97D9FEE3FCF3E5A7E641F78BCF0
:10B91000745FECE8759FEE3FB07D8BC04AEE86BC4D
:10B920007481A5489A9FEE3F8AE6551E321986BC5F
:10B93000C9674256EB9FEE3FD3D4095ECB9C903C47
:10B940003F5DDE4F69A0EE3F1DA54DB9DC327BBCEB
:10B950008701EB7314A1EE3F6BC06754FDEC943C80
:10B9600032C13001EDA1EE3F556CD6ABE1EB653C49
:10B97000624ECF36F3A2EE3F42CFB32FC5A188BCB3
:10B98000121A3E5427A4EE3F34373BF1B66993BCFC
:10B9900013CE4C9989A5EE3F1EFF193A845E80BCF8
:10B9A000ADC723461AA7EE3F6E5772D850D494BC49
:10B9B000ED92449BD9A8EE3F008A0E5B67AD903CA8
:10B9C00099668AD9C7AAEE3FB4EAF0C12FB78D3C79
:10B9D000DBA02A42E5ACEE3FFFE7C59C60B665BC44
:10B9E0008C44B51632AFEE3F445FF35983F67B3C8F
:10B9F00036771599AEB1EE3F833D1EA71F0993BC64
:10BA0000C6FF910B5BB4EE3F291E6C8BB8A95DBCE1
:10BA1000E5C5CDB037B7EE3F59B9907CF9236CBC82
:10BA20000F52C8CB44BAEE3FAAF9F422434392BC6A
:10BA3000504EDE9F82BDEE3F4B8E66D76CCA85BCF2
:10BA4000BA07CA70F1C0EE3F27CE912BFCAF713C14
:10BA500090F0A38291C4EE3FBB730AE135D26D3CF6
:10BA60002323E31963C8EE3F6322622204C587BC27
:10BA700065E55D7B66CCEE3FD531E2E3861C8B3C11
:10BA8000332D4AEC9BD0EE3F15BBBCD3D1BB91BC50
:10BA90005D253EB203D5EE3FD231EE9C31CC903CD9
:10BAA00058B330139ED9EE3FB35A736E8469843C09
:10BAB000BFFD79556BDEEE3FB49D8E97CDDF82BC26
:10BAC0007AF3D3BF6BE3EE3F8733CB92771A8C3C8C
:10BAD000ADD35A999FE8EE3FFAD9D14A8F7B90BCFB
:10BAE00066B68D2907EEEE3FBAAEDC56D9C355BC1B
:10BAF000FB154FB8A2F3EE3F40F6A63D0EA490BC56
:10BB00003A59E58D72F9EE3F3493AD38F4D668BCFE
:10BB1000475EFBF276FFEE3F358A586BE2EE91BC52
:10BB20004A06A130B005EF3FCDDD5F0AD7FF743C78
:10BB3000D2C14B901E0CEF3FAC9892FAFBBD91BC6A
:10BB4000091ED75BC212EF3FB30CAF30AE6E733C31
:10BB50009C5285DD9B19EF3F94FD9F5C32E38E3C48
:10BB60007AD0FF5FAB20EF3FAC5909D18FE0843C26
:10BB70004BD1572EF127EF3F671A4E38AFCD633CBC
:10BB8000B5E706946D2FEF3F6819926C2C6B673CFC
:10BB90006990EFDC2037EF3FD2B5CC83188A80BCA8
:10BBA000FAC35D550B3FEF3F6FFAFF3F5DAD8FBCB2
:10BBB0007C89074A2D47EF3F49A97538AE0D90BCE7
:10BBC000F2890D08874FEF3FA7073DA685A3743C78
:10BBD00087A4FBDC1858EF3F0F2240209E9182BCC7
:10BBE0009883C916E360EF3FAC92C1D5505A8E3CA2
:10BBF0008532DB03E669EF3F4B6B01AC593A843C7D
:10BC000060B401F32173EF3F1F3EB40721D582BC1E
:10BC10005F9B7B33977CEF3FC90D473BB92A89BCBB
:10BC200029A1F5144686EF3FD3883A6004B6743CE8
:10BC3000F63F8BE72E90EF3F71729D51ECC5833C30
:10BC4000834CC7FB519AEF3FF091D38F12F78FBC13
:10BC5000DA90A4A2AFA4EF3F7D7423E298AE8DBC2E
:10BC6000F1678E2D48AFEF3F0820AA41BCC38E3C40
:10BC7000275A61EE1BBAEF3F32EBA9C3942B843CE9
:10BC800097BA6B372BC5EF3FEE85D131A9648A3C5B
:10BC900040456E5B76D0EF3FEDE33BE4BA378EBCB8
:10BCA00014BE9CADFDDBEF3F9DCD914D3B89773CB4
:10BCB000D8909E81C1E7EF3F89CC6041C105533CDC
:10BCC000F1718F2BC2F3EF3F0080E03779C341431E
:10BCD000176E05B5B5B89346F5F93FE9034F384DF2
:10BCE000321D30F94877825A3CBF737FDD4F15759E
:10BCF000000000000000F03F0000000000002440B1
:10BD000000000000000059400000000000408F408B
:10BD1000000000000088C34000000000006AF840F6
:10BD20000000000080842E4100000000D01263411A
:10BD30000000000084D797410000000065CDCD4190
:10BD4000000000205FA00242000000E87648374271
:10BD5000000000A2941A6D42000040E59C30A2420F
:10BD60000000901EC4BCD64200003426F56B0C4384
:10BD70000080E03779C3414300A0D885573476432B
:10BD800000C84E676DC1AB43003D9160E458E1438C
:10BD9000408CB5781DAF154450EFE2D6E41A4B4401
:10BDA00092D54D06CFF08044F64AE1C7022DB54446
:10BDB000B49DD9794378EA440038FAFE422EE63F32
:10BDC0003067C79357F32E3D000000000000E0BF2E
:10BDD000605555555555E5BF060000000000E03F91
:10BDE0004E5559999999E93F7AA429555555E5BF7A
:10BDF000E945489B5B49F2BFC33F268B2B00F03FD0
:10BE00000000000000A0F63F00000000000000005D
:10BE100000C8B9F2822CD6BF8056372824B4FA3C29
:10BE2000000000000080F63F00000000000000005D
:10BE3000000858BFBDD1D5BF20F7E0D808A51CBD6C
:10BE4000000000000060F63F00000000000000005D
:10BE5000005845177776D5BF6D50B6D5A46223BD7F
:10BE6000000000000040F63F00000000000000005D
:10BE700000F82D87AD1AD5BFD567B09EE484E6BC27
:10BE8000000000000020F63F00000000000000005D
:10BE9000007877955FBED4BFE03E2993691B04BD4F
:10BEA000000000000000F63F00000000000000005D
:10BEB00000601CC28B61D4BFCC844C482FD8133D8A
:10BEC0000000000000E0F53F00000000000000005E
:10BED00000A886863004D4BF3A0B82EDF342DC3CE6
:10BEE0000000000000C0F53F00000000000000005E
:10BEF000004869554CA6D3BF60945186C6B1203D19
:10BF00000000000000A0F53F00000000000000005D
:10BF10000080989ADD47D3BF9280C5D44D59253D06
:10BF2000000000000080F53F00000000000000005D
:10BF30000020E1BAE2E8D2BFD82BB7991E7B263D9C
:10BF4000000000000060F53F00000000000000005D
:10BF50000088DE135A89D2BF3FB0CFB614CA153D50
:10BF6000000000000060F53F00000000000000003D
:10BF70000088DE135A89D2BF3FB0CFB614CA153D30
:10BF8000000000000040F53F00000000000000003D
:10BF90000078CFFB4129D2BF76DA5328245A16BD48
:10BFA000000000000020F53F00000000000000003D
:10BFB000009869C198C8D1BF0454E768BCAF1FBDE1
:10BFC000000000000000F53F00000000000000003D
:10BFD00000A8ABAB5C67D1BFF0A88233C61F1F3D82
:10BFE0000000000000E0F43F00000000000000003E
:10BFF0000048AEF98B05D1BF665A05FDC4A826BD21
:10C000000000000000C0F43F00000000000000003D
:10C01000009073E224A3D0BF0E03F47EEE6B0CBD40
:10C020000000000000A0F43F00000000000000003D
:10C0300000D0B4942540D0BF7F2DF49EB836F0BC1C
:10C040000000000000A0F43F00000000000000001D
:10C0500000D0B4942540D0BF7F2DF49EB836F0BCFC
:10C06000000000000080F43F00000000000000001D
:10C0700000405E6D18B9CFBF873C99AB2A570D3D84
:10C08000000000000060F43F00000000000000001D
:10C090000060DCCBADF0CEBF24AF869CB7262B3D35
:10C0A000000000000040F43F00000000000000001D
:10C0B00000F02A6E0727CEBF10FF3F544F2F17BD49
:10C0C000000000000020F43F00000000000000001D
:10C0D00000C04F6B215CCDBF1B68CABB91BA213D2C
:10C0E000000000000000F43F00000000000000001D
:10C0F00000A09AC7F78FCCBF34849F684F79273D43
:10C10000000000000000F43F0000000000000000FC
:10C1100000A09AC7F78FCCBF34849F684F79273D22
:10C120000000000000E0F33F0000000000000000FD
:10C1300000902D7486C2CBBF8FB78B31B04E193DA6
:10C140000000000000C0F33F0000000000000000FD
:10C1500000C0804EC9F3CABF6690CD3F634EBA3C63
:10C160000000000000A0F33F0000000000000000FD
:10C1700000B0E21FBC23CABFEAC146DC648C25BD07
:10C180000000000000A0F33F0000000000000000DD
:10C1900000B0E21FBC23CABFEAC146DC648C25BDE7
:10C1A000000000000080F33F0000000000000000DD
:10C1B0000050F49C5A52C9BFE3D4C104D9D12ABD5E
:10C1C000000000000060F33F0000000000000000DD
:10C1D00000D02065A07FC8BF09FADB7FBFBD2B3D23
:10C1E000000000000040F33F0000000000000000DD
:10C1F00000E0100289ABC7BF584A537290DB2B3D59
:10C20000000000000040F33F0000000000000000BC
:10C2100000E0100289ABC7BF584A537290DB2B3D38
:10C22000000000000020F33F0000000000000000BC
:10C2300000D019E70FD6C6BF66E2B2A36AE410BD0C
:10C24000000000000000F33F0000000000000000BC
:10C250000090A77030FFC5BF3950109F439E1EBD90
:10C26000000000000000F33F00000000000000009C
:10C270000090A77030FFC5BF3950109F439E1EBD70
:10C280000000000000E0F23F00000000000000009D
:10C2900000B0A1E3E526C5BF8F5B07908BDE20BD14
:10C2A0000000000000C0F23F00000000000000009D
:10C2B0000080CB6C2B4DC4BF3C783561C10C173D61
:10C2C0000000000000C0F23F00000000000000007D
:10C2D0000080CB6C2B4DC4BF3C783561C10C173D41
:10C2E0000000000000A0F23F00000000000000007D
:10C2F00000901E20FC71C3BF3A54274D8678F13C54
:10C30000000000000080F23F00000000000000007C
:10C3100000F01FF85295C2BF08C47117308D24BDBC
:10C32000000000000060F23F00000000000000007C
:10C3300000602FD52AB7C1BF96A31118A4802EBDC7
:10C34000000000000060F23F00000000000000005C
:10C3500000602FD52AB7C1BF96A31118A4802EBDA7
:10C36000000000000040F23F00000000000000005C
:10C370000090D07C7ED7C0BFF45BE88896690A3D08
:10C38000000000000040F23F00000000000000003C
:10C390000090D07C7ED7C0BFF45BE88896690A3DE8
:10C3A000000000000020F23F00000000000000003C
:10C3B00000E0DB3191ECBFBFF233A35C547525BDC7
:10C3C000000000000000F23F00000000000000003C
:10C3D00000002B6E0727BEBF3C00F02A2C342A3DFC
:10C3E000000000000000F23F00000000000000001C
:10C3F00000002B6E0727BEBF3C00F02A2C342A3DDC
:10C400000000000000E0F13F00000000000000001C
:10C4100000C05B8F545EBCBF06BE5F58570C1DBD8D
:10C420000000000000C0F13F00000000000000001C
:10C4300000E04A3A6D92BABFC8AA5BE83539253D9B
:10C440000000000000C0F13F0000000000000000FC
:10C4500000E04A3A6D92BABFC8AA5BE83539253D7B
:10C460000000000000A0F13F0000000000000000FC
:10C4700000A031D645C3B8BF68562F4D297C133D67
:10C480000000000000A0F13F0000000000000000DC
:10C4900000A031D645C3B8BF68562F4D297C133D47
:10C4A000000000000080F13F0000000000000000DC
:10C4B0000060E58AD2F0B6BFDA7333C9379726BD7C
:10C4C000000000000060F13F0000000000000000DC
:10C4D0000020063F071BB5BF575EC6615B021F3DCC
:10C4E000000000000060F13F0000000000000000BC
:10C4F0000020063F071BB5BF575EC6615B021F3DAC
:10C50000000000000040F13F0000000000000000BB
:10C5100000E01B96D741B3BFDF13F9CCDA5E2C3DA8
:10C52000000000000040F13F00000000000000009B
:10C5300000E01B96D741B3BFDF13F9CCDA5E2C3D88
:10C54000000000000020F13F00000000000000009B
:10C550000080A3EE3665B1BF09A38F765E7C143DE3
:10C56000000000000000F13F00000000000000009B
:10C57000008011C0300AAFBF918E36839E592D3D89
:10C58000000000000000F13F00000000000000007B
:10C59000008011C0300AAFBF918E36839E592D3D69
:10C5A0000000000000E0F03F00000000000000007C
:10C5B00000801971DD42ABBF4C70D6E57A821C3D1C
:10C5C0000000000000E0F03F00000000000000005C
:10C5D00000801971DD42ABBF4C70D6E57A821C3DFC
:10C5E0000000000000C0F03F00000000000000005C
:10C5F00000C032F65874A7BFEEA1F23446FC2CBD41
:10C600000000000000C0F03F00000000000000003B
:10C6100000C032F65874A7BFEEA1F23446FC2CBD20
:10C620000000000000A0F03F00000000000000003B
:10C6300000C0FEB9879EA3BFAAFE26F5B702F53C4F
:10C640000000000000A0F03F00000000000000001B
:10C6500000C0FEB9879EA3BFAAFE26F5B702F53C2F
:10C66000000000000080F03F00000000000000001B
:10C670000000780E9B829FBFE4097E7C268029BD46
:10C68000000000000080F03F0000000000000000FB
:10C690000000780E9B829FBFE4097E7C268029BD26
:10C6A000000000000060F03F0000000000000000FB
:10C6B0000080D5071BB997BF39A6FA93548D28BDC2
:10C6C000000000000040F03F0000000000000000FB
:10C6D0000000FCB0A8C08FBF9CA6D3F67C1EDFBCB8
:10C6E000000000000040F03F0000000000000000DB
:10C6F0000000FCB0A8C08FBF9CA6D3F67C1EDFBC98
:10C70000000000000020F03F0000000000000000DA
:10C710000000106B2AE07FBFE440DA0D3FE219BD54
:10C72000000000000020F03F0000000000000000BA
:10C730000000106B2AE07FBFE440DA0D3FE219BD34
:10C74000000000000000F03F0000000000000000BA
:10C7500000000000000000000000000000000000D9
:10C76000000000000000F03F00000000000000009A
:10C7700000000000000000000000000000000000B9
:10C780000000000000C0EF3F0000000000000000BB
:10C79000000089751510803FE82B9D996BC710BD6F
:10C7A000000000000080EF3F0000000000000000DB
:10C7B000008093585620903FD2F7E2065BDC23BD01
:10C7C000000000000040EF3F0000000000000000FB
:10C7D0000000C9282549983F340C5A32BAA02ABD16
:10C7E000000000000000EF3F00000000000000001B
:10C7F0000040E7895D41A03F53D7F15CC011013D86
:10C800000000000000C0EE3F00000000000000003B
:10C8100000002ED4AE66A43F28FDBD7573162CBD56
:10C82000000000000080EE3F00000000000000005B
:10C8300000C09F14AA94A83F7D265AD0957919BDAF
:10C84000000000000040EE3F00000000000000007B
:10C8500000C0DDCD73CBAC3F0728D847F2681ABDC6
:10C86000000000000020EE3F00000000000000007B
:10C8700000C006C031EAAE3F7B3BC94F3E110EBD42
:10C880000000000000E0ED3F00000000000000009C
:10C89000006046D13B97B13F9B9E0D565D3225BD52
:10C8A0000000000000A0ED3F0000000000000000BC
:10C8B00000E0D1A7F5BDB33FD74EDBA55EC82C3D48
:10C8C000000000000060ED3F0000000000000000DC
:10C8D00000A0974D5AE9B53F1E1D5D3C06692CBD71
:10C8E000000000000040ED3F0000000000000000DC
:10C8F00000C0EA0AD300B73F32ED9DA98D1EEC3C83
:10C90000000000000000ED3F0000000000000000FB
:10C910000040595D5E33B93FDA47BD3A5C11233DB3
:10C920000000000000C0EC3F00000000000000001C
:10C930000060AD8DC86ABB3FE568F72B809013BDE2
:10C940000000000000A0EC3F00000000000000001C
:10C950000040BC015888BC3FD3AC5AC6D146263DE6
:10C96000000000000060EC3F00000000000000003C
:10C9700000200A8339C7BE3FE045E6AF68C02DBD41
:10C98000000000000040EC3F00000000000000003C
:10C9900000E0DB3991E8BF3FFD0AA14FD63425BD49
:10C9A000000000000000EC3F00000000000000005C
:10C9B00000E027828E17C13FF2072DCE78EF213D90
:10C9C0000000000000E0EB3F00000000000000005D
:10C9D00000F0237E2BAAC13F349938448EA72C3D0A
:10C9E0000000000000A0EB3F00000000000000007D
:10C9F0000080860C61D1C23FA1B481CB6C9D033D08
:10CA0000000000000080EB3F00000000000000007C
:10CA1000009015B0FC65C33F89724B23A82FC63C1C
:10CA2000000000000040EB3F00000000000000009C
:10CA300000B033833D91C43F78B6FD547983253DE2
:10CA4000000000000020EB3F00000000000000009C
:10CA500000B0A1E4E527C53FC77D69E5E833263D81
:10CA60000000000000E0EA3F0000000000000000BD
:10CA700000108CBE4E57C63F782E3C2C8BCF193DF4
:10CA80000000000000C0EA3F0000000000000000BD
:10CA90000070758B12F0C63FE1219CE58D1125BD1C
:10CAA0000000000000A0EA3F0000000000000000BD
:10CAB000005044858D89C73F0543917010661CBDA9
:10CAC000000000000060EA3F0000000000000000DD
:10CAD000000039EBAFBEC83FD12CE9AA543D07BDD9
:10CAE000000000000040EA3F0000000000000000DD
:10CAF0000000F7DC5A5AC93F6FFFA05828F2073DE3
:10CB0000000000000000EA3F0000000000000000FC
:10CB100000E08A3CED93CA3F69215650437228BD1C
:10CB20000000000000E0E93F0000000000000000FD
:10CB300000D05B57D831CB3FAAE1AC4E8D350CBD50
:10CB40000000000000C0E93F0000000000000000FD
:10CB500000E03B3887D0CB3FB6125459C44B2DBDB3
:10CB60000000000000A0E93F0000000000000000FD
:10CB70000010F0C6FB6FCC3FD22B96C572ECF1BC17
:10CB8000000000000060E93F00000000000000001D
:10CB90000090D4B03DB1CD3F35B015F72AFF2ABD86
:10CBA000000000000040E93F00000000000000001D
:10CBB0000010E7FF0E53CE3F30F441602712C23C15
:10CBC000000000000020E93F00000000000000001D
:10CBD0000000DDE4ADF5CE3F118EBB651521CABC6A
:10CBE000000000000000E93F00000000000000001D
:10CBF00000B0B36C1C99CF3F30DF0CCAECCB1B3DAF
:10CC00000000000000C0E83F00000000000000003D
:10CC100000584D603871D03F914EED16DB9CF83CCA
:10CC20000000000000A0E83F00000000000000003D
:10CC3000006061672DC4D03FE9EA3C168B18273DA0
:10CC4000000000000080E83F00000000000000003D
:10CC500000E827828E17D13F1CF0A5630E212CBD62
:10CC6000000000000060E83F00000000000000003D
:10CC700000F8ACCB5C6BD13F8116A5F7CD9A2B3D6C
:10CC8000000000000040E83F00000000000000003D
:10CC900000685A6399BFD13FB7BD4751EDA62C3DFF
:10CCA000000000000020E83F00000000000000003D
:10CCB00000B80E6D4514D23FEABA46BADE870A3D87
:10CCC0000000000000E0E73F00000000000000005E
:10CCD0000090DC7CF0BED23FF404504AFA9C2A3D1E
:10CCE0000000000000C0E73F00000000000000005E
:10CCF0000060D3E1F114D33FB83C21D37AE228BDE0
:10CD00000000000000A0E73F00000000000000005D
:10CD10000010BE76676BD33FC877F1B0CD6E113D82
:10CD2000000000000080E73F00000000000000005D
:10CD30000030337752C2D33F5CBD06B6543B183D3A
:10CD4000000000000060E73F00000000000000005D
:10CD500000E8D523B419D43F9DE090EC36E4083DBB
:10CD6000000000000040E73F00000000000000005D
:10CD700000C871C28D71D43F75D66709CE272FBD0B
:10CD8000000000000020E73F00000000000000005D
:10CD90000030179EE0C9D43FA4D80A1B89202EBDBD
:10CDA000000000000000E73F00000000000000005D
:10CDB00000A03807AE22D53F59C7648170BE2E3D12
:10CDC0000000000000E0E63F00000000000000005E
:10CDD00000D0C853F77BD53FEF405DEEEDAD1F3D72
:10CDE0000000000000C0E63F00000000000000005E
:10CDF000006059DFBDD5D53FDC65A4082A0B0ABD0C
:10CE0000BEF3F879EC61F63F1930965BC6FEDEBFE3
:10CE10003D88AF4AED71F53FA4FCD432680BDBBF0F
:10CE2000B010F0F03995F43F7BB71F0A8B41D7BFA4
:10CE30008503B8B095C9F33F7BCF6D1AE99DD3BF89
:10CE4000A564880C190DF33F31B6F2F39B1DD0BFDA
:10CE5000A08E0B7B225EF23FF07A3B1B1D7CC9BF8C
:10CE60003F341A4A4ABBF13F9F3CAF93E3F9C2BF3C
:10CE7000BAE58AF05823F13F5C8D78BFCB60B9BF2B
:10CE8000A70099413F95F03FCE5F47B69D6FAABF7F
:10CE9000000000000000F03F000000000000000063
:10CEA000AC479AFD8C60EE3F3DF5249FCA38B33FF6
:10CEB000A06A021FB3A4EC3FBA913854A976C43FCC
:10CEC000E6FC6A573620EB3FD2E4C44A0B84CE3FDF
:10CED0002DAAA163D1C2E93F1C65C6F04506D43F27
:10CEE000ED417803E686E83FF89F1B2C9C8ED83FE7
:10CEF000624853F5DC67E73FCC7BB14EA4E0DC3FF2
:10CF00000B6E49C91676D23F7AC675A06919D7BF8C
:10CF1000DDBAA76C0AC7DE3FC8F6BE484715E7BFB3
:10CF20002BB82A654715F73F000000000000F03FCE
:10CF3000000000000000F0BF000000000000F0BF93
:10CF4000000000000000F03F83C8C96D305F6441FD
:10CF5000182D4454FB21F93F000000000000F03F71
:10CF60001C620CFDFFFFDFBF198F06E15355A53F83
:10CF70009D359AE887C056BFC3F87B024393F93EBC
:10CF800003A695595455C5BFC40B23057610813FA0
:10CF900024CF7437EB9429BF000000000000F03F5D
:10CFA000000000000000F0BF000000000000F0BF23
:10CFB000000000000000F03F83C8C96D305F64418D
:10CFC000182D4454FB21F93F000000000000F0BF81
:10CFD0001C620CFDFFFFDF3F198F06E15355A5BF13
:10CFE0009D359AE887C0563FC3F87B024393F9BE4C
:10CFF00003A695595455C5BFC40B23057610813F30
:10D0000024CF7437EB9429BFF4F9FBFD0003050727
:10D010000C00000000000000000000000000FF27DE
:10D02000100032FF27100032FF27100032FF2710B8
:10D0300000320000000000000000000000000000BE
:10D04000000000005201000000000000000000008D
:10D05000FF27100032FF27100032FF27100032FF99
:10D060002710003200000000000000000000000057
:10D0700000000000000000000040004000400000F0
:10D08000E73BE73BE73B000000000000F085493B41
:10D0900051BCCA3B06F6183C13294D3CA9FB803C09
:10D0A00047AE9B3C7DAEB63C4CFCD13C9A95ED3CEA
:10D0B00034BD043D5AD5123D3412213DDA752F3D61
:10D0C00026FD3D3D32AA4C3DF27B5B3D65726A3DDB
:10D0D0007E8C793DA565843DDF168C3DECD9933D72
:10D0E00047AE9B3D7594A33D768CAB3D3E95B33DDD
:10D0F00053AFBB3DB6DAC33DDF16CC3DD063D43D64
:10D1000087C1DC3D7F2FE53D3EAEED3DB83CF63DB1
:10D1100073DBFE3DF4C4033E4F24083E448B0C3EBB
:10D12000D3F9103E3F70153E03EE193E60731E3E6C
:10D130001500233EDE93273EFD2E2C3E74D1303E5B
:10D14000BC7A353ED42A3A3E00E23E3EBA9F433E88
:10D150004564483E1B2F4D3E7E00523E6FD8563EE2
:10D1600067B65B3EAA9A603EB284653E04756A3E2D
:10D17000D76A6F3EB266743E0E68793EEB6E7E3EB5
:10D18000A5BD813E7446843EE1D1863ECC5F893E9A
:10D1900035F08B3EF9828E3E3B18913EB8AF933E00
:10D1A0009049963E82E5983E8C839B3ED1239E3EDD
:10D1B0000DC6A03E1F6AA33E2810A63E06B8A83E94
:10D1C000BB61AB3E240DAE3E1FBAB03EAD68B33E70
:10D1D000CE18B63E82CAB83E637DBB3EB631BE3E77
:10D1E00058E7C03E289EC33E0456C63E0F0FC93EB8
:10D1F00004C9CB3E0684CE3ED13FD13E65FCD33E32
:10D20000C3B9D63EC977D93E7636DC3EA9F5DE3EB7
:10D2100042B5E13E6075E43EC235E73E66F6E93E62
:10D220004EB7EC3E3678EF3E3F39F23E48FAF43ED8
:10D2300051BBF73E187CFA3EBC3CFD3EFCFCFF3E79
:10D240007D5E013F38BE023FC11D043FF67C053FB5
:10D25000E8DB063F753A083F9E98093F51F60A3FC2
:10D26000A0530C3F68B00D3FAA0C0F3F6668103FFB
:10D270007AC3113FE71D133FBC77143FC8D0153F59
:10D280001C29173FA680183F67D7193F4D2D1B3F1C
:10D290005A821C3F6BD61D3F91291F3FBB7B203F0D
:10D2A000D9CC213FEB1C233FDF6B243FC7B9253F7F
:10D2B0007006273FEC51283F289C293F26E52A3F4E
:10D2C000D42C2C3F32732D3F30B82E3FBDFB2F3F67
:10D2D000EA3D313F957E323FBEBD333F55FB343F83
:10D2E0005837363FC971373F97AA383FB1E1393FC8
:10D2F00027173B3FC74A3C3FB37C3D3FC9AC3E3F4D
:10D300000ADB3F3F7407413FE831423F755A433FD4
:10D310000A81443F98A5453F2EC8463FABE8473FAA
:10D320001007493F5B234A3F7D3D4B3F65554C3FCE
:10D33000236B4D3F957E4E3FCD8F4F3FBA9E503F62
:10D340004BAB513F80B5523F49BD533FB5C2543FEF
:10D35000A4C5553F15C6563F09C4573F7FBF583F28
:10D3600056B8593F9FAE5A3F49A25B3F53935C3F2B
:10D37000AE815D3F596D5E3F54565F3F8E3C603FCE
:10D38000F71F613F9F00623F65DE623F6BB9633FFD
:10D390007D91643FBE66653F0D39663F6808673F13
:10D3A000D0D4673F349E683FA664693F02286A3F35
:10D3B0005CE86A3FA0A56B3FC05F6C3FCA166D3F3B
:10D3C000C1CA6D3F817B6E3F1C296F3F80D36F3F89
:10D3D000C07A703FB81E713F6ABF713FE65C723F12
:10D3E0000AF7723FE78D733F7D21743FABB1743F05
:10D3F000923E753F11C8753F384E763FF6D0763F66
:10D400004C50773F29CC773F9E44783FAAB9783F6C
:10D410002C2B793F4699793FD5037A3FEC6A7A3FC6
:10D4200089CE7A3F8C2E7B3F158B7B3F04E47B3F7C
:10D430007A397C3F548B7C3F94D97C3F4A247D3F92
:10D44000666B7D3FE6AE7D3FCCEE7D3F172B7E3F8A
:10D45000B7637E3FCC987E3F25CA7E3FF5F77E3F7F
:10D4600018227F3F91487F3F5D6B7F3F8F8A7F3FD0
:10D4700016A67F3FF1BD7F3F20D27F3FA4E27F3FD2
:10D480007CEF7F3F0000803F0000803F00002403CE
:10D4900048066A098C0CAB0FC812E215F9180B1C70
:10D4A0001A1F2322282526281F2B112EFB30DF339D
:10D4B000BA368C39563C173FCE417A441C47B449A2
:10D4C0003F4CBF4E33519B53F5554258825AB35C83
:10D4D000D75EEB60F162E864CF66A6686D6A236C84
:10D4E000C96D5E6FE2705472B573047541766B77E7
:10D4F000847889797C7A5C7B297CE37C897D1D7EBC
:10D500009C7E097F617FA67FD87FF57FFF7FF57FB7
:10D51000D87FA67F617F097F9C7E1D7E897DE37C0D
:10D52000297C5C7B7C7A897984786B774176047579
:10D53000B5735472E2705E6FC96D236C6D6AA66834
:10D54000CF66E864F162EB60D75EB35C825A425802
:10D55000F5559B533351BF4E3F4CB4491C477A4459
:10D56000CE41173F563C8C39BA36DF33FB30112E93
:10D570001F2B2628282523221A1F0B1CF918E21519
:10D58000C812AB0F8C0C6A09480624030000DCFCAF
:10D59000B8F996F674F355F038ED1EEA07E7F5E3AF
:10D5A000E6E0DDDDD8DADAD7E1D4EFD105CF21CC62
:10D5B00046C974C6AAC3E9C032BE86BBE4B84CB63D
:10D5C000C1B341B1CDAE65AC0BAABEA77EA54DA33C
:10D5D00029A1159F0F9D189B31995A979395DD931B
:10D5E0003792A2901E8FAC8D4B8CFC8ABF89958898
:10D5F0007C8777868485A484D7831D837782E381A3
:10D600006481F7809F805A8028800B8001800B8086
:10D6100028805A809F80F7806481E38177821D8310
:10D62000D783A484848577867C879588BF89FC8A84
:10D630004B8CAC8D1E8FA2903792DD9393955A97A9
:10D640003199189B0F9D159F29A14DA37EA5BEA7BB
:10D650000BAA65ACCDAE41B1C1B34CB6E4B886BB44
:10D6600032BEE9C0AAC374C646C921CC05CFEFD1EA
:10D67000E1D4DAD7D8DADDDDE6E0F5E307E71EEA44
:10D6800038ED55F074F396F6B8F9DCFC00000000B4
:10D690000000000001000000030000000200000084
:10D6A00000000000566F6C756D653A00466F726D34
:10D6B000616E743A000000005061746368416D70DF
:10D6C0003A0000004578697420772F6F20706173ED
:10D6D00074696E670000000044657374696E61745C
:10D6E000696F6E3A0000000050415354450000003D
:10D6F0004578697420772F6F207377617070696E39
:10D7000067000000535741500000000045786974DD
:10D7100020772F6F20736176696E6700536176659D
:10D72000000000004261636B000000004658536F28
:10D73000757263653A00000044656C61794C6576EA
:10D74000656C3A0044656C617954696D653A000016
:10D7500044656C6179506F6E673A000044656C6196
:10D760007946423A0000000044656C617944616D7D
:10D77000703A00005276624C6576656C3A000000A3
:10D7800052766254696D653A000000005276624438
:10D79000656E736974793A0052766244616D703ACD
:10D7A00000000000436872734F6E3A004368727362
:10D7B0004472793A00000000436872734C666F4609
:10D7C0003A0000004368727346423A00436872733D
:10D7D000446C79313A000000436872734D6F6431D4
:10D7E0003A00000043687273576574313A000000D4
:10D7F00043687273446C79323A0000004368727374
:10D800004D6F64323A00000043687273576574329A
:10D810003A0000004F63744F7363313A0000000018
:10D8200053656D694F7363313A00000043656E7450
:10D830004F7363313A000000426561744F73633186
:10D840003A0000005361774F7363313A00000000E3
:10D850005472694F7363313A0000000050756C7365
:10D86000654F7363313A000050574F7363313A008C
:10D8700050776D464F7363313A00000050776D4426
:10D880004F7363313A000000537770544F73633124
:10D890003A000000537770444F7363313A00000040
:10D8A0004241746E4F7363313A0000004244707419
:10D8B0004F7363313A000000425468724F73633112
:10D8C0003A000000424372764F7363313A00000021
:10D8D0004C766C4F7363313A000000004F63744F15
:10D8E0007363323A0000000053656D694F73633211
:10D8F0003A00000043656E744F7363323A000000D3
:10D90000426561744F7363323A0000005361774F90
:10D910007363323A000000005472694F7363323A05
:10D920000000000050756C73654F7363323A00005D
:10D9300050574F7363323A0050776D464F736332DE
:10D940003A00000050776D444F7363323A00000094
:10D95000537770544F7363323A000000537770442A
:10D960004F7363323A0000004241746E4F7363326A
:10D970003A000000424470744F7363323A00000072
:10D98000425468724F7363323A0000004243727629
:10D990004F7363323A0000004C766C4F7363323A37
:10D9A0000000000058466164654F7363323A00001E
:10D9B0004C6E6B4F7363466C743A00004D6F646538
:10D9C0004F466C74313A0000467265714F466C7474
:10D9D000313A000051204F7363466C74313A0000B5
:10D9E0004B6579466C774F46313A000042724D6F75
:10D9F000644F46313A00000042724372764F46311E
:10DA00003A0000004C666F46204F46313A00000055
:10DA10004C666F44204F46313A0000004C666F421E
:10DA2000724F46313A0000004C666F54684F4631E1
:10DA30003A00000053777054204F46313A000000FE
:10DA400053777044204F46313A0000004D6F6465B3
:10DA50004F466C74323A0000467265714F466C74E2
:10DA6000323A000051204F7363466C74323A000022
:10DA70004B6579466C774F46323A000042724D6FE3
:10DA8000644F46323A00000042724372764F46328B
:10DA90003A0000004C666F46204F46323A000000C4
:10DAA0004C666F44204F46323A0000004C666F428D
:10DAB000724F46323A0000004C666F54684F46324F
:10DAC0003A00000053777054204F46323A0000006D
:10DAD00053777044204F46323A0000004C696E6B19
:10DAE0004E7A466C743A00004D6F64654E7A466C0F
:10DAF000313A0000467265714E7A466C313A000048
:10DB000051204E7A46696C74313A00004B65794673
:10DB10006C774E46313A000042724D6F644E7A4641
:10DB2000313A000042724372764E7A46313A000032
:10DB30004C666F46204E7A46313A00004C666F4480
:10DB4000204E7A46313A00004C666F42724E7A4659
:10DB5000313A00004C666F54684E7A46313A000004
:10DB600053777054204E7A46313A00005377704410
:10DB7000204E7A46313A00004D6F64654E7A466C0D
:10DB8000323A0000467265714E7A466C323A0000B5
:10DB900051204E7A46696C74323A00004B657946E2
:10DBA0006C774E46323A000042724D6F644E7A46B0
:10DBB000323A000042724372764E7A46323A0000A0
:10DBC0004C666F46204E7A46323A00004C666F44EF
:10DBD000204E7A46323A00004C666F42724E7A46C8
:10DBE000323A00004C666F54684E7A46323A000072
:10DBF00053777054204E7A46323A0000537770447F
:10DC0000204E7A46323A00004E6F69736554696D52
:10DC1000653A00004E6F697365427274683A00009D
:10DC20004E6F6973654C766C3A0000004B65792045
:10DC3000547269673A00000042656E6452616E6713
:10DC4000653A000042656E64537465703A000000E6
:10DC500041757820496E3A004F63746176653A00E9
:10DC600053656D693A00000043656E74733A0000B5
:10DC700042726561746843433A0000006870315F26
:10DC8000667265713A0000006870315F713A000099
:10DC9000687031625F667265713A00006870316267
:10DCA0005F713A00636C69705F686967683A000089
:10DCB000636C69705F6C6F773A0000004E4E424DA6
:10DCC0006F6443616C3A0000302E332E33640000E1
:10DCD00076657273696F6E3A2000000057696E6452
:10DCE0007920310A20207665723A0A20202000002F
:10DCF000696E76616C696420476C6F62616C206547
:10DD0000666665637447726F75703A20256C75009E
:10DD100043757272656E742050617463683A0000D6
:10DD2000506368205061737465204D656E75000006
:10DD30005063682053776170204D656E7500000058
:10DD40005361766520476C626C204678204D656E85
:10DD5000750000004678204D656E75004F73633185
:10DD6000204D656E750000004F736332204D656E67
:10DD7000750000004F73632046696C746572203132
:10DD8000204D656E750000004F73632046696C740A
:10DD900065722032204D656E750000004E6F69730C
:10DDA000652046696C7465722031204D656E750082
:10DDB0004E6F6973652046696C7465722032204D20
:10DDC000656E75004E6F697365204D656E75000058
:10DDD000436F6D6D6F6E204D656E75005379737472
:10DDE000656D204D656E750043616C69627261748A
:10DDF000696F6E204D656E7500000000556E6162A2
:10DE00006C6520746F20616363657373207468654B
:10DE100020534420636172640000000025303364A5
:10DE20002E50415400000000436F756C64206E6FEB
:10DE300074206C6F61642066696C65004C6F61646E
:10DE400065643A00747970653A2025642C20646119
:10DE50007461313A2025642C206368616E6E656CB4
:10DE60003A202564000000004D3A25642C204C3AED
:10DE700025642C20443A2564000000004465666156
:10DE8000756C742120747970653A2025642C2064A7
:10DE9000617461313A2025642C206368616E6E657F
:10DEA0006C3A20256400000050617463683A2025B4
:10DEB000303364206E6F74206C6F616465642E2053
:10DEC0004E6F7468696E6720746F20736176652E7B
:10DED0000000000073697A653A200000436F756C9A
:10DEE00064206E6F74206372656174652066696C6E
:10DEF000650000005772697474656E00537973652C
:10DF00007820436F6D6D616E6420547970653A209E
:10DF100000000000206E6F7420737570706F727453
:10DF200065642E004552524F523A205379736578FA
:10DF3000206C656E6774682069732025642C2062EC
:10DF400075742073686F756C64206265203230369A
:10DF50002C206F7220370000616464723A202564BF
:10DF60002C2074656D705F7661723A2025642C20D8
:10DF700076616C3A2025640050617463683A20250C
:10DF800030336420646F6573206E6F742065786928
:10DF900073742E20637265617465206F6E652066F0
:10DFA000726F6D20636F70795F6275666665725F10
:10DFB00070617463680000006C6F616465642025A3
:10DFC00030336420706174636865732E0000000054
:10DFD000253033642E46580046783A202530336485
:10DFE00020646F6573206E6F742065786973742E7A
:10DFF00020637265617465206F6E652066726F6D57
:10E0000020676C6F62616C5F6275666665725F66E1
:10E0100078000000676C6F62616C5F6275666665B0
:10E02000725F6678207772697474656E20696E74A9
:10E030006F20253033642E465800000046783A2081
:10E0400025303364206E6F74206C6F616465642EBC
:10E05000204E6F7468696E6720746F2073617665F7
:10E060002E0000006678536F7572635061746368A8
:10E070003A2025640000000050617463683A20254E
:10E08000303364206E6F74206C6F616465642E2081
:10E0900043616E277420636F7079000042594521F7
:10E0A00000000000202020253033642020202000A4
:10E0B0004F63744F7363313A2025352E3366000069
:10E0C00053656D694F7363313A2025352E336600F1
:10E0D00046696E654F7363313A2025352E336600ED
:10E0E000426561744F7363313A2025352E336600E3
:10E0F0005361774F7363313A2025352E3366000024
:10E100005472694F7363313A2025352E336600000F
:10E1100050756C73654F7363313A2025352E336625
:10E120000000000050774F7363313A2025352E33BD
:10E130006600000050776D467265714F7363313A27
:10E140002025352E3366000050776D446570746865
:10E150004F7363313A2025352E336600537765655A
:10E160007044657074684F7363313A2025352E33DF
:10E1700066000000537765657054696D654F736381
:10E18000313A2025352E3366000000004272656169
:10E19000746844657074684F7363313A2025352E76
:10E1A0003366000042726561746841747461696E1F
:10E1B0004F7363313A2025352E3366004272656114
:10E1C000746843757276654F7363313A2025352E36
:10E1D00033660000427265617468546872657368E2
:10E1E0004F7363313A2025352E3366004C657665D2
:10E1F0006C4F7363313A2025352E336600000000E2
:10E200004F63744F7363323A2025352E3366000016
:10E2100053656D694F7363323A2025352E3366009E
:10E2200046696E654F7363323A2025352E3366009A
:10E23000426561744F7363323A2025352E33660090
:10E240005361774F7363323A2025352E33660000D1
:10E250005472694F7363323A2025352E33660000BD
:10E2600050756C73654F7363323A2025352E3366D3
:10E270000000000050774F7363323A2025352E336B
:10E280006600000050776D467265714F7363323AD5
:10E290002025352E3366000050776D446570746814
:10E2A0004F7363323A2025352E3366005377656508
:10E2B0007044657074684F7363323A2025352E338D
:10E2C00066000000537765657054696D654F736330
:10E2D000323A2025352E3366000000004272656117
:10E2E000746844657074684F7363323A2025352E24
:10E2F0003366000042726561746841747461696ECE
:10E300004F7363323A2025352E33660042726561C1
:10E31000746843757276654F7363323A2025352EE3
:10E320003366000042726561746854687265736890
:10E330004F7363323A2025352E3366004C6576657F
:10E340006C4F7363323A2025352E3366000000008F
:10E350004D6F64654F736346696C746572313A2022
:10E3600025640000467265714F736346696C74657D
:10E3700072313A2025352E33660000005146616324
:10E38000746F724F736346696C746572313A2025FD
:10E39000352E3366000000004B6579466F6C6C6F5C
:10E3A000774F736346696C746572313A2025352E58
:10E3B000336600004272656174684D6F644F736329
:10E3C00046696C746572313A2025352E336600003B
:10E3D0004C666F467265714F736346696C74657203
:10E3E000313A2025352E3366000000004C666F441C
:10E3F000657074684F736346696C746572313A2056
:10E4000025352E33660000004C666F4272656174DC
:10E41000684F736346696C746572313A2025352EF6
:10E42000336600004C666F5468726573684F73639F
:10E4300046696C746572313A2025352E33660000CA
:10E44000537765657044657074684F736346696C93
:10E45000746572313A2025352E3366005377656531
:10E460007054696D654F736346696C746572313AB7
:10E470002025352E3366000042726561746843754D
:10E480007276654F736346696C746572313A202504
:10E49000352E3366000000004D6F64654F73634690
:10E4A000696C746572323A202564000046726571A9
:10E4B0004F736346696C746572323A2025352E338A
:10E4C0006600000051466163746F724F7363466962
:10E4D0006C746572323A2025352E336600000000D8
:10E4E0004B6579466F6C6C6F774F736346696C74DC
:10E4F0006572323A2025352E33660000427265611E
:10E5000074684D6F644F736346696C746572323A18
:10E510002025352E336600004C666F467265714FBC
:10E52000736346696C746572323A2025352E336602
:10E53000000000004C666F44657074684F7363465A
:10E54000696C746572323A2025352E3366000000FE
:10E550004C666F4272656174684F736346696C7490
:10E560006572323A2025352E336600004C666F54B2
:10E5700068726573684F736346696C746572323A8A
:10E580002025352E3366000053776565704465702D
:10E5900074684F736346696C746572323A2025352E
:10E5A0002E336600537765657054696D654F7363EC
:10E5B00046696C746572323A2025352E3366000048
:10E5C00042726561746843757276654F736346691C
:10E5D0006C746572323A2025352E336600000000D7
:10E5E0004D6F64654E6F69736546696C746572330F
:10E5F0003A20256400000000467265714E6F697311
:10E600006546696C746572333A2025352E33660091
:10E6100051466163746F724E6F69736546696C74BD
:10E620006572333A2025352E336600004B657946F6
:10E630006F6C6C6F774E6F69736546696C74657249
:10E64000333A2025352E33660000000042726561A2
:10E6500074684D6F644E6F69736546696C7465725A
:10E66000333A2025352E3366000000004C666F4695
:10E670007265714E6F69736546696C746572333A81
:10E680002025352E336600004C666F446570746833
:10E690004E6F69736546696C746572333A2025352F
:10E6A0002E3366004C666F4272656174684E6F6906
:10E6B000736546696C746572333A2025352E33666E
:10E6C000000000004C666F5468726573684E6F6995
:10E6D000736546696C746572333A2025352E33664E
:10E6E00000000000537765657044657074684E6F74
:10E6F00069736546696C746572333A2025352E332B
:10E7000066000000537765657054696D654E6F69EA
:10E71000736546696C746572333A2025352E33660D
:10E720000000000042726561746843757276654E40
:10E730006F69736546696C746572333A2025352EAE
:10E74000336600004D6F64654E6F69736546696C92
:10E75000746572343A2025640000000046726571C9
:10E760004E6F69736546696C746572343A2025355D
:10E770002E33660051466163746F724E6F69736524
:10E7800046696C746572343A2025352E3366000074
:10E790004B6579466F6C6C6F774E6F697365466930
:10E7A0006C746572343A2025352E33660000000003
:10E7B0004272656174684D6F644E6F697365466936
:10E7C0006C746572343A2025352E336600000000E3
:10E7D0004C666F467265714E6F69736546696C74FD
:10E7E0006572343A2025352E336600004C666F443E
:10E7F000657074684E6F69736546696C74657234D0
:10E800003A2025352E3366004C666F42726561747E
:10E81000684E6F69736546696C746572343A202579
:10E82000352E3366000000004C666F5468726573C5
:10E83000684E6F69736546696C746572343A202559
:10E84000352E3366000000005377656570446570AF
:10E8500074684E6F69736546696C746572343A20EA
:10E8600025352E3366000000537765657054696D59
:10E87000654E6F69736546696C746572343A20251C
:10E88000352E33660000000042726561746843757E
:10E890007276654E6F69736546696C746572343A59
:10E8A0002025352E336600004E6F69736554696DFF
:10E8B000653A2025352E3366000000004E6F6973DF
:10E8C0006542726561746843757276653A202535D4
:10E8D0002E3366004E6F6973654C6576656C3A2021
:10E8E00025352E336600000042656E6452616E6706
:10E8F000653A2025352E33660000000042656E64BF
:10E90000537465703A2025640000000056696272F5
:10E9100061746F50697463683A2025352E33660040
:10E920004C696E6B4F736346696C746572733A2001
:10E93000256400004C696E6B4E6F69736546696CA7
:10E94000746572733A20256400000000466F726D92
:10E95000616E743A2025640058466164653A20254A
:10E96000640000004B65795472696767657253698A
:10E970006E676C653A202564000000007338315FD3
:10E98000383A2025352E33660000000043686F7248
:10E9900075734F6E3A20256400000000566962725C
:10E9A00061746F416D703A2025352E33660000008A
:10E9B000416D704C6576656C3A2025352E336600C6
:10E9C0004F6374427574746F6E4C6576656C3A2053
:10E9D00025352E3366000000456666656374734313
:10E9E000686F72757344656C6179313A2025352EF4
:10E9F000336600004566666563747343686F7275BD
:10EA0000734D6F64313A2025352E336600000000C7
:10EA10004566666563747343686F72757357657492
:10EA2000313A2025352E33660000000045666665C4
:10EA300063747343686F72757344656C6179323ABD
:10EA40002025352E33660000456666656374734382
:10EA5000686F7275734D6F64323A2025352E3366B8
:10EA6000000000004566666563747343686F7275E5
:10EA700073576574323A2025352E33660000000046
:10EA80004566666563747343686F72757346656542
:10EA9000646261636B3A2025352E33660000000006
:10EAA0004566666563747343686F7275734C666F11
:10EAB000467265713A2025352E33660045666665D7
:10EAC00063747343686F7275734472794C657665CD
:10EAD0006C3A2025352E33660000000045666665D9
:10EAE00063747344656C617954696D654C3A202593
:10EAF000352E336600000000456666656374734416
:10EB0000656C6179466565646261636B3A202535A1
:10EB10002E3366004566666563747344656C61797F
:10EB200044616D703A2025352E3366004566666572
:10EB300063747344656C61794C6576656C3A202525
:10EB4000352E3366000000004566666563747344C5
:10EB5000656C6179506F6E673A2025352E336600FB
:10EB6000456666656374735265766572625370615B
:10EB700072653A2025352E336600000045666665CD
:10EB80006374735265766572624C6576656C3A2083
:10EB900025352E3366000000456666656374735242
:10EBA000657665726244656E73654561726C793A2B
:10EBB0002025352E33660000456666656374735202
:10EBC000657665726254696D653A2025352E336627
:10EBD0000000000045666665637473526576657271
:10EBE0006244616D703A2025352E336600000000C6
:10EBF00064635F6272656174685468726573684FBC
:10EC00007363313A2025352E3366000020202025FD
:10EC10002B30336420202020000000002530336496
:10EC20002020200020202025303364206D53200038
:10EC30002020204F66662020202000002020204F2A
:10EC40006E2020202020000050617463683A202547
:10EC5000303364206E6F74206C6F616465642E20A5
:10EC600063616E2774207570646174652E00000006
:10EC7000636F70795F6275666665725F70617463F9
:10EC800068207772697474656E20696E746F2025D0
:10EC90003033642E5041540020202530346420202D
:10ECA00020200000202020204F6666202020200009
:10ECB00020204D6F6E6F28346B2920002020537464
:10ECC0006572656F202020002065725F43686F7257
:10ECD000757300002020576F6F6457696E642000C1
:10ECE0002020537472696E67202020002065725FB7
:10ECF000466F726D616E7400202020204C502020E1
:10ED000020202000202020204850202020202000EB
:10ED100020202020425020202020200020202020C1
:10ED20004E5443202020200020202020546872755B
:10ED3000202020002065725F466C746D6F64650052
:10ED40002020204D756C7469202000002020205365
:10ED5000696E676C6520000020202530342E3166F6
:10ED600020202000202020476C6F62616C20000072
:10ED70002020205061746368202000002025352E5B
:10ED8000316620487A000000FF00780180014302CC
:10ED9000880187018C018B01920191019501F60197
:10EDA000990198019A013D029E012002A801A70144
:10EDB000AD01AC01B001AF01B901B801BD01BC01A9
:10EDC000BF01F701C601C401C901C701CC01CA01D5
:10EDD000DD018E01F301F101F501F4013A02652C28
:10EDE0003C023B023E02662C420241025302810178
:10EDF000540286015602890157028A0159028F0185
:10EE00005B02900160029301630294016802970122
:10EE1000690296016B02622C6F029C0172029D01D5
:10EE200075029F017D02642C8002A6018302A90164
:10EE30008802AE01890244028A02B1018B02B2014A
:10EE40008C0245029202B7017B03FD037C03FE03A3
:10EE50007D03FF03AC038603C203A303CC038C032F
:10EE6000CD038E03CE038F03F203F903F803F703F8
:10EE7000FB03FA03CF04C0047D1D632C511F591FEF
:10EE8000531F5B1F551F5D1F571F5F1F781FF81F04
:10EE9000791FF91FB31FBC1FCC1FC31FE51FEC1F39
:10EEA000FC1FF31F4E21322184218321612C602C11
:10EEB000762C752C0019000061D4020000000000BF
:10EEC00074C00F40C00000000000000002000000FD
:10EED00050851F40010000003400000002000000C7
:10EEE00050851F40000000000100000002000000EB
:10EEF00054851F40010000003500000002000000A2
:10EF000054851F4000000000FF004000260018004C
:10EF10007C0000006100E01AE000E017F800E00764
:10EF20000001013032010106390101104A01012EB0
:10EF30007901010682010104A0010106B301010467
:10EF4000CD010110DE010112F80101282202011297
:10EF50004602010AAD03DB03B103E011C303E0097C
:10EF6000D80301183004E0205004B01060040122DE
:10EF70008A040136C104010ED00401446105D02683
:10EF8000001E0196A01E015A001F0808101F080647
:10EF9000201F0808301F0808401F0806601F0808C7
:10EFA000701F4A02721F5604761F64027A1F700295
:10EFB0007C1F7E02801F0808901F0808A01F0808F9
:10EFC000B01F0802D01F0802E01F08027021F010D5
:10EFD000D024E61A302CD02F672C0106802C016437
:10EFE000002D002641FFE01A1F1C1F1E1F1E1F1FA1
:10EFF0001E1F1E1F25303364000000002573000013
:10F0000045646974206E616D653A00006572205434
:10F010006F53796E00000000657220546F4469736D
:10F02000700000004142434445464748494A4B4C22
:10F030004D4E4F505152535455565758595A61627C
:10F04000636465666768696A6B6C6D6E6F70717218
:10F05000737475767778797A303132333435363760
:10F0600038397E21402324255E262A28295F2B2D2E
:10F0700060277C2F200000004361726420697320A8
:10F08000746F6F20736D616C6C2E0D0A00000000B0
:10F09000466F726D617420446F6E650D0A0000004A
:10F0A000466F726D6174204661696C65640D0A007B
:10F0B00042616420636C757374657220636F756E52
:10F0C000740D0A0044657669636520697320746F66
:10F0D0006F20736D616C6C0D0A00000057726974CB
:10F0E000696E672046415420000000005772697421
:10F0F000696E6720757063617365207461626C6509
:10F100000D0A000057726974696E6720726F6F7420
:10F110000D0A0000466F726D617420646F6E650D9C
:10F120000A000000466F726D6174206661696C654B
:10F13000640D0A00455846415400000079D402008D
:10F140007DD4020081D4020085D402006CC00F403F
:10F15000C0000000504F0000BD4702000CFF00003F
:10F1600013000000000000000000000024851F4084
:10F170000BFF000013000000000000000000000072
:10F1800028851F400DFF0000130000000000000054
:10F190000000000020851F400A2524001300000005
:10F1A0001200000012000000010203000000000035
:10F1B0001C851F400000000000000000000000004F
:10F1C00000000000D588020091BD00008188020087
:10F1D00095BD0000798802000000000000000000DA
:10F1E0008D0D0000790D000001080000510D000098
:10F1F000610E0000050D0000AD0C000000000000D5
:10F2000000000000795E0200000000000000000025
:10F21000C5ED02000000000000000000295B0200B4
:10F22000000000000000000029560200000000005D
:10F2300000000000AD6002000000000000000000BF
:10F24000D588020091BD00008188020095BD0000B4
:10F250007988020000000000000000001D4B020041
:10F2600000000000000000002D92020000000000DD
:10F2700000000000752102008121020079210200B6
:10F2800081220200F1290200212902007D290200C9
:10F290001D280200FD230200312E020091210200F0
:10F2A00005210200C12A0200F1200200F52002001F
:10F2B000FD2002000121020015240200512C020051
:10F2C000D92B020031270200E9200200F9200200B8
:10F2D000312D0200592A0200F52102000000000031
:10F2E000000000005DD6020091F702008DF70200D9
:10F2F00089F7020085F70200ADD70200B1D70200FE
:10F3000081F702000000000000000000A952020086
:10F310000000000000000000855602000000000010
:10F320000000000089500200000000000000000002
:10F3300035BF00000000000000000000A9540200DA
:10F34000000000000000000011D30200E5D602001A
:10F350007DCD0200D5CE02009DCD020041CE02003F
:10F36000C5CD020059CF0200F1CE020079CD0200D6
:10F370000000000000000000994E02009D4B0200BA
:10F38000A94F0200A14B0200C94E0200000000007C
:10F390000000000085700200000000000000000076
:10F3A00081640200000000000000000069BF00004E
:10F3B0000000000000000000C9BE000000000000C6
:10F3C00000000000395502000000000000000000AD
:10F3D000D165020000000000000000005559020045
:10F3E0000000000000000000919D020000000000ED
:10F3F00000000000B1AC02000000000000000000AE
:10F40000B569020000000000000000009DBD000082
:10F4100005C0000001080000050800000000000011
:10F4200000000000E10B0000AD0E0000010800002C
:10F43000350C0000FD0A00005D0B0000B50B00005C
:10F44000B9100000790F000000000000000000006B
:10F450009DBD000005C00000010800000508000077
:10F46000000000000000000091CD0100A1CD0100CE
:10F4700000000000000000008D0D0000790D00006C
:10F4800001080000510D0000610E0000050D000094
:10F49000AD0C00000000000000000000F10E0000B4
:10F4A000310F0000ED0C0000650D0000150E00008E
:10F4B000950C00003D0D00004509000029100000DA
:10F4C0005D0C0000790C00001D0800000908000018
:10F4D000F5080000C50C000045080000D509000033
:10F4E0008D0A00001D0A000081090000C10D000006
:10F4F0000000000000000000C5ED0200E5D602009B
:10F500000108000005080000C5ED0200C5ED02007D
:10F51000C5ED02000000000000000000B9CE0100AF
:10F5200041CF010051CF010061D1010025D101007F
:10F530006DD00100D1D0010019D0010099D1010096
:10F5400089D20100C5D20100A1D301000000000052
:10F55000000000000DC2020039C2020001080000D4
:10F5600009C20200E5C10200B1960200F1C1020029
:10F570000000000000000000113002001530020001
:10F58000812E0200053402004D400200CD390200F8
:10F5900031170200413002001D4002005D410200AF
:10F5A000553A0200890F020075370200A12F0200B0
:10F5B000AD2F0200752E0200792E02007D2E020072
:10F5C000B92F0200DD2F0200013002008134020059
:10F5D0002530020059320200CD340200A13502006C
:10F5E000D5C70200D9C70200E1C70200E9C702007F
:10F5F000D8399D270054EA2A00A4781F007B9A1767
:10F600002C2066756E6374696F6E3A2000000000EE
:10F61000617373657274696F6E2022257322206690
:10F6200061696C65643A2066696C652022257322E5
:10F630002C206C696E65202564257325730A0000F3
:10F64000A2000000F9A2000083F9A2006E83F9A2D3
:10F650004E6E83F9444E6E8315444E6E2915444E0A
:10F66000FC29154427FC29155727FC29D15727FCCD
:10F67000F5D1572734F5D157DD34F5D1C0DD34F558
:10F68000DBC0DD3462DBC0DD9562DBC0999562DBF7
:10F690003C999562433C999590433C994190433CF9
:10F6A00042616C6C6F632073756363656564656448
:10F6B000000000002F646174612F6A656E6B696ED3
:10F6C000732F776F726B73706163652F474E552D83
:10F6D000746F6F6C636861696E2F61726D2D31316B
:10F6E0002F7372632F6E65776C69622D637967770C
:10F6F000696E2F6E65776C69622F6C6962632F7318
:10F7000074646C69622F6D707265632E6300000013
:10F7100000202020202020202020282828282820E1
:10F7200020202020202020202020202020202020D9
:10F730002088101010101010101010101010101041
:10F740001004040404040404040404101010101031
:10F7500010104141414141410101010101010101FB
:10F76000010101010101010101010101101010104D
:10F7700010104242424242420202020202020202CD
:10F780000202020202020202020202021010101021
:10F790002000000000000000000000000000000049
:10F7A0000000000000000000000000000000000059
:10F7B0000000000000000000000000000000000049
:10F7C0000000000000000000000000000000000039
:10F7D0000000000000000000000000000000000029
:10F7E0000000000000000000000000000000000019
:10F7F0000000000000000000000000000000000009
:10F8000000000000000000000000000000000000F8
:10F8100000000000496E66696E697479000000009E
:10F820004E614E002F646174612F6A656E6B696E64
:10F83000732F776F726B73706163652F474E552D11
:10F84000746F6F6C636861696E2F61726D2D3131F9
:10F850002F7372632F6E65776C69622D637967779A
:10F86000696E2F6E65776C69622F6C6962632F73A6
:10F8700074646C69622F64746F612E630000000011
:10F88000494E4600696E66004E414E006E616E0044
:10F890003031323334353637383961626364656606
:10F8A00000000000303132333435363738394142C8
:10F8B0004344454600000000286E756C6C2900002A
:10F8C0003000000020202020202020202020202088
:10F8D0002020202020202020202020202020202028
:10F8E0002020202000000042C8801F40B8821F4016
:10F8F0000800000000000042C4801F40B4821F4086
:10F900000400000000C0004224801F4014821F40F9
:10F910001000000000C0004228801F4018821F40D5
:10F920002000000000C000422C801F401C821F40AD
:10F930004000000000C0004234801F4024821F406D
:10F94000000100000040004264811F4054831F40BA
:10F95000000400000040004280811F4070831F406F
:10F9600000000200004000427C811F406C831F4069
:10F97000000001000040004268811F4058831F4082
:10F9800000080000004000423C811F402C831F40C3
:10F99000010000000040004244811F4034831F40AA
:10F9A000040000000040004240811F4030831F409F
:10F9B000020000000040004248811F4038831F4081
:10F9C000080000000000004204811F40F4821F4034
:10F9D000000004000000004208811F40F8821F4020
:10F9E000000008000000004218811F4008831F40EB
:10F9F000000080000000004214811F4004831F406B
:10FA0000000040000000004200811F40F0821F40C3
:10FA10000000020000000042FC801F40EC821F40FA
:10FA2000000001000000004224811F4014831F4099
:10FA3000000000040000004228811F4018831F407E
:10FA400000000008000000421C811F400C831F4082
:10FA5000000000010000004220811F4010831F4071
:10FA60000000000200000042EC801F40DC821F40CA
:10FA70000010000000000042F0801F40E0821F40A4
:10FA8000002000000000004234811F4024831F40FA
:10FA9000000000400000004238811F4028831F40C2
:10FAA000000000800080004294801F4084821F403C
:10FAB0000000040000C0004290801F4080821F4070
:10FAC0000000008000800042A8801F4098821F40F4
:10FAD0000000800000800042A4801F4094821F40EC
:10FAE00000004000004000426C811F405C831F40CA
:10FAF0000010000000C0004230801F4020821F40E4
:10FB00008000000000400042B0811F40A0831F40E1
:10FB10000000002000400042AC811F409C831F4039
:10FB2000000000100040004284811F4074831F4089
:10FB3000000004000040004288811F4078831F407D
:10FB400000000800000000422C811F401C831F4061
:10FB5000000000100000004230811F4020831F4041
:10FB600000000020000000420C811F40FC821F406A
:10FB7000000010000000004210811F4000831F4061
:10FB80000000200000800042C8811F40B8831F4051
:10FB90000080000000800042C4811F40B4831F40E9
:10FBA0000040000000800042C0811F40B0831F4021
:10FBB0000020000000800042BC811F40AC831F4039
:10FBC0000010000000800042D0811F40C0831F4011
:10FBD0000000020000800042CC811F40BC831F4017
:10FBE0000000010000C0004274801F4064821F407A
:10FBF0000000000100C0004280801F4070821F4052
:10FC00000000000800C0004284801F4074821F4032
:10FC10000000001000C000426C801F405C821F404A
:10FC20000000400000C000427C801F406C821F40EA
:10FC30000000000400C0004278801F4068821F401E
:10FC40000000000200C0004288801F4078821F40F0
:10FC50000000002060EA000057726974696E672036
:10FC600063757272656E7450617463684E756D620F
:10FC700065722028253033642920746F2045455053
:10FC8000524F4D0057726974696E6720766F6C2011
:10FC900028253033642920746F20454550524F4D3C
:10FCA0000000000057726974696E67206D69785FA3
:10FCB0006C696E65696E2028253033642920746F65
:10FCC00020454550524F4D0057726974696E672048
:10FCD0006678536F75726365506174636820282578
:10FCE0003033642920746F20454550524F4D000039
:10FCF00057726974696E672046696E6554756E65E2
:10FD000043656E74732028253033642920746F2076
:10FD1000454550524F4D000057726974696E672017
:10FD20005472616E73706F736520282530336429B7
:10FD300020746F20454550524F4D00005772697432
:10FD4000696E67204F6374617665202825303364BF
:10FD50002920746F20454550524F4D0057726974E9
:10FD6000696E67206272656174685F63632028252D
:10FD70003033642920746F20454550524F4D0000A8
:10FD800057726974696E6720687031662028253063
:10FD900033642920746F20454550524F4D000000B8
:10FDA00057726974696E6720687031712028253038
:10FDB00033642920746F20454550524F4D00000098
:10FDC00057726974696E67206870316266202825F1
:10FDD0003033642920746F20454550524F4D000048
:10FDE00057726974696E67206870316271202825C6
:10FDF0003033642920746F20454550524F4D000028
:10FE000057726974696E67204E4E424D6F6443614C
:10FE10006C2028253033642920746F2045455052CA
:10FE20004F4D000057726974696E6720616D7043B1
:10FE30006C697048696768496478202825303364A4
:10FE40002920746F20454550524F4D0057726974F8
:10FE5000696E6720616D70436C69704C6F7749649F
:10FE6000782028253033642920746F20454550526E
:10FE70004F4D00000000003F849C073FD6AC0F3F71
:10FE8000F837183F2045213F0ADC2A3FF704353F69
:10FE90008EC83F3FFD2F4B3FF644573FF511643F5F
:10FEA000BAA1713F0000803F7C9C873FD6AC8F3F5A
:10FEB000EF37983F1745A13F0ADCAA3FF704B53F4B
:10FEC00086C8BF3FF52FCB3FFE44D73FED11E43F3F
:10FED000C2A1F13F000000407C9C0740D6AC0F401F
:10FEE000EF371840174521400ADC2A40F30435401B
:10FEF00086C83F40F52F4B40FE445740F111644007
:10FF0000BEA1714000008040050000001900000003
:10FF10007D0000000A207367746C3A0A203078254F
:10FF2000303458007265616420656570726F6D5F72
:10FF300070617463684E756D626572202825303378
:10FF4000642900006C6F616450617463684E756D64
:10FF5000626572454550524F4D2028253033642943
:10FF6000206F7574206F662072616E67652E207336
:10FF7000657420746F203030302E0000726561642B
:10FF800020656570726F6D5F46696E6554756E654C
:10FF900043656E7473202825303364290000000007
:10FFA000656570726F6D5F46696E6554756E654309
:10FFB000656E747320282530336429206F75742092
:10FFC0006F662072616E67652E0000007265616465
:10FFD00020656570726F6D5F5472616E73706F73C0
:10FFE00065202825303364290000000065657072A3
:10FFF0006F6D5F5472616E73706F7365202825306A
:02000004600496
:10000000336429206F7574206F662072616E676596
:100010002E0000007265616420656570726F6D5F0F
:100020004F63746176652028253033642900000011
:10003000656570726F6D5F4F63746176652028250A
:1000400030336429206F7574206F662072616E678B
:10005000652E00007265616420656570726F6D5F6A
:100060006272656174685F63632028253033642998
:1000700000000000656570726F6D5F62726561748B
:10008000685F636320282530336429206F757420EE
:100090006F662072616E67652E0000007265616494
:1000A00020656570726F6D5F6D69785F6C696E65F4
:1000B000696E202825303364290000007265616470
:1000C00020656570726F6D5F766F6C202825303308
:1000D000642900007265616420656570726F6D5FF0
:1000E0006678536F75726365506174636820282564
:1000F000303364290000000072656164206565701A
:10010000726F6D5F68703166202825303364290076
:100110007265616420656570726F6D5F68703171C2
:10012000202825303364290072656164206565707C
:10013000726F6D5F687031626620282530336429E4
:10014000000000007265616420656570726F6D5F0C
:100150006870316271202825303364290000000066
:100160007265616420656570726F6D5F4E4E424DC1
:100170006F6443616C20282530336429000000003F
:100180007265616420656570726F6D5F616D70434B
:100190006C69704869676849647820282530336441
:1001A000290000007265616420656570726F6D5F83
:1001B000616D70436C69704C6F77496478202825B5
:1001C00030336429000000006C6F61645061746317
:1001D000684E756D626572454550524F4D20282519
:1001E000303364292000000063757272656E745F9D
:1001F00070617463684E756D6265722028253033B6
:1002000064292000000092012403B6044806D9079F
:100210006B09FB0A8C0C1C0EAB0F3A11C81255145B
:10022000E2156E17F918831A0C1C931D1A1F9F20D4
:100230002422A7232825A8262728A4291F2B992C68
:10024000112E872FFC306E32DF334E35BA3625380B
:100250008D39F33A573CB83D173F7440CE412643A1
:100260007B44CD451D476A48B449FB4A404C814D0B
:10027000C04EFB4F345169529B53CA54F6551E571A
:1002800043586459825A9D5BB45CC85DD75EE45F95
:10029000EC60F161F262EF63E964DE65D066BD6730
:1002A000A7688C696E6A4B6B246CF96CCA6D976E8B
:1002B0005F6F2370E3709E7155720873B67360743C
:1002C0000575A6754276D9766C77FB7785780A79BD
:1002D0008A79067A7D7AEF7A5D7BC67B2A7C897C77
:1002E000E47C3A7D8A7DD67D1E7E607E9D7ED67EB4
:1002F0000A7F387F627F877FA77FC27FD97FEA7FAF
:10030000F67FFE7FFF7FFE7FF67FEA7FD97FC27F89
:10031000A77F877F627F387F0A7FD67E9D7E607E43
:100320001E7ED67D8A7D3A7DE47C897C2A7CC67BD4
:100330005D7BEF7A7D7A067A8A790A798578FB7710
:100340006C77D9764276A67505756074B6730873B6
:1003500055729E71E37023705F6F976ECA6DF96C72
:10036000246C4B6B6E6A8C69A768BD67D066DE65CE
:10037000E964EF63F262F161EC60E45FD75EC85D4F
:10038000B45C9D5B825A645943581E57F655CA5453
:100390009B5369523451FB4FC04E814D404CFB4A38
:1003A000B4496A481D47CD457B442643CE4174403D
:1003B000173FB83D573CF33A8D392538BA364E359C
:1003C000DF336E32FC30872F112E992C1F2BA4297E
:1003D0002728A8262825A72324229F201A1F931DFB
:1003E0000C1C831AF9186E17E2155514C8123A112D
:1003F000AB0F1C0E8C0CFB0A6B09D9074806B60420
:100400002403920100006EFEDCFC4AFBB8F927F8D9
:1004100095F605F574F3E4F155F0C6EE38EDABEB67
:100420001EEA92E807E77DE5F4E36DE2E6E061DFCE
:10043000DCDD59DCD8DA58D9D9D75CD6E1D467D31A
:10044000EFD179D004CF92CD21CCB2CA46C9DBC757
:1004500073C60DC5A9C348C2E9C08CBF32BEDABCA1
:1004600085BB33BAE3B896B74CB605B5C0B37FB217
:1004700040B105B0CCAE97AD65AC36AB0AAAE2A8E8
:10048000BDA79CA67EA563A44CA338A229A11CA04D
:10049000149F0F9E0E9D119C179B229A3099439892
:1004A000599774969295B594DC9307933692699117
:1004B000A190DD8F1D8F628EAB8DF88C4A8CA08B46
:1004C000FB8A5A8ABE892789948805887B87F686A5
:1004D0007686FA8583851185A3843A84D6837783CB
:1004E0001C83C68276822A82E281A08163812A816E
:1004F000F680C8809E80798059803E802780168053
:100500000A800280008002800A80168027803E8058
:10051000598079809E80C880F6802A816381A0817D
:10052000E2812A827682C6821C837783D6833A84CC
:10053000A38411858385FA857686F6867B87058870
:1005400094882789BE895A8AFB8AA08B4A8CF88CAA
:10055000AB8D628E1D8FDD8FA190699136920793CE
:10056000DC93B59492957496599743983099229A52
:10057000179B119C0E9D0F9E149F1CA029A138A2B1
:100580004CA363A47EA59CA6BDA7E2A80AAA36AB8D
:1005900065AC97ADCCAE05B040B17FB2C0B305B588
:1005A0004CB696B7E3B833BA85BBDABC32BE8CBF63
:1005B000E9C048C2A9C30DC573C6DBC746C9B2CAE4
:1005C00021CC92CD04CF79D0EFD167D3E1D45CD6E2
:1005D000D9D758D9D8DA59DCDCDD61DFE6E06DE245
:1005E000F4E37DE507E792E81EEAABEB38EDC6EEF3
:1005F00055F0E4F174F305F595F627F8B8F94AFBE0
:10060000DCFC6EFE0000000000A019A01AA01BA0D8
:100610001CA01EA020A022A024A026A027A027A0C6
:1006200027A025A021A01DA017A010A007A0FD9F16
:10063000F29FE69FDA9FCD9FC19FB59FA99F9F9F85
:10064000969F8F9F8B9F899F8A9F8D9F949F9E9F30
:10065000AB9FBA9FCD9FE19FF79F0FA028A041A01D
:100660005AA071A087A09BA0ADA0BAA0C4A0CAA0A8
:10067000CBA0C7A0BEA0B0A09EA087A06BA04DA09D
:100680002BA007A0E19FBB9F959F709F4D9F2E9F22
:10069000129FFC9EEA9EDF9EDA9EDD9EE69EF69EFF
:1006A0000D9F2B9F4F9F789FA69FD79F0AA03FA08B
:1006B00074A0A8A0D9A006A12EA151A16CA17FA1D0
:1006C0008AA18BA183A172A157A134A108A1D4A0B2
:1006D0009AA05BA018A0D39F8D9F489F069FC79E9E
:1006E0008F9E5E9E369E189E049EFD9D019E129ECC
:1006F0002F9E589E8C9ECA9E119F609FB49F0CA0F7
:1007000067A0C1A018A16BA1B8A1FCA135A263A2EA
:1007100082A294A296A288A26AA23DA200A2B7A138
:1007200060A100A196A027A0B39F3F9FCC9E5E9E94
:10073000F79D9A9D499D079DD59CB69CAA9CB29C0D
:10074000CE9CFF9C449D9C9D049E7C9E009F8D9F03
:1007500022A0B9A050A1E4A16FA2F0A262A3C3A3FA
:100760000FA444A460A462A44AA415A4C6A35EA3D3
:10077000DDA247A29EA1E5A022A0579F8A9EBF9D11
:10078000FC9C459C9F9B0F9B989A409A089AF399D2
:10079000049A3A9A979A199BBF9B869C6A9D689E79
:1007A0007A9F9AA0C3A1ECA211A428A52AA612A7F9
:1007B000D6A772A8E0A81AA91CA9E4A86FA8BEA78A
:1007C000D1A6AAA54DA4C0A209A12F9F3D9D3D9BE6
:1007D000399940975C959D931192C490C58F228F53
:1007E000E78E208FD98F1A91ED9257955E98049CD1
:1007F0004BA032A5B4AACEB077B7A7BE52C66DCE75
:10080000E7D6B3DFBFE8F9F150FBB004536176657A
:10081000476C6F62616C4678000000005061746341
:100820006850617374652E2E2E0000005061746351
:1008300068537761702E2E2E0000000046782E2E11
:100840002E0000004F7363312E2E2E004F73633243
:100850002E2E2E004F736346696C74312E2E2E009F
:100860004F736346696C74322E2E2E004E6F69737F
:100870006546696C74312E2E2E0000004E6F697330
:100880006546696C74322E2E2E0000004E6F69731F
:10089000652E2E2E000000005061746368436F6D5A
:1008A0006D6F6E2E2E2E000053797374656D2E2E93
:1008B0002E00000043616C6962726174696F6E2E74
:1008C0002E2E00004C435F434F4C4C4154450000DA
:1008D0004C435F4354595045000000004C435F4D6A
:1008E0004F4E4554415259004C435F4E554D455271
:1008F000494300004C435F54494D45004C435F4D14
:10090000455353414745530049C8010031C80100D0
:10091000B1C70100BF02040204050103050A140067
:10092000FC0DFC0D00027C0547104520084A433FA2
:10093000FFAF00210D4A433F91D07F8F11EAC901DB
:10094000220F4A433F899144245145F2FC3500234C
:100950001D4A433FB942A5502934838146A152A87C
:10096000149AC140A35029540A3D4300241D4A4310
:100970003F916CB0519828540A9542369829540AF0
:100980009542A2B019CCF4E400251A4A433FF1C4C1
:10099000C24431082D74429D50A7180D121285894A
:1009A000644F0B261E4A433FCD4CA152A814AA41C6
:1009B0004E3753A8240A9B8946B3186406113D2973
:1009C00000270B4A433F91D0619EBF02280F4A4344
:1009D0003F99CE5027F452A8B42706290F4A433F27
:1009E00089D25029F44EA8B367012A144A433F27FD
:1009F0004612D52034188806298948A2E7182B0EFC
:100A00004A433F4742ABC14025B4E71C2C0B4A4345
:100A10003FFF7237DB13012D0B4A433F5F0C067A11
:100A2000BE052E0A4A433F7FBEBBA7062F124A438C
:100A30003F13A14EA813EA843AA14EA86701301DC6
:100A40004A433F916E909288241A9144241149445C
:100A50001291462292A806393D390031114A433F8E
:100A6000916E36482984FED560A0A70532174A4307
:100A70003FCD2025D1882422A19D6CA633140E06DB
:100A80007A5A0033194A433FCD2025D1882422A128
:100A90004EB6341149441A896A90A70634154A4360
:100AA0003F5D50371BA4142289C69BC14027744F59
:100AB0000C35164A433FC56020117A319A288526A5
:100AC000228D4435C85303361C4A433FCD2025D1DF
:100AD0008832428BD1442392882422894823510DA5
:100AE000F2D40037144A433FC56020B413EA843A75
:100AF000A14EA813EA5900381E4A433FCD2025D104
:100B0000882422894823510D52128D48229288341C
:100B100012D5204F0D391C4A433FCD2025D18824C2
:100B200022894822D248460BA14D4823510DF2D4C8
:100B3000003A0D4A433F2F777B26BB3D35003B0DE6
:100B40004A433F2F777B26BBD99E083C0D4A433F43
:100B50005D50E74B5FE689013D0E4A433FB7838115
:100B60009E7830D0730B3E0C4A433F49D2EF7C98BD
:100B700067023F154A433FCD2025D188242289486A
:100B8000E7D01E23D4930340204A433FCD2025D1F4
:100B900088249241443190284C14260A13C52023FE
:100BA000112935A2819E18411E4A433F916E9092B1
:100BB00088241A91442411490603894822928824E2
:100BC0002289484F0B421A4A433FC540251169FC10
:100BD000443418698C24228948A2D10CF6D40043ED
:100BE000144A433FCD2025D18824427FA491A806F2
:100BF000796A00441E4A433FC560A431928824228A
:100C000089482292882422894822926834833D357B
:100C10000045134A433FC56020117A3818093D1C2E
:100C20000CF4B40046104A433FC56020117A3818CE
:100C3000097DCF04471C4A433FCD2025D18824425B
:100C40002783884822928824228D643448E46901ED
:100C5000481F4A433F85482292882422894822928D
:100C60000C0612914424114944129144A4A7054949
:100C7000104A433FC560A012FA5F0D067A5A004A37
:100C8000104A433FD16026F4371E29647B72004B23
:100C90001A4A433F85482292683C114944039544CF
:100CA0002411693C9288F4B4004C0D4A433F85D02E
:100CB000FFE160A0A7054D1D4A433F85482292FCF5
:100CC00060205198284C14260A1391442411494459
:100CD0007A5A004E214A433F8548B2916C2483885A
:100CE0006410B1305198480611C920A29968262293
:100CF00089484F0B4F1E4A433FCD2025D1882422DF
:100D00008948229288242289482292883412D52048
:100D10004F0D50174A433FC560A431928824228961
:100D200048A2D10C4642EF990051204A433FCD20C2
:100D300025D1882422894822928824228948A230F9
:100D4000910C3212D540A9A700521B4A433FC560FF
:100D5000A431928824228948A2D10C461291C6233C
:100D600089484F0B53184A433FCD2025D188244250
:100D7000A572903494883412D5204F0D540D4A43F7
:100D80003FC560A012FABF2707551E4A433F85485A
:100D900022928824228948229288242289482292F9
:100DA000883412D5204F0D561B4A433F8548229266
:100DB0008824228D442411495483D82036C809ED53
:100DC000C901571D4A433F854822928824228948F9
:100DD000A2305198284C14269F8824223D2D00587B
:100DE0001D4A433F854822D2484412D52036C8E9DF
:100DF00006B1414A2292684412919E1659144A4300
:100E00003F854822D2484412D52036C809FD9E1C91
:100E10005A134A433FC56020B433D419EA0C858382
:100E2000819E165B0E4A433FC96024F43F1CEC8947
:100E3000015C124A433FB15029540A9542A55029FA
:100E4000D4D3025D0D4A433FC960E8FF68B027066E
:100E50005E0E4A433F916E909268447AFE165F0A96
:100E60004A433FFFEDE09E00600A4A433F8DD29E19
:100E70007F0861174A433F0F07228D5033184444BF
:100E8000129144A41928F2B40062174A433F85D056
:100E900017A3894624114944129164A251ECA90177
:100EA00063114A433F0F07228D44E852231AE88911
:100EB0000164184A433F9DD0A3854632114944122C
:100EC0009144A4918C167A5A0065154A433F0F0746
:100ED00029894624190C2442A54634D013036612EE
:100EE0004A433FD1202511494442D96026F47B066C
:100EF00067194A433FEF068A8866A2F1D140A41CD5
:100F00006C44129144A4194C0068174A433F85D0A1
:100F100017A38946241149441291442411E9690117
:100F200069104A433F4BA11E3108FAD560A0A705BE
:100F30006A104A433F63A11E3108FA1B3F1A48005A
:100F40006B154A433F85D0372622856A101BA8249B
:100F5000228D919E166C0E4A433FC920E8FF6A30ED
:100F6000D0D3026D184A433FCF123683814461A229
:100F7000305198284C14260A7B5A006E164A433F7B
:100F8000CF14A38946241149441291442411E969DC
:100F9000016F164A433F0F0729894624114944121D
:100FA0009146A21AE4A90170174A433FCF14A389BE
:100FB0004624114944129164A2518C84EE007116AA
:100FC0004A433F0F171AC94424114944129146322B
:100FD0005A08BD00720F4A433FCF1483D04423F414
:100FE0003D0B0073134A433FEF061B914439580AE7
:100FF0002522CD604F0C740F4A433F43678399D03D
:1010000027AA419E1875164A433FCF4412914424A3
:10101000114944129146325AE8690176144A433F15
:10102000CF441291462292A806B1414EA8270777D5
:10103000174A433FCF44129144245198284C142618
:10104000838146A2270678144A433FCF441A896A0F
:101050009013EA06298946A4A705791B4A433FCF86
:101060004412914424114944129146325A082522CF
:101070008D4435C8007A0F4A433FEF0683A0CE87E0
:1010800083419E167B114A433FD52025F46A901474
:101090007A39C8D3027C0B4A433F91D0FF7B720060
:1010A0007D104A433FC52029F47290127A35C83327
:1010B0007E0D4A433FC9C4C244B2E7DF01A0084ADB
:1010C000433FFFAF00A10D4A433F91508F11FAEF0C
:1010D000C901A2174A433FB95037484934A28CD0BE
:1010E0002824510D72423D3900A3184A433FF9208C
:1010F0002511494442D96026341BA812098BC99E88
:1011000016A4174A433FFB5C42B1900C0619BF1965
:101110000C228A8522976706A5144A433FB3129191
:1011200046A21AA40633D96026744F0EA60C4A4371
:101130003F91D07B42DF9303A71B4A433FCD20253D
:10114000D118090729894AA292A8064191C64435B7
:10115000C85303A80B4A433F899144CF7F02A92378
:101160004A433FC3414AA2114912834424114944CE
:1011700012A148229288240689884823510DF2D46E
:1011800000AA184A433FCD4014126A0683884822B9
:10119000D20C14E1C140CF3300AB1B4A433FD348CC
:1011A0004A215288142285482153C81432854C2183
:1011B0008BE46901AC0F4A433FCF0603C96020B4FA
:1011C000E71900AD0A4A433F9F0CF67C0CAE224A59
:1011D000433FC3414AA21149128344241149441296
:1011E0008344245152915044441A896A90A706AF0F
:1011F0000B4A433F6C30D0F33F03B0114A433F9159
:101200006E90928824AA414ECF2F01B1114A433FDC
:10121000E742D560A012EA07033D1700B20E4A4329
:101220003FCD4C21D4391CE8F91AB3104A433FCDC5
:101230004C21D429550AD99ECF01B40A4A433F957F
:10124000CE9E7F0AB5114A433F5F68FC378BCD4085
:101250009111DA4300B6244A433FC96010190C24A7
:10126000038564A0900C149A4142A55029540A9514
:1012700042A55029540A3D2D00B70A4A433F2F7713
:10128000F77C03B80C4A433FFFB952A5908D00B9D3
:101290000D4A433F8D6EE8DD20CFE700BA124A4386
:1012A0003FCD4C21D2F84821DB0F0679DE01BB1A75
:1012B0004A433FB3484C2153C81432854C215288CD
:1012C00014228548A18AE419BC194A433F49509920
:1012D000CA84329360492A228A24329141B29E1DE7
:1012E00000BD194A433F495099CA84329360852A08
:1012F00011C9A422A96070906706BE194A433FC570
:1013000034274A45329360492A228A243291813017
:10131000996707BF154A433F91508F11DA39928878
:1013200024228D4435C85303C01D4A43B3D21EA3A3
:101330001BA4241A91442411490603894822928847
:1013400024223D2D00C11D4A433F42678FD10D52DB
:10135000128D482292882483814424114944129199
:101360009E16C21F4A43BB6E9092E811BA414AA230
:101370001149441291643090882422894822D2D3A2
:1013800002C3204A43B724341845F410DD2025D188
:101390008824228948321848441291442411E9696A
:1013A00001C4204A43B34424D1237483944424D1F8
:1013B0008824228948321848441291442411E9694A
:1013C00001C5224A43CF2025114954833C44374864
:1013D000493422894822920C06129144241149442E
:1013E0007A5A00C61F4A433FD140344829540A91D3
:1013F0004424110D06122389482292882422C920F0
:101400004F0BC7174A433FCD2025D18824427FA4E4
:1014100091A80639A54A211B01C8134A43B3D27EBD
:101420003090081D0E46428783819E16C9144A4398
:10143000BFCE1E311848840E0723A1C3C1404F0BF5
:10144000CA164A43BB6E9092A8070389D0E1602474
:10145000743818E86901CB164A43B34424D1030712
:101460000389D0E16024743818E86901CC0F4A433D
:10147000B7D27E3013FA67833D3100CD0F4A43BFA8
:10148000CE1E329809FDB3C19E18CE114A43BB6EE1
:101490009092C80733A17F36D81303CF104A43B3C5
:1014A0004424910F6642FFD9604F0CD01E4A433F3F
:1014B000C560A43192882422894831901849441289
:1014C000914424D168067B6A00D1224A43B7243470
:1014D0001845E422C94632884806110B13858964F1
:1014E00010910C229A894822D2D302D21D4A43B7C6
:1014F000D21E3148493422894822928824228948C0
:1015000022D24854833C3500D31D4A43BFCE1E33FC
:101510004849342289482292882422894822D24884
:1015200054833C3500D41E4A43BB6E9092E8072991
:10153000894624114944129144241149441A896A64
:1015400090A706D5204A43B724341845F488414A69
:10155000A211494412914424114944129146A21AFD
:10156000E4A901D61F4A43B34424D10F52128D4837
:101570002292882422894822928824228D4435C8C8
:101580005303D7134A433FCF521923856C375388EF
:10159000349A549E18D8234A433F3A341049349A17
:1015A0008966224948240989242151442C22161194
:1015B000C9C6443410E50901D91C4A43B7D25C249A
:1015C00011494412914424114944129144A491A810
:1015D00006796A00DA1D4A43BFCE1E219288242272
:1015E00089482292882422894822D24854833C3553
:1015F00000DB1E4A43BB6E9092A845129144241111
:101600004944129144241149441A896A90A706DC7E
:101610001F4A43B34424518B2422894822928824B0
:1016200022894822928824228D4435C85303DD162E
:101630004A43BFCE1E2192883412914435880D72E0
:1016400042EFC901DE124A433F89D07030D2F86FB1
:101650000623A13D0B00DF174A433FD14C21D2782E
:10166000A259A8142A8948E32722859E1AE0184A1D
:10167000433FB5D27EB0110935834144241149441A
:101680009A81224F0BE1194A433FBDCE1E32D888C2
:10169000849AC1202292882422CD4091A705E21B82
:1016A0004A433FB96E9092C8071B91503318444487
:1016B000129144A41928F2B400E31C4A433FB52414
:1016C000341845F4838D48A8190C2222894822D267
:1016D0000C14795A00E41A4A433F3B8948221F6C94
:1016E0004442CD6010114944129166A0C8D302E56E
:1016F0001D4A433FCD202511495483FC6023126AC3
:10170000068388482292883403459E16E6184A4389
:101710003FEF169A8842A5500D42839442A59064EB
:10172000147B6200E7144A433F0F07228D44E852BE
:10173000231AC8942A856C04E8174A433FB1D21E85
:101740003248493422C96020112A35A2819E18E905
:10175000184A433F0B9D3D649092684492C14022D9
:10176000546A44033D3100EA194A433FB96E9092EE
:10177000E80729894624190C2442A54634D01303CE
:10178000EB184A433F3B8948A21FA4241A916430B6
:101790009008951AD1404F0CEC104A433FB1D21E2D
:1017A0003108FAD560A0A705ED104A433FBDCE1E13
:1017B0003208FAD560A0A705EE124A433FB96E90F1
:1017C00092C80741BF1A0CF4B400EF114A433F3BE3
:1017D0008948221F04FD6A30D0D302F01D4A433FDE
:1017E0004526A590ED660A554636104926228948B9
:1017F00022D24854833C3500F11B4A433FB5243480
:101800001845E48AD1442392882422894822928868
:10181000F4B400F2184A433FB1D21E324849342290
:1018200089482292883412D5204F0DF3184A433F3D
:101830000B9D3D649092684412914424116924AA3E
:10184000419E1AF41A4A433FB96E9092E8072989DB
:101850004624114944129146A21AE4A901F51C4AF2
:10186000433FB524341845F488414AA21149441233
:101870009144A491A806796A00F6194A433F3B892E
:1018800048A21FA4241A9144241149441A896A9039
:10189000A706F7124A433F4BA11E3A184806033DDC
:1018A00054A86709F81A4A433F6F420391442349F9
:1018B00048240989226211D1484403519E10F91726
:1018C0004A433FB5D25C2411494412914424116922
:1018D00024A3859E16FA184A433F0B9DBD482292C9
:1018E000882422894822D248460B3D2D00FB1A4A03
:1018F000433FB96E9092A845129144241149441275
:101900009146325AE86901FC194A433F3B8948A293
:10191000164944129144241149441AC968A1A705E3
:10192000FD1D4A433FBDCE1E2192882422894822B4
:1019300092883492D14228116924AA4106FE134AA2
:10194000433F89D087039544A4F113D14025740601
:10195000FF1E4A433F3B8948A21649441291442442
:101960001149441AC9682194883412D52003000013
:101970000004FFFF00000000BF0203020304010295
:1019800004060A00FE07FE0700017602F9093C2062
:1019900007D6F8F92300210AD6F891B43B985300F2
:1019A000220BD6F8932CC9929C37002310D6F893BB
:1019B0002C890629890629C9929C00240DD6F89104
:1019C000704AC23189C69C02250DD6F8A3A4290904
:1019D0002B51D29413260ED6F8C3244BC24A53A6D9
:1019E000E430002709D6F891B4CE23002809D6F8B0
:1019F000A1B05AAE132909D6F8E36AB14E022A0EF5
:101A0000D6F8D12C4AA2414AA22CA7022B0AD6F81A
:101A1000F1341BB434672C09D6F87913EB18002D78
:101A200009D6F8D9069D1B002E09D6F8790BC71CDC
:101A3000022F0AD6F8B134EC9AD3003010D6F891C0
:101A40003089B2244BB22809730A00310CD6F891C0
:101A5000504BD2B6418701320CD6F8A72CCDB4300A
:101A60001D7418330CD6B807350CE5248B76023478
:101A70000DD6F8A1504BA2D220A63901350DD6B80B
:101A800007254D24294DB26827360DD6F8112D4C67
:101A900013494AB26827370BD6B807354CC36A4E8C
:101AA00002380DD6F8A72CC9A2294BB26827390DE8
:101AB000D6F8A72C892C6998E914003A0CD6F8F1CD
:101AC00070CCC170CC21003B0BD6F8F170CC41B189
:101AD0008E013C09D6F8B1B0B91D063D0AD6F88989
:101AE000833EE88C003E09D6F8E3C67612003F0B31
:101AF000D6F8A72CACE6604E01400CD6F8A72C898E
:101B0000942E52BC134110D6F8913089B2244B0662
:101B1000254BB21C06420CD6B8872C6ADAA2962155
:101B200027430BD6F8A72C49DBA29D00440BD6B85F
:101B3000872CEA5F869C00450DD6B807254D87287F
:101B40004D071D06460CD6B807254D8728ADD30096
:101B5000470CD6F8A72C494B4A16ED044810D6B8C6
:101B6000B3244BB26450B2244BB21C064908D6F8D9
:101B7000C7B4E34E4A0BD6F891316DAAE914004B75
:101B80000ED6B8B324AA64629245B51C064C09D699
:101B9000B8D35E071D064D0ED6B8B3244B2CDD928C
:101BA0002CC972184E0FD6B8B3244BA4A493922517
:101BB000590E034F0ED6F8A72CC9922CC9922CDAD5
:101BC00009500DD6B887284BB26488D23A0D510E11
:101BD000D6F8A72CC9922CC992A639075210D6B8AC
:101BE00087284BB26488922CAAE53000530CD6F8B3
:101BF000A72C89E7248B76025409D6B8072DED9DD2
:101C000002550FD6B8B3244BB2244BB2248B7602C4
:101C10005610D6B8B3244BB228C9922C09730A00C7
:101C2000570ED6B8B3244BB2A42F962C8701580F69
:101C3000D6B8B3248B92B012654996C300590CD61E
:101C4000B8B3248B92306DA7005A0BD6B80735EC89
:101C50003AE830005B08D6F8B7B4EB4E5C09D6B86A
:101C6000D3B86B0E035D08D6F8D7DE76025E0BD6CE
:101C7000F8913089B29C27005F08D6F8F93CE8005B
:101C80006008D6B8E29C5F00610DD6F8A9733424D1
:101C90005934E43000620DD6B8D38A242559222560
:101CA000894E630BD6F8A95396A459B413640ED683
:101CB000F8B134524A4A9644961C06650BD6F8A9E8
:101CC00053960C4ABC13660CD6F8112D2A0E595A9D
:101CD0002701670FD6F8A94392255934A449164D18
:101CE00000680ED6B8D38A2425599225590E036967
:101CF0000AD6F8911C531B77026A0BD6F8B11C5315
:101D00009BBA49006B0DD6B8D35A12455B54CB61D0
:101D1000006C08D6F8D51E77026D0BD6F8894A9468
:101D2000F46F390C6E0ED6F88989242559922559FD
:101D30000E036F0CD6F8A95396644916ED04700F84
:101D4000D6F8898924255922258994A600710DD6B3
:101D5000F8A94A49C992C8925600720BD6F88989E7
:101D60002425699D06730AD6F8A9533C27434E746F
:101D70000BD6F8D370C8D252A613750DD6F8895970
:101D800092255912597218760DD6F88959924549FB
:101D900096843905770CD6F8895992257D4A7202C6
:101DA000780DD6F8895994849528CB6100790ED6A0
:101DB000F88959922591254DB268027A0BD6F88997
:101DC00083D838E830007B0CD6F8212DCEE430D60D
:101DD00061007C09D6F891B4EF14007D0BD6F8E5CC
:101DE00030D6E24CA7007E0AD6F8A3A453CE1B003F
:101DF000A007D6F8F92300A10AD6F8911C4CBB53D2
:101E000000A20FD6F8F170486A49968443964300C1
:101E1000A30DD6F8112D2A8E6994243A01A40DD66B
:101E2000F88959B425D994E53000A50ED6B8B32465
:101E30008B92301BB4B40E01A60BD6F891B40EA64B
:101E4000750A00A70DD6F8A7748BB2285BA31D01F5
:101E5000A807D678EAFC01A90CD6F8A72C699192BC
:101E60006ED14EAA0DD6F891A9454B7264C8A9004F
:101E7000AB0ED6F8C9511225511665518E02AC0928
:101E8000D6F81987346704AD09D6F819879C1B006A
:101E9000AE0ED6F8A72C59122991922CDA09AF0868
:101EA000D638069D9F01B00AD6F8913009731E01FD
:101EB000B10CD6F8F1341BB4341B7418B20BD6B87D
:101EC000B4282C0E393700B30AD678E64C8E768EBD
:101ED00000B408D6F8C29C9F00B50FD6F889599275
:101EE0002559222589948300B610D6F8876449962F
:101EF00048C9922CC9921C06B708D6F85973AE008F
:101F0000B808D6F8F929CC00B909D6B842B5B873E3
:101F100004BA0CD6F8112D6AD3A121A702BB0DD6A5
:101F2000F889511665511225514EBC0DD67842B52F
:101F300038855A120D690CBD0DD67842B5B8844962
:101F40001A863300BE0ED638E430CEA4504BA22100
:101F5000CD01BF0BD6F8911C4CC35AB413C00FD699
:101F600078E270CA922C19942CC97218C10FD6F855
:101F7000C270CA922C19942CC97218C210D6B8C259
:101F8000249BB2244B06254BB21C06C311D678A263
:101F900024D1A62CC99241C9922C8701C410D678AD
:101FA000EAD094255932285992E53000C510D6B8A8
:101FB000C2249BB2244B06254BB21C06C60ED6F893
:101FC000912129350D43D4B4A300C70BD6F8A72C13
:101FD00049DBA2B108C80ED678C24149D3214AD301
:101FE000418701C90ED6F8A24149D3214AD341877E
:101FF00001CA0ED6B8B24149D3214AD3418701CB99
:102000000ED6784A8392A64394A6830E03CC0AD6B2
:1020100078E2704C1B7702CD0AD6F8C2704C1B7761
:1020200002CE0BD6B8C2241BD3C69D00CF0AD678E9
:10203000EAD09836EE04D00CD6B8872C6A59A22E76
:10204000434ED111D6B8922889B2444A3A295992BE
:10205000E53000D20ED678E270CA922CC9922CDA02
:1020600009D30ED6F8C270CA922CC9922CDA09D4C0
:102070000FD6B8C2249BB2244BB2248B7602D51063
:10208000D6B89228C9A62CC9922CC9A29D00D60EFA
:10209000D678EAD0942559922559B413D70DD6F89D
:1020A000895994849528CB6100D80ED6F8A7488921
:1020B00094162991A29D00D90ED678E2AC922559AA
:1020C000922559B413DA0ED6F8C2AC92255992254E
:1020D00059B413DB0FD6B8C22447B2244BB2248BB9
:1020E0007602DC0FD678EA4896644996644916ED84
:1020F00004DD0DD6F8C2AC92454998D62900DE0D14
:10210000D6B8D321CA92214AEB3400DF0ED6F8A705
:102110002C892A59544B129D00E00ED678E21C9B64
:10212000A321C9A2218701E10ED6F8C21C9BA321DD
:10213000C9A2218701E20FD6B8C22487E66848B257
:1021400068C86100E30FD6B89228C9A1391A922C49
:102150001A7218E40ED6F8931C9AA321C9A22187FB
:1021600001E50FD6B8C2240CE76848B268C8610020
:10217000E60DD6F8A9439824C3940D3A0AE70CD685
:10218000F8A95396A459341601E80DD678E21C9BA1
:10219000B26450E29D00E90DD6F8C21C9BB26450B7
:1021A000E29D00EA0DD6B8C22487A62C19947827A0
:1021B000EB0DD6F8931C9AB26450E29D00EC0AD65F
:1021C00078E21C531B7702ED0AD6B8C21C541B7769
:1021D00002EE0BD6B8C22487D4C69D00EF0AD6F80B
:1021E000931C521B7702F00CD6B86D5396644916B7
:1021F000ED04F111D6B89228C9914492922CC9925B
:102200002C8701F20DD678E21C9BB2244BB26827D2
:10221000F30DD6F8C21C9BB2244BB26827F40ED63D
:10222000B8C22487A62CC9922CDA09F50FD6B89229
:1022300028C9A1294BB2248B7602F60DD6F8931C3F
:102240009AB2244BB26827F70AD6F8F11C1A742800
:1022500067F80DD6F8A94312292D5232E404F90F7C
:10226000D678E21CCA922CC992C892C300FA0FD643
:10227000F8C21CCA922CC992C892C300FB10D6B8EF
:10228000C22447B2244BB224B2E43000FC0FD6F88B
:10229000931CC9922CC992C892C300FD0FD6F8A115
:1022A00030AB64496449932C9A00FE0FD6F8D17480
:1022B00088B2244BB26488D214FF10D6F8931CC99C
:1022C000922C892C699245130000000004FFFF0046
:1022D000000000001815A115C819FF001815A01559
:1022E000C019FF001815AE15D5168015A8163F1594
:1022F000D316001540158D16141520160015A115BE
:10230000C815DA1612158116CF15D916F115DB1678
:1023100040152E15A415A619FF0000001815AF19B9
:10232000FF0000001815AE19FF0000000001140A9C
:102330006464323200127A0000042896100800000B
:102340008000400000010000E08900201200000031
:1023500000060000682800600A000000000200007B
:10236000D0270060950000000007000038270060BB
:10237000950000000003000034270060000000000A
:10238000010309041C270060000000000203090487
:102390009C8E00200000000003030904AC8E002086
:1023A000000000000000000000000000000000002D
:1023B000303030303030303030303030303030301D
:1023C000303030303030303030303030303030300D
:1023D00000000000000000000000000028DC0020D9
:1023E00090DC0020F8DC002000000000000000006D
:1023F00000000000000000000000000000000000DD
:1024000000000000000000000000000000000000CC
:1024100000000000000000000000000000000000BC
:1024200000000000000000000000000000000000AC
:10243000000000000000000000000000000000009C
:10244000000000000000000000000000000000008C
:10245000000000000000000000000000000000007C
:10246000000000000000000000000000000000006C
:1024700001000000000000000E33CDAB34126DE609
:10248000ECDE05000B000000000000000000000072
:10249000000000000000000000000000000000003C
:1024A000000000000000000000000000000000002C
:1024B000000000000000000000000000000000001C
:1024C000000000000000000000000000000000000C
:1024D00000000000000000000000000000000000FC
:1024E00000000000000000000000000000000000EC
:1024F00000000000000000000000000000000000DC
:1025000000000000000000000000000000000000CB
:1025100000000000000000000000000000000000BB
:1025200000000000000000000000000000000000AB
:10253000000000000000000000000000000000009B
:10254000000000000000000000000000000000008B
:1025500000000000000000007C5700200100000087
:10256000000000000000000000000000000000006B
:10257000000000000000000000000000000000005B
:10258000000000000000000000000000000000004B
:10259000000000000000000000000000000000003B
:1025A000000000000000000000000000000000002B
:1025B000000000000000000000000000000000001B
:1025C000000000000000000000000000000000000B
:1025D00000000000000000000000000000000000FB
:1025E00000000000000000000000000000000000EB
:1025F00000000000000000000000000000000000DB
:1026000000000000000000000000000000000000CA
:1026100000000000000000000000000000000000BA
:1026200000000000000000000000000000000000AA
:10263000000000000000000000000000000000009A
:10264000000000000000000000000000000000008A
:10265000000000000000000000000000000000007A
:10266000000000000000000000000000000000006A
:10267000000000000000000000000000000000005A
:10268000000000000000000000000000000000004A
:10269000000000000000000000000000000000003A
:1026A000000000000000000000000000000000002A
:1026B000000000000000000000000000000000001A
:1026C000000000000000000000000000000000000A
:1026D00000000000000000000000000000000000FA
:1026E00000000000000000000000000000000000EA
:1026F00000000000000000000000000000000000DA
:1027000000000000000000000000000000000000C9
:1027100000000000000000000000000000000000B9
:1027200000000000000000000000000000000000A9
:102730000000000000000000000000000000000099
:102740000000000000000000000000000000000089
:102750000000000000000000000000000000000079
:102760000000000000000000000000000000000069
:102770000000000000000000000000000000000059
:102780000000000000000000000000000000000049
:102790000000000000000000000000000000000039
:1027A0000000000000000000000000000000000029
:1027B0000000000000000000000000000000000019
:1027C0000000000000000000000000000000000009
:1027D00000000000000000000000000000000000F9
:1027E00000000000000000000000000000000000E9
:1027F00000000000000000000000000000000000D9
:1028000000000000000000000000000000000000C8
:1028100000000000000000000000000000000000B8
:1028200000000000000000000000000000000000A8
:102830000000000000000000000000000000000098
:102840000000000000000000000000000000000088
:102850000000000000000000000000000000000078
:102860000000000000000000000000000000000068
:102870000000000000000000000000000000000058
:102880000000000000000000000000000000000048
:102890000000000000000000000000000000000038
:1028A0000000000000000000000000000000000028
:1028B0000000000000000000000000000000000018
:1028C0000000000000000000000000000000000008
:1028D00000000000000000000000000000000000F8
:1028E00000000000000000000000000000000000E8
:1028F00000000000000000000000000000000000D8
:1029000000000000000000000000000000000000C7
:1029100000000000000000000000000000000000B7
:1029200000000000000000000000000000000000A7
:102930000000000000000000000000000000000097
:102940000000000000000000000000000000000087
:102950000000000000000000000000000000000077
:102960000000000000000000000000000000000067
:1029700000000000000000008C5700200100000053
:102980000000000000000000000000000000000047
:102990000000000000000000000000000000000037
:1029A00000000000000000009C5700200100000013
:1029B0000000000000000000000000000000000017
:1029C0000000000000000000000000000000000007
:1029D0000000000000000000AC57002001000000D3
:1029E00000000000000000000000000000000000E7
:1029F00000000000000000000000000000000000D7
:102A00000000000000000000B4570020010000009A
:102A100000000000000000000000000000000000B6
:102A200000000000000000000000000000000000A6
:102A30000000000000000000BC5700200100000062
:102A40000000000000000000000000000000000086
:102A50000000000000000000000000000000000076
:102A60000000000000000000C4570020010000002A
:102A70000000000000000000000000000000000056
:102A80000000000000000000000000000000000046
:102A90000000000000000000D057002001000000EE
:102AA0000000000000000000000000000000000026
:102AB0000000000000000000000000000000000016
:102AC0000000000000000000DC57002001000000B2
:102AD00000000000000000000000000000000000F6
:102AE00000000000000000000000000000000000E6
:102AF0000000000000000000EC5700200100000072
:102B000000000000000000000000000000000000C5
:102B100000000000000000000000000000000000B5
:102B20000000000000000000FC5700200100000031
:102B30000000000000000000000000000000000095
:102B40000000000000000000000000000000000085
:102B50000000000000000000000000000000000075
:102B60000000000000000000000000000000000065
:102B70000000000000000000000000000000000055
:102B80000000000000000000000000000000000045
:102B90000000000000000000000000000000000035
:102BA0000000000000000000000000000000000025
:102BB0000000000000000000085800200100000094
:102BC0000000000000000000000000000000000005
:102BD00000000000000000000000000000000000F5
:102BE0000000000000000000185800200100000054
:102BF00000000000000000000000000000000000D5
:102C000000000000000000000000000000000000C4
:102C10000000000000000000245800200100000017
:102C200000000000000000000000000000000000A4
:102C30000000000000000000000000000000000094
:102C400000000000000000000000803F0000803F06
:102C50005C8FAA40000000400000803F0000803FE1
:102C60003333333F9A99993F0000803F0000803F03
:102C7000000000000000803F0000803F00000000D6
:102C80000000803F0000803F000000000000803F07
:102C90000000803F000000000000803F0000803FF7
:102CA000000000000000803F0000803F00000000A6
:102CB0000000803F0000803F0402013C000000391A
:102CC000CDCC4C3F0000803F00401C460000803FC0
:102CD0000029DE07007B9A1700D082440000803F65
:102CE00000D082440000803F00D082440000803F3A
:102CF00000D082440000803F00007A45A4D0824387
:102D000000004041000040410000404100004041BF
:102D1000000040410000803F0000803F00000000B4
:102D20000000803F0000803FA245563FA245563F2D
:102D30000000803F00002040F4FD343FF4FD343FAC
:102D400000003A40BC4000200000000000000000ED
:102D50000000000000000000000000000000000073
:102D60000000000000000000000000000000000063
:102D70000000000000000000000000000000000053
:102D80000000000000000000000000000000000043
:102D90000000803F5442002000000000E8030000D3
:102DA00000000000B842002000000000E80300001E
:102DB0000000000000801940243E002000000000B8
:102DC0003CD50020BCD40020000000000000000022
:102DD00040000000400000004000000040000000F3
:102DE00000000000000000000000000000000000E3
:102DF00000000000000000000000000000000000D3
:102E000000000000B842002000000000E8030000BD
:102E100000000000004019409C81002000000000DC
:102E20007CD50020FCD40020000000000000000041
:102E300028000000400000002800000040000000C2
:102E40000000000000000000000000000000000082
:102E50000000000000000000000000000000000072
:102E6000000000000000803F0000803FC4440020BC
:102E700000000000E80300000000000000003F40E8
:102E8000B426006000000000000000000000000008
:102E90000000000000000000000000000000000032
:102EA0000000000000000000000000000000000022
:102EB0000000000000000000000000000000000012
:102EC0000000000000000000000000000000000002
:102ED00000000000000000000000000000000000F2
:102EE00000000000000000000000000000000000E2
:102EF00000000000000000000000000000000000D2
:102F000000000000000000000000000000000000C1
:102F100000000000000000000000000000000000B1
:102F200000000000000000000000000000000000A1
:102F30000000000000000000000000000000000091
:102F40000000000000000000000000000000000081
:102F50000000000000000000000000000000000071
:102F60000000000000000000000000000000000061
:102F70000000000000000000000000000000000051
:102F80000000000000000000000000000000000041
:102F90000000000000000000000000000000000031
:102FA000000000000000000000000000C4440020F9
:102FB00000000000E80300000000000000803F4027
:102FC0006426006000000000000000000000000017
:102FD00000000000000000000000000000000000F1
:102FE00000000000000000000000000000000000E1
:102FF00000000000000000000000000000000000D1
:1030000000000000000000000000000000000000C0
:1030100000000000000000000000000000000000B0
:1030200000000000000000000000000000000000A0
:103030000000000000000000000000000000000090
:103040000000000000000000000000000000000080
:103050000000000000000000000000000000000070
:103060000000000000000000000000000000000060
:103070000000000000000000000000000000000050
:103080000000000000000000000000000000000040
:103090000000000000000000000000000000000030
:1030A0000000000000000000000000000000000020
:1030B0000000000000000000000000000000000010
:1030C0000000000000000000000000000000000000
:1030D00000000000000000000000000000000000F0
:1030E000000000000000000000000000C4440020B8
:1030F00000000000E80300000000000000C03F40A6
:103100001426006000000000000000000000000025
:1031100000000000000000000000000000000000AF
:10312000000000000000000000000000000000009F
:10313000000000000000000000000000000000008F
:10314000000000000000000000000000000000007F
:10315000000000000000000000000000000000006F
:10316000000000000000000000000000000000005F
:10317000000000000000000000000000000000004F
:10318000000000000000000000000000000000003F
:10319000000000000000000000000000000000002F
:1031A000000000000000000000000000000000001F
:1031B000000000000000000000000000000000000F
:1031C00000000000000000000000000000000000FF
:1031D00000000000000000000000000000000000EF
:1031E00000000000000000000000000000000000DF
:1031F00000000000000000000000000000000000CF
:1032000000000000000000000000000000000000BE
:1032100000000000000000000000000000000000AE
:10322000000000000000000000000000071800007F
:103230006DD402000000000074C00F400C000000BC
:10324000220000000100000048851F40010000002E
:10325000300000000200000048851F400000000010
:1032600023000000010000004C851F400100000009
:10327000FF000000FF000000000000000000000050
:1032800032024000260018007B000000FFFFFFFF15
:10329000E8DB002060052120000000004300000062
:1032A000000000000000000000000000000000001E
:1032B00000000000000000000000000043000000CB
:1032C00000000000000000000000000000000000FE
:1032D00000000000000000000000000043000000AB
:1032E00000000000000000000000000000000000DE
:1032F000000000000000000000000000430000008B
:1033000000000000000000000000000000000000BD
:10331000000000000000000000000000430000006A
:10332000000000000000000000000000000000009D
:10333000000000000000000000000000430000004A
:10334000000000000000000000000000000000007D
:10335000000000000000000000000000430000002A
:10336000000000000000000000000000000000005D
:10337000000000000000000000000000F54603000F
:10338000513F03000000000080460020E857002065
:10339000FC3F0020FC3F0020FC3F0020FC3F0020C1
:1033A000FC3F0020FC3F0020FC3F0020FC3F0020B1
:1033B000FC3F0020FFFFFFFFFFFFFFFFFFFFFFFFBE
:1033C000FFFF000001004153434949000000000095
:1033D00000000000000000000000000000000000ED
:1033E0000000000000004153434949000000000074
:1033F00000000000000000000000000000000000CD
:1034000000000000000000000000000000000000BC
:103410007883002078830020808300208083002030
:1034200088830020888300209083002090830020E0
:103430009883002098830020A0830020A083002090
:10344000A8830020A8830020B0830020B083002040
:10345000B8830020B8830020C0830020C0830020F0
:10346000C8830020C8830020D0830020D0830020A0
:10347000D8830020D8830020E0830020E083002050
:10348000E8830020E8830020F0830020F083002000
:10349000F8830020F88300200084002000840020AE
:1034A000088400200884002010840020108400205C
:1034B000188400201884002020840020208400200C
:1034C00028840020288400203084002030840020BC
:1034D000388400203884002040840020408400206C
:1034E000488400204884002050840020508400201C
:1034F00058840020588400206084002060840020CC
:10350000688400206884002070840020708400207B
:10351000788400207884002080840020808400202B
:1035200088840020888400209084002090840020DB
:103530009884002098840020A0840020A08400208B
:10354000A8840020A8840020B0840020B08400203B
:10355000B8840020B8840020C0840020C0840020EB
:10356000C8840020C8840020D0840020D08400209B
:10357000D8840020D8840020E0840020E08400204B
:10358000E8840020E8840020F0840020F0840020FB
:10359000F8840020F88400200085002000850020A9
:1035A0000885002008850020108500201085002057
:1035B0001885002018850020208500202085002007
:1035C00028850020288500203085002030850020B7
:1035D0003885002038850020408500204085002067
:1035E0004885002048850020508500205085002017
:1035F00058850020588500206085002060850020C7
:103600006885002068850020708500207085002076
:103610007885002078850020808500208085002026
:1036200088850020888500209085002090850020D6
:103630009885002098850020A0850020A085002086
:10364000A8850020A8850020B0850020B085002036
:10365000B8850020B8850020C0850020C0850020E6
:10366000C8850020C8850020D0850020D085002096
:10367000D8850020D8850020E0850020E085002046
:10368000E8850020E8850020F0850020F0850020F6
:10369000F8850020F88500200086002000860020A4
:1036A0000886002008860020108600201086002052
:1036B0001886002018860020208600202086002002
:1036C00028860020288600203086002030860020B2
:1036D0003886002038860020408600204086002062
:1036E0004886002048860020508600205086002012
:1036F00058860020588600206086002060860020C2
:103700006886002068860020708600207086002071
:103710007886002078860020808600208086002021
:1037200088860020888600209086002090860020D1
:103730009886002098860020A0860020A086002081
:10374000A8860020A8860020B0860020B086002031
:10375000B8860020B8860020C0860020C0860020E1
:10376000C8860020C8860020D0860020D086002091
:10377000D8860020D8860020E0860020E086002041
:10378000E8860020E8860020F0860020F0860020F1
:10379000F8860020F886002000870020008700209F
:1037A000088700200887002010870020108700204D
:1037B00018870020188700202087002020870020FD
:1037C00028870020288700203087002030870020AD
:1037D000388700203887002040870020408700205D
:1037E000488700204887002050870020508700200D
:1037F00058870020588700206087002060870020BD
:10380000688700206887002070870020708700206C
:10381000FFFFFFFF000002000000000003000000A7
:1038200028DC002048730020000040BF0000C0BE1C
:103830000000C0BE0000C0BE0000C0BE000080BED0
:10384000000000BE000000000000003E0000803EBE
:103850000000C03E0000003F0000203F0000203F6D
:103860000000203F0000203F000000000000F0BFEB
:10387000000040BF000020BF000000BF0000C0BE2D
:10388000000080BE000000BE000000000000003EFE
:103890000000803E0000C03E0000003F0000203FCE
:1038A0000000403F0000603F0000803F000000003B
:1038B00000D0824400D0824400D0824400D08244B0
:1038C00000001644436F706965642046780000006C
:1038D00000000000000000000000000000000000E8
:1038E00000000000203B6C48465C600F7F242C20C9
:1038F00044007F6C55163A000000000000000000F4
:1039000001000000496E6974205061746368000012
:1039100000000000000000000000000000000000A7
:103920000000000040404040007B34004401004063
:103930000040007F007F40404048007F4400641109
:103940001E400040007F000A007C05407F0E0040C2
:1039500000001040007C05407F010040002C244CFA
:1039600000520B406C4D00404C502840003F7F40BF
:103970000001004000400040014C0C007F3202007A
:103980007F02020000017F017F7F40203B6C4846A0
:103990005C600F7F242C2044007F6C55163A000099
:1039A000496E697420506174636800000000000073
:1039B0000000000000000000000000000000000007
:1039C00040404040007B3400440100400040007F04
:1039D000007F40404048007F440064111E4000408A
:1039E000007F000A007C05407F0E00400000104070
:1039F000007C05407F010040002C244C00520B400D
:103A00006C4D00404C502840003F7F40000100407A
:103A100000400040014C0C007F3202007F02020097
:103A200000017F017F7F40203B6C48465C600F7F38
:103A3000242C2044007F6C55163A0000944300204B
:103A400000000000E803000000000000000000008B
:103A500000000041000080400000A04100008040C4
:103A6000000080400000C040000080405555504399
:103A700012010002EF020140C01689048002010217
:103A80000301000057000000450000003D00000059
:103A9000020000000100000010000000080000000B
:103AA00010000000080000004B0000000000803FF4
:103AB00000000A3F476C6F62616C2046780000008E
:103AC00000000000000000000000000000000000F6
:103AD00000000000203B6C48465C600F7F242C20D7
:103AE00044007F6C55163A00000000000000000002
:103AF00001000000A9E40200A9E40200A9E4020018
:103B0000A9E40200A9E40200A9E40200A9E4020079
:103B1000A9E40200A9E40200A9E40200A9E4020069
:103B2000A9E40200A9E40200A9E40200A9E4020059
:103B3000A9E40200A9E40200A9E40200A9E4020049
:103B4000A9E40200A9E40200A9E40200A9E4020039
:103B5000A9E40200A9E40200A9E40200A9E4020029
:103B6000A9E40200A9E40200A9E40200A9E4020019
:103B7000A9E40200A9E40200A9E40200A9E4020009
:103B8000A9E40200A9E40200A9E40200A9E40200F9
:103B9000A9E40200A9E40200A9E40200A9E40200E9
:103BA000A9E40200A9E40200A9E40200A9E40200D9
:103BB000A9E40200A9E40200A9E40200A9E40200C9
:103BC000A9E40200A9E40200A9E40200A9E40200B9
:103BD000A9E40200A9E40200A9E40200A9E40200A9
:103BE000A9E40200A9E40200A9E40200A9E4020099
:103BF000A9E40200A9E40200A9E40200A9E4020089
:103C0000A9E40200A9E40200A9E40200A9E4020078
:103C1000A9E40200A9E40200A9E40200A9E4020068
:103C2000A9E40200A9E40200A9E40200A9E4020058
:103C3000A9E40200A9E40200A9E40200A9E4020048
:103C4000A9E40200A9E40200A9E40200A9E4020038
:103C5000A9E40200A9E40200A9E40200A9E4020028
:103C6000A9E40200A9E40200A9E40200A9E4020018
:103C7000A9E40200A9E40200A9E40200A9E4020008
:103C8000A9E40200A9E40200A9E40200A9E40200F8
:103C9000A9E40200A9E40200A9E40200A9E40200E8
:103CA000A9E40200A9E40200A9E40200A9E40200D8
:103CB000A9E40200A9E40200A9E40200A9E40200C8
:103CC000A9E40200A9E40200A9E40200A9E40200B8
:103CD000A9E40200A9E40200A9E40200A9E40200A8
:103CE000A9E40200A9E40200A9E40200A9E4020098
:103CF000A9E402000000803F0000803F0000803FF8
:103D00000000803F0000803F0000003F0000003FB7
:103D10000000803F00409C46295C8F3E295C8F3E1E
:103D2000CDCC4C3ECDCC4C3E0000C8420000C84239
:103D30000000C8420000C8420000803F0000803EF2
:103D40003333B3409A99993E3333333FCDCC8242DB
:103D5000CDCC8242000070420000803F0000803FD6
:103D60000000803F0000803F0000803F000088424C
:103D7000000088420000DC430000DC4300008A426F
:103D800000008A4200008A4200008A4200008A4203
:103D9000000000410000004100000041000000411F
:103DA0000000803F0000803F0000803F0000904204
:103DB00000009042000040420000C0400000FE426F
:103DC000496E69742050617463680000000000004F
:103DD00000000000000000000000000000000000E3
:103DE00040404040007B3400440100400040007FE0
:103DF000007F40404048007F440064111E40004066
:103E0000007F000A007C05407F0E0040000010404B
:103E1000007C05407F010040002C244C00520B40E8
:103E20006C4D00404C502840003F7F400001004056
:103E300000400040014C0C007F3202007F02020073
:103E400000017F017F7F40203B6C48465C600F7F14
:103E5000242C2044007F6C55163A0000F047640083
:103E6000200045346B09260653756D6F20202020F5
:103E70002020202020202020202020202020202042
:103E800020202020202020204012004040404000E0
:103E90004E004727180F2B0841003F007F411200BA
:103EA0004147404000005B0059271E3F1840004D2D
:103EB000277F480C000069164A356800407D3C5752
:103EC00048490C00007C0B400001004000400040CD
:103ED0004A0C00006D0B496C4D00404C400F404BAC
:103EE0000C0004240B4000010040004000404F0340
:103EF00000014C0C5003004C4600510A0001003CEC
:103F000000000000017F00580300421717700900ED
:103F1000033B7C113C7F46327F7105002A2C124501
:103F20007F7205007F6855183AF700000E035700AE
:103F300049004E0044005900310000000C0300000D
:103F40000000000000000000000000000000000071
:103F5000000000000000C03F014001010157404047
:103F6000012901453D02021501100810084B00000F
:103F70000000000000000000000000000000000041
:103F80000000000000000000000000000000000031
:103F90000000000000000000000000000000000021
:103FA0000000000000000000000000000000000011
:103FB0000000000000000000000000000000000001
:103FC00000000000000000000000000000000000F1
:103FD00000000000000000000000000000000000E1
:103FE00000000000000000000000000000000000D1
:103FF00000000000000000000000000000000000C1
:1040000000000000000000000000000000000000B0
:1040100000000000000000000000000000000000A0
:104020000000000000000000000000000000000090
:104030000000000000000000000000000000000080
:104040000000000000000000000000000000000070
:104050000000000000000000000000000000000060
:104060000000000000000000000000000000000050
:104070000000000000000000000000000000000040
:104080000000000000000000000000000000000030
:104090000000000000000000000000000000000020
:1040A0000000000000000000000000000000000010
:1040B0000000000000000000000000000000000000
:1040C00000000000000000000000000000000000F0
:1040D00000000000000000000000000000000000E0
:1040E00000000000000000000000000000000000D0
:1040F00000000000000000000000000000000000C0
:1041000000000000000000000000000000000000AF
:10411000000000000000000000000000000000009F
:10412000000000000000000000000000000000008F
:10413000000000000000000000000000000000007F
:10414000000000000000000000000000000000006F
:10415000000000000000000000000000000000005F
:10416000000000000000000000000000000000004F
:10417000000000000000000000000000000000003F
:10418000000000000000000000000000000000002F
:10419000000000000000000000000000000000001F
:1041A000000000000000000000000000000000000F
:1041B00000000000000000000000000000000000FF
:1041C00000000000000000000000000000000000EF
:1041D00000000000000000000000000000000000DF
:1041E00000000000000000000000000000000000CF
:1041F00000000000000000000000000000000000BF
:1042000000000000000000000000000000000000AE
:10421000000000000000000000000000000000009E
:10422000000000000000000000000000000000008E
:10423000000000000000000000000000000000007E
:10424000000000000000000000000000000000006E
:10425000000000000000000000000000000000005E
:10426000000000000000000000000000000000004E
:10427000000000000000000000000000000000003E
:10428000000000000000000000000000000000002E
:10429000000000000000000000000000000000001E
:1042A000000000000000000000000000000000000E
:1042B00000000000000000000000000000000000FE
:1042C00000000000000000000000000000000000EE
:1042D00000000000000000000000000000000000DE
:1042E00000000000000000000000000000000000CE
:1042F00000000000000000000000000000000000BE
:1043000000000000000000000000000000000000AD
:10431000000000000000000000000000000000009D
:10432000000000000000000000000000000000008D
:10433000000000000000000000000000000000007D
:10434000000000000000000000000000000000006D
:10435000FFFFFFFFFFFFFFFFFFFFFFFFFFFFFFFF6D
:10436000FFFFFFFFFFFFFFFFFFFFFFFFFFFFFFFF5D
:10437000FFFFFFFFFFFFFFFFFFFFFFFFFFFFFFFF4D
:10438000FFFFFFFFFFFFFFFFFFFFFFFFFFFFFFFF3D
:10439000FFFFFFFFFFFFFFFFFFFFFFFFFFFFFFFF2D
:1043A000FFFFFFFFFFFFFFFFFFFFFFFFFFFFFFFF1D
:1043B000FFFFFFFFFFFFFFFFFFFFFFFFFFFFFFFF0D
:1043C000FFFFFFFFFFFFFFFFFFFFFFFFFFFFFFFFFD
:1043D000FFFFFFFFFFFFFFFFFFFFFFFFFFFFFFFFED
:1043E000FFFFFFFFFFFFFFFFFFFFFFFFFFFFFFFFDD
:1043F000FFFFFFFFFFFFFFFFFFFFFFFFFFFFFFFFCD
:1044000000000000000000000000000000000000AC
:10441000000000000000000000000000000000009C
:10442000000000000000000000000000000000008C
:10443000000000000000000000000000000000007C
:10444000000000000000000000000000000000006C
:10445000000000000000000000000000000000005C
:10446000000000000000000000000000000000004C
:10447000000000000000000000000000000000003C
:10448000000000000000000000000000000000002C
:10449000000000000000000000000000000000001C
:1044A000000000000000000000000000000000000C
:1044B00000000000000000000000000000000000FC
:1044C00000000000000000000000000000000000EC
:1044D00000000000000000000000000000000000DC
:1044E00000000000000000000000000000000000CC
:1044F00000000000000000000000000000000000BC
:1045000000000000000000000000000000000000AB
:10451000000000000000000000000000000000009B
:10452000000000000000000000000000000000008B
:10453000000000000000000000000000000000007B
:10454000000000000000000000000000000000006B
:10455000000000000000000000000000000000005B
:10456000000000000000000000000000000000004B
:10457000000000000000000000000000000000003B
:10458000000000000000000000000000000000002B
:10459000000000000000000000000000000000001B
:1045A000000000000000000000000000000000000B
:1045B00000000000000000000000000000000000FB
:1045C00000000000000000000000000000000000EB
:1045D00000000000000000000000000000000000DB
:1045E00000000000000000000000000000000000CB
:1045F00000000000000000000000000000000000BB
:1046000000000000000000000000000000000000AA
:10461000000000000000000000000000000000009A
:10462000000000000000000000000000000000008A
:10463000000000000000000000000000000000007A
:10464000000000000000000000000000000000006A
:10465000000000000000000000000000000000005A
:10466000000000000000000000000000000000004A
:10467000000000000000000000000000000000003A
:10468000000000000000000000000000000000002A
:10469000000000000000000000000000000000001A
:1046A000000000000000000000000000000000000A
:1046B00000000000000000000000000000000000FA
:1046C00000000000000000000000000000000000EA
:1046D00000000000000000000000000000000000DA
:1046E00000000000000000000000000000000000CA
:1046F00000000000000000000000000000000000BA
:1047000000000000000000000000000000000000A9
:104710000000000000000000000000000000000099
:104720000000000000000000000000000000000089
:104730000000000000000000000000000000000079
:104740000000000000000000000000000000000069
:104750000000000000000000000000000000000059
:104760000000000000000000000000000000000049
:104770000000000000000000000000000000000039
:104780000000000000000000000000000000000029
:104790000000000000000000000000000000000019
:1047A0000000000000000000000000000000000009
:1047B00000000000000000000000000000000000F9
:1047C00000000000000000000000000000000000E9
:1047D00000000000000000000000000000000000D9
:1047E00000000000000000000000000000000000C9
:1047F00000000000000000000000000000000000B9
:1048000000000000000000000000000000000000A8
:104810000000000000000000000000000000000098
:104820000000000000000000000000000000000088
:104830000000000000000000000000000000000078
:104840000000000000000000000000000000000068
:104850000000000000000000000000000000000058
:104860000000000000000000000000000000000048
:104870000000000000000000000000000000000038
:104880000000000000000000000000000000000028
:104890000000000000000000000000000000000018
:1048A0000000000000000000000000000000000008
:1048B00000000000000000000000000000000000F8
:1048C00000000000000000000000000000000000E8
:1048D00000000000000000000000000000000000D8
:1048E00000000000000000000000000000000000C8
:1048F00000000000000000000000000000000000B8
:1049000000000000000000000000000000000000A7
:104910000000000000000000000000000000000097
:104920000000000000000000000000000000000087
:104930000000000000000000000000000000000077
:104940000000000000000000000000000000000067
:104950000000000000000000000000000000000057
:104960000000000000000000000000000000000047
:104970000000000000000000000000000000000037
:104980000000000000000000000000000000000027
:104990000000000000000000000000000000000017
:1049A0000000000000000000000000000000000007
:1049B00000000000000000000000000000000000F7
:1049C00000000000000000000000000000000000E7
:1049D00000000000000000000000000000000000D7
:1049E00000000000000000000000000000000000C7
:1049F00000000000000000000000000000000000B7
:104A000000000000000000000000000000000000A6
:104A10000000000000000000000000000000000096
:104A20000000000000000000000000000000000086
:104A30000000000000000000000000000000000076
:104A40000000000000000000000000000000000066
:104A50000000000000000000000000000000000056
:104A60000000000000000000000000000000000046
:104A70000000000000000000000000000000000036
:104A80000000000000000000000000000000000026
:104A90000000000000000000000000000000000016
:104AA0000000000000000000000000000000000006
:104AB00000000000000000000000000000000000F6
:104AC00000000000000000000000000000000000E6
:104AD00000000000000000000000000000000000D6
:104AE00000000000000000000000000000000000C6
:104AF00000000000000000000000000000000000B6
:104B000000000000000000000000000000000000A5
:104B10000000000000000000000000000000000095
:104B20000000000000000000000000000000000085
:104B30000000000000000000000000000000000075
:104B40000000000000000000000000000000000065
:104B50000000000000000000000000000000000055
:104B60000000000000000000000000000000000045
:104B70000000000000000000000000000000000035
:104B80000000000000000000000000000000000025
:104B90000000000000000000000000000000000015
:104BA0000000000000000000000000000000000005
:104BB00000000000000000000000000000000000F5
:104BC00000000000000000000000000000000000E5
:104BD00000000000000000000000000000000000D5
:104BE00000000000000000000000000000000000C5
:104BF00000000000000000000000000000000000B5
:104C000000000000000000000000000000000000A4
:104C10000000000000000000000000000000000094
:104C20000000000000000000000000000000000084
:104C30000000000000000000000000000000000074
:104C40000000000000000000000000000000000064
:104C50000000000000000000000000000000000054
:104C60000000000000000000000000000000000044
:104C70000000000000000000000000000000000034
:104C80000000000000000000000000000000000024
:104C90000000000000000000000000000000000014
:104CA0000000000000000000000000000000000004
:104CB00000000000000000000000000000000000F4
:104CC00000000000000000000000000000000000E4
:104CD00000000000000000000000000000000000D4
:104CE00000000000000000000000000000000000C4
:104CF00000000000000000000000000000000000B4
:104D000000000000000000000000000000000000A3
:104D10000000000000000000000000000000000093
:104D20000000000000000000000000000000000083
:104D30000000000000000000000000000000000073
:104D40000000000000000000000000000000000063
:104D50000000000000000000000000000000000053
:104D60000000000000000000000000000000000043
:104D70000000000000000000000000000000000033
:104D80000000000000000000000000000000000023
:104D90000000000000000000000000000000000013
:104DA0000000000000000000000000000000000003
:104DB00000000000000000000000000000000000F3
:104DC00000000000000000000000000000000000E3
:104DD00000000000000000000000000000000000D3
:104DE00000000000000000000000000000000000C3
:104DF00000000000000000000000000000000000B3
:104E000000000000000000000000000000000000A2
:104E10000000000000000000000000000000000092
:104E20000000000000000000000000000000000082
:104E30000000000000000000000000000000000072
:104E40000000000000000000000000000000000062
:104E50000000000000000000000000000000000052
:104E60000000000000000000000000000000000042
:104E70000000000000000000000000000000000032
:104E80000000000000000000000000000000000022
:104E90000000000000000000000000000000000012
:104EA0000000000000000000000000000000000002
:104EB00000000000000000000000000000000000F2
:104EC00000000000000000000000000000000000E2
:104ED00000000000000000000000000000000000D2
:104EE00000000000000000000000000000000000C2
:104EF00000000000000000000000000000000000B2
:104F000000000000000000000000000000000000A1
:104F10000000000000000000000000000000000091
:104F20000000000000000000000000000000000081
:104F30000000000000000000000000000000000071
:104F40000000000000000000000000000000000061
:104F50000000000000000000000000000000000051
:104F60000000000000000000000000000000000041
:104F70000000000000000000000000000000000031
:104F80000000000000000000000000000000000021
:104F90000000000000000000000000000000000011
:104FA0000000000000000000000000000000000001
:104FB00000000000000000000000000000000000F1
:104FC00000000000000000000000000000000000E1
:104FD00000000000000000000000000000000000D1
:104FE00000000000000000000000000000000000C1
:104FF00000000000000000000000000000000000B1
:040000056000100087
:00000001FF
